index_1based,reaction_id,lb,ub
1,r_0001,0.0,1000.0
2,r_0002,0.0,1000.0
3,r_0003,-1000.0,1000.0
4,r_0004,0.0,1000.0
5,r_0005,0.0,1000.0
6,r_0006,0.0,1000.0
7,r_0007,0.0,1000.0
8,r_0012,0.0,1000.0
9,r_0013,0.0,1000.0
10,r_0014,0.0,1000.0
11,r_0015,0.0,1000.0
12,r_0016,0.0,1000.0
13,r_0017,0.0,1000.0
14,r_0018,-1000.0,1000.0
15,r_0019,0.0,1000.0
16,r_0020,0.0,1000.0
17,r_0021,0.0,1000.0
18,r_0022,0.0,1000.0
19,r_0023,-1000.0,1000.0
20,r_0024,0.0,1000.0
21,r_0025,0.0,1000.0
22,r_0026,0.0,1000.0
23,r_0027,-1000.0,1000.0
24,r_0028,0.0,1000.0
25,r_0029,0.0,1000.0
26,r_0030,0.0,1000.0
27,r_0032,0.0,1000.0
28,r_0033,0.0,1000.0
29,r_0034,0.0,1000.0
30,r_0035,0.0,1000.0
31,r_0036,0.0,1000.0
32,r_0037,0.0,1000.0
33,r_0038,0.0,1000.0
34,r_0039,0.0,1000.0
35,r_0040,0.0,1000.0
36,r_0041,0.0,1000.0
37,r_0042,0.0,1000.0
38,r_0043,0.0,1000.0
39,r_0044,0.0,1000.0
40,r_0045,0.0,1000.0
41,r_0057,0.0,1000.0
42,r_0058,0.0,1000.0
43,r_0059,0.0,1000.0
44,r_0060,-1000.0,1000.0
45,r_0061,0.0,1000.0
46,r_0062,0.0,1000.0
47,r_0063,0.0,1000.0
48,r_0064,0.0,1000.0
49,r_0065,0.0,1000.0
50,r_0066,0.0,1000.0
51,r_0067,0.0,1000.0
52,r_0068,0.0,1000.0
53,r_0069,0.0,1000.0
54,r_0070,0.0,1000.0
55,r_0072,0.0,1000.0
56,r_0073,0.0,1000.0
57,r_0074,0.0,1000.0
58,r_0075,0.0,1000.0
59,r_0076,0.0,1000.0
60,r_0077,0.0,1000.0
61,r_0078,0.0,1000.0
62,r_0079,0.0,1000.0
63,r_0080,0.0,1000.0
64,r_0081,0.0,1000.0
65,r_0082,0.0,1000.0
66,r_0083,0.0,1000.0
67,r_0084,0.0,1000.0
68,r_0085,0.0,1000.0
69,r_0086,0.0,1000.0
70,r_0087,-1000.0,1000.0
71,r_0088,-1000.0,1000.0
72,r_0089,-1000.0,1000.0
73,r_0090,0.0,1000.0
74,r_0091,0.0,1000.0
75,r_0092,0.0,1000.0
76,r_0093,0.0,1000.0
77,r_0094,0.0,1000.0
78,r_0095,0.0,1000.0
79,r_0096,0.0,1000.0
80,r_0097,0.0,1000.0
81,r_0099,-1000.0,1000.0
82,r_0100,0.0,1000.0
83,r_0101,0.0,1000.0
84,r_0102,0.0,1000.0
85,r_0103,-1000.0,1000.0
86,r_0104,-1000.0,1000.0
87,r_0105,0.0,1000.0
88,r_0106,0.0,1000.0
89,r_0107,0.0,1000.0
90,r_0108,0.0,1000.0
91,r_0109,0.0,1000.0
92,r_0111,0.0,1000.0
93,r_0112,0.0,1000.0
94,r_0113,0.0,1000.0
95,r_0114,0.0,1000.0
96,r_0115,0.0,1000.0
97,r_0116,0.0,1000.0
98,r_0117,-1000.0,1000.0
99,r_0118,0.0,1000.0
100,r_0119,0.0,1000.0
101,r_0120,0.0,1000.0
102,r_0121,0.0,1000.0
103,r_0122,0.0,1000.0
104,r_0123,0.0,1000.0
105,r_0124,0.0,1000.0
106,r_0125,0.0,1000.0
107,r_0126,-1000.0,1000.0
108,r_0127,0.0,1000.0
109,r_0128,-1000.0,1000.0
110,r_0129,0.0,1000.0
111,r_0130,-1000.0,1000.0
112,r_0131,-1000.0,1000.0
113,r_0132,-1000.0,1000.0
114,r_0133,-1000.0,1000.0
115,r_0134,-1000.0,1000.0
116,r_0135,-1000.0,1000.0
117,r_0137,-1000.0,1000.0
118,r_0138,0.0,1000.0
119,r_0139,0.0,1000.0
120,r_0140,0.0,1000.0
121,r_0142,0.0,1000.0
122,r_0143,0.0,1000.0
123,r_0144,0.0,1000.0
124,r_0145,0.0,1000.0
125,r_0146,-1000.0,1000.0
126,r_0147,0.0,1000.0
127,r_0148,0.0,1000.0
128,r_0149,0.0,1000.0
129,r_0150,-1000.0,1000.0
130,r_0151,0.0,1000.0
131,r_0152,-1000.0,1000.0
132,r_0153,0.0,1000.0
133,r_0154,0.0,1000.0
134,r_0155,0.0,1000.0
135,r_0156,0.0,1000.0
136,r_0157,0.0,1000.0
137,r_0158,0.0,1000.0
138,r_0159,0.0,1000.0
139,r_0160,0.0,1000.0
140,r_0161,0.0,1000.0
141,r_0162,0.0,1000.0
142,r_0163,0.0,1000.0
143,r_0164,0.0,1000.0
144,r_0165,0.0,1000.0
145,r_0166,0.0,1000.0
146,r_0167,0.0,1000.0
147,r_0168,0.0,1000.0
148,r_0169,0.0,1000.0
149,r_0170,0.0,1000.0
150,r_0171,0.0,1000.0
151,r_0172,0.0,1000.0
152,r_0173,0.0,1000.0
153,r_0174,0.0,1000.0
154,r_0175,0.0,1000.0
155,r_0176,0.0,1000.0
156,r_0177,0.0,1000.0
157,r_0178,0.0,1000.0
158,r_0179,0.0,1000.0
159,r_0180,0.0,1000.0
160,r_0181,0.0,1000.0
161,r_0182,0.0,1000.0
162,r_0183,0.0,1000.0
163,r_0184,0.0,1000.0
164,r_0185,0.0,1000.0
165,r_0186,0.0,1000.0
166,r_0187,0.0,1000.0
167,r_0188,0.0,1000.0
168,r_0189,-1000.0,1000.0
169,r_0190,-1000.0,1000.0
170,r_0191,0.0,1000.0
171,r_0192,0.0,1000.0
172,r_0193,0.0,1000.0
173,r_0194,0.0,1000.0
174,r_0195,0.0,1000.0
175,r_0198,0.0,1000.0
176,r_0199,0.0,1000.0
177,r_0200,0.0,1000.0
178,r_0201,0.0,1000.0
179,r_0202,0.0,1000.0
180,r_0203,0.0,1000.0
181,r_0204,-1000.0,1000.0
182,r_0205,0.0,1000.0
183,r_0206,0.0,1000.0
184,r_0207,-1000.0,1000.0
185,r_0208,-1000.0,1000.0
186,r_0209,0.0,1000.0
187,r_0210,0.0,1000.0
188,r_0211,0.0,1000.0
189,r_0212,0.0,1000.0
190,r_0213,0.0,1000.0
191,r_0214,0.0,1000.0
192,r_0215,0.0,1000.0
193,r_0216,-1000.0,1000.0
194,r_0217,0.0,0.0
195,r_0218,-1000.0,1000.0
196,r_0219,0.0,1000.0
197,r_0220,0.0,1000.0
198,r_0221,0.0,1000.0
199,r_0222,0.0,1000.0
200,r_0223,0.0,1000.0
201,r_0224,0.0,1000.0
202,r_0225,0.0,1000.0
203,r_0226,0.0,1000.0
204,r_0227,0.0,1000.0
205,r_0228,0.0,1000.0
206,r_0229,-1000.0,1000.0
207,r_0230,0.0,1000.0
208,r_0231,0.0,1000.0
209,r_0233,0.0,1000.0
210,r_0234,0.0,1000.0
211,r_0235,0.0,1000.0
212,r_0236,0.0,1000.0
213,r_0237,0.0,1000.0
214,r_0238,0.0,1000.0
215,r_0239,0.0,1000.0
216,r_0240,0.0,1000.0
217,r_0241,0.0,1000.0
218,r_0242,0.0,1000.0
219,r_0243,0.0,1000.0
220,r_0244,0.0,1000.0
221,r_0249,0.0,1000.0
222,r_0250,0.0,1000.0
223,r_0252,0.0,1000.0
224,r_0253,0.0,1000.0
225,r_0254,0.0,1000.0
226,r_0255,0.0,1000.0
227,r_0256,0.0,1000.0
228,r_0259,0.0,1000.0
229,r_0260,0.0,1000.0
230,r_0261,0.0,1000.0
231,r_0262,0.0,1000.0
232,r_0263,0.0,1000.0
233,r_0264,0.0,1000.0
234,r_0265,0.0,1000.0
235,r_0266,0.0,1000.0
236,r_0267,0.0,1000.0
237,r_0268,0.0,1000.0
238,r_0269,0.0,1000.0
239,r_0270,0.0,1000.0
240,r_0271,0.0,1000.0
241,r_0272,0.0,1000.0
242,r_0273,0.0,1000.0
243,r_0274,0.0,1000.0
244,r_0278,0.0,1000.0
245,r_0279,0.0,1000.0
246,r_0280,-1000.0,1000.0
247,r_0281,0.0,1000.0
248,r_0282,0.0,1000.0
249,r_0283,0.0,1000.0
250,r_0284,0.0,1000.0
251,r_0285,0.0,1000.0
252,r_0286,0.0,1000.0
253,r_0287,0.0,1000.0
254,r_0288,0.0,1000.0
255,r_0289,0.0,1000.0
256,r_0290,0.0,1000.0
257,r_0291,0.0,1000.0
258,r_0292,0.0,1000.0
259,r_0293,0.0,1000.0
260,r_0294,-1000.0,1000.0
261,r_0295,-1000.0,1000.0
262,r_0296,0.0,1000.0
263,r_0297,0.0,1000.0
264,r_0298,0.0,1000.0
265,r_0299,0.0,1000.0
266,r_0300,0.0,1000.0
267,r_0301,0.0,1000.0
268,r_0302,-1000.0,1000.0
269,r_0303,-1000.0,1000.0
270,r_0304,0.0,1000.0
271,r_0306,0.0,1000.0
272,r_0307,0.0,1000.0
273,r_0308,0.0,1000.0
274,r_0309,0.0,1000.0
275,r_0310,0.0,1000.0
276,r_0311,0.0,1000.0
277,r_0312,0.0,0.0
278,r_0313,0.0,1000.0
279,r_0314,0.0,1000.0
280,r_0315,0.0,1000.0
281,r_0317,0.0,1000.0
282,r_0318,0.0,1000.0
283,r_0319,0.0,1000.0
284,r_0320,0.0,1000.0
285,r_0321,0.0,1000.0
286,r_0322,-1000.0,1000.0
287,r_0323,0.0,1000.0
288,r_0326,-1000.0,1000.0
289,r_0327,0.0,1000.0
290,r_0328,0.0,1000.0
291,r_0329,0.0,1000.0
292,r_0330,-1000.0,1000.0
293,r_0331,0.0,1000.0
294,r_0332,0.0,1000.0
295,r_0334,0.0,1000.0
296,r_0335,-1000.0,1000.0
297,r_0340,-1000.0,1000.0
298,r_0341,-1000.0,1000.0
299,r_0342,0.0,1000.0
300,r_0343,0.0,1000.0
301,r_0344,0.0,1000.0
302,r_0345,0.0,1000.0
303,r_0346,0.0,1000.0
304,r_0347,0.0,1000.0
305,r_0348,0.0,1000.0
306,r_0349,-1000.0,1000.0
307,r_0350,0.0,1000.0
308,r_0351,0.0,1000.0
309,r_0352,0.0,1000.0
310,r_0353,0.0,1000.0
311,r_0354,0.0,1000.0
312,r_0355,0.0,1000.0
313,r_0356,-1000.0,1000.0
314,r_0357,0.0,1000.0
315,r_0358,0.0,1000.0
316,r_0359,0.0,1000.0
317,r_0360,0.0,1000.0
318,r_0361,0.0,1000.0
319,r_0362,0.0,1000.0
320,r_0363,0.0,1000.0
321,r_0364,0.0,1000.0
322,r_0365,0.0,1000.0
323,r_0366,-1000.0,1000.0
324,r_0368,0.0,1000.0
325,r_0369,0.0,1000.0
326,r_0370,0.0,1000.0
327,r_0373,0.0,1000.0
328,r_0399,-1000.0,1000.0
329,r_0400,-1000.0,1000.0
330,r_0402,-1000.0,1000.0
331,r_0410,-1000.0,1000.0
332,r_0412,-1000.0,1000.0
333,r_0436,0.0,1000.0
334,r_0437,0.0,1000.0
335,r_0438,0.0,1000.0
336,r_0439,0.0,1000.0
337,r_0440,0.0,1000.0
338,r_0441,0.0,1000.0
339,r_0442,0.0,1000.0
340,r_0443,0.0,1000.0
341,r_0445,0.0,1000.0
342,r_0446,0.0,1000.0
343,r_0447,-1000.0,1000.0
344,r_0448,0.0,1000.0
345,r_0449,0.0,1000.0
346,r_0450,-1000.0,1000.0
347,r_0451,-1000.0,1000.0
348,r_0452,-1000.0,1000.0
349,r_0453,0.0,1000.0
350,r_0454,-1000.0,1000.0
351,r_0455,-1000.0,1000.0
352,r_0457,0.0,1000.0
353,r_0458,0.0,1000.0
354,r_0459,0.0,1000.0
355,r_0460,0.0,1000.0
356,r_0461,0.0,1000.0
357,r_0462,0.0,1000.0
358,r_0463,0.0,1000.0
359,r_0464,0.0,1000.0
360,r_0465,0.0,1000.0
361,r_0466,0.0,1000.0
362,r_0467,-1000.0,1000.0
363,r_0468,0.0,1000.0
364,r_0469,0.0,1000.0
365,r_0470,0.0,1000.0
366,r_0471,0.0,1000.0
367,r_0472,0.0,1000.0
368,r_0473,0.0,1000.0
369,r_0475,0.0,1000.0
370,r_0476,0.0,1000.0
371,r_0477,0.0,1000.0
372,r_0478,0.0,1000.0
373,r_0479,0.0,1000.0
374,r_0480,0.0,1000.0
375,r_0481,0.0,1000.0
376,r_0482,0.0,1000.0
377,r_0483,0.0,1000.0
378,r_0484,0.0,1000.0
379,r_0485,0.0,1000.0
380,r_0486,-1000.0,1000.0
381,r_0487,0.0,0.0
382,r_0488,0.0,1000.0
383,r_0489,0.0,1000.0
384,r_0490,0.0,1000.0
385,r_0491,0.0,1000.0
386,r_0492,0.0,1000.0
387,r_0497,0.0,1000.0
388,r_0499,0.0,1000.0
389,r_0500,0.0,1000.0
390,r_0501,0.0,1000.0
391,r_0502,-1000.0,1000.0
392,r_0503,-1000.0,1000.0
393,r_0504,0.0,1000.0
394,r_0505,0.0,1000.0
395,r_0506,0.0,1000.0
396,r_0507,0.0,1000.0
397,r_0508,0.0,1000.0
398,r_0509,0.0,1000.0
399,r_0510,0.0,1000.0
400,r_0511,0.0,1000.0
401,r_0512,0.0,1000.0
402,r_0514,0.0,1000.0
403,r_0518,-1000.0,1000.0
404,r_0519,-1000.0,1000.0
405,r_0520,-1000.0,1000.0
406,r_0521,-1000.0,1000.0
407,r_0522,-1000.0,1000.0
408,r_0523,-1000.0,1000.0
409,r_0524,0.0,1000.0
410,r_0525,0.0,1000.0
411,r_0526,0.0,1000.0
412,r_0527,0.0,1000.0
413,r_0528,0.0,1000.0
414,r_0529,-1000.0,1000.0
415,r_0530,0.0,1000.0
416,r_0531,0.0,1000.0
417,r_0532,0.0,1000.0
418,r_0533,0.0,1000.0
419,r_0534,0.0,1000.0
420,r_0535,0.0,1000.0
421,r_0536,0.0,1000.0
422,r_0537,0.0,1000.0
423,r_0538,0.0,1000.0
424,r_0539,0.0,1000.0
425,r_0540,0.0,1000.0
426,r_0541,0.0,1000.0
427,r_0542,-1000.0,1000.0
428,r_0543,0.0,1000.0
429,r_0544,0.0,1000.0
430,r_0545,0.0,1000.0
431,r_0546,0.0,1000.0
432,r_0547,0.0,1000.0
433,r_0548,0.0,1000.0
434,r_0549,0.0,1000.0
435,r_0550,0.0,1000.0
436,r_0551,0.0,1000.0
437,r_0552,0.0,1000.0
438,r_0553,0.0,1000.0
439,r_0554,0.0,1000.0
440,r_0555,0.0,1000.0
441,r_0556,0.0,1000.0
442,r_0557,0.0,1000.0
443,r_0558,0.0,1000.0
444,r_0560,0.0,1000.0
445,r_0561,0.0,1000.0
446,r_0562,0.0,1000.0
447,r_0563,0.0,1000.0
448,r_0564,0.0,1000.0
449,r_0565,0.0,1000.0
450,r_0566,0.0,1000.0
451,r_0567,0.0,1000.0
452,r_0568,0.0,1000.0
453,r_0569,0.0,1000.0
454,r_0570,-1000.0,1000.0
455,r_0571,0.0,1000.0
456,r_0572,0.0,1000.0
457,r_0573,0.0,1000.0
458,r_0574,0.0,1000.0
459,r_0575,0.0,1000.0
460,r_0596,0.0,1000.0
461,r_0597,0.0,1000.0
462,r_0598,0.0,1000.0
463,r_0599,0.0,1000.0
464,r_0600,0.0,1000.0
465,r_0601,0.0,1000.0
466,r_0602,0.0,1000.0
467,r_0603,0.0,1000.0
468,r_0604,0.0,1000.0
469,r_0605,0.0,1000.0
470,r_0606,0.0,1000.0
471,r_0607,0.0,1000.0
472,r_0608,0.0,1000.0
473,r_0609,0.0,1000.0
474,r_0610,0.0,1000.0
475,r_0611,0.0,1000.0
476,r_0612,0.0,1000.0
477,r_0613,0.0,1000.0
478,r_0614,0.0,1000.0
479,r_0615,0.0,1000.0
480,r_0616,0.0,1000.0
481,r_0617,0.0,1000.0
482,r_0618,0.0,1000.0
483,r_0619,0.0,1000.0
484,r_0620,0.0,1000.0
485,r_0621,0.0,1000.0
486,r_0622,0.0,1000.0
487,r_0623,0.0,1000.0
488,r_0624,0.0,1000.0
489,r_0625,0.0,1000.0
490,r_0626,0.0,1000.0
491,r_0627,0.0,1000.0
492,r_0628,0.0,1000.0
493,r_0629,0.0,1000.0
494,r_0630,0.0,1000.0
495,r_0631,0.0,1000.0
496,r_0632,0.0,1000.0
497,r_0633,0.0,1000.0
498,r_0634,0.0,1000.0
499,r_0635,0.0,1000.0
500,r_0636,0.0,1000.0
501,r_0637,0.0,1000.0
502,r_0638,0.0,1000.0
503,r_0639,0.0,1000.0
504,r_0640,0.0,1000.0
505,r_0641,0.0,1000.0
506,r_0642,0.0,1000.0
507,r_0643,0.0,1000.0
508,r_0644,0.0,1000.0
509,r_0645,0.0,1000.0
510,r_0646,0.0,1000.0
511,r_0647,0.0,1000.0
512,r_0648,0.0,1000.0
513,r_0649,0.0,1000.0
514,r_0650,0.0,1000.0
515,r_0651,0.0,1000.0
516,r_0652,0.0,1000.0
517,r_0653,0.0,1000.0
518,r_0654,0.0,1000.0
519,r_0655,0.0,1000.0
520,r_0656,0.0,1000.0
521,r_0657,0.0,1000.0
522,r_0658,0.0,1000.0
523,r_0659,-1000.0,1000.0
524,r_0661,0.0,1000.0
525,r_0662,0.0,1000.0
526,r_0663,-1000.0,1000.0
527,r_0664,-1000.0,1000.0
528,r_0665,0.0,1000.0
529,r_0666,0.0,1000.0
530,r_0667,-1000.0,1000.0
531,r_0668,-1000.0,1000.0
532,r_0669,0.0,1000.0
533,r_0670,0.0,1000.0
534,r_0671,0.0,1000.0
535,r_0672,-1000.0,1000.0
536,r_0673,-1000.0,1000.0
537,r_0674,-1000.0,1000.0
538,r_0675,0.0,1000.0
539,r_0676,-1000.0,1000.0
540,r_0678,0.0,1000.0
541,r_0679,0.0,1000.0
542,r_0680,0.0,1000.0
543,r_0681,0.0,1000.0
544,r_0682,0.0,1000.0
545,r_0683,0.0,1000.0
546,r_0687,0.0,1000.0
547,r_0688,0.0,1000.0
548,r_0689,0.0,1000.0
549,r_0690,0.0,1000.0
550,r_0691,0.0,1000.0
551,r_0692,0.0,1000.0
552,r_0693,0.0,1000.0
553,r_0694,0.0,1000.0
554,r_0695,0.0,1000.0
555,r_0696,0.0,1000.0
556,r_0697,0.0,1000.0
557,r_0698,0.0,1000.0
558,r_0699,-1000.0,1000.0
559,r_0700,-1000.0,1000.0
560,r_0701,0.0,1000.0
561,r_0702,0.0,1000.0
562,r_0703,-1000.0,1000.0
563,r_0704,-1000.0,1000.0
564,r_0705,-1000.0,1000.0
565,r_0706,-1000.0,1000.0
566,r_0707,-1000.0,1000.0
567,r_0708,-1000.0,1000.0
568,r_0711,0.0,1000.0
569,r_0712,0.0,1000.0
570,r_0713,0.0,1000.0
571,r_0714,0.0,1000.0
572,r_0715,-1000.0,1000.0
573,r_0716,0.0,1000.0
574,r_0717,0.0,1000.0
575,r_0718,0.0,1000.0
576,r_0719,0.0,1000.0
577,r_0721,-1000.0,1000.0
578,r_0722,0.0,1000.0
579,r_0723,-1000.0,1000.0
580,r_0724,-1000.0,1000.0
581,r_0725,-1000.0,1000.0
582,r_0726,0.0,1000.0
583,r_0727,0.0,1000.0
584,r_0728,0.0,1000.0
585,r_0729,0.0,1000.0
586,r_0730,0.0,1000.0
587,r_0731,0.0,1000.0
588,r_0732,-1000.0,1000.0
589,r_0733,-1000.0,1000.0
590,r_0734,0.0,1000.0
591,r_0735,0.0,1000.0
592,r_0736,0.0,1000.0
593,r_0737,0.0,1000.0
594,r_0738,0.0,1000.0
595,r_0739,0.0,1000.0
596,r_0747,0.0,1000.0
597,r_0748,0.0,1000.0
598,r_0749,0.0,1000.0
599,r_0750,0.0,1000.0
600,r_0751,0.0,1000.0
601,r_0752,0.0,1000.0
602,r_0753,0.0,1000.0
603,r_0754,0.0,1000.0
604,r_0755,0.0,1000.0
605,r_0756,0.0,1000.0
606,r_0757,0.0,1000.0
607,r_0758,0.0,1000.0
608,r_0759,0.0,1000.0
609,r_0760,0.0,1000.0
610,r_0761,-1000.0,1000.0
611,r_0762,0.0,1000.0
612,r_0763,0.0,1000.0
613,r_0764,0.0,1000.0
614,r_0765,0.0,1000.0
615,r_0766,0.0,1000.0
616,r_0767,0.0,1000.0
617,r_0768,0.0,1000.0
618,r_0769,-1000.0,1000.0
619,r_0770,0.0,1000.0
620,r_0771,0.0,1000.0
621,r_0772,0.0,1000.0
622,r_0773,0.0,1000.0
623,r_0774,0.0,1000.0
624,r_0775,0.0,1000.0
625,r_0781,0.0,1000.0
626,r_0782,0.0,1000.0
627,r_0783,0.0,1000.0
628,r_0784,0.0,1000.0
629,r_0785,0.0,1000.0
630,r_0786,0.0,1000.0
631,r_0787,0.0,1000.0
632,r_0788,0.0,1000.0
633,r_0789,0.0,1000.0
634,r_0790,0.0,1000.0
635,r_0791,0.0,1000.0
636,r_0792,0.0,1000.0
637,r_0793,0.0,1000.0
638,r_0795,0.0,1000.0
639,r_0796,0.0,1000.0
640,r_0797,0.0,1000.0
641,r_0798,0.0,1000.0
642,r_0799,0.0,1000.0
643,r_0800,0.0,1000.0
644,r_0801,0.0,1000.0
645,r_0802,-1000.0,1000.0
646,r_0803,-1000.0,1000.0
647,r_0804,0.0,1000.0
648,r_0805,0.0,1000.0
649,r_0806,0.0,1000.0
650,r_0807,0.0,1000.0
651,r_0810,0.0,1000.0
652,r_0811,0.0,1000.0
653,r_0812,0.0,1000.0
654,r_0813,0.0,1000.0
655,r_0815,0.0,1000.0
656,r_0816,0.0,1000.0
657,r_0817,0.0,1000.0
658,r_0818,0.0,1000.0
659,r_0819,0.0,1000.0
660,r_0820,-1000.0,1000.0
661,r_0821,0.0,1000.0
662,r_0831,0.0,1000.0
663,r_0832,0.0,1000.0
664,r_0841,0.0,1000.0
665,r_0842,0.0,1000.0
666,r_0843,0.0,1000.0
667,r_0844,0.0,1000.0
668,r_0845,0.0,1000.0
669,r_0847,0.0,1000.0
670,r_0848,0.0,1000.0
671,r_0849,0.0,1000.0
672,r_0850,0.0,1000.0
673,r_0851,-1000.0,1000.0
674,r_0852,0.0,1000.0
675,r_0853,0.0,1000.0
676,r_0854,0.0,1000.0
677,r_0855,0.0,1000.0
678,r_0882,-1000.0,1000.0
679,r_0883,0.0,1000.0
680,r_0884,0.0,1000.0
681,r_0885,0.0,1000.0
682,r_0886,0.0,1000.0
683,r_0887,0.0,1000.0
684,r_0888,-1000.0,1000.0
685,r_0889,0.0,1000.0
686,r_0890,-1000.0,1000.0
687,r_0891,0.0,1000.0
688,r_0892,-1000.0,1000.0
689,r_0893,-1000.0,1000.0
690,r_0902,-1000.0,1000.0
691,r_0903,0.0,1000.0
692,r_0904,0.0,1000.0
693,r_0905,0.0,1000.0
694,r_0906,0.0,1000.0
695,r_0907,-1000.0,1000.0
696,r_0908,0.0,1000.0
697,r_0909,0.0,1000.0
698,r_0910,0.0,1000.0
699,r_0911,0.0,1000.0
700,r_0912,-1000.0,1000.0
701,r_0913,0.0,1000.0
702,r_0914,0.0,1000.0
703,r_0915,0.0,1000.0
704,r_0916,0.0,1000.0
705,r_0917,0.0,1000.0
706,r_0918,0.0,1000.0
707,r_0919,0.0,1000.0
708,r_0920,0.0,1000.0
709,r_0921,0.0,1000.0
710,r_0922,0.0,1000.0
711,r_0929,0.0,1000.0
712,r_0935,0.0,1000.0
713,r_0936,0.0,1000.0
714,r_0937,0.0,1000.0
715,r_0938,0.0,1000.0
716,r_0939,0.0,1000.0
717,r_0940,0.0,1000.0
718,r_0941,0.0,1000.0
719,r_0942,0.0,1000.0
720,r_0943,0.0,1000.0
721,r_0949,-1000.0,1000.0
722,r_0950,-1000.0,1000.0
723,r_0951,-1000.0,1000.0
724,r_0953,0.0,1000.0
725,r_0954,0.0,1000.0
726,r_0955,0.0,1000.0
727,r_0956,0.0,1000.0
728,r_0957,0.0,1000.0
729,r_0958,0.0,1000.0
730,r_0959,0.0,1000.0
731,r_0960,0.0,1000.0
732,r_0961,0.0,1000.0
733,r_0962,0.0,1000.0
734,r_0963,0.0,1000.0
735,r_0964,0.0,1000.0
736,r_0965,0.0,1000.0
737,r_0966,0.0,1000.0
738,r_0967,0.0,1000.0
739,r_0968,0.0,1000.0
740,r_0969,0.0,1000.0
741,r_0970,0.0,1000.0
742,r_0971,0.0,1000.0
743,r_0972,0.0,1000.0
744,r_0973,0.0,1000.0
745,r_0974,0.0,1000.0
746,r_0975,0.0,1000.0
747,r_0976,0.0,1000.0
748,r_0977,0.0,1000.0
749,r_0978,0.0,1000.0
750,r_0979,0.0,1000.0
751,r_0982,-1000.0,1000.0
752,r_0983,0.0,1000.0
753,r_0984,-1000.0,1000.0
754,r_0985,0.0,1000.0
755,r_0986,0.0,1000.0
756,r_0987,0.0,1000.0
757,r_0988,0.0,1000.0
758,r_0989,0.0,1000.0
759,r_0990,-1000.0,1000.0
760,r_0992,0.0,1000.0
761,r_0993,0.0,1000.0
762,r_0995,0.0,1000.0
763,r_0996,0.0,1000.0
764,r_0997,0.0,1000.0
765,r_0998,0.0,1000.0
766,r_0999,0.0,1000.0
767,r_1000,-1000.0,1000.0
768,r_1001,0.0,1000.0
769,r_1002,0.0,1000.0
770,r_1003,0.0,1000.0
771,r_1004,0.0,1000.0
772,r_1005,0.0,1000.0
773,r_1006,0.0,1000.0
774,r_1007,0.0,1000.0
775,r_1008,-1000.0,1000.0
776,r_1009,-1000.0,1000.0
777,r_1010,0.0,1000.0
778,r_1011,0.0,1000.0
779,r_1012,0.0,1000.0
780,r_1021,-1000.0,1000.0
781,r_1022,0.0,1000.0
782,r_1023,0.0,1000.0
783,r_1024,0.0,1000.0
784,r_1025,0.0,1000.0
785,r_1026,0.0,1000.0
786,r_1027,0.0,1000.0
787,r_1028,0.0,1000.0
788,r_1029,0.0,1000.0
789,r_1030,0.0,1000.0
790,r_1031,-1000.0,1000.0
791,r_1032,0.0,1000.0
792,r_1033,0.0,1000.0
793,r_1034,0.0,1000.0
794,r_1035,0.0,1000.0
795,r_1036,0.0,1000.0
796,r_1037,0.0,1000.0
797,r_1038,0.0,1000.0
798,r_1039,0.0,1000.0
799,r_1040,0.0,1000.0
800,r_1041,0.0,1000.0
801,r_1042,0.0,1000.0
802,r_1043,0.0,1000.0
803,r_1045,0.0,1000.0
804,r_1046,0.0,1000.0
805,r_1047,0.0,1000.0
806,r_1048,-1000.0,1000.0
807,r_1049,-1000.0,1000.0
808,r_1050,-1000.0,1000.0
809,r_1051,0.0,1000.0
810,r_1054,-1000.0,1000.0
811,r_1055,0.0,1000.0
812,r_1056,0.0,1000.0
813,r_1057,0.0,1000.0
814,r_1058,0.0,1000.0
815,r_1063,-1000.0,1000.0
816,r_1065,0.0,1000.0
817,r_1066,0.0,1000.0
818,r_1067,0.0,1000.0
819,r_1068,0.0,1000.0
820,r_1069,-1000.0,1000.0
821,r_1070,-1000.0,1000.0
822,r_1071,-1000.0,1000.0
823,r_1072,0.0,1000.0
824,r_1073,0.0,1000.0
825,r_1074,0.0,1000.0
826,r_1075,0.0,1000.0
827,r_1076,0.0,1000.0
828,r_1077,0.0,1000.0
829,r_1078,0.0,1000.0
830,r_1079,0.0,1000.0
831,r_1080,0.0,1000.0
832,r_1081,0.0,1000.0
833,r_1082,0.0,1000.0
834,r_1083,0.0,1000.0
835,r_1084,-1000.0,1000.0
836,r_1085,0.0,1000.0
837,r_1086,0.0,1000.0
838,r_1087,-1000.0,1000.0
839,r_1088,-1000.0,1000.0
840,r_1089,0.0,1000.0
841,r_1090,0.0,1000.0
842,r_1091,0.0,1000.0
843,r_1092,0.0,1000.0
844,r_1093,0.0,1000.0
845,r_1094,0.0,1000.0
846,r_1095,-1000.0,1000.0
847,r_1096,-1000.0,1000.0
848,r_1097,-1000.0,1000.0
849,r_1098,0.0,1000.0
850,r_1099,-1000.0,1000.0
851,r_1100,-1000.0,1000.0
852,r_1101,0.0,1000.0
853,r_1102,0.0,1000.0
854,r_1103,-1000.0,1000.0
855,r_1104,-1000.0,1000.0
856,r_1106,-1000.0,1000.0
857,r_1107,0.0,1000.0
858,r_1108,0.0,1000.0
859,r_1109,0.0,1000.0
860,r_1110,-1000.0,1000.0
861,r_1111,0.0,1000.0
862,r_1112,-1000.0,1000.0
863,r_1113,0.0,1000.0
864,r_1114,0.0,1000.0
865,r_1115,-1000.0,1000.0
866,r_1116,0.0,1000.0
867,r_1118,0.0,1000.0
868,r_1119,0.0,1000.0
869,r_1120,0.0,1000.0
870,r_1121,-1000.0,1000.0
871,r_1122,-1000.0,1000.0
872,r_1123,-1000.0,1000.0
873,r_1124,-1000.0,1000.0
874,r_1125,0.0,1000.0
875,r_1126,-1000.0,1000.0
876,r_1127,-1000.0,1000.0
877,r_1128,-1000.0,1000.0
878,r_1129,0.0,1000.0
879,r_1130,0.0,1000.0
880,r_1131,0.0,1000.0
881,r_1132,0.0,1000.0
882,r_1133,0.0,1000.0
883,r_1134,0.0,1000.0
884,r_1135,0.0,1000.0
885,r_1136,-1000.0,1000.0
886,r_1137,0.0,1000.0
887,r_1138,-1000.0,1000.0
888,r_1139,0.0,1000.0
889,r_1146,-1000.0,1000.0
890,r_1147,-1000.0,1000.0
891,r_1148,-1000.0,1000.0
892,r_1149,-1000.0,1000.0
893,r_1151,0.0,1000.0
894,r_1161,-1000.0,1000.0
895,r_1162,-1000.0,1000.0
896,r_1164,-1000.0,1000.0
897,r_1165,0.0,1000.0
898,r_1166,0.0,1000.0
899,r_1167,0.0,1000.0
900,r_1168,-1000.0,1000.0
901,r_1169,-1000.0,1000.0
902,r_1170,-1000.0,1000.0
903,r_1171,0.0,1000.0
904,r_1172,0.0,1000.0
905,r_1173,-1000.0,1000.0
906,r_1174,0.0,1000.0
907,r_1175,0.0,1000.0
908,r_1176,-1000.0,1000.0
909,r_1177,0.0,1000.0
910,r_1178,0.0,1000.0
911,r_1179,0.0,1000.0
912,r_1180,0.0,1000.0
913,r_1181,0.0,1000.0
914,r_1182,-1000.0,1000.0
915,r_1183,-1000.0,1000.0
916,r_1184,-1000.0,1000.0
917,r_1185,0.0,1000.0
918,r_1186,-1000.0,1000.0
919,r_1187,0.0,1000.0
920,r_1188,0.0,1000.0
921,r_1189,0.0,1000.0
922,r_1190,-1000.0,1000.0
923,r_1191,-1000.0,1000.0
924,r_1192,-1000.0,1000.0
925,r_1193,0.0,1000.0
926,r_1194,0.0,1000.0
927,r_1195,0.0,1000.0
928,r_1196,-1000.0,1000.0
929,r_1197,0.0,1000.0
930,r_1198,0.0,1000.0
931,r_1199,-1000.0,1000.0
932,r_1200,0.0,1000.0
933,r_1201,-1000.0,1000.0
934,r_1202,-1000.0,1000.0
935,r_1203,0.0,1000.0
936,r_1204,0.0,1000.0
937,r_1205,-1000.0,1000.0
938,r_1206,-1000.0,1000.0
939,r_1207,0.0,1000.0
940,r_1208,-1000.0,1000.0
941,r_1209,0.0,1000.0
942,r_1210,0.0,1000.0
943,r_1211,-1000.0,1000.0
944,r_1212,0.0,1000.0
945,r_1213,-1000.0,1000.0
946,r_1214,-1000.0,1000.0
947,r_1215,-1000.0,1000.0
948,r_1216,-1000.0,1000.0
949,r_1217,-1000.0,1000.0
950,r_1218,-1000.0,1000.0
951,r_1219,-1000.0,1000.0
952,r_1220,-1000.0,1000.0
953,r_1221,0.0,1000.0
954,r_1222,0.0,1000.0
955,r_1223,-1000.0,1000.0
956,r_1224,-1000.0,1000.0
957,r_1225,-1000.0,1000.0
958,r_1226,0.0,1000.0
959,r_1227,0.0,1000.0
960,r_1228,0.0,1000.0
961,r_1229,0.0,1000.0
962,r_1230,0.0,1000.0
963,r_1231,0.0,1000.0
964,r_1232,0.0,1000.0
965,r_1235,-1000.0,1000.0
966,r_1236,-1000.0,1000.0
967,r_1237,0.0,1000.0
968,r_1238,-1000.0,1000.0
969,r_1239,0.0,1000.0
970,r_1241,-1000.0,1000.0
971,r_1242,-1000.0,1000.0
972,r_1243,0.0,1000.0
973,r_1244,-1000.0,1000.0
974,r_1245,0.0,1000.0
975,r_1249,-1000.0,1000.0
976,r_1250,0.0,0.0
977,r_1251,-1000.0,1000.0
978,r_1252,-1000.0,1000.0
979,r_1253,-1000.0,1000.0
980,r_1254,-1000.0,1000.0
981,r_1255,0.0,1000.0
982,r_1256,-1000.0,1000.0
983,r_1257,0.0,1000.0
984,r_1258,-1000.0,1000.0
985,r_1259,0.0,0.0
986,r_1260,-1000.0,1000.0
987,r_1261,-1000.0,1000.0
988,r_1262,-1000.0,1000.0
989,r_1263,-1000.0,1000.0
990,r_1264,0.0,1000.0
991,r_1265,0.0,1000.0
992,r_1266,0.0,1000.0
993,r_1267,0.0,1000.0
994,r_1268,-1000.0,1000.0
995,r_1269,0.0,1000.0
996,r_1270,0.0,1000.0
997,r_1271,0.0,1000.0
998,r_1272,0.0,1000.0
999,r_1273,-1000.0,1000.0
1000,r_1274,0.0,1000.0
1001,r_1275,0.0,1000.0
1002,r_1276,0.0,1000.0
1003,r_1277,-1000.0,1000.0
1004,r_1278,-1000.0,1000.0
1005,r_1449,0.0,1000.0
1006,r_1450,0.0,1000.0
1007,r_1451,0.0,1000.0
1008,r_1452,0.0,1000.0
1009,r_1453,0.0,1000.0
1010,r_1454,0.0,1000.0
1011,r_1455,0.0,1000.0
1012,r_1456,0.0,1000.0
1013,r_1457,0.0,1000.0
1014,r_1458,0.0,1000.0
1015,r_1479,0.0,1000.0
1016,r_1480,0.0,1000.0
1017,r_1481,0.0,1000.0
1018,r_1482,0.0,1000.0
1019,r_1483,0.0,1000.0
1020,r_1484,0.0,1000.0
1021,r_1485,0.0,1000.0
1022,r_1486,0.0,1000.0
1023,r_1487,0.0,1000.0
1024,r_1488,0.0,1000.0
1025,r_1509,0.0,1000.0
1026,r_1510,0.0,1000.0
1027,r_1511,0.0,1000.0
1028,r_1512,0.0,1000.0
1029,r_1513,0.0,1000.0
1030,r_1514,0.0,1000.0
1031,r_1515,0.0,1000.0
1032,r_1516,0.0,1000.0
1033,r_1517,0.0,1000.0
1034,r_1518,0.0,1000.0
1035,r_1542,0.0,1000.0
1036,r_1543,-1000.0,1000.0
1037,r_1545,0.0,1000.0
1038,r_1546,0.0,1000.0
1039,r_1547,0.0,1000.0
1040,r_1548,-0.01,0.0
1041,r_1549,0.0,1000.0
1042,r_1550,0.0,1000.0
1043,r_1551,0.0,1000.0
1044,r_1552,0.0,1000.0
1045,r_1553,0.0,1000.0
1046,r_1554,0.0,1000.0
1047,r_1560,-1000.0,1000.0
1048,r_1562,-1000.0,1000.0
1049,r_1563,0.0,1000.0
1050,r_1564,0.0,1000.0
1051,r_1565,0.0,1000.0
1052,r_1566,0.0,1000.0
1053,r_1567,-1000.0,1000.0
1054,r_1568,-1000.0,1000.0
1055,r_1572,0.0,1000.0
1056,r_1573,-1000.0,1000.0
1057,r_1574,-1000.0,1000.0
1058,r_1575,-1000.0,1000.0
1059,r_1576,-1000.0,1000.0
1060,r_1577,0.0,1000.0
1061,r_1578,-1000.0,1000.0
1062,r_1579,-1000.0,1000.0
1063,r_1580,0.0,1000.0
1064,r_1581,0.0,1000.0
1065,r_1582,-1000.0,1000.0
1066,r_1583,-1000.0,1000.0
1067,r_1585,-1000.0,1000.0
1068,r_1586,0.0,1000.0
1069,r_1587,-1000.0,1000.0
1070,r_1588,-1000.0,1000.0
1071,r_1589,0.0,1000.0
1072,r_1590,-1000.0,1000.0
1073,r_1591,-1000.0,1000.0
1074,r_1595,-1000.0,1000.0
1075,r_1596,-1000.0,1000.0
1076,r_1597,-1000.0,1000.0
1077,r_1598,0.0,1000.0
1078,r_1599,-1000.0,1000.0
1079,r_1600,-1000.0,1000.0
1080,r_1601,-1000.0,1000.0
1081,r_1603,0.0,1000.0
1082,r_1604,0.0,1000.0
1083,r_1605,-1000.0,1000.0
1084,r_1606,-1000.0,1000.0
1085,r_1607,-1000.0,1000.0
1086,r_1608,-1000.0,1000.0
1087,r_1609,-1000.0,1000.0
1088,r_1610,-1000.0,1000.0
1089,r_1611,-1000.0,1000.0
1090,r_1613,0.0,1000.0
1091,r_1614,0.0,1000.0
1092,r_1615,0.0,1000.0
1093,r_1616,0.0,1000.0
1094,r_1617,0.0,1000.0
1095,r_1618,0.0,1000.0
1096,r_1619,0.0,1000.0
1097,r_1620,0.0,1000.0
1098,r_1621,0.0,1000.0
1099,r_1622,-1000.0,1000.0
1100,r_1623,0.0,1000.0
1101,r_1624,0.0,1000.0
1102,r_1625,0.0,1000.0
1103,r_1627,0.0,1000.0
1104,r_1628,-1000.0,1000.0
1105,r_1629,0.0,1000.0
1106,r_1630,0.0,1000.0
1107,r_1631,0.0,1000.0
1108,r_1632,-1000.0,1000.0
1109,r_1633,-1000.0,1000.0
1110,r_1634,0.0,1000.0
1111,r_1635,-1000.0,1000.0
1112,r_1637,-1000.0,1000.0
1113,r_1638,0.0,1000.0
1114,r_1639,0.0,1000.0
1115,r_1640,-1000.0,1000.0
1116,r_1641,0.0,1000.0
1117,r_1642,-1000.0,1000.0
1118,r_1643,0.0,1000.0
1119,r_1644,-1000.0,1000.0
1120,r_1645,-1000.0,1000.0
1121,r_1647,-1000.0,1000.0
1122,r_1648,0.0,1000.0
1123,r_1649,0.0,1000.0
1124,r_1650,0.0,1000.0
1125,r_1651,0.0,1000.0
1126,r_1652,-1000.0,1000.0
1127,r_1654,-0.2050601815756348,0.0
1128,r_1656,-1000.0,1000.0
1129,r_1657,0.0,1000.0
1130,r_1658,0.0,1000.0
1131,r_1659,-1000.0,1000.0
1132,r_1660,-1000.0,1000.0
1133,r_1661,-1000.0,1000.0
1134,r_1663,0.0,0.0
1135,r_1664,-1000.0,1000.0
1136,r_1665,-1000.0,1000.0
1137,r_1667,-1000.0,1000.0
1138,r_1668,-1000.0,1000.0
1139,r_1669,-1000.0,1000.0
1140,r_1671,-0.01,0.0
1141,r_1672,0.0,1000.0
1142,r_1673,0.0,1000.0
1143,r_1674,0.0,1000.0
1144,r_1675,-1000.0,1000.0
1145,r_1676,-1000.0,1000.0
1146,r_1677,-1000.0,1000.0
1147,r_1678,-1000.0,1000.0
1148,r_1679,-1000.0,1000.0
1149,r_1680,-1000.0,1000.0
1150,r_1681,-1000.0,1000.0
1151,r_1682,0.0,1000.0
1152,r_1683,0.0,1000.0
1153,r_1684,-1000.0,1000.0
1154,r_1685,0.0,1000.0
1155,r_1686,-1000.0,1000.0
1156,r_1687,0.0,1000.0
1157,r_1688,-1000.0,1000.0
1158,r_1689,-1000.0,1000.0
1159,r_1690,0.0,1000.0
1160,r_1691,-1000.0,1000.0
1161,r_1694,-1000.0,1000.0
1162,r_1695,-1000.0,1000.0
1163,r_1696,-1000.0,1000.0
1164,r_1697,-1000.0,1000.0
1165,r_1698,-1000.0,1000.0
1166,r_1699,-1000.0,1000.0
1167,r_1700,-1000.0,1000.0
1168,r_1702,0.0,1000.0
1169,r_1703,0.0,1000.0
1170,r_1704,-1000.0,1000.0
1171,r_1705,0.0,1000.0
1172,r_1706,0.0,1000.0
1173,r_1707,-1000.0,1000.0
1174,r_1708,-1000.0,1000.0
1175,r_1709,-1.5036973515964451,0.0
1176,r_1710,0.0,1000.0
1177,r_1711,0.0,1000.0
1178,r_1712,0.0,1000.0
1179,r_1713,-1000.0,1000.0
1180,r_1714,-2.9277472771368447,0.0
1181,r_1715,0.0,1000.0
1182,r_1716,0.0,1000.0
1183,r_1717,-1000.0,1000.0
1184,r_1718,0.0,1000.0
1185,r_1719,-1000.0,1000.0
1186,r_1720,-1000.0,1000.0
1187,r_1721,-1000.0,1000.0
1188,r_1722,0.0,1000.0
1189,r_1723,0.0,1000.0
1190,r_1724,0.0,1000.0
1191,r_1725,0.0,1000.0
1192,r_1726,-1000.0,1000.0
1193,r_1727,0.0,1000.0
1194,r_1728,0.0,1000.0
1195,r_1729,-1000.0,1000.0
1196,r_1730,0.0,1000.0
1197,r_1731,0.0,1000.0
1198,r_1732,0.0,1000.0
1199,r_1733,0.0,1000.0
1200,r_1734,0.0,1000.0
1201,r_1735,0.0,1000.0
1202,r_1736,0.0,1000.0
1203,r_1737,-1000.0,1000.0
1204,r_1738,-1000.0,1000.0
1205,r_1739,0.0,1000.0
1206,r_1743,-1000.0,1000.0
1207,r_1744,0.0,1000.0
1208,r_1745,-1000.0,1000.0
1209,r_1746,-1000.0,1000.0
1210,r_1747,-1000.0,1000.0
1211,r_1748,-1000.0,1000.0
1212,r_1749,0.0,1000.0
1213,r_1750,-1000.0,1000.0
1214,r_1751,-1000.0,1000.0
1215,r_1752,-1000.0,1000.0
1216,r_1753,0.0,1000.0
1217,r_1754,-1000.0,1000.0
1218,r_1757,-1000.0,0.0
1219,r_1758,-1000.0,1000.0
1220,r_1759,-1000.0,1000.0
1221,r_1761,0.0,1000.0
1222,r_1762,-1000.0,1000.0
1223,r_1763,-1000.0,1000.0
1224,r_1764,0.0,1000.0
1225,r_1765,0.0,1000.0
1226,r_1766,-1000.0,1000.0
1227,r_1770,-1000.0,1000.0
1228,r_1771,-1000.0,1000.0
1229,r_1772,-1000.0,1000.0
1230,r_1774,-1000.0,1000.0
1231,r_1775,-1000.0,1000.0
1232,r_1776,-1000.0,1000.0
1233,r_1777,-1000.0,1000.0
1234,r_1788,0.0,1000.0
1235,r_1790,0.0,1000.0
1236,r_1791,0.0,1000.0
1237,r_1792,0.0,1000.0
1238,r_1793,0.0,1000.0
1239,r_1794,0.0,1000.0
1240,r_1795,-1000.0,1000.0
1241,r_1796,-1000.0,1000.0
1242,r_1797,0.0,1000.0
1243,r_1798,0.0,1000.0
1244,r_1800,0.0,0.0
1245,r_1801,-1000.0,1000.0
1246,r_1802,-1000.0,1000.0
1247,r_1803,-1000.0,1000.0
1248,r_1805,-1000.0,1000.0
1249,r_1806,0.0,1000.0
1250,r_1807,0.0,1000.0
1251,r_1808,0.0,1000.0
1252,r_1809,-1000.0,1000.0
1253,r_1810,0.0,0.0
1254,r_1811,-1000.0,1000.0
1255,r_1812,-1000.0,1000.0
1256,r_1813,-1000.0,1000.0
1257,r_1814,0.0,1000.0
1258,r_1815,0.0,1000.0
1259,r_1816,-1000.0,1000.0
1260,r_1817,-1000.0,1000.0
1261,r_1818,0.0,1000.0
1262,r_1819,-1000.0,1000.0
1263,r_1820,0.0,1000.0
1264,r_1821,0.0,1000.0
1265,r_1822,0.0,1000.0
1266,r_1823,0.0,1000.0
1267,r_1824,0.0,1000.0
1268,r_1825,-1000.0,1000.0
1269,r_1826,-1000.0,1000.0
1270,r_1827,-1000.0,1000.0
1271,r_1829,-1000.0,1000.0
1272,r_1830,-1000.0,1000.0
1273,r_1831,-1000.0,1000.0
1274,r_1832,-1000.0,1000.0
1275,r_1833,-1000.0,1000.0
1276,r_1834,0.0,1000.0
1277,r_1835,-1000.0,1000.0
1278,r_1836,-1000.0,1000.0
1279,r_1837,0.0,1000.0
1280,r_1838,0.0,1000.0
1281,r_1839,-1000.0,1000.0
1282,r_1840,-1000.0,1000.0
1283,r_1841,0.0,1000.0
1284,r_1842,-1000.0,1000.0
1285,r_1843,0.0,1000.0
1286,r_1844,-1000.0,1000.0
1287,r_1845,-1000.0,1000.0
1288,r_1846,-1000.0,1000.0
1289,r_1847,0.0,1000.0
1290,r_1848,0.0,1000.0
1291,r_1849,-1000.0,1000.0
1292,r_1850,0.0,1000.0
1293,r_1851,-1000.0,1000.0
1294,r_1852,-1000.0,1000.0
1295,r_1853,-1000.0,1000.0
1296,r_1854,-1000.0,1000.0
1297,r_1855,-1000.0,1000.0
1298,r_1856,-1000.0,1000.0
1299,r_1857,-1000.0,1000.0
1300,r_1858,-1000.0,1000.0
1301,r_1859,-1000.0,1000.0
1302,r_1860,-1000.0,1000.0
1303,r_1861,-0.001,0.0
1304,r_1862,0.0,1000.0
1305,r_1863,-1000.0,1000.0
1306,r_1864,-1000.0,1000.0
1307,r_1865,0.0,1000.0
1308,r_1866,0.0,1000.0
1309,r_1867,0.0,1000.0
1310,r_1868,-1000.0,1000.0
1311,r_1869,-1000.0,1000.0
1312,r_1870,0.0,1000.0
1313,r_1871,0.0,1000.0
1314,r_1872,0.0,1000.0
1315,r_1873,-0.02563252269695435,0.0
1316,r_1874,0.0,1000.0
1317,r_1875,0.0,1000.0
1318,r_1876,-1000.0,1000.0
1319,r_1877,-1000.0,1000.0
1320,r_1878,0.0,1000.0
1321,r_1879,-0.02563252269695435,0.0
1322,r_1880,0.0,0.0
1323,r_1881,0.0,0.0
1324,r_1882,0.0,1000.0
1325,r_1883,0.0,0.0
1326,r_1884,-1000.0,1000.0
1327,r_1885,-1000.0,1000.0
1328,r_1886,0.0,1000.0
1329,r_1887,-1000.0,1000.0
1330,r_1889,-0.02563252269695435,0.0
1331,r_1890,-1000.0,1000.0
1332,r_1891,-0.02563252269695435,0.0
1333,r_1892,-1000.0,1000.0
1334,r_1893,0.0,0.0
1335,r_1895,-1000.0,1000.0
1336,r_1896,0.0,1000.0
1337,r_1897,0.0,0.0
1338,r_1898,0.0,1000.0
1339,r_1899,0.0,0.0
1340,r_1900,0.0,0.0
1341,r_1901,-1000.0,1000.0
1342,r_1902,0.0,0.0
1343,r_1903,0.0,0.0
1344,r_1904,0.0,0.0
1345,r_1905,-1000.0,1000.0
1346,r_1906,-0.02563252269695435,0.0
1347,r_1907,-1000.0,1000.0
1348,r_1908,-1000.0,1000.0
1349,r_1909,0.0,1000.0
1350,r_1910,-1000.0,1000.0
1351,r_1911,-0.02563252269695435,0.0
1352,r_1912,-0.02563252269695435,0.0
1353,r_1913,0.0,0.0
1354,r_1914,0.0,0.0
1355,r_1915,-1000.0,0.0
1356,r_1916,0.0,1000.0
1357,r_1919,0.0,1000.0
1358,r_1920,-1000.0,1000.0
1359,r_1921,-1000.0,1000.0
1360,r_1922,-1000.0,1000.0
1361,r_1923,-1000.0,1000.0
1362,r_1924,-1000.0,1000.0
1363,r_1925,-1000.0,1000.0
1364,r_1926,-1000.0,1000.0
1365,r_1927,-1000.0,1000.0
1366,r_1928,-1000.0,1000.0
1367,r_1929,-1000.0,1000.0
1368,r_1930,-1000.0,1000.0
1369,r_1931,0.0,1000.0
1370,r_1932,-1000.0,1000.0
1371,r_1935,0.0,1000.0
1372,r_1936,0.0,1000.0
1373,r_1937,-1000.0,1000.0
1374,r_1938,-1000.0,1000.0
1375,r_1939,-1000.0,1000.0
1376,r_1940,-1000.0,1000.0
1377,r_1941,-1000.0,1000.0
1378,r_1942,-1000.0,1000.0
1379,r_1943,-1000.0,1000.0
1380,r_1944,-1000.0,1000.0
1381,r_1945,-1000.0,1000.0
1382,r_1946,-1000.0,1000.0
1383,r_1947,-0.01,0.0
1384,r_1952,0.0,1000.0
1385,r_1963,-1000.0,1000.0
1386,r_1964,-1000.0,1000.0
1387,r_1965,-1000.0,1000.0
1388,r_1966,-1000.0,1000.0
1389,r_1967,-0.01,0.0
1390,r_1968,0.0,1000.0
1391,r_1970,-1000.0,1000.0
1392,r_1971,-1000.0,1000.0
1393,r_1972,0.0,1000.0
1394,r_1974,0.0,1000.0
1395,r_1975,0.0,1000.0
1396,r_1976,0.0,1000.0
1397,r_1977,-1000.0,1000.0
1398,r_1978,-1000.0,1000.0
1399,r_1979,-1000.0,1000.0
1400,r_1980,-1000.0,1000.0
1401,r_1981,-1000.0,1000.0
1402,r_1984,0.0,1000.0
1403,r_1987,0.0,0.0
1404,r_1988,-1000.0,1000.0
1405,r_1989,0.0,1000.0
1406,r_1990,0.0,1000.0
1407,r_1991,-1000.0,1000.0
1408,r_1992,0.0,0.0
1409,r_1993,0.0,1000.0
1410,r_1994,-1000.0,0.0
1411,r_1995,-1000.0,1000.0
1412,r_1996,-1000.0,1000.0
1413,r_1997,0.0,1000.0
1414,r_1998,-1000.0,1000.0
1415,r_1999,0.0,1000.0
1416,r_2000,0.0,1000.0
1417,r_2001,0.0,1000.0
1418,r_2002,-1000.0,1000.0
1419,r_2003,-1000.0,1000.0
1420,r_2004,0.0,1000.0
1421,r_2005,-1000.0,0.0
1422,r_2008,-1000.0,1000.0
1423,r_2020,-0.001,0.0
1424,r_2022,-1000.0,1000.0
1425,r_2023,-1000.0,1000.0
1426,r_2024,0.0,1000.0
1427,r_2025,0.0,1000.0
1428,r_2026,0.0,1000.0
1429,r_2027,0.0,1000.0
1430,r_2028,-0.01,0.0
1431,r_2029,0.0,1000.0
1432,r_2030,0.0,1000.0
1433,r_2031,-1000.0,1000.0
1434,r_2032,-1000.0,1000.0
1435,r_2033,0.0,1000.0
1436,r_2034,0.0,1000.0
1437,r_2036,-1000.0,1000.0
1438,r_2037,-1000.0,1000.0
1439,r_2038,-0.01,0.0
1440,r_2039,0.0,1000.0
1441,r_2040,0.0,1000.0
1442,r_2041,0.0,1000.0
1443,r_2042,-1000.0,1000.0
1444,r_2043,0.0,1000.0
1445,r_2044,0.0,1000.0
1446,r_2045,-1000.0,1000.0
1447,r_2046,0.0,1000.0
1448,r_2049,-1000.0,1000.0
1449,r_2050,0.0,1000.0
1450,r_2051,0.0,1000.0
1451,r_2052,0.0,1000.0
1452,r_2053,-1000.0,1000.0
1453,r_2054,-1000.0,1000.0
1454,r_2055,0.0,1000.0
1455,r_2056,0.0,1000.0
1456,r_2057,-1000.0,1000.0
1457,r_2058,0.0,1000.0
1458,r_2060,-1000.0,0.0
1459,r_2061,0.0,1000.0
1460,r_2062,0.0,1000.0
1461,r_2063,-1000.0,1000.0
1462,r_2064,0.0,1000.0
1463,r_2065,0.0,1000.0
1464,r_2066,0.0,1000.0
1465,r_2067,-0.01,0.0
1466,r_2068,0.0,1000.0
1467,r_2069,0.0,1000.0
1468,r_2072,0.0,1000.0
1469,r_2073,0.0,1000.0
1470,r_2074,0.0,1000.0
1471,r_2075,-1000.0,1000.0
1472,r_2079,-1000.0,1000.0
1473,r_2080,-1000.0,1000.0
1474,r_2082,0.0,1000.0
1475,r_2083,0.0,1000.0
1476,r_2084,-1000.0,1000.0
1477,r_2085,-1000.0,1000.0
1478,r_2086,0.0,1000.0
1479,r_2087,-1000.0,1000.0
1480,r_2089,-1000.0,1000.0
1481,r_2090,0.0,1000.0
1482,r_2091,0.0,1000.0
1483,r_2092,0.0,1000.0
1484,r_2093,-1000.0,1000.0
1485,r_2094,-1000.0,1000.0
1486,r_2095,-1000.0,1000.0
1487,r_2096,-1000.0,1000.0
1488,r_2097,-1000.0,1000.0
1489,r_2098,-1000.0,1000.0
1490,r_2099,-1000.0,1000.0
1491,r_2100,-1000.0,1000.0
1492,r_2101,-1000.0,1000.0
1493,r_2102,0.0,1000.0
1494,r_2103,0.0,1000.0
1495,r_2104,0.0,1000.0
1496,r_2105,-1000.0,1000.0
1497,r_2106,-1000.0,0.0
1498,r_2107,-1000.0,1000.0
1499,r_2108,0.0,1000.0
1500,r_2111,0.0,1000.0
1501,r_2112,-1000.0,1000.0
1502,r_2113,0.0,1000.0
1503,r_2114,0.0,1000.0
1504,r_2115,0.0,1000.0
1505,r_2116,0.0,1000.0
1506,r_2117,-1000.0,1000.0
1507,r_2118,0.0,1000.0
1508,r_2119,-1000.0,1000.0
1509,r_2125,-1000.0,1000.0
1510,r_2126,0.0,1000.0
1511,r_2129,0.0,1000.0
1512,r_2131,0.0,1000.0
1513,r_2132,0.0,1000.0
1514,r_2134,-1000.0,0.0
1515,r_2136,-1000.0,1000.0
1516,r_2137,-1000.0,0.0
1517,r_2139,-1000.0,1000.0
1518,r_2140,0.0,1000.0
1519,r_2141,0.0,1000.0
1520,r_2142,0.0,1000.0
1521,r_2143,0.0,1000.0
1522,r_2144,0.0,1000.0
1523,r_2145,0.0,1000.0
1524,r_2146,0.0,1000.0
1525,r_2147,0.0,1000.0
1526,r_2148,-1000.0,1000.0
1527,r_2149,-1000.0,1000.0
1528,r_2150,-1000.0,1000.0
1529,r_2151,0.0,1000.0
1530,r_2152,0.0,1000.0
1531,r_2153,0.0,1000.0
1532,r_2154,0.0,1000.0
1533,r_2155,0.0,1000.0
1534,r_2156,0.0,1000.0
1535,r_2157,0.0,1000.0
1536,r_2158,0.0,1000.0
1537,r_2159,0.0,1000.0
1538,r_2160,0.0,1000.0
1539,r_2161,0.0,1000.0
1540,r_2162,0.0,1000.0
1541,r_2163,0.0,1000.0
1542,r_2164,0.0,1000.0
1543,r_2165,0.0,1000.0
1544,r_2166,0.0,1000.0
1545,r_2167,0.0,1000.0
1546,r_2168,-1000.0,1000.0
1547,r_2169,-1000.0,1000.0
1548,r_2170,-1000.0,1000.0
1549,r_2171,-1000.0,1000.0
1550,r_2172,-1000.0,1000.0
1551,r_2173,0.0,1000.0
1552,r_2174,-1000.0,1000.0
1553,r_2175,0.0,1000.0
1554,r_2176,0.0,1000.0
1555,r_2177,0.0,1000.0
1556,r_2178,0.0,1000.0
1557,r_2179,0.0,1000.0
1558,r_2180,0.0,1000.0
1559,r_2181,0.0,1000.0
1560,r_2182,0.0,1000.0
1561,r_2183,0.0,1000.0
1562,r_2184,-1000.0,1000.0
1563,r_2185,-1000.0,1000.0
1564,r_2186,-1000.0,1000.0
1565,r_2187,0.0,1000.0
1566,r_2188,0.0,1000.0
1567,r_2189,-1000.0,0.0
1568,r_2190,-1000.0,1000.0
1569,r_2191,-1000.0,1000.0
1570,r_2192,-1000.0,1000.0
1571,r_2193,0.0,1000.0
1572,r_2194,-1000.0,1000.0
1573,r_2195,-1000.0,1000.0
1574,r_2196,-1000.0,1000.0
1575,r_2197,-1000.0,1000.0
1576,r_2198,-1000.0,1000.0
1577,r_2199,-1000.0,1000.0
1578,r_2200,-1000.0,1000.0
1579,r_2201,-1000.0,1000.0
1580,r_2202,-1000.0,1000.0
1581,r_2203,-1000.0,1000.0
1582,r_2204,-1000.0,1000.0
1583,r_2205,-1000.0,1000.0
1584,r_2206,-1000.0,1000.0
1585,r_2207,-1000.0,1000.0
1586,r_2208,-1000.0,1000.0
1587,r_2209,-1000.0,1000.0
1588,r_2210,-1000.0,1000.0
1589,r_2211,-1000.0,1000.0
1590,r_2212,-1000.0,1000.0
1591,r_2213,-1000.0,1000.0
1592,r_2214,-1000.0,1000.0
1593,r_2215,-1000.0,1000.0
1594,r_2216,-1000.0,1000.0
1595,r_2217,-1000.0,1000.0
1596,r_2218,-1000.0,1000.0
1597,r_2219,0.0,1000.0
1598,r_2220,0.0,1000.0
1599,r_2221,0.0,1000.0
1600,r_2222,0.0,1000.0
1601,r_2223,0.0,1000.0
1602,r_2224,0.0,1000.0
1603,r_2225,0.0,1000.0
1604,r_2226,0.0,1000.0
1605,r_2227,0.0,1000.0
1606,r_2228,0.0,1000.0
1607,r_2229,-1000.0,1000.0
1608,r_2230,-1000.0,1000.0
1609,r_2231,-1000.0,1000.0
1610,r_2232,0.0,1000.0
1611,r_2233,0.0,1000.0
1612,r_2234,0.0,1000.0
1613,r_2235,0.0,1000.0
1614,r_2236,0.0,1000.0
1615,r_2237,0.0,1000.0
1616,r_2238,0.0,1000.0
1617,r_2239,0.0,1000.0
1618,r_2240,0.0,1000.0
1619,r_2241,0.0,1000.0
1620,r_2242,0.0,1000.0
1621,r_2243,0.0,1000.0
1622,r_2244,0.0,1000.0
1623,r_2245,0.0,1000.0
1624,r_2246,0.0,1000.0
1625,r_2247,0.0,1000.0
1626,r_2248,0.0,1000.0
1627,r_2249,0.0,1000.0
1628,r_2250,0.0,1000.0
1629,r_2251,0.0,1000.0
1630,r_2252,0.0,1000.0
1631,r_2253,0.0,1000.0
1632,r_2254,0.0,1000.0
1633,r_2255,0.0,1000.0
1634,r_2256,0.0,1000.0
1635,r_2257,0.0,1000.0
1636,r_2258,0.0,1000.0
1637,r_2259,0.0,1000.0
1638,r_2260,0.0,1000.0
1639,r_2261,0.0,1000.0
1640,r_2262,0.0,1000.0
1641,r_2263,0.0,1000.0
1642,r_2264,0.0,1000.0
1643,r_2265,0.0,1000.0
1644,r_2266,0.0,1000.0
1645,r_2267,0.0,1000.0
1646,r_2268,0.0,1000.0
1647,r_2269,0.0,1000.0
1648,r_2270,0.0,1000.0
1649,r_2271,0.0,1000.0
1650,r_2272,0.0,1000.0
1651,r_2273,0.0,1000.0
1652,r_2274,0.0,1000.0
1653,r_2275,0.0,1000.0
1654,r_2276,0.0,1000.0
1655,r_2277,0.0,1000.0
1656,r_2278,0.0,1000.0
1657,r_2279,0.0,1000.0
1658,r_2280,0.0,1000.0
1659,r_2281,0.0,1000.0
1660,r_2282,0.0,1000.0
1661,r_2283,0.0,1000.0
1662,r_2284,0.0,1000.0
1663,r_2285,0.0,1000.0
1664,r_2286,0.0,1000.0
1665,r_2287,0.0,1000.0
1666,r_2288,0.0,1000.0
1667,r_2289,0.0,1000.0
1668,r_2290,0.0,1000.0
1669,r_2291,0.0,1000.0
1670,r_2292,0.0,1000.0
1671,r_2293,0.0,1000.0
1672,r_2294,0.0,1000.0
1673,r_2295,0.0,1000.0
1674,r_2296,0.0,1000.0
1675,r_2297,0.0,1000.0
1676,r_2298,0.0,1000.0
1677,r_2299,0.0,1000.0
1678,r_2300,0.0,1000.0
1679,r_2301,0.0,1000.0
1680,r_2302,0.0,1000.0
1681,r_2303,0.0,1000.0
1682,r_2304,0.0,1000.0
1683,r_2305,-1000.0,1000.0
1684,r_2308,0.0,1000.0
1685,r_2309,0.0,1000.0
1686,r_2310,0.0,1000.0
1687,r_2311,0.0,1000.0
1688,r_2312,0.0,1000.0
1689,r_2313,0.0,1000.0
1690,r_2314,0.0,1000.0
1691,r_2315,0.0,1000.0
1692,r_2316,0.0,1000.0
1693,r_2317,0.0,1000.0
1694,r_2318,0.0,1000.0
1695,r_2319,0.0,1000.0
1696,r_2320,0.0,1000.0
1697,r_2321,0.0,1000.0
1698,r_2322,0.0,1000.0
1699,r_2323,0.0,1000.0
1700,r_2324,0.0,1000.0
1701,r_2325,0.0,1000.0
1702,r_2326,0.0,1000.0
1703,r_2327,0.0,1000.0
1704,r_2328,0.0,1000.0
1705,r_2329,0.0,1000.0
1706,r_2330,0.0,1000.0
1707,r_2331,0.0,1000.0
1708,r_2332,0.0,1000.0
1709,r_2333,0.0,1000.0
1710,r_2334,0.0,1000.0
1711,r_2335,0.0,1000.0
1712,r_2336,0.0,1000.0
1713,r_2337,0.0,1000.0
1714,r_2338,0.0,1000.0
1715,r_2339,0.0,1000.0
1716,r_2340,0.0,1000.0
1717,r_2341,0.0,1000.0
1718,r_2342,0.0,1000.0
1719,r_2343,0.0,1000.0
1720,r_2344,0.0,1000.0
1721,r_2345,0.0,1000.0
1722,r_2346,0.0,1000.0
1723,r_2347,0.0,1000.0
1724,r_2348,0.0,1000.0
1725,r_2349,0.0,1000.0
1726,r_2350,0.0,1000.0
1727,r_2351,0.0,1000.0
1728,r_2352,0.0,1000.0
1729,r_2353,0.0,1000.0
1730,r_2354,0.0,1000.0
1731,r_2355,0.0,1000.0
1732,r_2356,0.0,1000.0
1733,r_2357,0.0,1000.0
1734,r_2358,0.0,1000.0
1735,r_2359,0.0,1000.0
1736,r_2360,0.0,1000.0
1737,r_2361,0.0,1000.0
1738,r_2362,0.0,1000.0
1739,r_2363,0.0,1000.0
1740,r_2364,0.0,1000.0
1741,r_2365,0.0,1000.0
1742,r_2366,0.0,1000.0
1743,r_2367,0.0,1000.0
1744,r_2368,0.0,1000.0
1745,r_2369,0.0,1000.0
1746,r_2370,0.0,1000.0
1747,r_2371,0.0,1000.0
1748,r_2372,0.0,1000.0
1749,r_2373,0.0,1000.0
1750,r_2374,0.0,1000.0
1751,r_2375,0.0,1000.0
1752,r_2376,0.0,1000.0
1753,r_2377,0.0,1000.0
1754,r_2378,0.0,1000.0
1755,r_2379,0.0,1000.0
1756,r_2380,0.0,1000.0
1757,r_2381,0.0,1000.0
1758,r_2382,0.0,1000.0
1759,r_2383,0.0,1000.0
1760,r_2384,0.0,1000.0
1761,r_2385,0.0,1000.0
1762,r_2386,0.0,1000.0
1763,r_2387,0.0,1000.0
1764,r_2388,0.0,1000.0
1765,r_2389,0.0,1000.0
1766,r_2390,0.0,1000.0
1767,r_2391,0.0,1000.0
1768,r_2392,0.0,1000.0
1769,r_2393,0.0,1000.0
1770,r_2394,0.0,1000.0
1771,r_2395,0.0,1000.0
1772,r_2396,0.0,1000.0
1773,r_2397,0.0,1000.0
1774,r_2398,0.0,1000.0
1775,r_2399,0.0,1000.0
1776,r_2400,0.0,1000.0
1777,r_2401,0.0,1000.0
1778,r_2402,0.0,1000.0
1779,r_2403,0.0,1000.0
1780,r_2404,0.0,1000.0
1781,r_2405,0.0,1000.0
1782,r_2406,0.0,1000.0
1783,r_2407,0.0,1000.0
1784,r_2408,0.0,1000.0
1785,r_2409,0.0,1000.0
1786,r_2410,0.0,1000.0
1787,r_2411,0.0,1000.0
1788,r_2412,0.0,1000.0
1789,r_2413,0.0,1000.0
1790,r_2414,0.0,1000.0
1791,r_2415,0.0,1000.0
1792,r_2416,0.0,1000.0
1793,r_2417,0.0,1000.0
1794,r_2418,0.0,1000.0
1795,r_2419,0.0,1000.0
1796,r_2420,0.0,1000.0
1797,r_2421,0.0,1000.0
1798,r_2422,0.0,1000.0
1799,r_2423,0.0,1000.0
1800,r_2424,0.0,1000.0
1801,r_2425,0.0,1000.0
1802,r_2426,0.0,1000.0
1803,r_2427,0.0,1000.0
1804,r_2428,0.0,1000.0
1805,r_2429,0.0,1000.0
1806,r_2430,0.0,1000.0
1807,r_2431,0.0,1000.0
1808,r_2432,-1000.0,1000.0
1809,r_2433,-1000.0,1000.0
1810,r_2434,-1000.0,1000.0
1811,r_2435,-1000.0,1000.0
1812,r_2436,-1000.0,1000.0
1813,r_2437,-1000.0,1000.0
1814,r_2438,-1000.0,1000.0
1815,r_2439,-1000.0,1000.0
1816,r_2440,-1000.0,1000.0
1817,r_2441,-1000.0,1000.0
1818,r_2442,-1000.0,1000.0
1819,r_2443,-1000.0,1000.0
1820,r_2444,-1000.0,1000.0
1821,r_2445,-1000.0,1000.0
1822,r_2446,0.0,1000.0
1823,r_2447,0.0,1000.0
1824,r_2448,0.0,1000.0
1825,r_2449,0.0,1000.0
1826,r_2450,0.0,1000.0
1827,r_2451,0.0,1000.0
1828,r_2452,0.0,1000.0
1829,r_2453,0.0,1000.0
1830,r_2454,0.0,1000.0
1831,r_2455,0.0,1000.0
1832,r_2456,0.0,1000.0
1833,r_2457,0.0,1000.0
1834,r_2458,0.0,1000.0
1835,r_2459,0.0,1000.0
1836,r_2460,0.0,1000.0
1837,r_2461,0.0,1000.0
1838,r_2462,-1000.0,1000.0
1839,r_2463,-1000.0,1000.0
1840,r_2464,0.0,1000.0
1841,r_2465,0.0,1000.0
1842,r_2466,0.0,1000.0
1843,r_2467,0.0,1000.0
1844,r_2468,0.0,1000.0
1845,r_2469,0.0,1000.0
1846,r_2470,0.0,1000.0
1847,r_2471,0.0,1000.0
1848,r_2472,0.0,1000.0
1849,r_2473,0.0,1000.0
1850,r_2474,0.0,1000.0
1851,r_2475,0.0,1000.0
1852,r_2476,0.0,1000.0
1853,r_2477,0.0,1000.0
1854,r_2478,0.0,1000.0
1855,r_2479,0.0,1000.0
1856,r_2480,0.0,1000.0
1857,r_2481,0.0,1000.0
1858,r_2482,0.0,1000.0
1859,r_2483,0.0,1000.0
1860,r_2484,0.0,1000.0
1861,r_2485,0.0,1000.0
1862,r_2486,0.0,1000.0
1863,r_2487,0.0,1000.0
1864,r_2488,0.0,1000.0
1865,r_2489,0.0,1000.0
1866,r_2490,0.0,1000.0
1867,r_2491,0.0,1000.0
1868,r_2492,0.0,1000.0
1869,r_2493,0.0,1000.0
1870,r_2494,0.0,1000.0
1871,r_2495,0.0,1000.0
1872,r_2496,0.0,1000.0
1873,r_2497,0.0,1000.0
1874,r_2498,0.0,1000.0
1875,r_2499,0.0,1000.0
1876,r_2500,0.0,1000.0
1877,r_2501,0.0,1000.0
1878,r_2502,0.0,1000.0
1879,r_2503,0.0,1000.0
1880,r_2504,0.0,1000.0
1881,r_2505,0.0,1000.0
1882,r_2506,0.0,1000.0
1883,r_2507,0.0,1000.0
1884,r_2508,0.0,1000.0
1885,r_2509,0.0,1000.0
1886,r_2510,0.0,1000.0
1887,r_2511,0.0,1000.0
1888,r_2512,0.0,1000.0
1889,r_2513,0.0,1000.0
1890,r_2514,0.0,1000.0
1891,r_2515,0.0,1000.0
1892,r_2516,0.0,1000.0
1893,r_2517,0.0,1000.0
1894,r_2518,0.0,1000.0
1895,r_2519,0.0,1000.0
1896,r_2520,0.0,1000.0
1897,r_2521,0.0,1000.0
1898,r_2522,0.0,1000.0
1899,r_2523,0.0,1000.0
1900,r_2524,0.0,1000.0
1901,r_2525,0.0,1000.0
1902,r_2526,0.0,1000.0
1903,r_2527,0.0,1000.0
1904,r_2528,0.0,1000.0
1905,r_2529,0.0,1000.0
1906,r_2530,0.0,1000.0
1907,r_2531,0.0,1000.0
1908,r_2532,0.0,1000.0
1909,r_2533,0.0,1000.0
1910,r_2534,0.0,1000.0
1911,r_2535,0.0,1000.0
1912,r_2536,0.0,1000.0
1913,r_2537,0.0,1000.0
1914,r_2538,0.0,1000.0
1915,r_2539,0.0,1000.0
1916,r_2540,0.0,1000.0
1917,r_2541,0.0,1000.0
1918,r_2542,0.0,1000.0
1919,r_2543,0.0,1000.0
1920,r_2544,0.0,1000.0
1921,r_2545,0.0,1000.0
1922,r_2546,0.0,1000.0
1923,r_2547,0.0,1000.0
1924,r_2548,0.0,1000.0
1925,r_2549,0.0,1000.0
1926,r_2550,0.0,1000.0
1927,r_2551,0.0,1000.0
1928,r_2552,0.0,1000.0
1929,r_2553,0.0,1000.0
1930,r_2554,0.0,1000.0
1931,r_2555,0.0,1000.0
1932,r_2556,0.0,1000.0
1933,r_2557,0.0,1000.0
1934,r_2558,0.0,1000.0
1935,r_2559,0.0,1000.0
1936,r_2560,0.0,1000.0
1937,r_2561,0.0,1000.0
1938,r_2562,0.0,1000.0
1939,r_2563,0.0,1000.0
1940,r_2564,0.0,1000.0
1941,r_2565,0.0,1000.0
1942,r_2566,0.0,1000.0
1943,r_2567,0.0,1000.0
1944,r_2568,0.0,1000.0
1945,r_2569,0.0,1000.0
1946,r_2570,0.0,1000.0
1947,r_2571,0.0,1000.0
1948,r_2572,0.0,1000.0
1949,r_2573,0.0,1000.0
1950,r_2574,0.0,1000.0
1951,r_2575,0.0,1000.0
1952,r_2576,0.0,1000.0
1953,r_2577,0.0,1000.0
1954,r_2578,0.0,1000.0
1955,r_2579,0.0,1000.0
1956,r_2580,0.0,1000.0
1957,r_2581,0.0,1000.0
1958,r_2582,0.0,1000.0
1959,r_2583,0.0,1000.0
1960,r_2584,0.0,1000.0
1961,r_2585,0.0,1000.0
1962,r_2586,0.0,1000.0
1963,r_2587,0.0,1000.0
1964,r_2588,0.0,1000.0
1965,r_2589,0.0,1000.0
1966,r_2590,0.0,1000.0
1967,r_2591,0.0,1000.0
1968,r_2592,0.0,1000.0
1969,r_2593,0.0,1000.0
1970,r_2594,0.0,1000.0
1971,r_2595,0.0,1000.0
1972,r_2596,0.0,1000.0
1973,r_2597,0.0,1000.0
1974,r_2598,0.0,1000.0
1975,r_2599,0.0,1000.0
1976,r_2600,0.0,1000.0
1977,r_2601,0.0,1000.0
1978,r_2602,0.0,1000.0
1979,r_2603,0.0,1000.0
1980,r_2604,0.0,1000.0
1981,r_2605,0.0,1000.0
1982,r_2606,0.0,1000.0
1983,r_2607,0.0,1000.0
1984,r_2608,0.0,1000.0
1985,r_2609,0.0,1000.0
1986,r_2610,0.0,1000.0
1987,r_2611,0.0,1000.0
1988,r_2612,0.0,1000.0
1989,r_2613,0.0,1000.0
1990,r_2614,0.0,1000.0
1991,r_2615,0.0,1000.0
1992,r_2616,0.0,1000.0
1993,r_2617,0.0,1000.0
1994,r_2618,0.0,1000.0
1995,r_2619,0.0,1000.0
1996,r_2620,-1000.0,1000.0
1997,r_2621,-1000.0,1000.0
1998,r_2622,-1000.0,1000.0
1999,r_2623,-1000.0,1000.0
2000,r_2624,-1000.0,1000.0
2001,r_2625,-1000.0,1000.0
2002,r_2626,-1000.0,1000.0
2003,r_2627,-1000.0,1000.0
2004,r_2628,-1000.0,1000.0
2005,r_2629,-1000.0,1000.0
2006,r_2630,-1000.0,1000.0
2007,r_2631,-1000.0,1000.0
2008,r_2632,-1000.0,1000.0
2009,r_2633,-1000.0,1000.0
2010,r_2634,-1000.0,1000.0
2011,r_2635,-1000.0,1000.0
2012,r_2636,-1000.0,1000.0
2013,r_2637,-1000.0,1000.0
2014,r_2638,-1000.0,1000.0
2015,r_2639,-1000.0,1000.0
2016,r_2640,-1000.0,1000.0
2017,r_2641,-1000.0,1000.0
2018,r_2642,-1000.0,1000.0
2019,r_2643,-1000.0,1000.0
2020,r_2644,-1000.0,1000.0
2021,r_2645,-1000.0,1000.0
2022,r_2646,-1000.0,1000.0
2023,r_2647,-1000.0,1000.0
2024,r_2648,-1000.0,1000.0
2025,r_2649,-1000.0,1000.0
2026,r_2650,-1000.0,1000.0
2027,r_2651,-1000.0,1000.0
2028,r_2652,-1000.0,1000.0
2029,r_2653,-1000.0,1000.0
2030,r_2654,-1000.0,1000.0
2031,r_2655,-1000.0,1000.0
2032,r_2656,-1000.0,1000.0
2033,r_2657,-1000.0,1000.0
2034,r_2658,-1000.0,1000.0
2035,r_2659,-1000.0,1000.0
2036,r_2660,-1000.0,1000.0
2037,r_2661,-1000.0,1000.0
2038,r_2662,-1000.0,1000.0
2039,r_2663,-1000.0,1000.0
2040,r_2664,-1000.0,1000.0
2041,r_2665,-1000.0,1000.0
2042,r_2666,-1000.0,1000.0
2043,r_2667,-1000.0,1000.0
2044,r_2668,-1000.0,1000.0
2045,r_2669,-1000.0,1000.0
2046,r_2670,-1000.0,1000.0
2047,r_2671,-1000.0,1000.0
2048,r_2672,-1000.0,1000.0
2049,r_2673,-1000.0,1000.0
2050,r_2674,-1000.0,1000.0
2051,r_2675,-1000.0,1000.0
2052,r_2676,-1000.0,1000.0
2053,r_2677,-1000.0,1000.0
2054,r_2678,-1000.0,1000.0
2055,r_2679,-1000.0,1000.0
2056,r_2680,-1000.0,1000.0
2057,r_2681,-1000.0,1000.0
2058,r_2682,-1000.0,1000.0
2059,r_2683,-1000.0,1000.0
2060,r_2684,-1000.0,1000.0
2061,r_2685,-1000.0,1000.0
2062,r_2686,-1000.0,1000.0
2063,r_2687,-1000.0,1000.0
2064,r_2688,-1000.0,1000.0
2065,r_2689,-1000.0,1000.0
2066,r_2690,-1000.0,1000.0
2067,r_2691,-1000.0,1000.0
2068,r_2692,-1000.0,1000.0
2069,r_2693,-1000.0,1000.0
2070,r_2694,-1000.0,1000.0
2071,r_2695,-1000.0,1000.0
2072,r_2696,-1000.0,1000.0
2073,r_2697,-1000.0,1000.0
2074,r_2698,-1000.0,1000.0
2075,r_2699,-1000.0,1000.0
2076,r_2700,-1000.0,1000.0
2077,r_2701,-1000.0,1000.0
2078,r_2702,-1000.0,1000.0
2079,r_2703,-1000.0,1000.0
2080,r_2704,-1000.0,1000.0
2081,r_2705,-1000.0,1000.0
2082,r_2706,-1000.0,1000.0
2083,r_2707,-1000.0,1000.0
2084,r_2708,-1000.0,1000.0
2085,r_2709,-1000.0,1000.0
2086,r_2710,-1000.0,1000.0
2087,r_2711,-1000.0,1000.0
2088,r_2712,-1000.0,1000.0
2089,r_2713,-1000.0,1000.0
2090,r_2714,-1000.0,1000.0
2091,r_2715,-1000.0,1000.0
2092,r_2716,-1000.0,1000.0
2093,r_2717,-1000.0,1000.0
2094,r_2718,-1000.0,1000.0
2095,r_2719,-1000.0,1000.0
2096,r_2720,-1000.0,1000.0
2097,r_2721,-1000.0,1000.0
2098,r_2722,-1000.0,1000.0
2099,r_2723,-1000.0,1000.0
2100,r_2724,-1000.0,1000.0
2101,r_2725,-1000.0,1000.0
2102,r_2726,-1000.0,1000.0
2103,r_2727,-1000.0,1000.0
2104,r_2728,-1000.0,1000.0
2105,r_2729,-1000.0,1000.0
2106,r_2730,-1000.0,1000.0
2107,r_2731,-1000.0,1000.0
2108,r_2732,-1000.0,1000.0
2109,r_2733,-1000.0,1000.0
2110,r_2734,-1000.0,1000.0
2111,r_2735,-1000.0,1000.0
2112,r_2736,-1000.0,1000.0
2113,r_2737,-1000.0,1000.0
2114,r_2738,-1000.0,1000.0
2115,r_2739,-1000.0,1000.0
2116,r_2740,-1000.0,1000.0
2117,r_2741,-1000.0,1000.0
2118,r_2742,-1000.0,1000.0
2119,r_2743,-1000.0,1000.0
2120,r_2744,-1000.0,1000.0
2121,r_2745,-1000.0,1000.0
2122,r_2746,-1000.0,1000.0
2123,r_2747,-1000.0,1000.0
2124,r_2748,-1000.0,1000.0
2125,r_2749,-1000.0,1000.0
2126,r_2750,-1000.0,1000.0
2127,r_2751,-1000.0,1000.0
2128,r_2752,-1000.0,1000.0
2129,r_2753,-1000.0,1000.0
2130,r_2754,-1000.0,1000.0
2131,r_2755,-1000.0,1000.0
2132,r_2756,-1000.0,1000.0
2133,r_2757,-1000.0,1000.0
2134,r_2758,-1000.0,1000.0
2135,r_2759,-1000.0,1000.0
2136,r_2760,-1000.0,1000.0
2137,r_2761,-1000.0,1000.0
2138,r_2762,-1000.0,1000.0
2139,r_2763,-1000.0,1000.0
2140,r_2764,-1000.0,1000.0
2141,r_2765,-1000.0,1000.0
2142,r_2766,-1000.0,1000.0
2143,r_2767,-1000.0,1000.0
2144,r_2768,-1000.0,1000.0
2145,r_2769,-1000.0,1000.0
2146,r_2770,-1000.0,1000.0
2147,r_2771,-1000.0,1000.0
2148,r_2772,-1000.0,1000.0
2149,r_2773,-1000.0,1000.0
2150,r_2774,-1000.0,1000.0
2151,r_2775,-1000.0,1000.0
2152,r_2776,-1000.0,1000.0
2153,r_2777,-1000.0,1000.0
2154,r_2778,-1000.0,1000.0
2155,r_2779,-1000.0,1000.0
2156,r_2780,-1000.0,1000.0
2157,r_2781,-1000.0,1000.0
2158,r_2782,-1000.0,1000.0
2159,r_2783,-1000.0,1000.0
2160,r_2784,-1000.0,1000.0
2161,r_2785,-1000.0,1000.0
2162,r_2786,-1000.0,1000.0
2163,r_2787,-1000.0,1000.0
2164,r_2788,-1000.0,1000.0
2165,r_2789,-1000.0,1000.0
2166,r_2790,-1000.0,1000.0
2167,r_2791,-1000.0,1000.0
2168,r_2792,-1000.0,1000.0
2169,r_2793,-1000.0,1000.0
2170,r_2794,-1000.0,1000.0
2171,r_2795,-1000.0,1000.0
2172,r_2796,-1000.0,1000.0
2173,r_2797,-1000.0,1000.0
2174,r_2798,-1000.0,1000.0
2175,r_2799,-1000.0,1000.0
2176,r_2800,-1000.0,1000.0
2177,r_2801,-1000.0,1000.0
2178,r_2802,-1000.0,1000.0
2179,r_2803,-1000.0,1000.0
2180,r_2804,-1000.0,1000.0
2181,r_2805,-1000.0,1000.0
2182,r_2806,-1000.0,1000.0
2183,r_2807,-1000.0,1000.0
2184,r_2808,-1000.0,1000.0
2185,r_2809,-1000.0,1000.0
2186,r_2810,-1000.0,1000.0
2187,r_2811,-1000.0,1000.0
2188,r_2812,0.0,1000.0
2189,r_2813,0.0,1000.0
2190,r_2814,0.0,1000.0
2191,r_2815,0.0,1000.0
2192,r_2816,0.0,1000.0
2193,r_2817,0.0,1000.0
2194,r_2818,0.0,1000.0
2195,r_2819,0.0,1000.0
2196,r_2820,0.0,1000.0
2197,r_2821,0.0,1000.0
2198,r_2822,0.0,1000.0
2199,r_2823,0.0,1000.0
2200,r_2824,0.0,1000.0
2201,r_2825,0.0,1000.0
2202,r_2826,0.0,1000.0
2203,r_2827,0.0,1000.0
2204,r_2828,0.0,1000.0
2205,r_2829,0.0,1000.0
2206,r_2830,0.0,1000.0
2207,r_2831,0.0,1000.0
2208,r_2832,0.0,1000.0
2209,r_2833,0.0,1000.0
2210,r_2834,0.0,1000.0
2211,r_2835,0.0,1000.0
2212,r_2836,0.0,1000.0
2213,r_2837,0.0,1000.0
2214,r_2838,0.0,1000.0
2215,r_2839,0.0,1000.0
2216,r_2840,0.0,1000.0
2217,r_2841,0.0,1000.0
2218,r_2842,0.0,1000.0
2219,r_2843,0.0,1000.0
2220,r_2844,0.0,1000.0
2221,r_2845,0.0,1000.0
2222,r_2846,0.0,1000.0
2223,r_2847,0.0,1000.0
2224,r_2848,0.0,1000.0
2225,r_2849,0.0,1000.0
2226,r_2850,0.0,1000.0
2227,r_2851,0.0,1000.0
2228,r_2852,0.0,1000.0
2229,r_2853,0.0,1000.0
2230,r_2854,0.0,1000.0
2231,r_2855,0.0,1000.0
2232,r_2856,0.0,1000.0
2233,r_2857,0.0,1000.0
2234,r_2858,0.0,1000.0
2235,r_2859,0.0,1000.0
2236,r_2860,0.0,1000.0
2237,r_2861,0.0,1000.0
2238,r_2862,0.0,1000.0
2239,r_2863,0.0,1000.0
2240,r_2864,0.0,1000.0
2241,r_2865,0.0,1000.0
2242,r_2866,0.0,1000.0
2243,r_2867,0.0,1000.0
2244,r_2868,0.0,1000.0
2245,r_2869,0.0,1000.0
2246,r_2870,0.0,1000.0
2247,r_2871,0.0,1000.0
2248,r_2872,0.0,1000.0
2249,r_2873,0.0,1000.0
2250,r_2874,0.0,1000.0
2251,r_2875,0.0,1000.0
2252,r_2876,0.0,1000.0
2253,r_2877,0.0,1000.0
2254,r_2878,0.0,1000.0
2255,r_2879,0.0,1000.0
2256,r_2880,0.0,1000.0
2257,r_2881,0.0,1000.0
2258,r_2882,0.0,1000.0
2259,r_2883,0.0,1000.0
2260,r_2884,-1000.0,1000.0
2261,r_2885,-1000.0,1000.0
2262,r_2886,-1000.0,1000.0
2263,r_2887,-1000.0,1000.0
2264,r_2888,-1000.0,1000.0
2265,r_2889,-1000.0,1000.0
2266,r_2890,-1000.0,1000.0
2267,r_2891,-1000.0,1000.0
2268,r_2892,-1000.0,1000.0
2269,r_2893,-1000.0,1000.0
2270,r_2894,-1000.0,1000.0
2271,r_2895,-1000.0,1000.0
2272,r_2896,-1000.0,1000.0
2273,r_2897,-1000.0,1000.0
2274,r_2898,-1000.0,1000.0
2275,r_2899,-1000.0,1000.0
2276,r_2900,-1000.0,1000.0
2277,r_2901,-1000.0,1000.0
2278,r_2902,-1000.0,1000.0
2279,r_2903,-1000.0,1000.0
2280,r_2904,-1000.0,1000.0
2281,r_2905,-1000.0,1000.0
2282,r_2906,-1000.0,1000.0
2283,r_2907,-1000.0,1000.0
2284,r_2908,-1000.0,1000.0
2285,r_2909,-1000.0,1000.0
2286,r_2910,-1000.0,1000.0
2287,r_2911,-1000.0,1000.0
2288,r_2912,-1000.0,1000.0
2289,r_2913,-1000.0,1000.0
2290,r_2914,-1000.0,1000.0
2291,r_2915,-1000.0,1000.0
2292,r_2916,-1000.0,1000.0
2293,r_2917,-1000.0,1000.0
2294,r_2918,-1000.0,1000.0
2295,r_2919,-1000.0,1000.0
2296,r_2920,-1000.0,1000.0
2297,r_2921,-1000.0,1000.0
2298,r_2922,-1000.0,1000.0
2299,r_2923,-1000.0,1000.0
2300,r_2924,-1000.0,1000.0
2301,r_2925,-1000.0,1000.0
2302,r_2926,-1000.0,1000.0
2303,r_2927,-1000.0,1000.0
2304,r_2928,-1000.0,1000.0
2305,r_2929,-1000.0,1000.0
2306,r_2930,-1000.0,1000.0
2307,r_2931,-1000.0,1000.0
2308,r_2932,-1000.0,1000.0
2309,r_2933,-1000.0,1000.0
2310,r_2934,-1000.0,1000.0
2311,r_2935,-1000.0,1000.0
2312,r_2936,-1000.0,1000.0
2313,r_2937,-1000.0,1000.0
2314,r_2938,-1000.0,1000.0
2315,r_2939,-1000.0,1000.0
2316,r_2940,-1000.0,1000.0
2317,r_2941,-1000.0,1000.0
2318,r_2942,-1000.0,1000.0
2319,r_2943,-1000.0,1000.0
2320,r_2944,-1000.0,1000.0
2321,r_2945,-1000.0,1000.0
2322,r_2946,-1000.0,1000.0
2323,r_2947,-1000.0,1000.0
2324,r_2948,-1000.0,1000.0
2325,r_2949,-1000.0,1000.0
2326,r_2950,-1000.0,1000.0
2327,r_2951,-1000.0,1000.0
2328,r_2952,-1000.0,1000.0
2329,r_2953,-1000.0,1000.0
2330,r_2954,-1000.0,1000.0
2331,r_2955,-1000.0,1000.0
2332,r_2956,-1000.0,1000.0
2333,r_2957,-1000.0,1000.0
2334,r_2958,-1000.0,1000.0
2335,r_2959,-1000.0,1000.0
2336,r_2960,-1000.0,1000.0
2337,r_2961,-1000.0,1000.0
2338,r_2962,-1000.0,1000.0
2339,r_2963,-1000.0,1000.0
2340,r_2964,-1000.0,1000.0
2341,r_2965,-1000.0,1000.0
2342,r_2966,-1000.0,1000.0
2343,r_2967,-1000.0,1000.0
2344,r_2968,-1000.0,1000.0
2345,r_2969,-1000.0,1000.0
2346,r_2970,-1000.0,1000.0
2347,r_2971,-1000.0,1000.0
2348,r_2972,-1000.0,1000.0
2349,r_2973,-1000.0,1000.0
2350,r_2974,-1000.0,1000.0
2351,r_2975,-1000.0,1000.0
2352,r_2976,-1000.0,1000.0
2353,r_2977,-1000.0,1000.0
2354,r_2978,-1000.0,1000.0
2355,r_2979,-1000.0,1000.0
2356,r_2980,-1000.0,1000.0
2357,r_2981,-1000.0,1000.0
2358,r_2982,-1000.0,1000.0
2359,r_2983,-1000.0,1000.0
2360,r_2984,-1000.0,1000.0
2361,r_2985,-1000.0,1000.0
2362,r_2986,-1000.0,1000.0
2363,r_2987,-1000.0,1000.0
2364,r_2988,-1000.0,1000.0
2365,r_2989,-1000.0,1000.0
2366,r_2990,-1000.0,1000.0
2367,r_2991,-1000.0,1000.0
2368,r_2992,-1000.0,1000.0
2369,r_2993,-1000.0,1000.0
2370,r_2994,-1000.0,1000.0
2371,r_2995,-1000.0,1000.0
2372,r_2996,-1000.0,1000.0
2373,r_2997,-1000.0,1000.0
2374,r_2998,-1000.0,1000.0
2375,r_2999,-1000.0,1000.0
2376,r_3000,-1000.0,1000.0
2377,r_3001,-1000.0,1000.0
2378,r_3002,-1000.0,1000.0
2379,r_3003,-1000.0,1000.0
2380,r_3004,-1000.0,1000.0
2381,r_3005,-1000.0,1000.0
2382,r_3006,-1000.0,1000.0
2383,r_3007,-1000.0,1000.0
2384,r_3008,-1000.0,1000.0
2385,r_3009,-1000.0,1000.0
2386,r_3010,-1000.0,1000.0
2387,r_3011,-1000.0,1000.0
2388,r_3022,0.0,1000.0
2389,r_3023,0.0,1000.0
2390,r_3024,0.0,1000.0
2391,r_3025,0.0,1000.0
2392,r_3026,0.0,1000.0
2393,r_3027,0.0,1000.0
2394,r_3028,0.0,1000.0
2395,r_3029,0.0,1000.0
2396,r_3030,0.0,1000.0
2397,r_3031,0.0,1000.0
2398,r_3032,0.0,1000.0
2399,r_3033,0.0,1000.0
2400,r_3034,0.0,1000.0
2401,r_3035,0.0,1000.0
2402,r_3036,0.0,1000.0
2403,r_3037,0.0,1000.0
2404,r_3038,0.0,1000.0
2405,r_3039,0.0,1000.0
2406,r_3040,0.0,1000.0
2407,r_3041,0.0,1000.0
2408,r_3042,0.0,1000.0
2409,r_3043,0.0,1000.0
2410,r_3044,0.0,1000.0
2411,r_3045,0.0,1000.0
2412,r_3046,0.0,1000.0
2413,r_3047,0.0,1000.0
2414,r_3048,0.0,1000.0
2415,r_3049,0.0,1000.0
2416,r_3050,0.0,1000.0
2417,r_3051,0.0,1000.0
2418,r_3052,0.0,1000.0
2419,r_3053,0.0,1000.0
2420,r_3054,0.0,1000.0
2421,r_3055,0.0,1000.0
2422,r_3056,0.0,1000.0
2423,r_3057,0.0,1000.0
2424,r_3058,0.0,1000.0
2425,r_3059,0.0,1000.0
2426,r_3060,0.0,1000.0
2427,r_3061,0.0,1000.0
2428,r_3062,0.0,1000.0
2429,r_3063,0.0,1000.0
2430,r_3064,0.0,1000.0
2431,r_3065,0.0,1000.0
2432,r_3066,0.0,1000.0
2433,r_3067,0.0,1000.0
2434,r_3068,0.0,1000.0
2435,r_3069,0.0,1000.0
2436,r_3070,0.0,1000.0
2437,r_3071,0.0,1000.0
2438,r_3072,0.0,1000.0
2439,r_3073,0.0,1000.0
2440,r_3074,0.0,1000.0
2441,r_3075,0.0,1000.0
2442,r_3076,0.0,1000.0
2443,r_3077,0.0,1000.0
2444,r_3078,0.0,1000.0
2445,r_3079,0.0,1000.0
2446,r_3080,0.0,1000.0
2447,r_3081,0.0,1000.0
2448,r_3082,0.0,1000.0
2449,r_3083,0.0,1000.0
2450,r_3084,0.0,1000.0
2451,r_3085,0.0,1000.0
2452,r_3086,0.0,1000.0
2453,r_3087,0.0,1000.0
2454,r_3088,0.0,1000.0
2455,r_3089,0.0,1000.0
2456,r_3090,0.0,1000.0
2457,r_3091,0.0,1000.0
2458,r_3092,0.0,1000.0
2459,r_3093,0.0,1000.0
2460,r_3094,0.0,1000.0
2461,r_3095,0.0,1000.0
2462,r_3096,0.0,1000.0
2463,r_3097,0.0,1000.0
2464,r_3098,0.0,1000.0
2465,r_3099,0.0,1000.0
2466,r_3100,0.0,1000.0
2467,r_3101,0.0,1000.0
2468,r_3102,0.0,1000.0
2469,r_3103,0.0,1000.0
2470,r_3104,0.0,1000.0
2471,r_3105,0.0,1000.0
2472,r_3106,0.0,1000.0
2473,r_3107,0.0,1000.0
2474,r_3108,0.0,1000.0
2475,r_3109,0.0,1000.0
2476,r_3110,0.0,1000.0
2477,r_3111,0.0,1000.0
2478,r_3112,0.0,1000.0
2479,r_3113,0.0,1000.0
2480,r_3114,0.0,1000.0
2481,r_3115,0.0,1000.0
2482,r_3116,0.0,1000.0
2483,r_3117,0.0,1000.0
2484,r_3118,0.0,1000.0
2485,r_3119,0.0,1000.0
2486,r_3120,0.0,1000.0
2487,r_3121,0.0,1000.0
2488,r_3122,0.0,1000.0
2489,r_3123,0.0,1000.0
2490,r_3124,0.0,1000.0
2491,r_3125,0.0,1000.0
2492,r_3126,0.0,1000.0
2493,r_3127,0.0,1000.0
2494,r_3128,0.0,1000.0
2495,r_3129,0.0,1000.0
2496,r_3130,0.0,1000.0
2497,r_3131,0.0,1000.0
2498,r_3132,0.0,1000.0
2499,r_3133,0.0,1000.0
2500,r_3134,0.0,1000.0
2501,r_3135,0.0,1000.0
2502,r_3136,0.0,1000.0
2503,r_3137,0.0,1000.0
2504,r_3138,0.0,1000.0
2505,r_3139,0.0,1000.0
2506,r_3140,0.0,1000.0
2507,r_3141,0.0,1000.0
2508,r_3142,0.0,1000.0
2509,r_3143,0.0,1000.0
2510,r_3144,0.0,1000.0
2511,r_3145,0.0,1000.0
2512,r_3146,0.0,1000.0
2513,r_3147,0.0,1000.0
2514,r_3148,0.0,1000.0
2515,r_3149,0.0,1000.0
2516,r_3150,0.0,1000.0
2517,r_3151,0.0,1000.0
2518,r_3152,0.0,1000.0
2519,r_3153,0.0,1000.0
2520,r_3154,0.0,1000.0
2521,r_3155,0.0,1000.0
2522,r_3156,0.0,1000.0
2523,r_3157,0.0,1000.0
2524,r_3158,0.0,1000.0
2525,r_3159,0.0,1000.0
2526,r_3160,0.0,1000.0
2527,r_3161,0.0,1000.0
2528,r_3162,0.0,1000.0
2529,r_3163,0.0,1000.0
2530,r_3164,0.0,1000.0
2531,r_3165,0.0,1000.0
2532,r_3166,0.0,1000.0
2533,r_3167,0.0,1000.0
2534,r_3168,0.0,1000.0
2535,r_3169,0.0,1000.0
2536,r_3170,0.0,1000.0
2537,r_3171,0.0,1000.0
2538,r_3172,0.0,1000.0
2539,r_3173,0.0,1000.0
2540,r_3174,0.0,1000.0
2541,r_3175,0.0,1000.0
2542,r_3176,0.0,1000.0
2543,r_3177,0.0,1000.0
2544,r_3178,0.0,1000.0
2545,r_3179,0.0,1000.0
2546,r_3180,0.0,1000.0
2547,r_3181,0.0,1000.0
2548,r_3182,0.0,1000.0
2549,r_3183,0.0,1000.0
2550,r_3184,0.0,1000.0
2551,r_3185,0.0,1000.0
2552,r_3186,0.0,1000.0
2553,r_3187,0.0,1000.0
2554,r_3188,0.0,1000.0
2555,r_3189,0.0,1000.0
2556,r_3190,0.0,1000.0
2557,r_3191,0.0,1000.0
2558,r_3192,0.0,1000.0
2559,r_3193,0.0,1000.0
2560,r_3194,0.0,1000.0
2561,r_3195,0.0,1000.0
2562,r_3196,0.0,1000.0
2563,r_3197,0.0,1000.0
2564,r_3198,0.0,1000.0
2565,r_3199,0.0,1000.0
2566,r_3200,0.0,1000.0
2567,r_3201,0.0,1000.0
2568,r_3202,0.0,1000.0
2569,r_3203,0.0,1000.0
2570,r_3204,0.0,1000.0
2571,r_3205,0.0,1000.0
2572,r_3206,0.0,1000.0
2573,r_3207,0.0,1000.0
2574,r_3208,0.0,1000.0
2575,r_3209,0.0,1000.0
2576,r_3210,0.0,1000.0
2577,r_3211,0.0,1000.0
2578,r_3212,0.0,1000.0
2579,r_3213,0.0,1000.0
2580,r_3214,0.0,1000.0
2581,r_3215,0.0,1000.0
2582,r_3216,0.0,1000.0
2583,r_3217,0.0,1000.0
2584,r_3218,0.0,1000.0
2585,r_3219,0.0,1000.0
2586,r_3220,0.0,1000.0
2587,r_3221,0.0,1000.0
2588,r_3222,0.0,1000.0
2589,r_3223,0.0,1000.0
2590,r_3224,0.0,1000.0
2591,r_3225,0.0,1000.0
2592,r_3226,0.0,1000.0
2593,r_3227,0.0,1000.0
2594,r_3228,0.0,1000.0
2595,r_3229,0.0,1000.0
2596,r_3230,0.0,1000.0
2597,r_3231,0.0,1000.0
2598,r_3232,0.0,1000.0
2599,r_3233,0.0,1000.0
2600,r_3234,0.0,1000.0
2601,r_3235,0.0,1000.0
2602,r_3236,0.0,1000.0
2603,r_3237,0.0,1000.0
2604,r_3238,0.0,1000.0
2605,r_3239,0.0,1000.0
2606,r_3240,0.0,1000.0
2607,r_3241,0.0,1000.0
2608,r_3242,0.0,1000.0
2609,r_3243,0.0,1000.0
2610,r_3244,0.0,1000.0
2611,r_3245,0.0,1000.0
2612,r_3246,0.0,1000.0
2613,r_3247,0.0,1000.0
2614,r_3248,0.0,1000.0
2615,r_3249,0.0,1000.0
2616,r_3250,0.0,1000.0
2617,r_3251,0.0,1000.0
2618,r_3252,0.0,1000.0
2619,r_3253,0.0,1000.0
2620,r_3254,0.0,1000.0
2621,r_3255,0.0,1000.0
2622,r_3256,0.0,1000.0
2623,r_3257,0.0,1000.0
2624,r_3258,0.0,1000.0
2625,r_3259,0.0,1000.0
2626,r_3260,0.0,1000.0
2627,r_3261,0.0,1000.0
2628,r_3262,0.0,1000.0
2629,r_3263,0.0,1000.0
2630,r_3264,0.0,1000.0
2631,r_3265,0.0,1000.0
2632,r_3266,0.0,1000.0
2633,r_3267,0.0,1000.0
2634,r_3268,0.0,1000.0
2635,r_3269,0.0,1000.0
2636,r_3270,0.0,1000.0
2637,r_3271,0.0,1000.0
2638,r_3272,0.0,1000.0
2639,r_3273,0.0,1000.0
2640,r_3274,0.0,1000.0
2641,r_3275,0.0,1000.0
2642,r_3276,0.0,1000.0
2643,r_3277,0.0,1000.0
2644,r_3278,0.0,1000.0
2645,r_3279,0.0,1000.0
2646,r_3280,0.0,1000.0
2647,r_3281,0.0,1000.0
2648,r_3282,0.0,1000.0
2649,r_3283,0.0,1000.0
2650,r_3284,0.0,1000.0
2651,r_3285,0.0,1000.0
2652,r_3286,0.0,1000.0
2653,r_3287,0.0,1000.0
2654,r_3288,0.0,1000.0
2655,r_3289,0.0,1000.0
2656,r_3290,0.0,1000.0
2657,r_3291,0.0,1000.0
2658,r_3292,0.0,1000.0
2659,r_3293,0.0,1000.0
2660,r_3294,0.0,1000.0
2661,r_3295,0.0,1000.0
2662,r_3296,0.0,1000.0
2663,r_3297,0.0,1000.0
2664,r_3298,0.0,1000.0
2665,r_3299,0.0,1000.0
2666,r_3300,0.0,1000.0
2667,r_3301,0.0,1000.0
2668,r_3302,0.0,1000.0
2669,r_3303,0.0,1000.0
2670,r_3304,0.0,1000.0
2671,r_3305,0.0,1000.0
2672,r_3306,0.0,1000.0
2673,r_3307,0.0,1000.0
2674,r_3308,0.0,1000.0
2675,r_3309,0.0,1000.0
2676,r_3310,0.0,1000.0
2677,r_3311,0.0,1000.0
2678,r_3312,0.0,1000.0
2679,r_3313,0.0,1000.0
2680,r_3314,0.0,1000.0
2681,r_3315,0.0,1000.0
2682,r_3316,0.0,1000.0
2683,r_3317,0.0,1000.0
2684,r_3318,0.0,1000.0
2685,r_3319,0.0,1000.0
2686,r_3320,0.0,1000.0
2687,r_3321,0.0,1000.0
2688,r_3322,0.0,1000.0
2689,r_3323,0.0,1000.0
2690,r_3324,0.0,1000.0
2691,r_3325,0.0,1000.0
2692,r_3326,0.0,1000.0
2693,r_3327,0.0,1000.0
2694,r_3328,0.0,1000.0
2695,r_3329,0.0,1000.0
2696,r_3330,0.0,1000.0
2697,r_3331,0.0,1000.0
2698,r_3332,-1000.0,1000.0
2699,r_3333,-1000.0,1000.0
2700,r_3334,-1000.0,1000.0
2701,r_3335,-1000.0,1000.0
2702,r_3336,-1000.0,1000.0
2703,r_3337,-1000.0,1000.0
2704,r_3338,-1000.0,1000.0
2705,r_3339,-1000.0,1000.0
2706,r_3340,-1000.0,1000.0
2707,r_3341,-1000.0,1000.0
2708,r_3342,-1000.0,1000.0
2709,r_3343,-1000.0,1000.0
2710,r_3344,-1000.0,1000.0
2711,r_3345,-1000.0,1000.0
2712,r_3346,-1000.0,1000.0
2713,r_3347,-1000.0,1000.0
2714,r_3348,0.0,1000.0
2715,r_3349,0.0,1000.0
2716,r_3350,0.0,1000.0
2717,r_3351,0.0,1000.0
2718,r_3352,0.0,1000.0
2719,r_3353,0.0,1000.0
2720,r_3354,0.0,1000.0
2721,r_3355,0.0,1000.0
2722,r_3356,0.0,1000.0
2723,r_3357,0.0,1000.0
2724,r_3358,0.0,1000.0
2725,r_3359,0.0,1000.0
2726,r_3360,0.0,1000.0
2727,r_3361,0.0,1000.0
2728,r_3362,0.0,1000.0
2729,r_3363,0.0,1000.0
2730,r_3364,0.0,1000.0
2731,r_3365,0.0,1000.0
2732,r_3366,0.0,1000.0
2733,r_3367,0.0,1000.0
2734,r_3368,0.0,1000.0
2735,r_3369,0.0,1000.0
2736,r_3370,0.0,1000.0
2737,r_3371,0.0,1000.0
2738,r_3372,0.0,1000.0
2739,r_3373,0.0,1000.0
2740,r_3374,0.0,1000.0
2741,r_3375,0.0,1000.0
2742,r_3376,0.0,1000.0
2743,r_3377,0.0,1000.0
2744,r_3378,0.0,1000.0
2745,r_3379,0.0,1000.0
2746,r_3380,0.0,1000.0
2747,r_3381,0.0,1000.0
2748,r_3382,0.0,1000.0
2749,r_3383,0.0,1000.0
2750,r_3384,0.0,1000.0
2751,r_3385,0.0,1000.0
2752,r_3386,0.0,1000.0
2753,r_3387,0.0,1000.0
2754,r_3388,0.0,1000.0
2755,r_3389,0.0,1000.0
2756,r_3390,0.0,1000.0
2757,r_3391,0.0,1000.0
2758,r_3392,0.0,1000.0
2759,r_3393,0.0,1000.0
2760,r_3394,0.0,1000.0
2761,r_3395,0.0,1000.0
2762,r_3396,0.0,1000.0
2763,r_3397,0.0,1000.0
2764,r_3398,0.0,1000.0
2765,r_3399,0.0,1000.0
2766,r_3400,0.0,1000.0
2767,r_3401,0.0,1000.0
2768,r_3402,0.0,1000.0
2769,r_3403,0.0,1000.0
2770,r_3404,0.0,1000.0
2771,r_3405,0.0,1000.0
2772,r_3406,0.0,1000.0
2773,r_3407,0.0,1000.0
2774,r_3408,0.0,1000.0
2775,r_3409,0.0,1000.0
2776,r_3410,0.0,1000.0
2777,r_3411,0.0,1000.0
2778,r_3412,0.0,1000.0
2779,r_3413,0.0,1000.0
2780,r_3414,0.0,1000.0
2781,r_3415,0.0,1000.0
2782,r_3416,0.0,1000.0
2783,r_3417,0.0,1000.0
2784,r_3418,0.0,1000.0
2785,r_3419,0.0,1000.0
2786,r_3420,0.0,1000.0
2787,r_3421,0.0,1000.0
2788,r_3422,0.0,1000.0
2789,r_3423,0.0,1000.0
2790,r_3424,0.0,1000.0
2791,r_3425,0.0,1000.0
2792,r_3426,0.0,1000.0
2793,r_3427,0.0,1000.0
2794,r_3428,0.0,1000.0
2795,r_3429,0.0,1000.0
2796,r_3430,0.0,1000.0
2797,r_3431,0.0,1000.0
2798,r_3432,0.0,1000.0
2799,r_3433,0.0,1000.0
2800,r_3434,0.0,1000.0
2801,r_3435,0.0,1000.0
2802,r_3436,0.0,1000.0
2803,r_3437,0.0,1000.0
2804,r_3438,0.0,1000.0
2805,r_3439,0.0,1000.0
2806,r_3440,0.0,1000.0
2807,r_3441,0.0,1000.0
2808,r_3442,0.0,1000.0
2809,r_3443,0.0,1000.0
2810,r_3444,0.0,1000.0
2811,r_3445,0.0,1000.0
2812,r_3446,0.0,1000.0
2813,r_3447,0.0,1000.0
2814,r_3448,0.0,1000.0
2815,r_3449,0.0,1000.0
2816,r_3450,0.0,1000.0
2817,r_3451,0.0,1000.0
2818,r_3452,0.0,1000.0
2819,r_3453,0.0,1000.0
2820,r_3454,0.0,1000.0
2821,r_3455,0.0,1000.0
2822,r_3456,0.0,1000.0
2823,r_3457,0.0,1000.0
2824,r_3458,0.0,1000.0
2825,r_3459,0.0,1000.0
2826,r_3460,0.0,1000.0
2827,r_3461,0.0,1000.0
2828,r_3462,0.0,1000.0
2829,r_3463,0.0,1000.0
2830,r_3464,0.0,1000.0
2831,r_3465,0.0,1000.0
2832,r_3466,0.0,1000.0
2833,r_3467,0.0,1000.0
2834,r_3468,0.0,1000.0
2835,r_3469,0.0,1000.0
2836,r_3470,0.0,1000.0
2837,r_3471,0.0,1000.0
2838,r_3472,0.0,1000.0
2839,r_3473,0.0,1000.0
2840,r_3474,0.0,1000.0
2841,r_3475,0.0,1000.0
2842,r_3476,0.0,1000.0
2843,r_3477,0.0,1000.0
2844,r_3478,0.0,1000.0
2845,r_3479,0.0,1000.0
2846,r_3480,0.0,1000.0
2847,r_3481,0.0,1000.0
2848,r_3482,0.0,1000.0
2849,r_3483,0.0,1000.0
2850,r_3484,0.0,1000.0
2851,r_3485,0.0,1000.0
2852,r_3486,0.0,1000.0
2853,r_3487,0.0,1000.0
2854,r_3488,0.0,1000.0
2855,r_3489,0.0,1000.0
2856,r_3490,0.0,1000.0
2857,r_3491,0.0,1000.0
2858,r_3492,0.0,1000.0
2859,r_3493,0.0,1000.0
2860,r_3494,0.0,1000.0
2861,r_3495,0.0,1000.0
2862,r_3496,0.0,1000.0
2863,r_3497,0.0,1000.0
2864,r_3498,0.0,1000.0
2865,r_3499,0.0,1000.0
2866,r_3500,0.0,1000.0
2867,r_3501,0.0,1000.0
2868,r_3502,0.0,1000.0
2869,r_3503,0.0,1000.0
2870,r_3504,0.0,1000.0
2871,r_3505,0.0,1000.0
2872,r_3506,0.0,1000.0
2873,r_3507,0.0,1000.0
2874,r_3508,-1000.0,1000.0
2875,r_3509,-1000.0,1000.0
2876,r_3510,-1000.0,1000.0
2877,r_3511,-1000.0,1000.0
2878,r_3512,-1000.0,1000.0
2879,r_3513,-1000.0,1000.0
2880,r_3514,-1000.0,1000.0
2881,r_3515,-1000.0,1000.0
2882,r_3516,-1000.0,1000.0
2883,r_3517,-1000.0,1000.0
2884,r_3518,-1000.0,1000.0
2885,r_3519,-1000.0,1000.0
2886,r_3520,-1000.0,1000.0
2887,r_3521,-1000.0,1000.0
2888,r_3522,-1000.0,1000.0
2889,r_3523,-1000.0,1000.0
2890,r_3524,-1000.0,1000.0
2891,r_3525,-1000.0,1000.0
2892,r_3526,-1000.0,1000.0
2893,r_3527,-1000.0,1000.0
2894,r_3528,-1000.0,1000.0
2895,r_3529,-1000.0,1000.0
2896,r_3530,-1000.0,1000.0
2897,r_3531,-1000.0,1000.0
2898,r_3532,-1000.0,1000.0
2899,r_3533,-1000.0,1000.0
2900,r_3534,-1000.0,1000.0
2901,r_3535,-1000.0,1000.0
2902,r_3536,-1000.0,1000.0
2903,r_3537,-1000.0,1000.0
2904,r_3538,-1000.0,1000.0
2905,r_3539,-1000.0,1000.0
2906,r_3540,-1000.0,1000.0
2907,r_3541,-1000.0,1000.0
2908,r_3542,-1000.0,1000.0
2909,r_3543,-1000.0,1000.0
2910,r_3544,-1000.0,1000.0
2911,r_3545,-1000.0,1000.0
2912,r_3546,-1000.0,1000.0
2913,r_3547,-1000.0,1000.0
2914,r_3548,-1000.0,1000.0
2915,r_3549,-1000.0,1000.0
2916,r_3550,-1000.0,1000.0
2917,r_3551,-1000.0,1000.0
2918,r_3552,-1000.0,1000.0
2919,r_3553,-1000.0,1000.0
2920,r_3554,-1000.0,1000.0
2921,r_3555,-1000.0,1000.0
2922,r_3556,-1000.0,1000.0
2923,r_3557,-1000.0,1000.0
2924,r_3558,-1000.0,1000.0
2925,r_3559,-1000.0,1000.0
2926,r_3560,-1000.0,1000.0
2927,r_3561,-1000.0,1000.0
2928,r_3562,-1000.0,1000.0
2929,r_3563,-1000.0,1000.0
2930,r_3564,-1000.0,1000.0
2931,r_3565,-1000.0,1000.0
2932,r_3566,-1000.0,1000.0
2933,r_3567,-1000.0,1000.0
2934,r_3568,-1000.0,1000.0
2935,r_3569,-1000.0,1000.0
2936,r_3570,-1000.0,1000.0
2937,r_3571,-1000.0,1000.0
2938,r_3572,-1000.0,1000.0
2939,r_3573,-1000.0,1000.0
2940,r_3574,-1000.0,1000.0
2941,r_3575,-1000.0,1000.0
2942,r_3576,-1000.0,1000.0
2943,r_3577,-1000.0,1000.0
2944,r_3578,-1000.0,1000.0
2945,r_3579,-1000.0,1000.0
2946,r_3580,-1000.0,1000.0
2947,r_3581,-1000.0,1000.0
2948,r_3582,-1000.0,1000.0
2949,r_3583,-1000.0,1000.0
2950,r_3584,-1000.0,1000.0
2951,r_3585,-1000.0,1000.0
2952,r_3586,-1000.0,1000.0
2953,r_3587,-1000.0,1000.0
2954,r_3588,-1000.0,1000.0
2955,r_3589,-1000.0,1000.0
2956,r_3590,-1000.0,1000.0
2957,r_3591,-1000.0,1000.0
2958,r_3592,-1000.0,1000.0
2959,r_3593,-1000.0,1000.0
2960,r_3594,-1000.0,1000.0
2961,r_3595,-1000.0,1000.0
2962,r_3596,-1000.0,1000.0
2963,r_3597,-1000.0,1000.0
2964,r_3598,-1000.0,1000.0
2965,r_3599,-1000.0,1000.0
2966,r_3600,-1000.0,1000.0
2967,r_3601,-1000.0,1000.0
2968,r_3602,-1000.0,1000.0
2969,r_3603,-1000.0,1000.0
2970,r_3604,-1000.0,1000.0
2971,r_3605,-1000.0,1000.0
2972,r_3606,-1000.0,1000.0
2973,r_3607,-1000.0,1000.0
2974,r_3608,-1000.0,1000.0
2975,r_3609,-1000.0,1000.0
2976,r_3610,-1000.0,1000.0
2977,r_3611,-1000.0,1000.0
2978,r_3612,-1000.0,1000.0
2979,r_3613,-1000.0,1000.0
2980,r_3614,-1000.0,1000.0
2981,r_3615,-1000.0,1000.0
2982,r_3616,-1000.0,1000.0
2983,r_3617,-1000.0,1000.0
2984,r_3618,-1000.0,1000.0
2985,r_3619,-1000.0,1000.0
2986,r_3620,-1000.0,1000.0
2987,r_3621,-1000.0,1000.0
2988,r_3622,-1000.0,1000.0
2989,r_3623,-1000.0,1000.0
2990,r_3624,-1000.0,1000.0
2991,r_3625,-1000.0,1000.0
2992,r_3626,-1000.0,1000.0
2993,r_3627,-1000.0,1000.0
2994,r_3628,-1000.0,1000.0
2995,r_3629,-1000.0,1000.0
2996,r_3630,-1000.0,1000.0
2997,r_3631,-1000.0,1000.0
2998,r_3632,-1000.0,1000.0
2999,r_3633,-1000.0,1000.0
3000,r_3634,-1000.0,1000.0
3001,r_3635,-1000.0,1000.0
3002,r_3636,-1000.0,1000.0
3003,r_3637,-1000.0,1000.0
3004,r_3638,-1000.0,1000.0
3005,r_3639,-1000.0,1000.0
3006,r_3640,-1000.0,1000.0
3007,r_3641,-1000.0,1000.0
3008,r_3642,-1000.0,1000.0
3009,r_3643,-1000.0,1000.0
3010,r_3644,-1000.0,1000.0
3011,r_3645,-1000.0,1000.0
3012,r_3646,-1000.0,1000.0
3013,r_3647,-1000.0,1000.0
3014,r_3648,-1000.0,1000.0
3015,r_3649,-1000.0,1000.0
3016,r_3650,-1000.0,1000.0
3017,r_3651,-1000.0,1000.0
3018,r_3652,-1000.0,1000.0
3019,r_3653,-1000.0,1000.0
3020,r_3654,-1000.0,1000.0
3021,r_3655,-1000.0,1000.0
3022,r_3656,-1000.0,1000.0
3023,r_3657,-1000.0,1000.0
3024,r_3658,-1000.0,1000.0
3025,r_3659,-1000.0,1000.0
3026,r_3660,-1000.0,1000.0
3027,r_3661,-1000.0,1000.0
3028,r_3662,-1000.0,1000.0
3029,r_3663,-1000.0,1000.0
3030,r_3664,-1000.0,1000.0
3031,r_3665,-1000.0,1000.0
3032,r_3666,-1000.0,1000.0
3033,r_3667,-1000.0,1000.0
3034,r_3668,-1000.0,1000.0
3035,r_3669,-1000.0,1000.0
3036,r_3670,-1000.0,1000.0
3037,r_3671,-1000.0,1000.0
3038,r_3672,-1000.0,1000.0
3039,r_3673,-1000.0,1000.0
3040,r_3674,-1000.0,1000.0
3041,r_3675,-1000.0,1000.0
3042,r_3676,-1000.0,1000.0
3043,r_3677,-1000.0,1000.0
3044,r_3678,-1000.0,1000.0
3045,r_3679,-1000.0,1000.0
3046,r_3680,-1000.0,1000.0
3047,r_3681,-1000.0,1000.0
3048,r_3682,-1000.0,1000.0
3049,r_3683,-1000.0,1000.0
3050,r_3684,-1000.0,1000.0
3051,r_3685,-1000.0,1000.0
3052,r_3686,-1000.0,1000.0
3053,r_3687,-1000.0,1000.0
3054,r_3688,-1000.0,1000.0
3055,r_3689,-1000.0,1000.0
3056,r_3690,-1000.0,1000.0
3057,r_3691,-1000.0,1000.0
3058,r_3692,-1000.0,1000.0
3059,r_3693,-1000.0,1000.0
3060,r_3694,-1000.0,1000.0
3061,r_3695,-1000.0,1000.0
3062,r_3696,-1000.0,1000.0
3063,r_3697,-1000.0,1000.0
3064,r_3698,-1000.0,1000.0
3065,r_3699,-1000.0,1000.0
3066,r_3700,-1000.0,1000.0
3067,r_3701,-1000.0,1000.0
3068,r_3702,-1000.0,1000.0
3069,r_3703,-1000.0,1000.0
3070,r_3704,-1000.0,1000.0
3071,r_3705,-1000.0,1000.0
3072,r_3706,-1000.0,1000.0
3073,r_3707,-1000.0,1000.0
3074,r_3708,-1000.0,1000.0
3075,r_3709,-1000.0,1000.0
3076,r_3710,-1000.0,1000.0
3077,r_3711,-1000.0,1000.0
3078,r_3712,-1000.0,1000.0
3079,r_3713,-1000.0,1000.0
3080,r_3714,-1000.0,1000.0
3081,r_3715,-1000.0,1000.0
3082,r_3716,-1000.0,1000.0
3083,r_3717,-1000.0,1000.0
3084,r_3718,-1000.0,1000.0
3085,r_3719,-1000.0,1000.0
3086,r_3720,-1000.0,1000.0
3087,r_3721,-1000.0,1000.0
3088,r_3722,-1000.0,1000.0
3089,r_3723,-1000.0,1000.0
3090,r_3724,-1000.0,1000.0
3091,r_3725,-1000.0,1000.0
3092,r_3726,-1000.0,1000.0
3093,r_3727,-1000.0,1000.0
3094,r_3728,-1000.0,1000.0
3095,r_3729,-1000.0,1000.0
3096,r_3730,-1000.0,1000.0
3097,r_3731,-1000.0,1000.0
3098,r_3732,-1000.0,1000.0
3099,r_3733,-1000.0,1000.0
3100,r_3734,-1000.0,1000.0
3101,r_3735,-1000.0,1000.0
3102,r_3736,-1000.0,1000.0
3103,r_3737,-1000.0,1000.0
3104,r_3738,-1000.0,1000.0
3105,r_3739,-1000.0,1000.0
3106,r_3740,-1000.0,1000.0
3107,r_3741,-1000.0,1000.0
3108,r_3742,-1000.0,1000.0
3109,r_3743,-1000.0,1000.0
3110,r_3744,-1000.0,1000.0
3111,r_3745,-1000.0,1000.0
3112,r_3746,-1000.0,1000.0
3113,r_3747,-1000.0,1000.0
3114,r_3748,-1000.0,1000.0
3115,r_3749,-1000.0,1000.0
3116,r_3750,-1000.0,1000.0
3117,r_3751,-1000.0,1000.0
3118,r_3752,-1000.0,1000.0
3119,r_3753,-1000.0,1000.0
3120,r_3754,-1000.0,1000.0
3121,r_3755,-1000.0,1000.0
3122,r_3756,-1000.0,1000.0
3123,r_3757,-1000.0,1000.0
3124,r_3758,-1000.0,1000.0
3125,r_3759,-1000.0,1000.0
3126,r_3760,-1000.0,1000.0
3127,r_3761,-1000.0,1000.0
3128,r_3762,-1000.0,1000.0
3129,r_3763,-1000.0,1000.0
3130,r_3764,-1000.0,1000.0
3131,r_3765,-1000.0,1000.0
3132,r_3766,-1000.0,1000.0
3133,r_3767,-1000.0,1000.0
3134,r_3768,-1000.0,1000.0
3135,r_3769,-1000.0,1000.0
3136,r_3770,-1000.0,1000.0
3137,r_3771,-1000.0,1000.0
3138,r_3772,-1000.0,1000.0
3139,r_3773,-1000.0,1000.0
3140,r_3774,-1000.0,1000.0
3141,r_3775,-1000.0,1000.0
3142,r_3776,-1000.0,1000.0
3143,r_3777,-1000.0,1000.0
3144,r_3778,-1000.0,1000.0
3145,r_3779,-1000.0,1000.0
3146,r_3780,-1000.0,1000.0
3147,r_3781,-1000.0,1000.0
3148,r_3782,-1000.0,1000.0
3149,r_3783,-1000.0,1000.0
3150,r_3784,-1000.0,1000.0
3151,r_3785,-1000.0,1000.0
3152,r_3786,-1000.0,1000.0
3153,r_3787,-1000.0,1000.0
3154,r_3788,-1000.0,1000.0
3155,r_3789,-1000.0,1000.0
3156,r_3790,-1000.0,1000.0
3157,r_3791,-1000.0,1000.0
3158,r_3792,-1000.0,1000.0
3159,r_3793,-1000.0,1000.0
3160,r_3794,-1000.0,1000.0
3161,r_3795,-1000.0,1000.0
3162,r_3796,-1000.0,1000.0
3163,r_3797,-1000.0,1000.0
3164,r_3798,-1000.0,1000.0
3165,r_3799,-1000.0,1000.0
3166,r_3800,-1000.0,1000.0
3167,r_3801,-1000.0,1000.0
3168,r_3802,-1000.0,1000.0
3169,r_3803,-1000.0,1000.0
3170,r_3804,-1000.0,1000.0
3171,r_3805,-1000.0,1000.0
3172,r_3806,-1000.0,1000.0
3173,r_3807,-1000.0,1000.0
3174,r_3808,-1000.0,1000.0
3175,r_3809,-1000.0,1000.0
3176,r_3810,-1000.0,1000.0
3177,r_3811,-1000.0,1000.0
3178,r_3812,-1000.0,1000.0
3179,r_3813,-1000.0,1000.0
3180,r_3814,-1000.0,1000.0
3181,r_3815,-1000.0,1000.0
3182,r_3816,-1000.0,1000.0
3183,r_3817,-1000.0,1000.0
3184,r_3818,-1000.0,1000.0
3185,r_3819,-1000.0,1000.0
3186,r_3820,-1000.0,1000.0
3187,r_3821,-1000.0,1000.0
3188,r_3822,-1000.0,1000.0
3189,r_3823,-1000.0,1000.0
3190,r_3824,-1000.0,1000.0
3191,r_3825,-1000.0,1000.0
3192,r_3826,-1000.0,1000.0
3193,r_3827,-1000.0,1000.0
3194,r_3828,-1000.0,1000.0
3195,r_3829,-1000.0,1000.0
3196,r_3830,-1000.0,1000.0
3197,r_3831,-1000.0,1000.0
3198,r_3832,-1000.0,1000.0
3199,r_3833,-1000.0,1000.0
3200,r_3834,-1000.0,1000.0
3201,r_3835,-1000.0,1000.0
3202,r_3836,-1000.0,1000.0
3203,r_3837,-1000.0,1000.0
3204,r_3838,-1000.0,1000.0
3205,r_3839,-1000.0,1000.0
3206,r_3840,-1000.0,1000.0
3207,r_3841,-1000.0,1000.0
3208,r_3842,-1000.0,1000.0
3209,r_3843,-1000.0,1000.0
3210,r_3844,-1000.0,1000.0
3211,r_3845,-1000.0,1000.0
3212,r_3846,-1000.0,1000.0
3213,r_3847,-1000.0,1000.0
3214,r_3848,-1000.0,1000.0
3215,r_3849,-1000.0,1000.0
3216,r_3850,-1000.0,1000.0
3217,r_3851,-1000.0,1000.0
3218,r_3852,-1000.0,1000.0
3219,r_3853,-1000.0,1000.0
3220,r_3854,-1000.0,1000.0
3221,r_3855,-1000.0,1000.0
3222,r_3856,-1000.0,1000.0
3223,r_3857,-1000.0,1000.0
3224,r_3858,-1000.0,1000.0
3225,r_3859,-1000.0,1000.0
3226,r_3860,-1000.0,1000.0
3227,r_3861,-1000.0,1000.0
3228,r_3862,-1000.0,1000.0
3229,r_3863,-1000.0,1000.0
3230,r_3864,-1000.0,1000.0
3231,r_3865,-1000.0,1000.0
3232,r_3866,-1000.0,1000.0
3233,r_3867,-1000.0,1000.0
3234,r_3868,-1000.0,1000.0
3235,r_3869,-1000.0,1000.0
3236,r_3870,-1000.0,1000.0
3237,r_3871,-1000.0,1000.0
3238,r_3872,-1000.0,1000.0
3239,r_3873,-1000.0,1000.0
3240,r_3874,-1000.0,1000.0
3241,r_3875,-1000.0,1000.0
3242,r_3876,-1000.0,1000.0
3243,r_3877,-1000.0,1000.0
3244,r_3878,-1000.0,1000.0
3245,r_3879,-1000.0,1000.0
3246,r_3880,-1000.0,1000.0
3247,r_3881,-1000.0,1000.0
3248,r_3882,-1000.0,1000.0
3249,r_3883,-1000.0,1000.0
3250,r_3884,-1000.0,1000.0
3251,r_3885,-1000.0,1000.0
3252,r_3886,-1000.0,1000.0
3253,r_3887,-1000.0,1000.0
3254,r_3888,-1000.0,1000.0
3255,r_3889,-1000.0,1000.0
3256,r_3890,-1000.0,1000.0
3257,r_3891,-1000.0,1000.0
3258,r_3892,-1000.0,1000.0
3259,r_3893,-1000.0,1000.0
3260,r_3894,-1000.0,1000.0
3261,r_3895,-1000.0,1000.0
3262,r_3896,-1000.0,1000.0
3263,r_3897,-1000.0,1000.0
3264,r_3898,-1000.0,1000.0
3265,r_3899,-1000.0,1000.0
3266,r_3900,-1000.0,1000.0
3267,r_3901,-1000.0,1000.0
3268,r_3902,-1000.0,1000.0
3269,r_3903,-1000.0,1000.0
3270,r_3904,-1000.0,1000.0
3271,r_3905,-1000.0,1000.0
3272,r_3906,-1000.0,1000.0
3273,r_3907,-1000.0,1000.0
3274,r_3908,-1000.0,1000.0
3275,r_3909,-1000.0,1000.0
3276,r_3910,-1000.0,1000.0
3277,r_3911,-1000.0,1000.0
3278,r_3912,-1000.0,1000.0
3279,r_3913,-1000.0,1000.0
3280,r_3914,-1000.0,1000.0
3281,r_3915,-1000.0,1000.0
3282,r_3916,-1000.0,1000.0
3283,r_3917,-1000.0,1000.0
3284,r_3918,-1000.0,1000.0
3285,r_3919,-1000.0,1000.0
3286,r_3920,-1000.0,1000.0
3287,r_3921,-1000.0,1000.0
3288,r_3922,-1000.0,1000.0
3289,r_3923,-1000.0,1000.0
3290,r_3924,-1000.0,1000.0
3291,r_3925,-1000.0,1000.0
3292,r_3926,-1000.0,1000.0
3293,r_3927,-1000.0,1000.0
3294,r_3928,-1000.0,1000.0
3295,r_3929,-1000.0,1000.0
3296,r_3930,-1000.0,1000.0
3297,r_3931,-1000.0,1000.0
3298,r_3932,-1000.0,1000.0
3299,r_3933,-1000.0,1000.0
3300,r_3934,-1000.0,1000.0
3301,r_3935,-1000.0,1000.0
3302,r_3936,-1000.0,1000.0
3303,r_3937,-1000.0,1000.0
3304,r_3938,-1000.0,1000.0
3305,r_3939,-1000.0,1000.0
3306,r_3940,0.0,1000.0
3307,r_3941,-1000.0,1000.0
3308,r_3942,-1000.0,1000.0
3309,r_3943,-1000.0,1000.0
3310,r_3944,-1000.0,1000.0
3311,r_3945,-1000.0,1000.0
3312,r_3946,-1000.0,1000.0
3313,r_3947,-1000.0,1000.0
3314,r_3948,-1000.0,1000.0
3315,r_3949,-1000.0,1000.0
3316,r_3950,-1000.0,1000.0
3317,r_3951,-1000.0,1000.0
3318,r_3952,-1000.0,1000.0
3319,r_3953,-1000.0,1000.0
3320,r_3954,-1000.0,1000.0
3321,r_3955,-1000.0,1000.0
3322,r_3956,-1000.0,1000.0
3323,r_3957,-1000.0,1000.0
3324,r_3958,-1000.0,1000.0
3325,r_3959,-1000.0,1000.0
3326,r_3960,-1000.0,1000.0
3327,r_3961,-1000.0,1000.0
3328,r_3962,-1000.0,1000.0
3329,r_3963,0.0,1000.0
3330,r_3964,0.0,1000.0
3331,r_3965,0.0,1000.0
3332,r_3966,0.0,1000.0
3333,r_3967,0.0,1000.0
3334,r_3968,0.0,1000.0
3335,r_3969,0.0,1000.0
3336,r_3970,0.0,1000.0
3337,r_3971,0.0,1000.0
3338,r_3972,0.0,1000.0
3339,r_3973,-1000.0,1000.0
3340,r_3975,0.0,1000.0
3341,r_3976,0.0,1000.0
3342,r_3977,0.0,1000.0
3343,r_3978,0.0,1000.0
3344,r_3979,0.0,1000.0
3345,r_3980,0.0,1000.0
3346,r_3981,0.0,1000.0
3347,r_3982,0.0,1000.0
3348,r_3983,0.0,1000.0
3349,r_3984,0.0,1000.0
3350,r_3985,0.0,1000.0
3351,r_3986,0.0,1000.0
3352,r_3987,-1000.0,1000.0
3353,r_3988,0.0,1000.0
3354,r_3989,0.0,1000.0
3355,r_3990,0.0,1000.0
3356,r_3991,0.0,1000.0
3357,r_3992,0.0,1000.0
3358,r_3993,0.0,1000.0
3359,r_3994,0.0,1000.0
3360,r_3995,0.0,1000.0
3361,r_3996,-1000.0,1000.0
3362,r_3997,0.0,1000.0
3363,r_3998,0.0,1000.0
3364,r_3999,0.0,1000.0
3365,r_4000,0.0,1000.0
3366,r_4001,0.0,1000.0
3367,r_4002,0.0,1000.0
3368,r_4003,0.0,1000.0
3369,r_4004,0.0,1000.0
3370,r_4005,-1000.0,1000.0
3371,r_4006,0.0,1000.0
3372,r_4007,0.0,1000.0
3373,r_4008,0.0,1000.0
3374,r_4009,0.0,1000.0
3375,r_4010,0.0,1000.0
3376,r_4011,0.0,1000.0
3377,r_4012,0.0,1000.0
3378,r_4013,0.0,1000.0
3379,r_4014,0.0,1000.0
3380,r_4015,0.0,1000.0
3381,r_4016,0.0,1000.0
3382,r_4017,0.0,1000.0
3383,r_4018,0.0,1000.0
3384,r_4019,0.0,1000.0
3385,r_4020,0.0,1000.0
3386,r_4021,0.0,1000.0
3387,r_4022,0.0,1000.0
3388,r_4023,0.0,1000.0
3389,r_4024,0.0,1000.0
3390,r_4025,0.0,1000.0
3391,r_4026,0.0,1000.0
3392,r_4027,0.0,1000.0
3393,r_4028,0.0,1000.0
3394,r_4029,0.0,1000.0
3395,r_4030,0.0,1000.0
3396,r_4031,0.0,1000.0
3397,r_4032,0.0,1000.0
3398,r_4033,0.0,1000.0
3399,r_4034,0.0,1000.0
3400,r_4035,0.0,1000.0
3401,r_4036,0.0,1000.0
3402,r_4037,0.0,1000.0
3403,r_4038,-1000.0,1000.0
3404,r_4039,-1000.0,1000.0
3405,r_4040,-1000.0,1000.0
3406,r_4041,0.0,1000.0
3407,r_4042,0.0,1000.0
3408,r_4043,0.0,1000.0
3409,r_4044,0.0,1000.0
3410,r_4045,0.0,1000.0
3411,r_4046,0.7,0.7
3412,r_4047,0.0,1000.0
3413,r_4048,0.0,1000.0
3414,r_4049,0.0,1000.0
3415,r_4050,0.0,1000.0
3416,r_4051,0.0,1000.0
3417,r_4052,0.0,1000.0
3418,r_4053,0.0,1000.0
3419,r_4054,0.0,1000.0
3420,r_4055,0.0,1000.0
3421,r_4056,0.0,1000.0
3422,r_4057,0.0,1000.0
3423,r_4058,0.0,1000.0
3424,r_4059,0.0,1000.0
3425,r_4060,0.0,1000.0
3426,r_4061,0.0,1000.0
3427,r_4062,0.0,0.0
3428,r_4063,0.0,1000.0
3429,r_4064,0.0,0.0
3430,r_4065,0.0,1000.0
3431,r_4066,0.0,1000.0
3432,r_4067,0.0,1000.0
3433,r_4068,0.0,1000.0
3434,r_4069,0.0,1000.0
3435,r_4070,0.0,1000.0
3436,r_4071,0.0,1000.0
3437,r_4072,0.0,1000.0
3438,r_4073,0.0,1000.0
3439,r_4074,0.0,1000.0
3440,r_4075,0.0,1000.0
3441,r_4076,0.0,1000.0
3442,r_4077,0.0,1000.0
3443,r_4078,0.0,1000.0
3444,r_4079,0.0,1000.0
3445,r_4080,0.0,1000.0
3446,r_4081,0.0,1000.0
3447,r_4082,0.0,1000.0
3448,r_4083,0.0,1000.0
3449,r_4084,0.0,1000.0
3450,r_4085,0.0,1000.0
3451,r_4086,0.0,1000.0
3452,r_4087,0.0,1000.0
3453,r_4088,0.0,1000.0
3454,r_4089,0.0,1000.0
3455,r_4090,0.0,1000.0
3456,r_4091,0.0,1000.0
3457,r_4092,0.0,1000.0
3458,r_4093,0.0,1000.0
3459,r_4094,0.0,1000.0
3460,r_4095,0.0,1000.0
3461,r_4096,0.0,1000.0
3462,r_4097,0.0,1000.0
3463,r_4098,0.0,1000.0
3464,r_4099,0.0,1000.0
3465,r_4100,0.0,1000.0
3466,r_4101,0.0,1000.0
3467,r_4102,0.0,1000.0
3468,r_4103,0.0,1000.0
3469,r_4104,0.0,1000.0
3470,r_4105,0.0,1000.0
3471,r_4106,0.0,1000.0
3472,r_4107,0.0,1000.0
3473,r_4108,0.0,1000.0
3474,r_4109,0.0,1000.0
3475,r_4110,0.0,1000.0
3476,r_4111,0.0,1000.0
3477,r_4112,0.0,1000.0
3478,r_4113,0.0,1000.0
3479,r_4114,0.0,1000.0
3480,r_4115,0.0,1000.0
3481,r_4116,0.0,1000.0
3482,r_4117,0.0,1000.0
3483,r_4118,0.0,1000.0
3484,r_4119,0.0,1000.0
3485,r_4120,0.0,1000.0
3486,r_4121,0.0,1000.0
3487,r_4122,0.0,1000.0
3488,r_4123,0.0,1000.0
3489,r_4124,0.0,1000.0
3490,r_4125,0.0,1000.0
3491,r_4126,0.0,1000.0
3492,r_4127,0.0,1000.0
3493,r_4128,0.0,1000.0
3494,r_4129,0.0,1000.0
3495,r_4130,0.0,1000.0
3496,r_4131,0.0,1000.0
3497,r_4132,0.0,1000.0
3498,r_4133,0.0,1000.0
3499,r_4134,0.0,1000.0
3500,r_4135,0.0,1000.0
3501,r_4136,0.0,1000.0
3502,r_4137,0.0,1000.0
3503,r_4138,0.0,1000.0
3504,r_4139,0.0,1000.0
3505,r_4140,0.0,1000.0
3506,r_4141,0.0,1000.0
3507,r_4142,0.0,1000.0
3508,r_4143,0.0,1000.0
3509,r_4144,0.0,1000.0
3510,r_4145,0.0,1000.0
3511,r_4146,0.0,1000.0
3512,r_4147,0.0,1000.0
3513,r_4148,0.0,1000.0
3514,r_4149,0.0,1000.0
3515,r_4150,0.0,1000.0
3516,r_4151,0.0,1000.0
3517,r_4152,-1000.0,1000.0
3518,r_4153,0.0,1000.0
3519,r_4154,-1000.0,1000.0
3520,r_4155,0.0,1000.0
3521,r_4156,-1000.0,1000.0
3522,r_4157,-1000.0,1000.0
3523,r_4158,-1000.0,1000.0
3524,r_4159,-1000.0,1000.0
3525,r_4160,-1000.0,1000.0
3526,r_4161,-1000.0,1000.0
3527,r_4162,-1000.0,1000.0
3528,r_4163,-1000.0,1000.0
3529,r_4164,-1000.0,1000.0
3530,r_4165,-1000.0,1000.0
3531,r_4166,-1000.0,1000.0
3532,r_4167,-1000.0,1000.0
3533,r_4168,-1000.0,1000.0
3534,r_4169,-1000.0,1000.0
3535,r_4170,-1000.0,1000.0
3536,r_4171,0.0,1000.0
3537,r_4172,0.0,1000.0
3538,r_4173,-1000.0,1000.0
3539,r_4174,-1000.0,1000.0
3540,r_4175,-1000.0,1000.0
3541,r_4176,-1000.0,1000.0
3542,r_4177,-1000.0,1000.0
3543,r_4178,-1000.0,1000.0
3544,r_4179,-1000.0,1000.0
3545,r_4180,-1000.0,1000.0
3546,r_4181,-1000.0,1000.0
3547,r_4183,-1000.0,1000.0
3548,r_4184,-1000.0,1000.0
3549,r_4185,0.0,1000.0
3550,r_4186,-1000.0,1000.0
3551,r_4187,0.0,1000.0
3552,r_4188,0.0,1000.0
3553,r_4189,-1000.0,1000.0
3554,r_4190,0.0,1000.0
3555,r_4191,-1000.0,1000.0
3556,r_4192,-1000.0,1000.0
3557,r_4193,-1000.0,1000.0
3558,r_4194,-1000.0,1000.0
3559,r_4195,-1000.0,1000.0
3560,r_4196,-1000.0,1000.0
3561,r_4197,-1000.0,1000.0
3562,r_4198,-1000.0,1000.0
3563,r_4199,-1000.0,1000.0
3564,r_4200,-1000.0,1000.0
3565,r_4201,-1000.0,1000.0
3566,r_4202,-1000.0,1000.0
3567,r_4203,-1000.0,1000.0
3568,r_4204,-1000.0,1000.0
3569,r_4205,0.0,1000.0
3570,r_4206,-1000.0,1000.0
3571,r_4207,-1000.0,1000.0
3572,r_4208,-1000.0,1000.0
3573,r_4209,-1000.0,1000.0
3574,r_4210,-1000.0,1000.0
3575,r_4211,-1000.0,1000.0
3576,r_4212,-1000.0,1000.0
3577,r_4214,-1000.0,1000.0
3578,r_4215,-1000.0,1000.0
3579,r_4216,-1000.0,1000.0
3580,r_4217,-1000.0,1000.0
3581,r_4218,-1000.0,1000.0
3582,r_4219,-1000.0,1000.0
3583,r_4220,-1000.0,1000.0
3584,r_4221,-1000.0,1000.0
3585,r_4222,0.0,1000.0
3586,r_4223,0.0,1000.0
3587,r_4224,0.0,1000.0
3588,r_4225,-1000.0,1000.0
3589,r_4226,-1000.0,1000.0
3590,r_4227,-1000.0,1000.0
3591,r_4228,0.0,1000.0
3592,r_4230,-1000.0,1000.0
3593,r_4231,-1000.0,1000.0
3594,r_4232,-1000.0,1000.0
3595,r_4233,-1000.0,1000.0
3596,r_4234,-1000.0,1000.0
3597,r_4236,-1000.0,1000.0
3598,r_4237,0.0,1000.0
3599,r_4238,0.0,1000.0
3600,r_4239,-1000.0,1000.0
3601,r_4241,-1000.0,1000.0
3602,r_4242,-1000.0,1000.0
3603,r_4243,-1000.0,1000.0
3604,r_4244,-1000.0,1000.0
3605,r_4245,0.0,1000.0
3606,r_4246,0.0,1000.0
3607,r_4247,0.0,1000.0
3608,r_4248,0.0,1000.0
3609,r_4249,-1000.0,1000.0
3610,r_4250,-1000.0,1000.0
3611,r_4251,-1000.0,1000.0
3612,r_4252,-1000.0,1000.0
3613,r_4253,-1000.0,1000.0
3614,r_4254,0.0,1000.0
3615,r_4255,0.0,1000.0
3616,r_4256,0.0,1000.0
3617,r_4258,0.0,1000.0
3618,r_4260,-1000.0,1000.0
3619,r_4261,-1000.0,1000.0
3620,r_4262,-1000.0,1000.0
3621,r_4263,-1000.0,1000.0
3622,r_4264,0.0,1000.0
3623,r_4265,0.0,1000.0
3624,r_4266,0.0,1000.0
3625,r_4267,0.0,1000.0
3626,r_4268,0.0,1000.0
3627,r_4269,-1000.0,1000.0
3628,r_4270,0.0,1000.0
3629,r_4271,-1000.0,1000.0
3630,r_4272,-1000.0,1000.0
3631,r_4273,-1000.0,1000.0
3632,r_4274,0.0,1000.0
3633,r_4275,-1000.0,1000.0
3634,r_4276,-1000.0,1000.0
3635,r_4277,-1000.0,1000.0
3636,r_4278,0.0,1000.0
3637,r_4279,0.0,1000.0
3638,r_4280,-1000.0,1000.0
3639,r_4281,-1000.0,1000.0
3640,r_4282,0.0,1000.0
3641,r_4283,0.0,1000.0
3642,r_4284,0.0,1000.0
3643,r_4285,0.0,1000.0
3644,r_4286,0.0,1000.0
3645,r_4287,0.0,1000.0
3646,r_4288,-1000.0,1000.0
3647,r_4291,-1000.0,1000.0
3648,r_4292,-1000.0,1000.0
3649,r_4293,0.0,1000.0
3650,r_4294,0.0,1000.0
3651,r_4295,-1000.0,1000.0
3652,r_4296,0.0,1000.0
3653,r_4297,-1000.0,1000.0
3654,r_4298,-1000.0,1000.0
3655,r_4299,-1000.0,1000.0
3656,r_4300,-1000.0,1000.0
3657,r_4301,-1000.0,1000.0
3658,r_4302,-1000.0,1000.0
3659,r_4303,-1000.0,1000.0
3660,r_4304,-1000.0,1000.0
3661,r_4305,-1000.0,1000.0
3662,r_4306,-1000.0,1000.0
3663,r_4307,-1000.0,1000.0
3664,r_4308,0.0,1000.0
3665,r_4309,0.0,1000.0
3666,r_4310,-1000.0,1000.0
3667,r_4311,-1000.0,1000.0
3668,r_4312,-1000.0,1000.0
3669,r_4313,-1000.0,1000.0
3670,r_4314,-1000.0,1000.0
3671,r_4315,-1000.0,1000.0
3672,r_4316,-1000.0,1000.0
3673,r_4317,-1000.0,1000.0
3674,r_4318,-1000.0,1000.0
3675,r_4319,-1000.0,1000.0
3676,r_4320,-1000.0,1000.0
3677,r_4321,-1000.0,1000.0
3678,r_4322,-1000.0,1000.0
3679,r_4323,-1000.0,1000.0
3680,r_4324,-1000.0,1000.0
3681,r_4325,0.0,1000.0
3682,r_4326,-1000.0,1000.0
3683,r_4327,-1000.0,1000.0
3684,r_4328,-1000.0,1000.0
3685,r_4329,-1000.0,1000.0
3686,r_4330,-1000.0,1000.0
3687,r_4331,-1000.0,1000.0
3688,r_4332,-1000.0,1000.0
3689,r_4333,-1000.0,1000.0
3690,r_4334,0.0,1000.0
3691,r_4335,0.0,1000.0
3692,r_4336,-1000.0,1000.0
3693,r_4337,-1000.0,1000.0
3694,r_4338,-1000.0,1000.0
3695,r_4339,-1000.0,1000.0
3696,r_4340,-1000.0,1000.0
3697,r_4341,-1000.0,1000.0
3698,r_4342,0.0,1000.0
3699,r_4343,-1000.0,1000.0
3700,r_4344,0.0,1000.0
3701,r_4345,0.0,1000.0
3702,r_4346,-1000.0,1000.0
3703,r_4347,0.0,1000.0
3704,r_4348,-1000.0,1000.0
3705,r_4349,-1000.0,1000.0
3706,r_4350,0.0,1000.0
3707,r_4351,0.0,1000.0
3708,r_4352,-1000.0,1000.0
3709,r_4353,0.0,1000.0
3710,r_4354,0.0,1000.0
3711,r_4355,-1000.0,1000.0
3712,r_4356,-1000.0,1000.0
3713,r_4357,0.0,1000.0
3714,r_4358,-1000.0,1000.0
3715,r_4359,0.0,1000.0
3716,r_4360,-1000.0,1000.0
3717,r_4361,-1000.0,1000.0
3718,r_4362,0.0,1000.0
3719,r_4363,0.0,1000.0
3720,r_4364,-1000.0,1000.0
3721,r_4365,-1000.0,1000.0
3722,r_4366,-1000.0,1000.0
3723,r_4367,-1000.0,1000.0
3724,r_4368,0.0,1000.0
3725,r_4369,-1000.0,1000.0
3726,r_4370,0.0,1000.0
3727,r_4371,-1000.0,1000.0
3728,r_4372,0.0,1000.0
3729,r_4373,-1000.0,1000.0
3730,r_4374,0.0,1000.0
3731,r_4375,-1000.0,1000.0
3732,r_4376,0.0,1000.0
3733,r_4377,-1000.0,1000.0
3734,r_4378,0.0,1000.0
3735,r_4379,-1000.0,1000.0
3736,r_4380,-1000.0,1000.0
3737,r_4381,-1000.0,1000.0
3738,r_4382,-1000.0,1000.0
3739,r_4383,-1000.0,1000.0
3740,r_4384,0.0,1000.0
3741,r_4385,-1000.0,1000.0
3742,r_4386,0.0,1000.0
3743,r_4387,-1000.0,1000.0
3744,r_4388,0.0,1000.0
3745,r_4389,-1000.0,1000.0
3746,r_4390,-1000.0,1000.0
3747,r_4391,0.0,1000.0
3748,r_4392,-1000.0,1000.0
3749,r_4393,0.0,1000.0
3750,r_4394,-1000.0,1000.0
3751,r_4395,-1000.0,1000.0
3752,r_4396,0.0,1000.0
3753,r_4397,-1000.0,1000.0
3754,r_4398,-1000.0,1000.0
3755,r_4399,-1000.0,1000.0
3756,r_4400,0.0,1000.0
3757,r_4401,-1000.0,1000.0
3758,r_4402,-1000.0,1000.0
3759,r_4403,0.0,1000.0
3760,r_4404,-1000.0,1000.0
3761,r_4405,-1000.0,1000.0
3762,r_4406,-1000.0,1000.0
3763,r_4407,-1000.0,1000.0
3764,r_4408,-1000.0,1000.0
3765,r_4409,0.0,1000.0
3766,r_4410,-1000.0,1000.0
3767,r_4411,0.0,1000.0
3768,r_4412,0.0,1000.0
3769,r_4413,0.0,1000.0
3770,r_4414,0.0,1000.0
3771,r_4415,0.0,1000.0
3772,r_4416,0.0,1000.0
3773,r_4417,0.0,1000.0
3774,r_4418,0.0,1000.0
3775,r_4419,-1000.0,1000.0
3776,r_4420,-1000.0,1000.0
3777,r_4421,-1000.0,1000.0
3778,r_4422,-1000.0,1000.0
3779,r_4423,-1000.0,1000.0
3780,r_4424,-1000.0,1000.0
3781,r_4425,-1000.0,1000.0
3782,r_4426,-1000.0,1000.0
3783,r_4427,-1000.0,1000.0
3784,r_4428,-1000.0,1000.0
3785,r_4429,-1000.0,1000.0
3786,r_4430,-1000.0,1000.0
3787,r_4431,-1000.0,1000.0
3788,r_4432,0.0,1000.0
3789,r_4433,-1000.0,1000.0
3790,r_4434,-1000.0,1000.0
3791,r_4435,0.0,1000.0
3792,r_4436,0.0,1000.0
3793,r_4437,-1000.0,1000.0
3794,r_4438,-1000.0,1000.0
3795,r_4439,0.0,1000.0
3796,r_4440,-1000.0,1000.0
3797,r_4441,-1000.0,1000.0
3798,r_4442,0.0,1000.0
3799,r_4443,-1000.0,1000.0
3800,r_4444,-1000.0,1000.0
3801,r_4445,-1000.0,1000.0
3802,r_4446,-1000.0,1000.0
3803,r_4447,-1000.0,1000.0
3804,r_4448,-1000.0,1000.0
3805,r_4449,-1000.0,1000.0
3806,r_4450,-1000.0,1000.0
3807,r_4451,-1000.0,1000.0
3808,r_4452,-1000.0,1000.0
3809,r_4453,-1000.0,1000.0
3810,r_4454,-1000.0,1000.0
3811,r_4455,-1000.0,1000.0
3812,r_4456,-1000.0,1000.0
3813,r_4457,-1000.0,1000.0
3814,r_4458,-1000.0,1000.0
3815,r_4459,-1000.0,1000.0
3816,r_4460,-1000.0,1000.0
3817,r_4461,-1000.0,1000.0
3818,r_4462,-1000.0,1000.0
3819,r_4463,-1000.0,1000.0
3820,r_4464,-1000.0,1000.0
3821,r_4465,-1000.0,1000.0
3822,r_4466,-1000.0,1000.0
3823,r_4467,-1000.0,1000.0
3824,r_4468,-1000.0,1000.0
3825,r_4469,-1000.0,1000.0
3826,r_4470,-1000.0,1000.0
3827,r_4471,-1000.0,1000.0
3828,r_4472,-1000.0,1000.0
3829,r_4473,-1000.0,1000.0
3830,r_4474,-1000.0,1000.0
3831,r_4475,-1000.0,1000.0
3832,r_4476,-1000.0,1000.0
3833,r_4477,-1000.0,1000.0
3834,r_4478,-1000.0,1000.0
3835,r_4479,-1000.0,1000.0
3836,r_4480,-1000.0,1000.0
3837,r_4481,0.0,1000.0
3838,r_4482,-1000.0,1000.0
3839,r_4483,-1000.0,1000.0
3840,r_4484,-1000.0,1000.0
3841,r_4485,0.0,1000.0
3842,r_4486,0.0,1000.0
3843,r_4487,0.0,1000.0
3844,r_4488,0.0,1000.0
3845,r_4489,0.0,1000.0
3846,r_4490,-1000.0,1000.0
3847,r_4491,0.0,1000.0
3848,r_4492,0.0,1000.0
3849,r_4493,-1000.0,1000.0
3850,r_4494,0.0,1000.0
3851,r_4495,0.0,1000.0
3852,r_4496,0.0,1000.0
3853,r_4497,0.0,1000.0
3854,r_4498,0.0,1000.0
3855,r_4499,0.0,1000.0
3856,r_4500,0.0,1000.0
3857,r_4501,0.0,1000.0
3858,r_4502,0.0,1000.0
3859,r_4503,0.0,1000.0
3860,r_4504,0.0,1000.0
3861,r_4505,0.0,1000.0
3862,r_4506,0.0,1000.0
3863,r_4507,0.0,1000.0
3864,r_4508,0.0,1000.0
3865,r_4509,0.0,1000.0
3866,r_4510,0.0,1000.0
3867,r_4511,0.0,1000.0
3868,r_4512,0.0,1000.0
3869,r_4513,0.0,1000.0
3870,r_4514,0.0,1000.0
3871,r_4515,0.0,1000.0
3872,r_4516,0.0,1000.0
3873,r_4517,0.0,1000.0
3874,r_4518,0.0,1000.0
3875,r_4519,0.0,1000.0
3876,r_4520,0.0,1000.0
3877,r_4521,0.0,1000.0
3878,r_4522,0.0,1000.0
3879,r_4523,0.0,1000.0
3880,r_4524,0.0,1000.0
3881,r_4525,0.0,1000.0
3882,r_4526,0.0,1000.0
3883,r_4527,0.0,1000.0
3884,r_4528,0.0,1000.0
3885,r_4529,0.0,1000.0
3886,r_4530,0.0,1000.0
3887,r_4531,0.0,1000.0
3888,r_4532,0.0,1000.0
3889,r_4533,0.0,1000.0
3890,r_4534,0.0,1000.0
3891,r_4535,0.0,1000.0
3892,r_4536,0.0,1000.0
3893,r_4537,0.0,1000.0
3894,r_4538,0.0,1000.0
3895,r_4539,0.0,1000.0
3896,r_4540,0.0,1000.0
3897,r_4541,0.0,1000.0
3898,r_4542,0.0,1000.0
3899,r_4543,0.0,1000.0
3900,r_4544,0.0,1000.0
3901,r_4545,0.0,1000.0
3902,r_4546,0.0,1000.0
3903,r_4547,0.0,1000.0
3904,r_4548,0.0,1000.0
3905,r_4549,0.0,1000.0
3906,r_4550,0.0,1000.0
3907,r_4551,0.0,1000.0
3908,r_4552,0.0,1000.0
3909,r_4553,0.0,1000.0
3910,r_4554,0.0,1000.0
3911,r_4555,0.0,1000.0
3912,r_4556,0.0,1000.0
3913,r_4557,0.0,1000.0
3914,r_4558,0.0,1000.0
3915,r_4559,0.0,1000.0
3916,r_4560,0.0,1000.0
3917,r_4561,0.0,1000.0
3918,r_4562,0.0,1000.0
3919,r_4563,0.0,1000.0
3920,r_4564,0.0,1000.0
3921,r_4565,0.0,1000.0
3922,r_4567,0.0,1000.0
3923,r_4568,0.0,1000.0
3924,r_4569,0.0,1000.0
3925,r_4570,-1000.0,1000.0
3926,r_4571,-1000.0,1000.0
3927,r_4572,-1000.0,1000.0
3928,r_4573,0.0,1000.0
3929,r_4574,0.0,1000.0
3930,r_4575,0.0,1000.0
3931,r_4581,0.0,1000.0
3932,r_4582,0.0,1000.0
3933,r_4583,0.0,1000.0
3934,r_4584,0.0,1000.0
3935,r_4585,0.0,1000.0
3936,r_4586,0.0,1000.0
3937,r_4587,-1000.0,1000.0
3938,r_4588,-1000.0,1000.0
3939,r_4589,-1000.0,1000.0
3940,r_4590,-1000.0,1000.0
3941,r_4591,-1000.0,1000.0
3942,r_4592,-1000.0,1000.0
3943,r_4593,-0.001,0.0
3944,r_4594,-0.001,0.0
3945,r_4595,-0.001,0.0
3946,r_4596,-0.001,0.0
3947,r_4597,-0.001,0.0
3948,r_4598,0.0,1000.0
3949,r_4599,0.0,1000.0
3950,r_4600,-0.001,0.0
3951,r_4601,-1000.0,1000.0
3952,r_4602,-1000.0,1000.0
3953,r_4603,-1000.0,1000.0
3954,r_4604,-1000.0,1000.0
3955,r_4605,-1000.0,1000.0
3956,r_4606,-1000.0,1000.0
3957,r_4607,-1000.0,1000.0
3958,r_4608,0.0,1000.0
3959,r_4609,-1000.0,1000.0
3960,r_4610,-1000.0,1000.0
3961,r_4611,-1000.0,1000.0
3962,r_4612,-1000.0,1000.0
3963,r_4613,-1000.0,1000.0
3964,r_4614,-1000.0,1000.0
3965,r_4615,-1000.0,1000.0
3966,r_4616,-1000.0,1000.0
3967,r_4617,-1000.0,1000.0
3968,r_4618,-1000.0,1000.0
3969,r_4619,-1000.0,1000.0
3970,r_4620,-1000.0,1000.0
3971,r_4621,-1000.0,1000.0
3972,r_4622,-1000.0,1000.0
3973,r_4623,-1000.0,1000.0
3974,r_4624,-1000.0,1000.0
3975,r_4625,-1000.0,1000.0
3976,r_4626,-1000.0,1000.0
3977,r_4627,-1000.0,1000.0
3978,r_4628,-1000.0,1000.0
3979,r_4629,-1000.0,1000.0
3980,r_4630,-1000.0,1000.0
3981,r_4631,-1000.0,1000.0
3982,r_4632,-1000.0,1000.0
3983,r_4633,-1000.0,1000.0
3984,r_4634,-1000.0,1000.0
3985,r_4635,-1000.0,1000.0
3986,r_4636,-1000.0,1000.0
3987,r_4637,0.0,1000.0
3988,r_4638,0.0,1000.0
3989,r_4639,-1000.0,1000.0
3990,r_4640,-1000.0,1000.0
3991,r_4641,-1000.0,1000.0
3992,r_4642,0.0,1000.0
3993,r_4643,0.0,1000.0
3994,r_4644,0.0,1000.0
3995,r_4645,0.0,1000.0
3996,r_4646,0.0,1000.0
3997,r_4647,0.0,1000.0
3998,r_4648,0.0,1000.0
3999,r_4649,0.0,1000.0
4000,r_4650,0.0,1000.0
4001,r_4651,0.0,1000.0
4002,r_4652,0.0,1000.0
4003,r_4653,0.0,1000.0
4004,r_4654,0.0,1000.0
4005,r_4655,-1000.0,1000.0
4006,r_4656,-1000.0,1000.0
4007,r_4657,-1000.0,1000.0
4008,r_4658,0.0,1000.0
4009,r_4659,0.0,1000.0
4010,r_4660,-1000.0,1000.0
4011,r_4661,0.0,1000.0
4012,r_4662,0.0,1000.0
4013,r_4663,0.0,1000.0
4014,r_4664,-1000.0,1000.0
4015,r_4665,-1000.0,1000.0
4016,r_4666,-1000.0,1000.0
4017,r_4667,0.0,1000.0
4018,r_4668,0.0,1000.0
4019,r_4669,0.0,1000.0
4020,r_4670,0.0,1000.0
4021,r_4671,0.0,1000.0
4022,r_4672,0.0,1000.0
4023,r_4673,-1000.0,1000.0
4024,r_4674,-1000.0,1000.0
4025,r_4675,-1000.0,1000.0
4026,r_4676,0.0,1000.0
4027,r_4677,0.0,1000.0
4028,r_4678,-1000.0,1000.0
4029,r_4679,-1000.0,1000.0
4030,r_4680,-1000.0,1000.0
4031,r_4681,-1000.0,1000.0
4032,r_4682,-1000.0,1000.0
4033,r_4683,-1000.0,1000.0
4034,r_4684,-1000.0,1000.0
4035,r_4685,-1000.0,1000.0
4036,r_4686,-1000.0,1000.0
4037,r_4687,0.0,1000.0
4038,r_4688,0.0,1000.0
4039,r_4689,0.0,1000.0
4040,r_4690,0.0,1000.0
4041,r_4691,0.0,1000.0
4042,r_4692,0.0,1000.0
4043,r_4693,0.0,1000.0
4044,r_4694,0.0,1000.0
4045,r_4695,0.0,1000.0
4046,r_4697,-1000.0,1000.0
4047,r_4698,0.0,1000.0
4048,r_4699,0.0,1000.0
4049,r_4700,0.0,1000.0
4050,r_4701,-1000.0,1000.0
4051,r_4702,-1000.0,1000.0
4052,r_4703,0.0,1000.0
4053,r_4704,0.0,1000.0
4054,r_4705,0.0,1000.0
4055,r_4706,-1000.0,1000.0
4056,r_4707,-1000.0,1000.0
4057,r_4708,0.0,1000.0
4058,r_4709,0.0,1000.0
4059,r_4710,0.0,1000.0
4060,r_4711,-1000.0,1000.0
4061,r_4712,-1000.0,1000.0
4062,r_4713,-1000.0,1000.0
4063,r_4714,-1000.0,1000.0
4064,r_4715,-1000.0,1000.0
4065,r_4716,-1000.0,1000.0
4066,r_4717,-1000.0,1000.0
4067,r_4718,-1000.0,1000.0
4068,r_4719,-1000.0,1000.0
4069,r_4720,-1000.0,1000.0
4070,r_4721,-1000.0,1000.0
4071,r_4722,0.0,1000.0
4072,r_4723,-1000.0,1000.0
4073,r_4724,-1000.0,1000.0
4074,r_4725,-1000.0,1000.0
4075,r_4726,-1000.0,1000.0
4076,r_4727,0.0,1000.0
4077,r_4728,-1000.0,1000.0
4078,r_4729,0.0,1000.0
4079,r_4730,-1000.0,1000.0
4080,r_4731,0.0,1000.0
4081,r_4732,-1000.0,1000.0
4082,r_4733,0.0,1000.0
4083,r_4734,-1000.0,1000.0
4084,r_4735,0.0,1000.0
4085,r_4736,-1000.0,1000.0
4086,r_4737,0.0,1000.0
4087,r_4738,-1000.0,1000.0
4088,r_4739,0.0,1000.0
4089,r_4740,-1000.0,1000.0
4090,r_4741,0.0,1000.0
4091,r_4742,-1000.0,1000.0
4092,r_4743,0.0,1000.0
4093,r_4744,-1000.0,1000.0
4094,r_4745,-1000.0,1000.0
4095,r_4746,-1000.0,1000.0
4096,r_4747,0.0,1000.0
4097,r_4748,0.0,1000.0
4098,r_4749,-1000.0,1000.0
4099,r_4750,-1000.0,1000.0
4100,r_4751,0.0,1000.0
4101,r_4752,0.0,1000.0
4102,r_4753,-1000.0,1000.0
4103,r_4754,-1000.0,1000.0
4104,r_4755,0.0,1000.0
4105,r_4756,0.0,1000.0
4106,r_4757,-1000.0,1000.0
4107,r_4758,-1000.0,1000.0
4108,r_4759,0.0,1000.0
4109,r_4760,-1000.0,1000.0
4110,r_4761,0.0,1000.0
4111,r_4762,-1000.0,1000.0
4112,r_4763,-1000.0,1000.0
4113,r_4764,0.0,1000.0
4114,r_4765,0.0,1000.0
4115,r_4766,0.0,1000.0
4116,r_4767,0.0,1000.0
4117,r_4768,0.0,1000.0
4118,r_4769,0.0,1000.0
4119,r_4770,0.0,1000.0
4120,r_4771,0.0,1000.0
4121,r_4772,0.0,1000.0
4122,r_4773,0.0,1000.0
4123,r_4774,0.0,1000.0
4124,r_4775,0.0,1000.0
4125,r_4776,0.0,1000.0
4126,r_4777,-1000.0,1000.0
4127,r_4778,-1000.0,1000.0
4128,r_4779,-1000.0,1000.0
4129,r_4780,0.0,1000.0
4130,r_4781,0.0,1000.0
4131,r_4782,0.0,1000.0
