index_1based,reaction_id,reaction_name,lower_bound,upper_bound,subsystem,is_exchange,gene_reaction_rule,reaction_string
1,r_0001,(R)-lactate:ferricytochrome-c 2-oxidoreductase,0.0,1000.0,Pyruvate metabolism,False,(YDL174C and YEL039C) or (YDL174C and YJR048W) or (YEL039C and YEL071W) or (YEL071W and YJR048W),s_0025 + 2.0 s_0709 --> 2.0 s_0710 + s_1399
2,r_0002,(R)-lactate:ferricytochrome-c 2-oxidoreductase,0.0,1000.0,Pyruvate metabolism,False,(YDL178W and YEL039C) or (YDL178W and YJR048W),s_0027 + 2.0 s_0709 --> 2.0 s_0710 + s_1401
3,r_0003,"(R,R)-butanediol dehydrogenase",-1000.0,1000.0,Butanoate metabolism,False,YAL060W,s_0035 + s_1198 <=> s_0020 + s_0794 + s_1203
4,r_0004,(S)-lactate:ferricytochrome-c 2-oxidoreductase,0.0,1000.0,Pyruvate metabolism,False,(YEL039C and YML054C) or (YJR048W and YML054C),s_0063 + 2.0 s_0709 --> 2.0 s_0710 + s_1399
5,r_0005,"1,3-beta-glucan synthase",0.0,1000.0,Starch and sucrose metabolism,False,(YPR165W and YLR342W) or (YPR165W and YGR032W) or (YPR165W and YMR306W),s_1543 --> s_0001 + s_0794 + s_1538
6,r_0006,"1,6-beta-glucan synthase",0.0,1000.0,Starch and sucrose metabolism,False,YGR143W or YPR159W,s_1543 --> s_0004 + s_0794 + s_1538
7,r_0007,1-(5-phosphoribosyl)-5-[(5-phosphoribosylamino)methylideneamino)imidazole-4-carboxamide isomerase,0.0,1000.0,Histidine metabolism,False,YIL020C,s_0077 --> s_0312
8,r_0012,1-pyrroline-5-carboxylate dehydrogenase,0.0,1000.0,"Alanine, aspartate and glutamate metabolism",False,YHR037W,s_0119 + 2.0 s_0807 + s_1200 --> s_0799 + s_0993 + s_1205
9,r_0013,"2,3-diketo-5-methylthio-1-phosphopentane degradation reaction",0.0,1000.0,Cysteine and methionine metabolism,False,YEL038W and YMR009W,s_0311 + 3.0 s_0803 --> s_0294 + s_0722 + 6.0 s_0794 + s_1322
10,r_0014,"2,5-diamino-6-ribitylamino-4(3H)-pyrimidinone 5'-phosphate deaminase",0.0,1000.0,Riboflavin metabolism,False,YOL066C,s_0142 + s_0794 + s_0803 --> s_0313 + s_0419
11,r_0015,"2,5-diamino-6-ribosylamino-4(3H)-pyrimidinone 5'-phosphate reductase (NADPH)",0.0,1000.0,Riboflavin metabolism,False,YBR153W,s_0141 + s_0794 + s_1212 --> s_0142 + s_1207
12,r_0016,2-aceto-2-hydroxybutanoate synthase,0.0,1000.0,"Valine, leucine and isoleucine metabolism",False,(YCL009C and YMR108W) or YMR108W,s_0179 + s_0799 + s_1401 --> s_0039 + s_0460
13,r_0017,2-amino-4-hydroxy-6-hydroxymethyldihydropteridine diphosphokinase,0.0,1000.0,Folate biosynthesis,False,YNL256W,s_0148 + s_0437 --> s_0006 + s_0424 + s_0799
14,r_0018,2-aminoadipate transaminase,-1000.0,1000.0,Lysine metabolism,False,YER152C or YGL202W or YJL060W,s_0176 + s_0991 <=> s_0180 + s_0953
15,r_0019,2-dehydropantoate 2-reductase,0.0,1000.0,Pantothenate and coa biosynthesis,False,YHR063C,s_0149 + s_0794 + s_1212 --> s_0030 + s_1207
16,r_0020,2-deoxy-D-arabino-heptulosonate 7-phosphate synthetase,0.0,1000.0,"Phenylalanine, tyrosine and tryptophan biosynthesis",False,YDR035W or YBR249C,s_0552 + s_0807 + s_1361 --> s_0350 + s_1326
17,r_0021,"2-hexaprenyl-6-methoxy-1,4-benzoquinone methyltransferase",0.0,1000.0,Ubiquinone and other terpenoid-quinone biosynthesis,False,YDR204W and YGR255C and YLR201C and YML110C and YOL096C and YOR125C,s_0155 + s_1419 --> s_0156 + s_0799 + s_1415
18,r_0022,2-hexaprenyl-6-methoxyphenol monooxygenase,0.0,1000.0,Ubiquinone and other terpenoid-quinone biosynthesis,False,YDR204W and YGR255C and YLR201C and YML110C and YOL096C and YOR125C,s_0157 + s_1278 --> s_0155 + s_0807
19,r_0023,2-isopropylmalate hydratase,-1000.0,1000.0,"Valine, leucine and isoleucine metabolism",False,YGL009C,s_0165 + s_0803 <=> s_0162
20,r_0024,2-isopropylmalate synthase,0.0,1000.0,"Valine, leucine and isoleucine metabolism",False,YNL104C or YOR108W,s_0232 + s_0373 + s_0803 --> s_0162 + s_0529 + s_0794
21,r_0025,2-isopropylmalate synthase,0.0,1000.0,"Valine, leucine and isoleucine metabolism",False,YNL104C,s_0233 + s_0376 + s_0807 --> s_0164 + s_0532 + s_0799
22,r_0026,2-keto-4-methylthiobutyrate transamination,0.0,1000.0,Cysteine and methionine metabolism,False,YHR208W or YJR148W or YGL202W or YHR137W,s_0294 + s_0991 --> s_0180 + s_1029
23,r_0027,2-methylcitrate dehydratase,-1000.0,1000.0,Lysine metabolism,False,YDR234W,s_0834 <=> s_0454 + s_0807
24,r_0028,2-methylcitrate synthase,0.0,1000.0,Propanoate metabolism,False,YPR001W,s_0807 + s_1273 + s_1382 --> s_0174 + s_0532 + s_0799
25,r_0029,2-oxo-4-methyl-3-carboxypentanoate decarboxylation,0.0,1000.0,"Valine, leucine and isoleucine metabolism",False,,s_0010 + s_0794 --> s_0291 + s_0456
26,r_0030,2-oxo-4-methyl-3-carboxypentanoate decarboxylation,0.0,1000.0,"Valine, leucine and isoleucine metabolism",False,,s_0011 + s_0799 --> s_0292 + s_0460
27,r_0032,"3',5'-bisphosphate nucleotidase",0.0,1000.0,Sulfur metabolism,False,YOL064C,s_0390 + s_0803 --> s_0423 + s_1322
28,r_0033,"3',5'-cyclic-nucleotide phosphodiesterase",0.0,1000.0,Purine metabolism,False,YGL248W or YOR360C,s_0192 + s_0803 --> s_0423 + s_0794
29,r_0034,"3',5'-cyclic-nucleotide phosphodiesterase",0.0,1000.0,Purine metabolism,False,YOR360C,s_0194 + s_0803 --> s_0584 + s_0794
30,r_0035,"3',5'-cyclic-nucleotide phosphodiesterase",0.0,1000.0,Purine metabolism,False,YOR360C,s_0196 + s_0803 --> s_0794 + s_0849
31,r_0036,"3',5'-cyclic-nucleotide phosphodiesterase",0.0,1000.0,Purine metabolism,False,YOR360C,s_0195 + s_0803 --> s_0782 + s_0794
32,r_0037,"3',5'-cyclic-nucleotide phosphodiesterase",0.0,1000.0,Purine metabolism,False,YOR360C,s_0193 + s_0803 --> s_0526 + s_0794
33,r_0038,"3,4-dihydroxy-2-butanone-4-phosphate synthase",0.0,1000.0,Riboflavin metabolism,False,YDR487C,s_0577 --> s_0158 + s_0722 + s_0794
34,r_0039,3-dehydroquinate dehydratase,0.0,1000.0,"Phenylalanine, tyrosine and tryptophan biosynthesis",False,YDR127W,s_0210 --> s_0211 + s_0803
35,r_0040,3-dehydroquinate synthase,0.0,1000.0,"Phenylalanine, tyrosine and tryptophan biosynthesis",False,YDR127W,s_0349 --> s_0210 + s_1322
36,r_0041,3-dehydrosphinganine reductase,0.0,1000.0,Sphingolipid metabolism,False,YBR265W,s_0231 + s_0795 + s_1213 --> s_1208 + s_1445
37,r_0042,3-deoxy-D-arabino-heptulosonate 7-phosphate synthetase,0.0,1000.0,"Phenylalanine, tyrosine and tryptophan biosynthesis",False,YBR249C or YDR035W,s_0551 + s_0803 + s_1360 --> s_0349 + s_1322
38,r_0043,"3-hexaprenyl-4,5-dihydroxybenzoate hydroxylase",0.0,1000.0,Ubiquinone and other terpenoid-quinone biosynthesis,False,YPL252C or YDR376W,s_0215 + 0.5 s_1275 --> s_0212
39,r_0044,3-hexaprenyl-4-hydroxy-5-methoxybenzoate decarboxylase,0.0,1000.0,Ubiquinone and other terpenoid-quinone biosynthesis,False,YDR538W and YDR539W,s_0214 + s_0799 --> s_0157 + s_0460
40,r_0045,3-hydroxy-L-kynurenine hydrolase,0.0,1000.0,Tryptophan metabolism,False,YLR231C,s_0222 + s_0803 --> s_0224 + s_0794 + s_0955
41,r_0057,3-hydroxyacyl-CoA dehydrogenase (3-oxotetradecanoyl-CoA),0.0,1000.0,Fatty acid degradation,False,YKR009C,s_0054 + s_1202 --> s_0257 + s_0801 + s_1206
42,r_0058,"3-hydroxyanthranilate 3,4-dioxygenase",0.0,1000.0,Tryptophan metabolism,False,YJR025C,s_0224 + s_1275 --> s_0147
43,r_0059,3-isopropylmalate 3-methyltransferase,0.0,1000.0,Complex alcohol metabolism,False,YER175C,s_0009 + s_1416 --> s_0217 + s_1413
44,r_0060,3-isopropylmalate dehydratase,-1000.0,1000.0,"Valine, leucine and isoleucine metabolism",False,YGL009C,s_0009 <=> s_0165 + s_0803
45,r_0061,3-isopropylmalate dehydrogenase,0.0,1000.0,"Valine, leucine and isoleucine metabolism",False,YCL018W,s_0009 + s_1198 --> s_0010 + s_0794 + s_1203
46,r_0062,3-methyl-2-oxobutanoate decarboxylase,0.0,1000.0,Complex alcohol metabolism,False,YGR087C or YLR044C or YLR134W,s_0232 + s_0794 --> s_0456 + s_0937
47,r_0063,3-methyl-2-oxobutanoate hydroxymethyltransferase,0.0,1000.0,Pantothenate and coa biosynthesis,False,YBR176W,s_0233 + s_0307 + s_0807 --> s_0150 + s_1488
48,r_0064,3-methyl-2-oxopentanoate decarboxylase,0.0,1000.0,Complex alcohol metabolism,False,YDL080C or YGR087C or YLR044C or YLR134W,s_0056 + s_0794 --> s_0166 + s_0456
49,r_0065,3-phosphoshikimate 1-carboxyvinyltransferase,0.0,1000.0,"Phenylalanine, tyrosine and tryptophan biosynthesis",False,YDR127W,s_0261 + s_1360 --> s_0324 + s_1322
50,r_0066,4-amino-4-deoxychorismate synthase,0.0,1000.0,Folate biosynthesis,False,YNR033W,s_0515 + s_0999 --> s_0269 + s_0991
51,r_0067,4-aminobenzoate synthase,0.0,1000.0,Folate biosynthesis,False,YMR289W,s_0269 --> s_0271 + s_0794 + s_1399
52,r_0068,4-aminobutyrate transaminase,0.0,1000.0,"Alanine, aspartate and glutamate metabolism",False,YGR019W,s_0180 + s_0734 --> s_0991 + s_1461
53,r_0069,4-hydroxy-L-threonine synthase,0.0,1000.0,Vitamin b6 metabolism,False,YCR053W,s_0264 + s_0803 --> s_0285 + s_1322
54,r_0070,4-hydroxybenzoate formation,0.0,1000.0,Ubiquinone and other terpenoid-quinone biosynthesis,False,,s_0290 + s_0807 --> s_0287 + s_0532 + s_0799
55,r_0072,4-methyl-2-oxopentanoate decarboxylase,0.0,1000.0,Complex alcohol metabolism,False,YDL080C,s_0291 + s_0794 --> s_0234 + s_0456
56,r_0073,4PP-IP5 depyrophosphorylation to IP6,0.0,1000.0,Inositol phosphate metabolism,False,YLR410W or YOR163W,s_0279 + s_0803 --> s_0794 + s_1158 + s_1322
57,r_0074,"4PP-IP5 pyrophosphorylation to 4,5-PP2-IP4",0.0,1000.0,Phosphatidylinositol signaling system,False,YDR017C,s_0279 + s_0434 + s_0794 --> s_0263 + s_0394
58,r_0075,5'-methylthioadenosine phosphorylase,0.0,1000.0,Cysteine and methionine metabolism,False,YLR017W,s_0303 + s_1322 --> s_0383 + s_1422
59,r_0076,5'-nucleotidase (CMP),0.0,1000.0,Nicotinate and nicotinamide metabolism,False,YER037W or YGL224C,s_0526 + s_0803 --> s_0543 + s_1322
60,r_0077,5'-nucleotidase (IMP),0.0,1000.0,Purine metabolism,False,YOR155C,s_0803 + s_0849 --> s_0856 + s_1322
61,r_0078,5'-nucleotidase (UMP),0.0,1000.0,Nicotinate and nicotinamide metabolism,False,YER037W or YGL224C,s_0803 + s_1545 --> s_1322 + s_1556
62,r_0079,5'-phosphoribosylformyl glycinamidine synthetase,0.0,1000.0,Purine metabolism,False,YGR061C,s_0301 + s_0434 + s_0803 + s_0999 --> s_0302 + s_0394 + s_0794 + s_0991 + s_1322
63,r_0080,"5,10-methylenetetrahydrofolate reductase (NADPH)",0.0,1000.0,One carbon pool by folate,False,(YGL125W and YPL023C) or YGL125W,s_0306 + s_0794 + s_1212 --> s_0322 + s_1207
64,r_0081,5-aminolevulinate synthase,0.0,1000.0,Porphyrin and chlorophyll metabolism,False,YDR232W,s_0799 + s_1005 + s_1464 --> s_0317 + s_0460 + s_0532
65,r_0082,"5-diphosphoinositol-1,2,3,4,6-pentakisphosphate diphosphohydrolase",0.0,1000.0,Inositol phosphate metabolism,False,YOR163W,s_0318 + s_0803 --> s_0794 + s_1158 + s_1322
66,r_0083,"5-diphosphoinositol-1,2,3,4,6-pentakisphosphate synthase",0.0,1000.0,Phosphatidylinositol signaling system,False,YDR017C,s_0434 + s_1158 --> s_0318 + s_0394
67,r_0084,5-formethyltetrahydrofolate cyclo-ligase,0.0,1000.0,One carbon pool by folate,False,YER183C,s_0319 + s_0434 --> s_0304 + s_0394 + s_1322
68,r_0085,5-methyltetrahydropteroyltriglutamate-homocysteine S-methyltransferase,0.0,1000.0,Cysteine and methionine metabolism,False,YER091C,s_0323 + s_1012 --> s_1029 + s_1486
69,r_0086,5-methylthio-5-deoxy-D-ribulose 1-phosphate dehydratase,0.0,1000.0,Cysteine and methionine metabolism,False,YJR024C,s_1423 --> s_0311 + s_0803
70,r_0087,5-methylthioribose-1-phosphate isomerase,-1000.0,1000.0,Cysteine and methionine metabolism,False,YPR118W,s_1422 <=> s_1423
71,r_0088,"5PP-IP5 pyrophosphorylation to 4,5-PP2-IP4",-1000.0,1000.0,Inositol phosphate metabolism,False,YLR410W,s_0318 + 2.0 s_0794 + s_1322 <=> s_0263 + s_0803
72,r_0089,"5PP-IP5 pyrophosphorylation to 5,6-PP2-IP4",-1000.0,1000.0,Inositol phosphate metabolism,False,YLR410W,s_0318 + 2.0 s_0794 + s_1322 <=> s_0309 + s_0803
73,r_0090,6-phosphofructo-2-kinase,0.0,1000.0,Fructose and mannose metabolism,False,YIL107C or YOL136C,s_0434 + s_0557 --> s_0394 + s_0442 + s_0794
74,r_0091,6-phosphogluconolactonase,0.0,1000.0,Pentose phosphate pathway,False,YGR248W or YHR163W,s_0335 + s_0803 --> s_0340 + s_0794
75,r_0092,6PP-IP5 depyrophosphorylation to IP6,0.0,1000.0,Inositol phosphate metabolism,False,YLR410W or YOR163W,s_0333 + s_0803 --> s_0794 + s_1158 + s_1322
76,r_0093,"6PP-IP5 pyrophosphorylation to 5,6-PP2-IP4",0.0,1000.0,Phosphatidylinositol signaling system,False,YDR017C,s_0333 + s_0434 + s_0794 --> s_0309 + s_0394
77,r_0094,8-amino-7-oxononanoate synthase,0.0,1000.0,Biotin metabolism,False,,s_0794 + s_0955 + s_1368 --> s_0352 + s_0456 + s_0529
78,r_0095,acetaldehyde condensation,0.0,1000.0,Butanoate metabolism,False,YGR087C or YLR044C or YLR134W,2.0 s_0359 --> s_0020
79,r_0096,acetohydroxy acid isomeroreductase,0.0,1000.0,"Valine, leucine and isoleucine metabolism",False,YLR355C,s_0146 + s_0799 + s_1214 --> s_0016 + s_1210
80,r_0097,acetolactate synthase,0.0,1000.0,"Valine, leucine and isoleucine metabolism",False,(YCL009C and YMR108W) or YMR108W,s_0799 + 2.0 s_1401 --> s_0146 + s_0460
81,r_0099,acetyl-CoA ACP transacylase,-1000.0,1000.0,Fatty acid biosynthesis,False,YKL192C,s_0376 + s_1845 <=> s_0372 + s_0532
82,r_0100,acetyl-CoA C-acyltransferase (palmitoyl-CoA),0.0,1000.0,Fatty acid degradation,False,YIL160C,s_0250 + s_0534 --> s_0378 + s_1305
83,r_0101,acetyl-CoA C-acyltransferase (tetracosanoyl-CoA),0.0,1000.0,Fatty acid degradation,False,YIL160C,s_0243 + s_0534 --> s_0378 + s_1482
84,r_0102,acetyl-CoA C-acyltransferase (myristoyl-CoA),0.0,1000.0,Fatty acid degradation,False,YIL160C,s_0253 + s_0534 --> s_0378 + s_1179
85,r_0103,acetyl-CoA C-acetyltransferase,-1000.0,1000.0,Fatty acid degradation,False,YPL028W,2.0 s_0373 <=> s_0367 + s_0529
86,r_0104,acetyl-CoA C-acetyltransferase,-1000.0,1000.0,Fatty acid degradation,False,YPL028W,2.0 s_0376 <=> s_0370 + s_0532
87,r_0105,acetyl-CoA C-acyltransferase (lauroyl-CoA),0.0,1000.0,Fatty acid degradation,False,YIL160C,s_0257 + s_0534 --> s_0378 + s_1076
88,r_0106,acetyl-CoA C-acyltransferase (octanoyl-CoA),0.0,1000.0,Fatty acid degradation,False,YIL160C,s_0239 + s_0534 --> s_0378 + s_1258
89,r_0107,acetyl-CoA C-acyltransferase (decanoyl-CoA),0.0,1000.0,Fatty acid degradation,False,YIL160C,s_0247 + s_0534 --> s_0378 + s_0605
90,r_0108,acetyl-Coa carboxylase,0.0,1000.0,Fatty acid biosynthesis,False,YMR207C,s_0376 + s_0437 + s_0447 --> s_0397 + s_0799 + s_1104 + s_1326
91,r_0109,"acetyl-CoA carboxylase, reaction",0.0,1000.0,Fatty acid biosynthesis,False,YDL141W and YNR016C,s_0373 + s_0434 + s_0445 --> s_0394 + s_0794 + s_1101 + s_1322
92,r_0111,acetyl-CoA hydrolase,0.0,1000.0,Pyruvate metabolism,False,YBL015W,s_0376 + s_0807 --> s_0365 + s_0532 + s_0799
93,r_0112,acetyl-CoA synthetase,0.0,1000.0,Pyruvate metabolism,False,YAL054C or YLR153C,s_0362 + s_0434 + s_0529 --> s_0373 + s_0423 + s_0633
94,r_0113,acetyl-CoA synthetase,0.0,1000.0,Pyruvate metabolism,False,YAL054C,s_0365 + s_0437 + s_0532 --> s_0376 + s_0424 + s_0636
95,r_0114,acetyl-CoA synthetase nuclear,0.0,1000.0,Pyruvate metabolism,False,YLR153C,s_0366 + s_0438 + s_0533 --> s_0377 + s_0425 + s_0637
96,r_0115,acetylglutamate kinase,0.0,1000.0,Arginine biosynthesis,False,YER069W,s_0437 + s_1192 --> s_0397 + s_1191
97,r_0116,acid phosphatase (secreted),0.0,1000.0,Riboflavin metabolism,False,YBR093C or YAR071W or YBR092C or YHR215W,s_0715 + s_0805 --> s_1324 + s_1406
98,r_0117,aconitase,-1000.0,1000.0,Propanoate metabolism,False,YPR002W,s_0174 <=> s_0012
99,r_0118,acteylornithine transaminase,0.0,1000.0,Arginine biosynthesis,False,YOL140W,s_0145 + s_0993 --> s_0182 + s_1182
100,r_0119,acyl carrier protein synthase,0.0,1000.0,Pantothenate and coa biosynthesis,False,YPL148C,s_0532 + s_0807 --> s_0392 + 2.0 s_0799 + s_1308
101,r_0120,acyl-CoA oxidase (decanoyl-CoA),0.0,1000.0,Fatty acid degradation,False,YGL205W,s_0605 + s_1279 --> s_0840 + s_1507
102,r_0121,acyl-CoA oxidase (dodecanoyl-CoA),0.0,1000.0,Fatty acid degradation,False,YGL205W,s_1076 + s_1279 --> s_0840 + s_1510
103,r_0122,acyl-CoA oxidase (hexacosanoyl-CoA),0.0,1000.0,Fatty acid degradation,False,YGL205W,s_0819 + s_1279 --> s_0840 + s_1513
104,r_0123,acyl-CoA oxidase (hexadecanoyl-CoA),0.0,1000.0,Fatty acid degradation,False,YGL205W,s_1279 + s_1305 --> s_0823 + s_0840
105,r_0124,acyl-CoA oxidase (octadecanoyl-CoA),0.0,1000.0,Fatty acid degradation,False,YGL205W,s_1279 + s_1457 --> s_0840 + s_1516
106,r_0125,acyl-CoA oxidase (tetradecanoyl-CoA),0.0,1000.0,Fatty acid degradation,False,YGL205W,s_1179 + s_1279 --> s_0840 + s_1519
107,r_0126,"acyl-CoA:sterol acyltransferase (oleoyl-CoA:episterol), ER membrane",-1000.0,1000.0,Steroid biosynthesis,False,YCR048W,s_2821 + s_3432 <=> s_2785 + s_3433
108,r_0127,"acyl-CoA:sterol acyltransferase (oleoyl-CoA:ergosterol), ER membrane",0.0,1000.0,Steroid biosynthesis,False,YCR048W or YNR019W,s_2821 + s_3441 --> s_2785 + s_3442
109,r_0128,"acyl-CoA:sterol acyltransferase (oleoyl-CoA:fecosterol), ER membrane",-1000.0,1000.0,Steroid biosynthesis,False,YCR048W,s_2821 + s_3435 <=> s_2785 + s_3436
110,r_0129,"acyl-CoA:sterol acyltransferase (oleoyl-CoA:lanosterol), ER membrane",0.0,1000.0,Steroid biosynthesis,False,YCR048W,s_2821 + s_3438 --> s_2785 + s_3439
111,r_0130,"acyl-CoA:sterol acyltransferase (oleoyl-CoA:zymosterol), ER membrane",-1000.0,1000.0,Steroid biosynthesis,False,YCR048W,s_2821 + s_3444 <=> s_2785 + s_3445
112,r_0131,"acyl-CoA:sterol acyltransferase (palmitoleoyl-CoA:episterol), ER membrane",-1000.0,1000.0,Steroid biosynthesis,False,YCR048W,s_2819 + s_3432 <=> s_2785 + s_3434
113,r_0132,"acyl-CoA:sterol acyltransferase (palmitoleoyl-CoA:ergosterol), ER membrane",-1000.0,1000.0,Steroid biosynthesis,False,YCR048W or YNR019W,s_2819 + s_3441 <=> s_2785 + s_3443
114,r_0133,"acyl-CoA:sterol acyltransferase (palmitoleoyl-CoA:fecosterol), ER membrane",-1000.0,1000.0,Steroid biosynthesis,False,YCR048W,s_2819 + s_3435 <=> s_2785 + s_3437
115,r_0134,"acyl-CoA:sterol acyltransferase (palmitoleoyl-CoA:lanosterol), ER membrane",-1000.0,1000.0,Steroid biosynthesis,False,YCR048W,s_2819 + s_3438 <=> s_2785 + s_3440
116,r_0135,"acyl-CoA:sterol acyltransferase (palmitoleoyl-CoA:zymosterol), ER membrane",-1000.0,1000.0,Steroid biosynthesis,False,YCR048W,s_2819 + s_3444 <=> s_2785 + s_3446
117,r_0137,"acylation of GPI inositol at 2 position, GPI-anchor assembly, step 3",-1000.0,1000.0,Glycosylphosphatidylinositol (gpi)-anchor biosynthesis,False,YJL091C,s_0329 + s_1303 <=> s_0330 + s_0530
118,r_0138,adenine deaminase,0.0,1000.0,Purine metabolism,False,YNL141W,s_0383 + s_0794 + s_0803 --> s_0419 + s_0843
119,r_0139,adenine phosphoribosyltransferase,0.0,1000.0,Purine metabolism,False,YDR441C or YML022W,s_0383 + s_1386 --> s_0423 + s_0633
120,r_0140,adenosine deaminase,0.0,1000.0,Purine metabolism,False,YNL141W,s_0386 + s_0794 + s_0803 --> s_0419 + s_0856
121,r_0142,adenosine kinase,0.0,1000.0,Purine metabolism,False,YJR105W,s_0386 + s_0434 --> s_0394 + s_0423 + s_0794
122,r_0143,adenosine monophosphate deaminase,0.0,1000.0,Purine metabolism,False,YML035C,s_0423 + s_0794 + s_0803 --> s_0419 + s_0849
123,r_0144,adenosylhomocysteinase,0.0,1000.0,Cysteine and methionine metabolism,False,YER043C,s_0803 + s_1413 --> s_0386 + s_1012
124,r_0145,adenosylmethionine decarboxylase,0.0,1000.0,Arginine and proline metabolism,False,YOL052C,s_0794 + s_1416 --> s_0456 + s_1420
125,r_0146,adenosylmethionine-8-amino-7-oxononanoate transaminase,-1000.0,1000.0,Biotin metabolism,False,YNR058W,s_0352 + s_1416 <=> s_0341 + s_1412
126,r_0147,adenylate cyclase,0.0,1000.0,Purine metabolism,False,YJL005W,s_0434 --> s_0192 + s_0633
127,r_0148,adenylate kinase,0.0,1000.0,Purine metabolism,False,YDL166C or YDR226W,s_0423 + s_0434 --> 2.0 s_0394
128,r_0149,adenylate kinase,0.0,1000.0,Purine metabolism,False,YER170W,s_0424 + s_0437 --> 2.0 s_0397
129,r_0150,adenylate kinase (GTP),-1000.0,1000.0,Purine metabolism,False,YER170W,s_0424 + s_0786 <=> s_0397 + s_0741
130,r_0151,adenylosuccinate lyase (AICAR),0.0,1000.0,Purine metabolism,False,YLR359W,s_0299 --> s_0403 + s_0725
131,r_0152,adenylosuccinate lyase,-1000.0,1000.0,Purine metabolism,False,YLR359W,s_0393 <=> s_0423 + s_0725
132,r_0153,adenylosuccinate synthase,0.0,1000.0,Purine metabolism,False,YNL220W,s_0785 + s_0849 + s_0973 --> s_0393 + s_0739 + 2.0 s_0794 + s_1322
133,r_0154,adenylyl-sulfate kinase,0.0,1000.0,Sulfur metabolism,False,YKL001C,s_0298 + s_0434 --> s_0201 + s_0394 + s_0794
134,r_0155,"ADP-ribose 2,3-cyclic phosphodiesterase",0.0,1000.0,Cyclic nucleotide metabolism,False,YGR247W,s_0131 + s_0803 --> s_0389 + s_0794
135,r_0156,alanine glyoxylate aminotransferase,0.0,1000.0,"Alanine, aspartate and glutamate metabolism",False,YFL030W,s_0779 + s_0955 --> s_1003 + s_1399
136,r_0157,alanyl-tRNA synthetase,0.0,1000.0,tRNA metabolism,False,YOR335C,s_0434 + s_0955 + s_1582 --> s_0404 + s_0423 + s_0633
137,r_0158,alcohol acetyltransferase (2-methylbutanol),0.0,1000.0,Complex alcohol metabolism,False,YGR177C or YOR377W,s_0169 + s_0373 --> s_0172 + s_0529
138,r_0159,alcohol acetyltransferase (ethanol),0.0,1000.0,Complex alcohol metabolism,False,YGR177C or YOR377W,s_0373 + s_0680 --> s_0529 + s_0685
139,r_0160,alcohol acetyltransferase (isoamyl alcohol),0.0,1000.0,Complex alcohol metabolism,False,YGR177C or YOR377W,s_0373 + s_0929 --> s_0529 + s_0927
140,r_0161,alcohol acetyltransferase (isobutyl alcohol),0.0,1000.0,Complex alcohol metabolism,False,YGR177C or YOR377W,s_0373 + s_0932 --> s_0529 + s_0935
141,r_0162,alcohol acetyltransferase (phenylethanol alcohol),0.0,1000.0,Complex alcohol metabolism,False,YGR177C or YOR377W,s_0185 + s_0373 --> s_0529 + s_1316
142,r_0163,alcohol dehydrogenase (ethanol to acetaldehyde),0.0,1000.0,Glycolysis / gluconeogenesis,False,YMR303C,s_0680 + s_1198 --> s_0359 + s_0794 + s_1203
143,r_0164,"alcohol dehydrogenase (glycerol, NADP)",0.0,1000.0,Glycerolipid metabolism,False,YDR368W or YHR104W,s_0570 + s_0794 + s_1212 --> s_0765 + s_1207
144,r_0165,mitochondrial alcohol dehydrogenase,0.0,1000.0,Glycolysis / gluconeogenesis,False,YGL256W or YMR083W,s_0361 + s_0799 + s_1205 --> s_0682 + s_1200
145,r_0166,"aldehyde dehydrogenase (2-methylbutanol, NAD)",0.0,1000.0,Complex alcohol metabolism,False,YBR145W or YDL168W or YOL086C,s_0166 + s_0794 + s_1203 --> s_0169 + s_1198
146,r_0167,"aldehyde dehydrogenase (2-methylbutanol, NAD)",0.0,1000.0,Complex alcohol metabolism,False,YGL256W or YMR083W,s_0168 + s_0799 + s_1205 --> s_0171 + s_1200
147,r_0168,"aldehyde dehydrogenase (2-methylbutanol, NADP)",0.0,1000.0,Complex alcohol metabolism,False,YCR105W or YDR368W or YMR318C,s_0166 + s_0794 + s_1212 --> s_0169 + s_1207
148,r_0169,"aldehyde dehydrogenase (2-phenylethanol, NAD)",0.0,1000.0,Phenylalanine metabolism,False,YBR145W or YDL168W or YOL086C,s_0794 + s_1203 + s_1318 --> s_0185 + s_1198
149,r_0170,"aldehyde dehydrogenase (2-phenylethanol, NAD)",0.0,1000.0,Phenylalanine metabolism,False,YGL256W or YMR083W,s_0799 + s_1205 + s_1320 --> s_0187 + s_1200
150,r_0171,"aldehyde dehydrogenase (2-phenylethanol, NADP)",0.0,1000.0,Phenylalanine metabolism,False,YCR105W or YMR318C,s_0794 + s_1212 + s_1318 --> s_0185 + s_1207
151,r_0172,"aldehyde dehydrogenase (3-aminopropanal, NAD)",0.0,1000.0,Beta-alanine metabolism,False,YMR170C or YMR169C,s_0208 + s_0803 + s_1198 --> s_0441 + 2.0 s_0794 + s_1203
152,r_0173,"aldehyde dehydrogenase (acetaldehyde, NADP)",0.0,1000.0,Glycolysis / gluconeogenesis,False,YPL061W,s_0359 + s_0803 + s_1207 --> s_0362 + 2.0 s_0794 + s_1212
153,r_0174,"aldehyde dehydrogenase (acetylaldehyde, NAD)",0.0,1000.0,Glycolysis / gluconeogenesis,False,YOR374W,s_0361 + s_0807 + s_1200 --> s_0365 + 2.0 s_0799 + s_1205
154,r_0175,"aldehyde dehydrogenase (acetylaldehyde, NADP)",0.0,1000.0,Pyruvate metabolism,False,YER073W or YOR374W,s_0361 + s_0807 + s_1210 --> s_0365 + 2.0 s_0799 + s_1214
155,r_0176,"aldehyde dehydrogenase (indole-3-acetaldehyde, NAD)",0.0,1000.0,Tryptophan metabolism,False,YOR374W,s_0807 + s_0852 + s_1200 --> 2.0 s_0799 + s_0854 + s_1205
156,r_0177,"aldehyde dehydrogenase (indole-3-acetaldehyde, NADP)",0.0,1000.0,Tryptophan metabolism,False,YPL061W,s_0803 + s_0850 + s_1207 --> 2.0 s_0794 + s_0853 + s_1212
157,r_0178,"aldehyde dehydrogenase (indole-3-acetaldehyde, NADP)",0.0,1000.0,Tryptophan metabolism,False,YER073W or YOR374W,s_0807 + s_0852 + s_1210 --> 2.0 s_0799 + s_0854 + s_1214
158,r_0179,"aldehyde dehydrogenase (isoamyl alcohol, NAD)",0.0,1000.0,Complex alcohol metabolism,False,YBR145W or YDL168W or YOL086C,s_0234 + s_0794 + s_1203 --> s_0929 + s_1198
159,r_0180,"aldehyde dehydrogenase (isoamyl alcohol, NAD)",0.0,1000.0,Complex alcohol metabolism,False,YGL256W or YMR083W,s_0236 + s_0799 + s_1205 --> s_0931 + s_1200
160,r_0181,"aldehyde dehydrogenase (isoamyl alcohol, NADP)",0.0,1000.0,Complex alcohol metabolism,False,YCR105W or YMR318C,s_0234 + s_0794 + s_1212 --> s_0929 + s_1207
161,r_0182,"aldehyde dehydrogenase (isobutyl alcohol, NAD)",0.0,1000.0,Complex alcohol metabolism,False,YBR145W or YDL168W or YOL086C,s_0794 + s_0937 + s_1203 --> s_0932 + s_1198
162,r_0183,"aldehyde dehydrogenase (isobutyl alcohol, NAD)",0.0,1000.0,Complex alcohol metabolism,False,YGL256W or YMR083W,s_0799 + s_0939 + s_1205 --> s_0934 + s_1200
163,r_0184,"aldehyde dehydrogenase (isobutyl alcohol, NADP)",0.0,1000.0,Complex alcohol metabolism,False,YCR105W or YMR318C,s_0794 + s_0937 + s_1212 --> s_0932 + s_1207
164,r_0185,"aldehyde dehydrogenase (phenylacetaldehyde, NAD)",0.0,1000.0,Phenylalanine metabolism,False,YMR169C or YMR170C,s_0803 + s_1198 + s_1318 --> 2.0 s_0794 + s_1203 + s_1321
165,r_0186,"aldehyde dehydrogenase (tryptophol, NAD)",0.0,1000.0,Tyrosine metabolism,False,YBR145W or YDL168W or YOL086C,s_0794 + s_0850 + s_1203 --> s_1198 + s_1529
166,r_0187,"aldehyde dehydrogenase (tryptophol, NAD)",0.0,1000.0,Tyrosine metabolism,False,YGL256W or YMR083W,s_0799 + s_0852 + s_1205 --> s_1200 + s_1531
167,r_0188,alkaline phosphatase (dihydroneopterin),0.0,1000.0,Folate biosynthesis,False,YDR481C,s_0346 + 3.0 s_0803 --> s_0343 + 2.0 s_0794 + 3.0 s_1322
168,r_0189,allantoate amidinohydrolase,-1000.0,1000.0,Purine metabolism,False,YIR029W,s_0405 + s_0803 <=> s_1552 + s_1555
169,r_0190,"allantoinase, reaction",-1000.0,1000.0,Purine metabolism,False,YIR027C,s_0407 + s_0803 <=> s_0405 + s_0794
170,r_0191,allophanate hydrolase,0.0,1000.0,Arginine biosynthesis,False,YBR208C,3.0 s_0794 + s_0803 + s_1554 --> 2.0 s_0419 + 2.0 s_0456
171,r_0192,"alpha 1,2-mannosyltransferase",0.0,1000.0,N-glycan biosynthesis,False,YBR199W or YBR205W or YDR483W or YJL139C or YKR061W or YNL029C or YOR099W or YPL053C,s_0444 + s_0744 + s_0797 --> s_0414 + s_0740
172,r_0193,"alpha,alpha-trehalase",0.0,1000.0,Starch and sucrose metabolism,False,YPR026W or YBR001C,s_0810 + s_1522 --> 2.0 s_0566
173,r_0194,"alpha,alpha-trehalase",0.0,1000.0,Starch and sucrose metabolism,False,YDR001C,s_0803 + s_1520 --> 2.0 s_0563
174,r_0195,"alpha,alpha-trehalose-phosphate synthase (UDP-forming)",0.0,1000.0,Starch and sucrose metabolism,False,(YBR126C and YDR074W and YML100W) or (YBR126C and YDR074W and YMR261C),s_0568 + s_1543 --> s_0409 + s_0794 + s_1538
175,r_0198,alpha-glucosidase,0.0,1000.0,Starch and sucrose metabolism,False,YBR299W or YGR287C or YGR292W or YIL172C or YJL216C or YJL221C,s_0803 + s_1105 --> 2.0 s_0563
176,r_0199,amidase,0.0,1000.0,Arginine and proline metabolism,False,YDR242W or YMR293C,s_0280 + s_0803 --> s_0281 + s_0419
177,r_0200,Aminoacetone:oxygen oxidoreductase(deaminating)(flavin-containing),0.0,1000.0,"Glycine, serine and threonine metabolism",False,,s_0418 + s_0803 + s_1275 --> s_0419 + s_0837 + s_1151
178,r_0201,Aminobutyraldehyde dehydrogenase,0.0,1000.0,Arginine and proline metabolism,False,YOR374W,s_0275 + s_0807 + s_1200 --> s_0738 + 2.0 s_0799 + s_1205
179,r_0202,anthranilate phosphoribosyltransferase,0.0,1000.0,"Phenylalanine, tyrosine and tryptophan biosynthesis",False,YDR354W,s_0427 + s_1386 --> s_0633 + s_1187
180,r_0203,anthranilate synthase,0.0,1000.0,"Phenylalanine, tyrosine and tryptophan biosynthesis",False,YER090W and YKL211C,s_0515 + s_0999 --> s_0427 + s_0794 + s_0991 + s_1399
181,r_0204,Ap4A hydrolase,-1000.0,1000.0,Purine metabolism,False,YDR305C,s_0803 + s_1282 <=> 2.0 s_0394 + 2.0 s_0794
182,r_0205,arabinose reductase,0.0,1000.0,Pentose and glucuronate interconversions,False,YHR104W,s_0794 + s_0963 + s_1212 --> s_0961 + s_1207
183,r_0206,arginase,0.0,1000.0,Arginine biosynthesis,False,YPL111W,s_0803 + s_0965 --> s_1266 + s_1552
184,r_0207,argininosuccinate lyase,-1000.0,1000.0,Arginine biosynthesis,False,YHR018C,s_0015 <=> s_0725 + s_0965
185,r_0208,argininosuccinate synthase,-1000.0,1000.0,Arginine biosynthesis,False,YOL058W,s_0434 + s_0973 + s_0979 <=> s_0015 + s_0423 + s_0633 + s_0794
186,r_0209,arginyl-tRNA synthetase,0.0,1000.0,tRNA metabolism,False,YDR341C,s_0434 + s_0965 + s_1583 --> s_0423 + s_0428 + s_0633
187,r_0210,arginyl-tRNA synthetase,0.0,1000.0,tRNA metabolism,False,YHR091C,s_0437 + s_0967 + s_1584 --> s_0424 + s_0429 + s_0636
188,r_0211,asparagine synthase (glutamine-hydrolysing),0.0,1000.0,"Alanine, aspartate and glutamate metabolism",False,YGR124W or YPR145W,s_0434 + s_0803 + s_0973 + s_0999 --> s_0423 + s_0633 + s_0794 + s_0969 + s_0991
189,r_0212,Asparaginyl-tRNA synthetase,0.0,1000.0,tRNA metabolism,False,YHR019C,s_0434 + s_0969 + s_1585 --> s_0423 + s_0430 + s_0633
190,r_0213,"asparaginyl-tRNA synthetase, miotchondrial",0.0,1000.0,tRNA metabolism,False,YCR024C,s_0437 + s_0971 + s_1586 --> s_0424 + s_0431 + s_0636
191,r_0214,aspartate carbamoyltransferase,0.0,1000.0,Pyrimidine metabolism,False,YJL130C,s_0455 + s_0973 --> s_0794 + s_1194 + s_1322
192,r_0215,aspartate kinase,0.0,1000.0,"Glycine, serine and threonine metabolism",False,YER052C,s_0434 + s_0973 --> s_0295 + s_0394
193,r_0216,aspartate transaminase,-1000.0,1000.0,"Alanine, aspartate and glutamate metabolism",False,YLR027C,s_0180 + s_0973 <=> s_0991 + s_1271
194,r_0217,aspartate transaminase,0.0,0.0,"Alanine, aspartate and glutamate metabolism",False,YKL106W,s_0993 + s_1273 --> s_0182 + s_0975
195,r_0218,aspartate transaminase,-1000.0,1000.0,"Alanine, aspartate and glutamate metabolism",False,YLR027C,s_0184 + s_0976 <=> s_0995 + s_1274
196,r_0219,aspartate-semialdehyde dehydrogenase,0.0,1000.0,"Glycine, serine and threonine metabolism",False,YDR158W,s_0295 + s_0794 + s_1212 --> s_0978 + s_1207 + s_1322
197,r_0220,Aspartyl-tRNA synthetase,0.0,1000.0,tRNA metabolism,False,YLL018C,s_0434 + s_0973 + s_1587 --> s_0423 + s_0432 + s_0633
198,r_0221,Aspartyl-tRNA synthetase,0.0,1000.0,tRNA metabolism,False,YPL104W,s_0437 + s_0975 + s_1588 --> s_0424 + s_0433 + s_0636
199,r_0222,ATP adenylyltransferase,0.0,1000.0,Purine metabolism,False,YDR530C,s_0394 + s_0434 + s_0794 --> s_1282 + s_1322
200,r_0223,ATP adenylyltransferase,0.0,1000.0,Purine metabolism,False,YCL050C,s_0394 + s_0785 + s_0794 --> s_1284 + s_1322
201,r_0224,ATP adenylyltransferase,0.0,1000.0,Purine metabolism,False,YCL050C,s_0739 + s_0785 + s_0794 --> s_1283 + s_1322
202,r_0225,ATP phosphoribosyltransferase,0.0,1000.0,Histidine metabolism,False,YER055C,s_0434 + s_1386 --> s_0326 + s_0633
203,r_0226,ATP synthase,0.0,1000.0,Oxidative phosphorylation,False,Q0080 and Q0085 and Q0130 and YBL099W and YBR039W and YDL004W and YDR298C and YDR377W and YJR121W and YKL016C and YLR295C and YML081C-A and YPL078C and YPL271W and YDR322C-A and YPR020W and YOL077W-A,s_0397 + 3.0 s_0794 + s_1326 --> s_0437 + 2.0 s_0799 + s_0807
204,r_0227,"ATPase, cytosolic",0.0,1000.0,"Transport [c, e]",False,(YCR024C-A and YEL017C-A and YGL008C) or (YCR024C-A and YEL017C-A and YPL036W) or YER005W,s_0434 + s_0803 --> s_0394 + s_0796 + s_1322
205,r_0228,"beta-1,4 mannosyltransferase",0.0,1000.0,N-glycan biosynthesis,False,YBR110W,s_0743 + s_1184 --> s_0443 + s_0739 + s_0794
206,r_0229,biotin synthase,-1000.0,1000.0,Biotin metabolism,False,YGR286C,s_0612 + s_1371 <=> s_0451 + 2.0 s_0794
207,r_0230,biotin-[acetyl-CoA-carboxylase] ligase,0.0,1000.0,Biotin metabolism,False,YDL141W,s_0434 + s_0451 + s_0794 --> s_0453 + s_0633
208,r_0231,C-14 sterol reductase,0.0,1000.0,Steroid biosynthesis,False,YNL280C,s_0262 + s_0794 + s_1212 --> s_0122 + s_1207
209,r_0233,C-22 sterol desaturase (NADP),0.0,1000.0,Steroid biosynthesis,False,YMR015C,s_0664 + s_0794 + s_1212 + s_1275 --> s_0662 + 2.0 s_0803 + s_1207
210,r_0234,C-3 sterol dehydrogenase,0.0,1000.0,Steroid biosynthesis,False,YGL001C,s_1207 + s_1578 --> s_0456 + s_1212 + s_1579
211,r_0235,C-3 sterol dehydrogenase (4-methylzymosterol),0.0,1000.0,Steroid biosynthesis,False,YGL001C,s_0297 + s_1198 --> s_0209 + s_0456 + s_1203
212,r_0236,C-3 sterol keto reductase (4-methylzymosterol),0.0,1000.0,Steroid biosynthesis,False,YLR100W,s_0209 + s_0794 + s_1212 --> s_0296 + s_1207
213,r_0237,C-3 sterol keto reductase (zymosterol),0.0,1000.0,Steroid biosynthesis,False,YLR100W,s_0794 + s_1212 + s_1579 --> s_1207 + s_1569
214,r_0238,C-4 methyl sterol oxidase,0.0,1000.0,Steroid biosynthesis,False,YGR060W,s_0296 + s_0794 + s_1212 + s_1275 --> s_0803 + s_1207 + s_1576
215,r_0239,C-4 methyl sterol oxidase,0.0,1000.0,Steroid biosynthesis,False,YGR060W,s_0794 + s_1212 + s_1275 + s_1576 --> 2.0 s_0803 + s_1207 + s_1577
216,r_0240,C-4 methyl sterol oxidase,0.0,1000.0,Steroid biosynthesis,False,YGR060W,s_1212 + s_1275 + s_1577 --> s_0803 + s_1207 + s_1578
217,r_0241,"C-4 sterol methyl oxidase (4,4-dimethylzymosterol)",0.0,1000.0,Steroid biosynthesis,False,YGR060W,s_0122 + 5.0 s_0794 + 3.0 s_1275 + 6.0 s_4209 --> s_0297 + 4.0 s_0803 + 6.0 s_4210
218,r_0242,C-5 sterol desaturase,0.0,1000.0,Steroid biosynthesis,False,YLR056W,s_0657 + s_0794 + s_1212 + s_1275 --> s_0664 + 2.0 s_0803 + s_1207
219,r_0243,C-8 sterol isomerase,0.0,1000.0,Steroid biosynthesis,False,YMR202W,s_0700 --> s_0657
220,r_0244,C-s24 sterol reductase,0.0,1000.0,Steroid biosynthesis,False,YGL012W,s_0663 + s_0795 + s_1213 --> s_0667 + s_1208
221,r_0249,CAAX farnesyltransferase,0.0,1000.0,Terpenoid backbone biosynthesis,False,YDL090C and YKL019W,s_0286 + s_1231 --> s_0633 + s_1230
222,r_0250,carbamoyl-phosphate synthase (glutamine-hydrolysing),0.0,1000.0,Pyrimidine metabolism,False,YJL130C or (YJR109C and YOR303W),2.0 s_0434 + s_0445 + s_0803 + s_0999 --> 2.0 s_0394 + s_0455 + 2.0 s_0794 + s_0991 + s_1322
223,r_0252,carnitine O-acetyltransferase,0.0,1000.0,Carnitine metabolism,False,YAR035W or YER024W,s_0021 + s_0373 --> s_0529 + s_1235
224,r_0253,carnitine O-acetyltransferase,0.0,1000.0,Carnitine metabolism,False,YML042W,s_0024 + s_0378 --> s_0534 + s_1237
225,r_0254,carnitine O-acetyltransferase,0.0,1000.0,Carnitine metabolism,False,YML042W,s_0532 + s_1236 --> s_0023 + s_0376
226,r_0255,catalase,0.0,1000.0,Glyoxylate and dicarboxylate metabolism,False,YGR088W,2.0 s_0837 --> 2.0 s_0803 + s_1275
227,r_0256,catalase,0.0,1000.0,Glyoxylate and dicarboxylate metabolism,False,YDR256C,2.0 s_0840 --> 2.0 s_0809 + s_1279
228,r_0259,ceramide-1 hydroxylase (24C),0.0,1000.0,Sphingolipid metabolism,False,YDR297W,s_0475 + s_0795 + s_1213 + s_1276 --> s_0481 + s_0804 + s_1208
229,r_0260,ceramide-1 hydroxylase (24C),0.0,1000.0,Sphingolipid metabolism,False,YMR272C,s_0475 + s_0795 + s_1213 + s_1276 --> s_0487 + s_0804 + s_1208
230,r_0261,ceramide-1 hydroxylase (26C),0.0,1000.0,Sphingolipid metabolism,False,YDR297W,s_0478 + s_0795 + s_1213 + s_1276 --> s_0484 + s_0804 + s_1208
231,r_0262,ceramide-1 hydroxylase (26C),0.0,1000.0,Sphingolipid metabolism,False,YMR272C,s_0478 + s_0795 + s_1213 + s_1276 --> s_0490 + s_0804 + s_1208
232,r_0263,ceramide-1 synthase (24C),0.0,1000.0,Sphingolipid metabolism,False,YKL008C and YHL003C and YMR298W,s_1445 + s_1480 --> s_0475 + s_0530 + s_0795
233,r_0264,ceramide-1 synthase (26C),0.0,1000.0,Sphingolipid metabolism,False,YKL008C and YHL003C and YMR298W,s_0817 + s_1445 --> s_0478 + s_0530 + s_0795
234,r_0265,ceramide-2 synthase (24C),0.0,1000.0,Sphingolipid metabolism,False,YKL008C and YHL003C and YMR298W,s_1366 + s_1480 --> s_0481 + s_0530 + s_0795
235,r_0266,ceramide-2 synthase (26C),0.0,1000.0,Sphingolipid metabolism,False,YKL008C and YHL003C and YMR298W,s_0817 + s_1366 --> s_0484 + s_0530 + s_0795
236,r_0267,ceramide-3 synthase (24C),0.0,1000.0,Sphingolipid metabolism,False,YMR272C,s_0481 + s_0795 + s_1213 + s_1276 --> s_0493 + s_0804 + s_1208
237,r_0268,ceramide-3 synthase (26C),0.0,1000.0,Sphingolipid metabolism,False,YMR272C,s_0484 + s_0795 + s_1213 + s_1276 --> s_0496 + s_0804 + s_1208
238,r_0269,ceramide-4 synthase (24C),0.0,1000.0,Sphingolipid metabolism,False,YMR272C,s_0493 + s_0795 + s_1213 + s_1276 --> s_0499 + s_0804 + s_1208
239,r_0270,ceramide-4 synthase (26C),0.0,1000.0,Sphingolipid metabolism,False,YMR272C,s_0496 + s_0795 + s_1213 + s_1276 --> s_0502 + s_0804 + s_1208
240,r_0271,chitin deacetylase,0.0,1000.0,Amino sugar and nucleotide sugar metabolism,False,YLR307W or YLR308W,s_0509 + s_0803 --> s_0362 + s_0510 + s_0794
241,r_0272,chitin synthase,0.0,1000.0,Amino sugar and nucleotide sugar metabolism,False,YBR023C or YBR038W or YNL192W,s_1544 --> s_0509 + s_0794 + s_1538
242,r_0273,choline kinase,0.0,1000.0,Glycerophospholipid metabolism,False,YLR133W,s_0434 + s_0512 --> s_0394 + s_0514 + s_0794
243,r_0274,choline phosphate cytididyltransferase,0.0,1000.0,Glycerophospholipid metabolism,False,YGR202C,s_0514 + s_0539 + s_0794 --> s_0469 + s_0633
244,r_0278,chorismate mutase,0.0,1000.0,"Phenylalanine, tyrosine and tryptophan biosynthesis",False,YPR060C,s_0515 --> s_1377
245,r_0279,chorismate synthase,0.0,1000.0,"Phenylalanine, tyrosine and tryptophan biosynthesis",False,YGL148W,s_0324 --> s_0515 + s_1322
246,r_0280,cis-aconitate(3-) to isocitrate,-1000.0,1000.0,Citrate cycle (TCA cycle),False,YLR304C,s_0517 + s_0807 <=> s_0941
247,r_0281,cis-prenyltransferase step 01,0.0,1000.0,Terpenoid backbone biosynthesis,False,YBR002C or YMR101C,s_0692 + s_0944 --> s_0635 + s_0746
248,r_0282,cis-prenyltransferase step 02,0.0,1000.0,Terpenoid backbone biosynthesis,False,YBR002C or YMR101C,s_0746 + s_0944 --> s_0635 + s_1312
249,r_0283,cis-prenyltransferase step 03,0.0,1000.0,Terpenoid backbone biosynthesis,False,YBR002C or YMR101C,s_0944 + s_1312 --> s_0635 + s_0830
250,r_0284,cis-prenyltransferase step 04,0.0,1000.0,Terpenoid backbone biosynthesis,False,YBR002C or YMR101C,s_0830 + s_0944 --> s_0635 + s_0815
251,r_0285,cis-prenyltransferase step 05,0.0,1000.0,Terpenoid backbone biosynthesis,False,YBR002C or YMR101C,s_0815 + s_0944 --> s_0635 + s_1259
252,r_0286,cis-prenyltransferase step 06,0.0,1000.0,Terpenoid backbone biosynthesis,False,YBR002C or YMR101C,s_0944 + s_1259 --> s_0635 + s_1232
253,r_0287,cis-prenyltransferase step 07,0.0,1000.0,Terpenoid backbone biosynthesis,False,YBR002C or YMR101C,s_0944 + s_1232 --> s_0606 + s_0635
254,r_0288,cis-prenyltransferase step 08,0.0,1000.0,Terpenoid backbone biosynthesis,False,YBR002C or YMR101C,s_0606 + s_0944 --> s_0635 + s_1549
255,r_0289,cis-prenyltransferase step 09,0.0,1000.0,Terpenoid backbone biosynthesis,False,YBR002C or YMR101C,s_0944 + s_1549 --> s_0635 + s_0641
256,r_0290,cis-prenyltransferase step 10,0.0,1000.0,Terpenoid backbone biosynthesis,False,YBR002C or YMR101C,s_0641 + s_0944 --> s_0635 + s_1523
257,r_0291,cis-prenyltransferase step 11,0.0,1000.0,Terpenoid backbone biosynthesis,False,YBR002C or YMR101C,s_0944 + s_1523 --> s_0635 + s_1483
258,r_0292,cis-prenyltransferase step 12,0.0,1000.0,Terpenoid backbone biosynthesis,False,YBR002C or YMR101C,s_0944 + s_1483 --> s_0635 + s_1310
259,r_0293,cis-prenyltransferase step 13,0.0,1000.0,Terpenoid backbone biosynthesis,False,YBR002C or YMR101C,s_0944 + s_1310 --> s_0635 + s_0829
260,r_0294,cis-prenyltransferase step 14,-1000.0,1000.0,Terpenoid backbone biosynthesis,False,YBR002C or YMR101C,s_0829 + s_0944 <=> s_0635 + s_0814
261,r_0295,cis-prenyltransferase step 15,-1000.0,1000.0,Terpenoid backbone biosynthesis,False,YBR002C or YMR101C,s_0814 + s_0944 <=> s_0635 + s_1246
262,r_0296,cis-prenyltransferase step 16,0.0,1000.0,Terpenoid backbone biosynthesis,False,YBR002C or YMR101C,s_0944 + s_1246 --> s_0635 + s_1229
263,r_0297,cis-prenyltransferase step 17,0.0,1000.0,Terpenoid backbone biosynthesis,False,YBR002C or YMR101C,s_0944 + s_1229 --> s_0635 + s_0845
264,r_0298,cis-prenyltransferase step 18,0.0,1000.0,Terpenoid backbone biosynthesis,False,YBR002C or YMR101C,s_0845 + s_0944 --> s_0635 + s_0813
265,r_0299,cis-prenyltransferase step 19,0.0,1000.0,Terpenoid backbone biosynthesis,False,YBR002C or YMR101C,s_0813 + s_0944 --> s_0635 + s_0640
266,r_0300,citrate synthase,0.0,1000.0,Citrate cycle (TCA cycle),False,YNR001C or YPR001W,s_0376 + s_0807 + s_1273 --> s_0524 + s_0532 + s_0799
267,r_0301,"citrate synthase, peroxisomal",0.0,1000.0,Citrate cycle (TCA cycle),False,YCR005C,s_0378 + s_0809 + s_1274 --> s_0525 + s_0534 + s_0801
268,r_0302,citrate to cis-aconitate(3-),-1000.0,1000.0,Citrate cycle (TCA cycle),False,YLR304C,s_0524 <=> s_0517 + s_0807
269,r_0303,"citrate to cis-aconitate(3-), cytoplasmic",-1000.0,1000.0,Citrate cycle (TCA cycle),False,YLR304C,s_0522 <=> s_0516 + s_0803
270,r_0304,coproporphyrinogen oxidase (O2 required),0.0,1000.0,Porphyrin and chlorophyll metabolism,False,YDR044W,s_0538 + 2.0 s_0794 + s_1275 --> 2.0 s_0456 + 2.0 s_0803 + s_1384
271,r_0306,CTP synthase (glutamine),0.0,1000.0,Pyrimidine metabolism,False,YBL039C or YJR103W,s_0434 + s_0803 + s_0999 + s_1559 --> s_0394 + s_0539 + 2.0 s_0794 + s_0991 + s_1322
272,r_0307,CTP synthase (NH3),0.0,1000.0,Pyrimidine metabolism,False,YBL039C or YJR103W,s_0419 + s_0434 + s_1559 --> s_0394 + s_0539 + 2.0 s_0794 + s_1322
273,r_0308,cystathionine b-lyase,0.0,1000.0,Cysteine and methionine metabolism,False,YFR055W or YGL184C,s_0803 + s_0980 --> s_0419 + s_1012 + s_1399
274,r_0309,cystathionine beta-synthase,0.0,1000.0,"Glycine, serine and threonine metabolism",False,YGR155W,s_1012 + s_1039 --> s_0803 + s_0980
275,r_0310,cystathionine g-lyase,0.0,1000.0,Cysteine and methionine metabolism,False,YAL012W,s_0803 + s_0980 --> s_0178 + s_0419 + s_0981
276,r_0311,cystathionine gamma-synthase,0.0,1000.0,Cysteine and methionine metabolism,False,YJR130C,s_0981 + s_1233 --> s_0362 + s_0794 + s_0980
277,r_0312,cysteine synthase,0.0,0.0,Cysteine and methionine metabolism,False,YLR303W,s_0841 + s_1234 --> s_0362 + s_0981
278,r_0313,cysteinyl-tRNA synthetase,0.0,1000.0,tRNA metabolism,False,YNL247W,s_0434 + s_0981 + s_1589 --> s_0423 + s_0542 + s_0633
279,r_0314,cytidine deaminase,0.0,1000.0,Pyrimidine metabolism,False,YLR245C,s_0543 + s_0794 + s_0803 --> s_0419 + s_1556
280,r_0315,cytidine kinase (GTP),0.0,1000.0,Pyrimidine metabolism,False,YNR012W,s_0543 + s_0785 --> s_0526 + s_0739 + s_0794
281,r_0317,cytochrome P450 lanosterol 14-alpha-demethylase (NADP),0.0,1000.0,Steroid biosynthesis,False,YHR007C and YHR042W,2.0 s_0794 + s_1059 + 3.0 s_1212 + 3.0 s_1275 --> s_0262 + s_0722 + 4.0 s_0803 + 3.0 s_1207
282,r_0318,cytosine deaminase,0.0,1000.0,Pyrimidine metabolism,False,YPR062W,s_0545 + s_0794 + s_0803 --> s_0419 + s_1550
283,r_0319,"D-arabinono-1,4-lactone oxidase",0.0,1000.0,Alternate carbon metabolism,False,YML086C,s_0547 + s_1275 --> s_0607 + s_0794 + s_0837
284,r_0320,D-arabinose 1-dehydrogenase (NAD),0.0,1000.0,Alternate carbon metabolism,False,YMR041C,s_0548 + s_1198 --> s_0547 + s_0794 + s_1203
285,r_0321,D-arabinose 1-dehydrogenase (NADP),0.0,1000.0,Alternate carbon metabolism,False,YBR149W,s_0548 + s_1207 --> s_0547 + s_0794 + s_1212
286,r_0322,D-fructose 1-phosphate D-glyceraldehyde-3-phosphate-lyase,-1000.0,1000.0,Glycolysis / gluconeogenesis,False,YKL060C,s_0556 <=> s_0570 + s_0629
287,r_0323,D-sorbitol dehydrogenase (D-fructose producing),0.0,1000.0,Fructose and mannose metabolism,False,YDL246C or YJR159W,s_0561 + s_1198 --> s_0553 + s_0794 + s_1203
288,r_0326,dCMP deaminase,-1000.0,1000.0,Pyrimidine metabolism,False,YHR144C,s_0589 + s_0794 + s_0803 <=> s_0419 + s_0654
289,r_0327,dCTP deaminase,0.0,1000.0,Pyrimidine metabolism,False,YHR144C,s_0590 + s_0794 + s_0803 --> s_0419 + s_0656
290,r_0328,deoxyadenosine deaminase,0.0,1000.0,Purine metabolism,False,YNL141W,s_0132 + s_0794 + s_0803 --> s_0136 + s_0419
291,r_0329,deoxycytidine deaminase,0.0,1000.0,Pyrimidine metabolism,False,YLR245C,s_0610 + s_0794 + s_0803 --> s_0138 + s_0419
292,r_0330,deoxyguanylate kinase (dGMP:ATP),-1000.0,1000.0,Purine metabolism,False,YDR454C,s_0434 + s_0615 <=> s_0394 + s_0613
293,r_0331,"deoxyhypusine synthase, cytosolic/mitochondrial",0.0,1000.0,Arginine and proline metabolism,False,YHR068W,s_0803 + s_1439 + s_1537 --> s_0274 + s_1526 + s_1535
294,r_0332,deoxyribokinase,0.0,1000.0,Pentose phosphate pathway,False,YCR036W,s_0152 + s_0434 --> s_0153 + s_0394 + s_0794
295,r_0334,dephospho-CoA kinase,0.0,1000.0,Pantothenate and coa biosynthesis,False,YDR196C,s_0200 + s_0437 --> s_0397 + s_0532 + s_0799
296,r_0335,dethiobiotin synthase,-1000.0,1000.0,Biotin metabolism,False,YNR057C,s_0341 + s_0434 + s_0456 <=> s_0394 + s_0612 + 3.0 s_0794 + s_1322
297,r_0340,dihydroceramidase,-1000.0,1000.0,Sphingolipid metabolism,False,YPL087W,s_1085 + s_1445 <=> s_0475 + s_0804
298,r_0341,dihydroceramidase,-1000.0,1000.0,Sphingolipid metabolism,False,YPL087W,s_0507 + s_1445 <=> s_0478 + s_0804
299,r_0342,dihydroceramidase,0.0,1000.0,Sphingolipid metabolism,False,YPL087W,s_0481 + s_0804 --> s_1085 + s_1366
300,r_0343,dihydroceramidase,0.0,1000.0,Sphingolipid metabolism,False,YPL087W,s_0484 + s_0804 --> s_0507 + s_1366
301,r_0344,dihydrofolate reductase,0.0,1000.0,Folate biosynthesis,False,YOR236W,s_0625 + s_0794 + s_1212 --> s_1207 + s_1487
302,r_0345,dihydrofolate reductase,0.0,1000.0,Folate biosynthesis,False,YOR236W,s_0626 + s_0799 + s_1214 --> s_1210 + s_1488
303,r_0346,dihydrofolate synthase,0.0,1000.0,Folate biosynthesis,False,YMR113W,s_0347 + s_0434 + s_0991 --> s_0394 + s_0625 + s_0794 + s_1322
304,r_0347,dihydroneopterin aldolase,0.0,1000.0,Folate biosynthesis,False,YNL256W,s_0344 --> s_0148 + s_0777
305,r_0348,dihydroneopterin monophosphate dephosphorylase,0.0,1000.0,Folate biosynthesis,False,YDL100C,s_0345 + s_0803 --> s_0343 + s_1322
306,r_0349,dihydroorotase,-1000.0,1000.0,Pyrimidine metabolism,False,YLR420W,s_0061 + s_0803 <=> s_0794 + s_1194
307,r_0350,dihydropteroate synthase,0.0,1000.0,Folate biosynthesis,False,YNL256W,s_0148 + s_0273 --> s_0348 + s_0807
308,r_0351,dihydropteroate synthase,0.0,1000.0,Folate biosynthesis,False,YNL256W,s_0006 + s_0273 --> s_0348 + s_0636
309,r_0352,"dihydroxy-acid dehydratase (2,3-dihydroxy-3-methylbutanoate)",0.0,1000.0,"Valine, leucine and isoleucine metabolism",False,YJR016C,s_0016 --> s_0233 + s_0807
310,r_0353,"dihydroxy-acid dehydratase (2,3-dihydroxy-3-methylpentanoate)",0.0,1000.0,"Valine, leucine and isoleucine metabolism",False,YJR016C,s_0008 --> s_0060 + s_0807
311,r_0354,dihydroxyacetone kinase,0.0,1000.0,Glycerolipid metabolism,False,YFL053W or YML070W,s_0434 + s_0771 --> s_0394 + s_0629 + s_0794
312,r_0355,dimethylallyltranstransferase,0.0,1000.0,Terpenoid backbone biosynthesis,False,YJL167W,s_0943 + s_1376 --> s_0633 + s_0745
313,r_0356,diphosphoglyceromutase,-1000.0,1000.0,Glycolysis / gluconeogenesis,False,YKL152C,s_0075 <=> s_0140 + s_0794
314,r_0357,"diphosphoinositol-1,3,4,6-tetrakisphosphate diphosphohydrolase",0.0,1000.0,Inositol phosphate metabolism,False,YOR163W,s_0309 + 3.0 s_0803 --> 3.0 s_0794 + s_1156 + 3.0 s_1322
315,r_0358,"diphosphoinositol-1,3,4,6-tetrakisphosphate synthase",0.0,1000.0,Phosphatidylinositol signaling system,False,YDR017C,s_0434 + 2.0 s_0794 + s_1156 + 2.0 s_1322 --> s_0309 + s_0394 + 2.0 s_0803
316,r_0359,diphthine synthase,0.0,1000.0,Cysteine and methionine metabolism,False,YLR172C,s_0143 + s_1416 --> s_0144 + s_0794 + s_1413
317,r_0360,dolichol kinase,0.0,1000.0,N-glycan biosynthesis,False,YMR013C,s_0539 + s_0642 + s_0794 --> s_0467 + s_0645
318,r_0361,dolichyl-phosphate D-mannosyltransferase,0.0,1000.0,N-glycan biosynthesis,False,YPR183W,s_0645 + s_0743 --> s_0644 + s_0739 + s_0794
319,r_0362,dolichyl-phosphate-mannose--protein mannosyltransferase,0.0,1000.0,N-glycan biosynthesis,False,(YAL023C and YDL095W) or YDL093W or YJR143C or YOR321W,s_0644 --> s_0646 + s_1108
320,r_0363,dTMP kinase,0.0,1000.0,Pyrimidine metabolism,False,YJR057W,s_0434 + s_0649 --> s_0394 + s_0647
321,r_0364,dUTP diphosphatase,0.0,1000.0,Pyrimidine metabolism,False,YJR069C or YBR252W,s_0656 + s_0803 --> s_0633 + s_0654 + s_0794
322,r_0365,endopolygalacturonase,0.0,1000.0,Pentose and glucuronate interconversions,False,YJR153W,s_0805 + s_1309 --> s_0560
323,r_0366,enolase,-1000.0,1000.0,Glycolysis / gluconeogenesis,False,YPL281C or YGR254W or YHR174W or YMR323W or YOR393W,s_0188 <=> s_0803 + s_1360
324,r_0368,ethanolamine kinase,0.0,1000.0,Glycerophospholipid metabolism,False,YDR147W or YLR133W,s_0434 + s_0683 --> s_0394 + s_0794 + s_1239
325,r_0369,ethyl acetate-hydrolyzing esterase,0.0,1000.0,Complex alcohol metabolism,False,YOR126C,s_0685 + s_0803 --> s_0362 + s_0680 + s_0794
326,r_0370,"exo-1,3-beta-glucan glucohydrase",0.0,1000.0,Starch and sucrose metabolism,False,YDR261C or YGR282C or YLR300W or YNR067C or YOR190W,s_0003 + s_0805 --> s_0565
327,r_0373,farnesyltranstransferase,0.0,1000.0,Terpenoid backbone biosynthesis,False,YPL069C,s_0190 + s_0943 --> s_0189 + s_0633
328,r_0399,fatty-acid--CoA ligase (decanoate),-1000.0,1000.0,Fatty acid biosynthesis,False,YER015W,s_0439 + s_0534 + s_0600 <=> s_0426 + s_0605 + s_0638
329,r_0400,fatty-acid--CoA ligase (dodecanoate),-1000.0,1000.0,Fatty acid biosynthesis,False,YER015W,s_0439 + s_0534 + s_1070 <=> s_0426 + s_0638 + s_1076
330,r_0402,fatty-acid--CoA ligase (hexadecanoate),-1000.0,1000.0,Fatty acid biosynthesis,False,YER015W,s_0439 + s_0534 + s_1291 <=> s_0426 + s_0638 + s_1305
331,r_0410,fatty-acid--CoA ligase (octanoate),-1000.0,1000.0,Fatty acid biosynthesis,False,YER015W,s_0439 + s_0534 + s_1253 <=> s_0426 + s_0638 + s_1258
332,r_0412,fatty-acid--CoA ligase (tetradecanoate),-1000.0,1000.0,Fatty acid biosynthesis,False,YER015W,s_0439 + s_0534 + s_1166 <=> s_0426 + s_0638 + s_1179
333,r_0436,ferrochelatase,0.0,1000.0,Porphyrin and chlorophyll metabolism,False,YOR176W,s_0926 + s_1383 --> s_0712 + 2.0 s_0799
334,r_0437,ferrocytochrome-c:hydrogen-peroxide oxidoreductase,0.0,1000.0,Oxidative phosphorylation,False,(YEL039C and YKR066C) or (YJR048W and YKR066C),2.0 s_0710 + s_0838 --> 2.0 s_0709 + 2.0 s_0807
335,r_0438,ferrocytochrome-c:oxygen oxidoreductase,0.0,1000.0,Oxidative phosphorylation,False,(Q0045 and Q0250 and Q0275 and YDL067C and YEL039C and YGL187C and YGL191W and YHR051W and YIL111W and YLR038C and YLR395C and YMR256C) or (Q0045 and Q0250 and Q0275 and YDL067C and YEL039C and YGL187C and YGL191W and YHR051W and YLR038C and YLR395C and YMR256C and YNL052W) or (Q0045 and Q0250 and Q0275 and YDL067C and YGL187C and YGL191W and YHR051W and YIL111W and YJR048W and YLR038C and YLR395C and YMR256C) or (Q0045 and Q0250 and Q0275 and YDL067C and YGL187C and YGL191W and YHR051W and YJR048W and YLR038C and YLR395C and YMR256C and YNL052W) or (Q0045 and Q0250 and Q0275 and YDL067C and YHR116W and YDR231C and YGR062C and YJL003W and YPL132W and YLL018C-A),s_0710 + 1.266 s_0799 + 0.25 s_1278 --> s_0709 + 0.633 s_0794 + 0.5 s_0807
336,r_0439,ubiquinol:ferricytochrome c reductase,0.0,1000.0,Oxidative phosphorylation,False,(Q0105 and YBL045C and YDR529C and YEL024W and YEL039C and YFR033C and YGR183C and YHR001W-A and YJL166W and YOR065W and YPR191W) or (Q0105 and YBL045C and YDR529C and YEL024W and YFR033C and YGR183C and YHR001W-A and YJL166W and YJR048W and YOR065W and YPR191W),2.0 s_0709 + 1.266 s_0799 + s_1535 --> 2.0 s_0710 + 2.532 s_0794 + s_1537
337,r_0440,FMN adenylyltransferase,0.0,1000.0,Riboflavin metabolism,False,YDL045C,s_0434 + s_0714 + s_0794 --> s_0633 + s_0687
338,r_0441,FMN reductase,0.0,1000.0,Riboflavin metabolism,False,YLR011W,s_0714 + 2.0 s_0794 + s_1203 --> s_0717 + s_1198
339,r_0442,FMN reductase,0.0,1000.0,Riboflavin metabolism,False,YLR011W,s_0714 + 2.0 s_0794 + s_1212 --> s_0717 + s_1207
340,r_0443,formaldehyde dehydrogenase,0.0,1000.0,Tyrosine metabolism,False,YDL168W,s_0721 + s_0750 + s_1198 --> s_0794 + s_1203 + s_1421
341,r_0445,formate dehydrogenase,0.0,1000.0,Glyoxylate and dicarboxylate metabolism,False,YOR388C,s_0722 + s_1198 --> s_0456 + s_1203
342,r_0446,formate-tetrahydrofolate ligase,0.0,1000.0,One carbon pool by folate,False,YGR204W,s_0434 + s_0722 + s_1487 --> s_0120 + s_0394 + s_1322
343,r_0447,formate-tetrahydrofolate ligase,-1000.0,1000.0,One carbon pool by folate,False,YBR084W,s_0437 + s_0724 + s_1488 <=> s_0121 + s_0397 + s_1326
344,r_0448,"fructose-2,6-bisphosphate 2-phosphatase",0.0,1000.0,Fructose and mannose metabolism,False,YLR345W or YJL155C,s_0442 + s_0803 --> s_0557 + s_1322
345,r_0449,fructose-bisphosphatase,0.0,1000.0,Glycolysis / gluconeogenesis,False,YLR377C,s_0555 + s_0803 --> s_0557 + s_1322
346,r_0450,fructose-bisphosphate aldolase,-1000.0,1000.0,Glycolysis / gluconeogenesis,False,YKL060C,s_0555 <=> s_0629 + s_0764
347,r_0451,fumarase,-1000.0,1000.0,Citrate cycle (TCA cycle),False,YPL262W,s_0727 + s_0807 <=> s_0068
348,r_0452,"fumarase, cytoplasmic",-1000.0,1000.0,Citrate cycle (TCA cycle),False,YPL262W,s_0725 + s_0803 <=> s_0066
349,r_0453,dihydoorotic acid dehydrogenase,0.0,1000.0,Pyrimidine metabolism,False,YKL216W,s_0061 + s_0725 --> s_1269 + s_1458
350,r_0454,fumarate reductase,-1000.0,1000.0,Citrate cycle (TCA cycle),False,YEL047C,s_0690 + s_0727 <=> s_0688 + s_0799 + s_1460
351,r_0455,soluble fumarate reductase,-1000.0,1000.0,Cellular response to anaerobic conditions,False,YEL047C,s_0689 + s_0725 <=> s_0687 + s_0794 + s_1458
352,r_0457,g-glutamyltransferase,0.0,1000.0,Glutathione metabolism,False,YLR299W,s_0750 + s_0955 --> s_0983 + s_0987
353,r_0458,galactokinase,0.0,1000.0,Galactose metabolism,False,YBR020W,s_0434 + s_0558 --> s_0394 + s_0410 + s_0794
354,r_0459,galactose-1-phosphate uridylyltransferase,0.0,1000.0,Galactose metabolism,False,YBR018C,s_0410 + s_0794 + s_1559 --> s_0633 + s_1541
355,r_0460,gamma-glutamylcysteine synthetase,0.0,1000.0,Glutathione metabolism,False,YJL101C,s_0434 + s_0981 + s_0991 --> s_0394 + s_0794 + s_0988 + s_1322
356,r_0461,geranylgeranyltranstransferase,0.0,1000.0,Ubiquinone and other terpenoid-quinone biosynthesis,False,,s_0189 + s_0943 --> s_0633 + s_1311
357,r_0462,geranyltranstransferase,0.0,1000.0,Terpenoid backbone biosynthesis,False,YJL167W,s_0745 + s_0943 --> s_0190 + s_0633
358,r_0463,"glucan 1,4-alpha-glucosidase",0.0,1000.0,Starch and sucrose metabolism,False,YPR184W,s_0773 + s_0803 --> s_0563
359,r_0464,"glucan 1,4-alpha-glucosidase, vacuole",0.0,1000.0,Starch and sucrose metabolism,False,YIL099W,s_0774 + s_0810 --> s_0566
360,r_0465,glucosamine-6-phosphate deaminase,0.0,1000.0,Amino sugar and nucleotide sugar metabolism,False,,s_0412 + s_0803 --> s_0419 + s_0557
361,r_0466,glucose 6-phosphate dehydrogenase,0.0,1000.0,Pentose phosphate pathway,False,YNL241C,s_0568 + s_1207 --> s_0335 + s_0794 + s_1212
362,r_0467,glucose-6-phosphate isomerase,-1000.0,1000.0,Glycolysis / gluconeogenesis,False,YBR196C,s_0568 <=> s_0557
363,r_0468,glutamate 5-kinase,0.0,1000.0,Arginine and proline metabolism,False,YDR300C,s_0434 + s_0991 --> s_0394 + s_0986
364,r_0469,glutamate decarboxylase,0.0,1000.0,"Alanine, aspartate and glutamate metabolism",False,YMR250W,s_0794 + s_0991 --> s_0456 + s_0734
365,r_0470,glutamate dehydrogenase (NAD),0.0,1000.0,"Alanine, aspartate and glutamate metabolism",False,YDL215C,s_0803 + s_0991 + s_1198 --> s_0180 + s_0419 + s_0794 + s_1203
366,r_0471,glutamate dehydrogenase (NADP),0.0,1000.0,"Alanine, aspartate and glutamate metabolism",False,YAL062W or YOR375C,s_0180 + s_0419 + s_0794 + s_1212 --> s_0803 + s_0991 + s_1207
367,r_0472,glutamate synthase (NADH2),0.0,1000.0,"Alanine, aspartate and glutamate metabolism",False,YDL171C,s_0180 + s_0794 + s_0999 + s_1203 --> 2.0 s_0991 + s_1198
368,r_0473,glutamate-5-semialdehyde dehydrogenase,0.0,1000.0,Arginine and proline metabolism,False,YOR323C,s_0794 + s_0986 + s_1212 --> s_0997 + s_1207 + s_1322
369,r_0475,glutaminase,0.0,1000.0,"Alanine, aspartate and glutamate metabolism",False,YFL060C or YNL334C,s_0803 + s_0999 --> s_0419 + s_0991
370,r_0476,glutamine synthetase,0.0,1000.0,"Alanine, aspartate and glutamate metabolism",False,YPR035W,s_0419 + s_0434 + s_0991 --> s_0394 + s_0794 + s_0999 + s_1322
371,r_0477,glutamine-fructose-6-phosphate transaminase,0.0,1000.0,"Alanine, aspartate and glutamate metabolism",False,YKL104C,s_0557 + s_0999 --> s_0412 + s_0991
372,r_0478,glutaminyl-tRNA synthetase,0.0,1000.0,tRNA metabolism,False,YOR168W,s_0434 + s_0999 + s_1590 --> s_0423 + s_0633 + s_0747
373,r_0479,glutamyl-tRNA synthetase,0.0,1000.0,tRNA metabolism,False,YGL245W,s_0434 + s_0991 + s_1591 --> s_0423 + s_0633 + s_0748
374,r_0480,glutamyl-tRNA synthetase,0.0,1000.0,tRNA metabolism,False,YOL033W,s_0437 + s_0993 + s_1592 --> s_0424 + s_0636 + s_0749
375,r_0481,glutathione oxidoreductase,0.0,1000.0,Glutathione metabolism,False,(YCL035C and YPL091W) or (YDR098C and YPL091W) or (YDR513W and YPL091W) or (YER174C and YPL091W),s_0754 + s_0794 + s_1212 --> 2.0 s_0750 + s_1207
376,r_0482,glutathione oxidoreductase,0.0,1000.0,Glutathione metabolism,False,YPL059W and YPL091W,s_0756 + s_0799 + s_1214 --> 2.0 s_0752 + s_1210
377,r_0483,glutathione peridoxase,0.0,1000.0,Glutathione metabolism,False,YNL229C or YBR244W or YCL035C or YDR513W or YIR037W or YKL026C,2.0 s_0750 + s_0837 --> s_0754 + 2.0 s_0803
378,r_0484,"glutathione peroxidase, mitochondria",0.0,1000.0,Glutathione metabolism,False,YPL059W,2.0 s_0752 + s_0838 --> s_0756 + 2.0 s_0807
379,r_0485,glutathione synthetase,0.0,1000.0,Glutathione metabolism,False,YOL049W,s_0434 + s_0988 + s_1003 --> s_0394 + s_0750 + s_0794 + s_1322
380,r_0486,glyceraldehyde-3-phosphate dehydrogenase,-1000.0,1000.0,Glycolysis / gluconeogenesis,False,YGR192C or YJL052W or YJR009C,s_0764 + s_1198 + s_1322 <=> s_0075 + s_0794 + s_1203
381,r_0487,glycerol dehydrogenase (NADP-dependent),0.0,0.0,Glycerolipid metabolism,False,YOR120W,s_0765 + s_1207 --> s_0771 + s_0794 + s_1212
382,r_0488,glycerol kinase,0.0,1000.0,Glycerolipid metabolism,False,YHL032C,s_0434 + s_0765 --> s_0394 + s_0767 + s_0794
383,r_0489,glycerol-3-phosphatase,0.0,1000.0,Glycerolipid metabolism,False,YER062C or YIL053W,s_0767 + s_0803 --> s_0765 + s_1322
384,r_0490,glycerol-3-phosphate dehydrogenase (fad),0.0,1000.0,Glycerophospholipid metabolism,False,YIL155C,s_0688 + s_0770 + s_0799 --> s_0632 + s_0690
385,r_0491,glycerol-3-phosphate dehydrogenase (NAD),0.0,1000.0,Glycerophospholipid metabolism,False,YDL022W or YOL059W,s_0629 + s_0794 + s_1203 --> s_0767 + s_1198
386,r_0492,glycerol-3-phosphate dehydrogenase (NAD),0.0,1000.0,Glycerophospholipid metabolism,False,YOL059W,s_0632 + s_0799 + s_1205 --> s_0770 + s_1200
387,r_0497,glycerophosphodiester phosphodiesterase (glycerophosphocholine),0.0,1000.0,Glycerophospholipid metabolism,False,YPL110C,s_0803 + s_1433 --> s_0512 + s_0767 + s_0794
388,r_0499,glycinamide ribotide transformylase,0.0,1000.0,Purine metabolism,False,YDR408C,s_0120 + s_0325 --> s_0301 + s_0794 + s_1487
389,r_0500,glycine C-acetyltransferase,0.0,1000.0,"Glycine, serine and threonine metabolism",False,,s_0529 + s_0952 --> s_0373 + s_1003
390,r_0501,glycine cleavage system,0.0,1000.0,"Glycine, serine and threonine metabolism",False,YAL044C and YDR019C and YFL018C and YMR189W,s_1005 + s_1200 + s_1488 --> s_0307 + s_0421 + s_0460 + s_1205
391,r_0502,glycine hydroxymethyltransferase,-1000.0,1000.0,"Glycine, serine and threonine metabolism",False,YLR058C,s_1039 + s_1487 <=> s_0306 + s_0803 + s_1003
392,r_0503,glycine hydroxymethyltransferase,-1000.0,1000.0,"Glycine, serine and threonine metabolism",False,YBR263W,s_1042 + s_1488 <=> s_0307 + s_0807 + s_1005
393,r_0504,glycine-cleavage complex (lipoamide),0.0,1000.0,"Glycine, serine and threonine metabolism",False,YAL044C and YDR019C and YFL018C and YMR189W,s_0799 + s_1005 + s_1097 --> s_0460 + s_1409
394,r_0505,glycine-cleavage complex (lipoamide),0.0,1000.0,"Glycine, serine and threonine metabolism",False,(YAL044C and YDR019C and YFL018C and YMR189W) or (YDR148C and YFL018C and YIL125W),s_0627 + s_1200 --> s_0799 + s_1097 + s_1205
395,r_0506,glycine-cleavage complex (lipoylprotein),0.0,1000.0,"Glycine, serine and threonine metabolism",False,YAL044C and YDR019C and YFL018C and YMR189W,s_1005 + s_1098 --> s_0460 + s_1410
396,r_0507,glycine-cleavage complex (lipoylprotein),0.0,1000.0,"Glycine, serine and threonine metabolism",False,YAL044C and YDR019C and YFL018C and YMR189W,s_0799 + s_1410 + s_1488 --> s_0307 + s_0421 + s_0628
397,r_0508,glycine-cleavage complex (lipoylprotein),0.0,1000.0,"Glycine, serine and threonine metabolism",False,YAL044C and YDR019C and YFL018C and YMR189W,s_0628 + s_1200 --> s_0799 + s_1098 + s_1205
398,r_0509,glycine-cleavage system (lipoamide),0.0,1000.0,"Glycine, serine and threonine metabolism",False,YAL044C and YDR019C and YFL018C and YMR189W,s_1409 + s_1488 --> s_0307 + s_0421 + s_0627
399,r_0510,glycogen (starch) synthase,0.0,1000.0,Starch and sucrose metabolism,False,(YFR015C and YJL137C) or (YFR015C and YKR058W) or (YJL137C and YLR258W) or (YKR058W and YLR258W),s_1543 --> s_0773 + s_0794 + s_1538
400,r_0511,glycogen phosphorylase,0.0,1000.0,Starch and sucrose metabolism,False,YPR160W,s_0773 + s_1322 --> s_0567
401,r_0512,glycyl-tRNA synthetase,0.0,1000.0,tRNA metabolism,False,YBR121C or YPR081C,s_0434 + s_1003 + s_1593 --> s_0423 + s_0633 + s_0757
402,r_0514,GMP synthase,0.0,1000.0,Purine metabolism,False,YMR217W,s_0434 + s_0803 + s_0999 + s_1565 --> s_0423 + s_0633 + s_0782 + 2.0 s_0794 + s_0991
403,r_0518,"GPI-anchor assembly, step 2",-1000.0,1000.0,Glycosylphosphatidylinositol (gpi)-anchor biosynthesis,False,YMR281W,s_0331 + s_0804 <=> s_0329 + s_0363 + s_0795
404,r_0519,"GPI-anchor assembly, step 5",-1000.0,1000.0,Glycosylphosphatidylinositol (gpi)-anchor biosynthesis,False,YCL052C and YJR013W,s_0330 + s_0644 <=> s_0334 + s_0646
405,r_0520,"GPI-anchor assembly, step 6",-1000.0,1000.0,Glycosylphosphatidylinositol (gpi)-anchor biosynthesis,False,YKL165C,s_0334 + s_1352 <=> s_0337
406,r_0521,"GPI-anchor assembly, step 7",-1000.0,1000.0,Glycosylphosphatidylinositol (gpi)-anchor biosynthesis,False,YBR004C,s_0337 + s_0644 <=> s_0339 + s_0646
407,r_0522,"GPI-anchor assembly, step 8",-1000.0,1000.0,Glycosylphosphatidylinositol (gpi)-anchor biosynthesis,False,YGL142C,s_0339 + s_0644 <=> s_0338
408,r_0523,"GPI-anchor assembly, step 9",-1000.0,1000.0,Glycosylphosphatidylinositol (gpi)-anchor biosynthesis,False,YDR302W or YLL031C,s_0338 + s_1352 <=> s_0332 + s_0620
409,r_0524,GTP cyclohydrolase I,0.0,1000.0,Folate biosynthesis,False,YGR267C,s_0785 + s_0803 --> s_0346 + s_0722 + s_0794
410,r_0525,GTP cyclohydrolase II,0.0,1000.0,Riboflavin metabolism,False,YBL033C,s_0785 + 3.0 s_0803 --> s_0141 + s_0633 + s_0722 + 2.0 s_0794
411,r_0526,guanine deaminase,0.0,1000.0,Purine metabolism,False,YDL238C,s_0787 + s_0794 + s_0803 --> s_0357 + s_0419
412,r_0527,guanine phosphoribosyltransferase,0.0,1000.0,Purine metabolism,False,YDR399W,s_0787 + s_1386 --> s_0633 + s_0782
413,r_0528,guanylate kinase,0.0,1000.0,Purine metabolism,False,YDR454C,s_0434 + s_0782 --> s_0394 + s_0739
414,r_0529,guanylate kinase (GMP:dATP),-1000.0,1000.0,Purine metabolism,False,YDR454C,s_0586 + s_0782 <=> s_0582 + s_0739
415,r_0530,heme O monooxygenase,0.0,1000.0,Porphyrin and chlorophyll metabolism,False,YER141W or (YDR376W and YPL252C),s_0812 + s_1205 + s_1278 --> s_0807 + s_0811 + s_1200
416,r_0531,Heme O synthase,0.0,1000.0,Porphyrin and chlorophyll metabolism,False,YPL172C,s_0191 + s_0712 + s_0807 --> s_0636 + s_0812
417,r_0532,hexaprenyldihydroxybenzoate methyltransferase,0.0,1000.0,Ubiquinone and other terpenoid-quinone biosynthesis,False,YDR204W and YGR255C and YLR201C and YML110C and YOL096C and YOR125C,s_0154 + s_0799 + s_1419 --> s_1415 + s_1535
418,r_0533,hexokinase (D-fructose:ATP),0.0,1000.0,Glycolysis / gluconeogenesis,False,YLR446W or YFR053C or YGL253W,s_0434 + s_0553 --> s_0394 + s_0557 + s_0794
419,r_0534,hexokinase (D-glucose:ATP),0.0,1000.0,Glycolysis / gluconeogenesis,False,YLR446W or YCL040W or YFR053C or YGL253W or YDR516C,s_0434 + s_0563 --> s_0394 + s_0568 + s_0794
420,r_0535,hexokinase (D-mannose:ATP),0.0,1000.0,Glycolysis / gluconeogenesis,False,YLR446W or YFR053C or YGL253W,s_0434 + s_0571 --> s_0394 + s_0574 + s_0794
421,r_0536,histidinol dehydrogenase,0.0,1000.0,Histidine metabolism,False,YCL030C,s_0803 + s_1010 + 2.0 s_1198 --> 3.0 s_0794 + s_1006 + 2.0 s_1203
422,r_0537,histidinol-phosphatase,0.0,1000.0,Histidine metabolism,False,YFR025C,s_0803 + s_1011 --> s_1010 + s_1322
423,r_0538,histidinol-phosphate transaminase,0.0,1000.0,Histidine metabolism,False,YIL116W,s_0207 + s_0991 --> s_0180 + s_1011
424,r_0539,histidyl-tRNA synthetase,0.0,1000.0,tRNA metabolism,False,YPR033C,s_0434 + s_1006 + s_1594 --> s_0423 + s_0633 + s_0832
425,r_0540,histidyl-tRNA synthetase,0.0,1000.0,tRNA metabolism,False,YPR033C,s_0437 + s_1008 + s_1595 --> s_0424 + s_0636 + s_0833
426,r_0541,hnRNP arginine N-methyltransferase,0.0,1000.0,Histidine metabolism,False,YBR034C,s_1006 + s_1416 --> s_0794 + s_1183 + s_1413
427,r_0542,homoacontinate hydratase,-1000.0,1000.0,Lysine metabolism,False,YJL200C or YDR234W,s_0454 + s_0807 <=> s_0836
428,r_0543,homocitrate synthase,0.0,1000.0,Pyruvate metabolism,False,YDL131W or YDL182W,s_0183 + s_0377 + s_0808 --> s_0533 + s_0800 + s_0835
429,r_0544,homocysteine S-methyltransferase,0.0,1000.0,Cysteine and methionine metabolism,False,YLL062C or YPL273W,s_1012 + s_1416 --> s_0794 + s_1029 + s_1413
430,r_0545,homoisocitrate dehydrogenase,0.0,1000.0,Lysine metabolism,False,YIL094C,s_0836 + s_1200 --> s_0177 + s_0460 + s_1205
431,r_0546,homoserine dehydrogenase (NADH),0.0,1000.0,"Glycine, serine and threonine metabolism",False,YJR139C,s_0794 + s_0978 + s_1203 --> s_1014 + s_1198
432,r_0547,homoserine dehydrogenase (NADP),0.0,1000.0,"Glycine, serine and threonine metabolism",False,YJR139C,s_0794 + s_0978 + s_1212 --> s_1014 + s_1207
433,r_0548,homoserine kinase,0.0,1000.0,"Glycine, serine and threonine metabolism",False,YHR025W,s_0434 + s_1014 --> s_0394 + s_0794 + s_1238
434,r_0549,homoserine O-trans-acetylase,0.0,1000.0,Cysteine and methionine metabolism,False,YNL277W,s_0373 + s_1014 --> s_0529 + s_1233
435,r_0550,hydrogen peroxide reductase (thioredoxin),0.0,1000.0,Glutathione metabolism,False,(YDR453C and YGR209C) or (YDR453C and YLR043C),s_0794 + s_0837 + s_1616 --> 2.0 s_0803 + s_1620
436,r_0551,hydrogen peroxide reductase (thioredoxin),0.0,1000.0,Glutathione metabolism,False,YBL064C and YCR083W,s_0799 + s_0838 + s_1617 --> 2.0 s_0807 + s_1621
437,r_0552,hydrogen peroxide reductase (thioredoxin),0.0,1000.0,Glutathione metabolism,False,(YGR209C and YLR109W) or (YLR043C and YLR109W),s_0801 + s_0840 + s_1619 --> 2.0 s_0809 + s_1623
438,r_0553,hydroxyacylglutathione hydrolase,0.0,1000.0,Pyruvate metabolism,False,YDR272W,s_0033 + s_0803 --> s_0025 + s_0750 + s_0794
439,r_0554,hydroxyacylglutathione hydrolase,0.0,1000.0,Pyruvate metabolism,False,YOR040W,s_0034 + s_0807 --> s_0027 + s_0752 + s_0799
440,r_0555,hydroxybenzoate octaprenyltransferase,0.0,1000.0,Ubiquinone and other terpenoid-quinone biosynthesis,False,YNR041C,s_0287 + s_0831 --> s_0216 + s_0636
441,r_0556,hydroxyethylthiazole kinase,0.0,1000.0,Thiamine metabolism,False,YPL214C,s_0310 + s_0434 --> s_0293 + s_0394 + s_0794
442,r_0557,hydroxymethylbilane synthase,0.0,1000.0,Porphyrin and chlorophyll metabolism,False,YDL205C,s_0803 + 4.0 s_1372 --> 4.0 s_0419 + s_1378
443,r_0558,hydroxymethylglutaryl CoA reductase,0.0,1000.0,Terpenoid backbone biosynthesis,False,YLR450W or YML075C,s_0218 + 2.0 s_0794 + 2.0 s_1212 --> s_0028 + s_0529 + 2.0 s_1207
444,r_0560,hydroxymethylglutaryl CoA synthase,0.0,1000.0,Terpenoid backbone biosynthesis,False,YML126C,s_0370 + s_0376 + s_0807 --> s_0221 + s_0532 + s_0799
445,r_0561,hydroxymethylpyrimidine kinase (ATP),0.0,1000.0,Thiamine metabolism,False,YOL055C or YPL258C or YPR121W,s_0270 + s_0434 --> s_0268 + s_0394 + s_0794
446,r_0562,hypoxanthine phosphoribosyltransferase (Hypoxanthine),0.0,1000.0,Purine metabolism,False,YDR399W,s_0843 + s_1386 --> s_0633 + s_0849
447,r_0563,Imidazole-glycerol-3-phosphate synthase,0.0,1000.0,Histidine metabolism,False,YBR248C,s_0312 + s_0999 --> s_0403 + s_0550 + s_0794 + s_0991
448,r_0564,imidazoleglycerol-phosphate dehydratase,0.0,1000.0,Histidine metabolism,False,YOR202W,s_0550 --> s_0207 + s_0803
449,r_0565,IMP dehydrogenase,0.0,1000.0,Purine metabolism,False,YHR216W or YLR432W or YML056C,s_0803 + s_0849 + s_1198 --> s_0794 + s_1203 + s_1565
450,r_0566,indole-3-glycerol-phosphate synthase,0.0,1000.0,"Phenylalanine, tyrosine and tryptophan biosynthesis",False,YKL211C,s_0076 + s_0794 --> s_0086 + s_0456 + s_0803
451,r_0567,indole-3-pyruvate decarboxylase,0.0,1000.0,Tryptophan metabolism,False,YGR087C or YLR044C or YLR134W,s_0794 + s_0855 --> s_0456 + s_0850
452,r_0568,inorganic diphosphatase,0.0,1000.0,Oxidative phosphorylation,False,YBR011C,s_0633 + s_0803 --> s_0794 + 2.0 s_1322
453,r_0569,inorganic diphosphatase,0.0,1000.0,Oxidative phosphorylation,False,YMR267W,s_0636 + s_0807 --> s_0799 + 2.0 s_1326
454,r_0570,inosine monophosphate cyclohydrolase,-1000.0,1000.0,Purine metabolism,False,YLR028C or YMR120C,s_1365 <=> s_0803 + s_0849
455,r_0571,"inositol-1,3,4,5,6-pentakisphosphate 2-kinase",0.0,1000.0,Inositol phosphate metabolism,False,YDR315C,s_0438 + s_1157 --> s_0398 + s_0800 + s_1159
456,r_0572,"inositol-1,3,4,5-triphosphate 6-kinase, nucleus",0.0,1000.0,Inositol phosphate metabolism,False,YDR173C,s_0123 + s_0438 --> s_0398 + s_0800 + s_1157
457,r_0573,"inositol-1,4,5,6- tetrakisphosphate 3-kinase, nucleus",0.0,1000.0,Inositol phosphate metabolism,False,YDR173C,s_0124 + s_0438 --> s_0398 + s_0800 + s_1157
458,r_0574,"inositol-1,4,5-triphosphate 6-kinase, nucleus",0.0,1000.0,Inositol phosphate metabolism,False,YDR173C,s_0125 + s_0438 --> s_0124 + s_0398 + s_0800
459,r_0575,"inositol-1,4,5-trisphosphate 3-kinase, nucleus",0.0,1000.0,Inositol phosphate metabolism,False,YDR173C,s_0125 + s_0438 --> s_0123 + s_0398 + s_0800
460,r_0596,IPS phospholipase C,0.0,1000.0,Sphingolipid metabolism,False,YER019W,s_0804 + s_1116 --> s_0475 + s_1111
461,r_0597,IPS phospholipase C,0.0,1000.0,Sphingolipid metabolism,False,YER019W,s_0804 + s_1119 --> s_0478 + s_1111
462,r_0598,IPS phospholipase C,0.0,1000.0,Sphingolipid metabolism,False,YER019W,s_0804 + s_1128 --> s_0487 + s_1111
463,r_0599,IPS phospholipase C,0.0,1000.0,Sphingolipid metabolism,False,YER019W,s_0804 + s_1131 --> s_0490 + s_1111
464,r_0600,IPS phospholipase C,0.0,1000.0,Sphingolipid metabolism,False,YER019W,s_0804 + s_1122 --> s_0481 + s_1111
465,r_0601,IPS phospholipase C,0.0,1000.0,Sphingolipid metabolism,False,YER019W,s_0804 + s_1125 --> s_0484 + s_1111
466,r_0602,IPS phospholipase C,0.0,1000.0,Sphingolipid metabolism,False,YER019W,s_0804 + s_1134 --> s_0493 + s_1111
467,r_0603,IPS phospholipase C,0.0,1000.0,Sphingolipid metabolism,False,YER019W,s_0804 + s_1137 --> s_0496 + s_1111
468,r_0604,IPS phospholipase C,0.0,1000.0,Sphingolipid metabolism,False,YER019W,s_0804 + s_1140 --> s_0499 + s_1111
469,r_0605,IPS phospholipase C,0.0,1000.0,Sphingolipid metabolism,False,YER019W,s_0804 + s_1143 --> s_0502 + s_1111
470,r_0606,IPS phospholipase C,0.0,1000.0,Sphingolipid metabolism,False,YER019W,s_0804 + s_0861 --> s_0475 + s_1109
471,r_0607,IPS phospholipase C,0.0,1000.0,Sphingolipid metabolism,False,YER019W,s_0804 + s_0864 --> s_0478 + s_1109
472,r_0608,IPS phospholipase C,0.0,1000.0,Sphingolipid metabolism,False,YER019W,s_0804 + s_0873 --> s_0487 + s_1109
473,r_0609,IPS phospholipase C,0.0,1000.0,Sphingolipid metabolism,False,YER019W,s_0804 + s_0876 --> s_0490 + s_1109
474,r_0610,IPS phospholipase C,0.0,1000.0,Sphingolipid metabolism,False,YER019W,s_0804 + s_0867 --> s_0481 + s_1109
475,r_0611,IPS phospholipase C,0.0,1000.0,Sphingolipid metabolism,False,YER019W,s_0804 + s_0870 --> s_0484 + s_1109
476,r_0612,IPS phospholipase C,0.0,1000.0,Sphingolipid metabolism,False,YER019W,s_0804 + s_0879 --> s_0493 + s_1109
477,r_0613,IPS phospholipase C,0.0,1000.0,Sphingolipid metabolism,False,YER019W,s_0804 + s_0882 --> s_0496 + s_1109
478,r_0614,IPS phospholipase C,0.0,1000.0,Sphingolipid metabolism,False,YER019W,s_0804 + s_0885 --> s_0499 + s_1109
479,r_0615,IPS phospholipase C,0.0,1000.0,Sphingolipid metabolism,False,YER019W,s_0804 + s_0888 --> s_0502 + s_1109
480,r_0616,IPS phospholipase C,0.0,1000.0,Sphingolipid metabolism,False,YER019W,s_0807 + s_0896 --> s_0129 + s_0477 + 2.0 s_0799
481,r_0617,IPS phospholipase C,0.0,1000.0,Sphingolipid metabolism,False,YER019W,s_0807 + s_0899 --> s_0129 + s_0480 + 2.0 s_0799
482,r_0618,IPS phospholipase C,0.0,1000.0,Sphingolipid metabolism,False,YER019W,s_0807 + s_0908 --> s_0129 + s_0489 + 2.0 s_0799
483,r_0619,IPS phospholipase C,0.0,1000.0,Sphingolipid metabolism,False,YER019W,s_0807 + s_0911 --> s_0129 + s_0492 + 2.0 s_0799
484,r_0620,IPS phospholipase C,0.0,1000.0,Sphingolipid metabolism,False,YER019W,s_0807 + s_0902 --> s_0129 + s_0483 + 2.0 s_0799
485,r_0621,IPS phospholipase C,0.0,1000.0,Sphingolipid metabolism,False,YER019W,s_0807 + s_0905 --> s_0129 + s_0486 + 2.0 s_0799
486,r_0622,IPS phospholipase C,0.0,1000.0,Sphingolipid metabolism,False,YER019W,s_0807 + s_0914 --> s_0129 + s_0495 + 2.0 s_0799
487,r_0623,IPS phospholipase C,0.0,1000.0,Sphingolipid metabolism,False,YER019W,s_0807 + s_0917 --> s_0129 + s_0498 + 2.0 s_0799
488,r_0624,IPS phospholipase C,0.0,1000.0,Sphingolipid metabolism,False,YER019W,s_0807 + s_0920 --> s_0129 + s_0501 + 2.0 s_0799
489,r_0625,IPS phospholipase C,0.0,1000.0,Sphingolipid metabolism,False,YER019W,s_0807 + s_0923 --> s_0129 + s_0504 + 2.0 s_0799
490,r_0626,IPS phospholipase C,0.0,1000.0,Sphingolipid metabolism,False,YER019W,s_0807 + s_1118 --> s_0477 + s_1112
491,r_0627,IPS phospholipase C,0.0,1000.0,Sphingolipid metabolism,False,YER019W,s_0807 + s_1121 --> s_0480 + s_1112
492,r_0628,IPS phospholipase C,0.0,1000.0,Sphingolipid metabolism,False,YER019W,s_0807 + s_1130 --> s_0489 + s_1112
493,r_0629,IPS phospholipase C,0.0,1000.0,Sphingolipid metabolism,False,YER019W,s_0807 + s_1133 --> s_0492 + s_1112
494,r_0630,IPS phospholipase C,0.0,1000.0,Sphingolipid metabolism,False,YER019W,s_0807 + s_1124 --> s_0483 + s_1112
495,r_0631,IPS phospholipase C,0.0,1000.0,Sphingolipid metabolism,False,YER019W,s_0807 + s_1127 --> s_0486 + s_1112
496,r_0632,IPS phospholipase C,0.0,1000.0,Sphingolipid metabolism,False,YER019W,s_0807 + s_1136 --> s_0495 + s_1112
497,r_0633,IPS phospholipase C,0.0,1000.0,Sphingolipid metabolism,False,YER019W,s_0807 + s_1139 --> s_0498 + s_1112
498,r_0634,IPS phospholipase C,0.0,1000.0,Sphingolipid metabolism,False,YER019W,s_0807 + s_1142 --> s_0501 + s_1112
499,r_0635,IPS phospholipase C,0.0,1000.0,Sphingolipid metabolism,False,YER019W,s_0807 + s_1145 --> s_0504 + s_1112
500,r_0636,IPS phospholipase C,0.0,1000.0,Sphingolipid metabolism,False,YER019W,s_0807 + s_0863 --> s_0477 + s_1110
501,r_0637,IPS phospholipase C,0.0,1000.0,Sphingolipid metabolism,False,YER019W,s_0807 + s_0866 --> s_0480 + s_1110
502,r_0638,IPS phospholipase C,0.0,1000.0,Sphingolipid metabolism,False,YER019W,s_0807 + s_0875 --> s_0489 + s_1110
503,r_0639,IPS phospholipase C,0.0,1000.0,Sphingolipid metabolism,False,YER019W,s_0807 + s_0878 --> s_0492 + s_1110
504,r_0640,IPS phospholipase C,0.0,1000.0,Sphingolipid metabolism,False,YER019W,s_0807 + s_0869 --> s_0483 + s_1110
505,r_0641,IPS phospholipase C,0.0,1000.0,Sphingolipid metabolism,False,YER019W,s_0807 + s_0872 --> s_0486 + s_1110
506,r_0642,IPS phospholipase C,0.0,1000.0,Sphingolipid metabolism,False,YER019W,s_0807 + s_0881 --> s_0495 + s_1110
507,r_0643,IPS phospholipase C,0.0,1000.0,Sphingolipid metabolism,False,YER019W,s_0807 + s_0884 --> s_0498 + s_1110
508,r_0644,IPS phospholipase C,0.0,1000.0,Sphingolipid metabolism,False,YER019W,s_0807 + s_0887 --> s_0501 + s_1110
509,r_0645,IPS phospholipase C,0.0,1000.0,Sphingolipid metabolism,False,YER019W,s_0807 + s_0890 --> s_0504 + s_1110
510,r_0646,IPS phospholipase C,0.0,1000.0,Sphingolipid metabolism,False,YER019W,s_0804 + s_0894 --> s_0127 + s_0475 + 2.0 s_0795
511,r_0647,IPS phospholipase C,0.0,1000.0,Sphingolipid metabolism,False,YER019W,s_0804 + s_0897 --> s_0127 + s_0478 + 2.0 s_0795
512,r_0648,IPS phospholipase C,0.0,1000.0,Sphingolipid metabolism,False,YER019W,s_0804 + s_0906 --> s_0127 + s_0487 + 2.0 s_0795
513,r_0649,IPS phospholipase C,0.0,1000.0,Sphingolipid metabolism,False,YER019W,s_0804 + s_0909 --> s_0127 + s_0490 + 2.0 s_0795
514,r_0650,IPS phospholipase C,0.0,1000.0,Sphingolipid metabolism,False,YER019W,s_0804 + s_0900 --> s_0127 + s_0481 + 2.0 s_0795
515,r_0651,IPS phospholipase C,0.0,1000.0,Sphingolipid metabolism,False,YER019W,s_0804 + s_0903 --> s_0127 + s_0484 + 2.0 s_0795
516,r_0652,IPS phospholipase C,0.0,1000.0,Sphingolipid metabolism,False,YER019W,s_0804 + s_0912 --> s_0127 + s_0493 + 2.0 s_0795
517,r_0653,IPS phospholipase C,0.0,1000.0,Sphingolipid metabolism,False,YER019W,s_0804 + s_0915 --> s_0127 + s_0496 + 2.0 s_0795
518,r_0654,IPS phospholipase C,0.0,1000.0,Sphingolipid metabolism,False,YER019W,s_0804 + s_0918 --> s_0127 + s_0499 + 2.0 s_0795
519,r_0655,IPS phospholipase C,0.0,1000.0,Sphingolipid metabolism,False,YER019W,s_0804 + s_0921 --> s_0127 + s_0502 + 2.0 s_0795
520,r_0656,isoamyl acetate-hydrolyzing esterase,0.0,1000.0,Complex alcohol metabolism,False,YOR126C,s_0803 + s_0927 --> s_0362 + s_0794 + s_0929
521,r_0657,isobutyl acetate-hydrolyzing esterase,0.0,1000.0,Complex alcohol metabolism,False,YOR126C,s_0803 + s_0935 --> s_0362 + s_0794 + s_0932
522,r_0658,isocitrate dehydrogenase (NAD+),0.0,1000.0,Citrate cycle (TCA cycle),False,YNL037C and YOR136W,s_0941 + s_1200 --> s_0182 + s_0460 + s_1205
523,r_0659,isocitrate dehydrogenase (NADP),-1000.0,1000.0,Citrate cycle (TCA cycle),False,YLR174W,s_0940 + s_1207 <=> s_0180 + s_0456 + s_1212
524,r_0661,"isocitrate dehydrogenase (NADP+), peroxisomal",0.0,1000.0,Citrate cycle (TCA cycle),False,YNL009W,s_0942 + s_1211 --> s_0184 + s_0462 + s_1215
525,r_0662,isocitrate lyase,0.0,1000.0,Glyoxylate and dicarboxylate metabolism,False,YER065C,s_0940 --> s_0779 + s_1458
526,r_0663,isoleucine transaminase,-1000.0,1000.0,"Valine, leucine and isoleucine metabolism",False,YJR148W,s_0180 + s_1016 <=> s_0056 + s_0991
527,r_0664,isoleucine transaminase,-1000.0,1000.0,"Valine, leucine and isoleucine metabolism",False,YHR208W,s_0182 + s_1018 <=> s_0060 + s_0993
528,r_0665,isoleucyl-tRNA synthetase,0.0,1000.0,tRNA metabolism,False,YBL076C,s_0434 + s_1016 + s_1596 --> s_0423 + s_0633 + s_0847
529,r_0666,isoleucyl-tRNA synthetase,0.0,1000.0,tRNA metabolism,False,YPL040C,s_0437 + s_1018 + s_1597 --> s_0424 + s_0636 + s_0848
530,r_0667,isopentenyl-diphosphate D-isomerase,-1000.0,1000.0,Terpenoid backbone biosynthesis,False,YPL117C,s_0943 <=> s_1376
531,r_0668,itaconate-CoA ligase (ADP-forming),-1000.0,1000.0,C5-branched dibasic acid metabolism,False,YGR244C and YOR142W,s_0437 + s_0532 + s_0946 <=> s_0397 + s_0949 + s_1326
532,r_0669,ketol-acid reductoisomerase (2-aceto-2-hydroxybutanoate),0.0,1000.0,"Valine, leucine and isoleucine metabolism",False,YLR355C,s_0039 + s_0799 + s_1214 --> s_0008 + s_1210
533,r_0670,kynureninase,0.0,1000.0,Tryptophan metabolism,False,YLR231C,s_0803 + s_1020 --> s_0427 + s_0794 + s_0955
534,r_0671,kynurenine 3-monooxygenase,0.0,1000.0,Tryptophan metabolism,False,YBL098W,s_0794 + s_1020 + s_1212 + s_1275 --> s_0222 + s_0803 + s_1207
535,r_0672,L-1-pyrroline-3-hydroxy-5-carboxylate dehydrogenase,-1000.0,1000.0,Arginine and proline metabolism,False,YHR037W,s_0117 + 2.0 s_0807 + s_1200 <=> s_0678 + s_0799 + s_1205
536,r_0673,L-4-hydroxyglutamate semialdehyde dehydrogenase,-1000.0,1000.0,Arginine and proline metabolism,False,YHR037W,s_0807 + s_0954 + s_1200 <=> s_0678 + 2.0 s_0799 + s_1205
537,r_0674,L-alanine transaminase,-1000.0,1000.0,"Alanine, aspartate and glutamate metabolism",False,YLR089C,s_0182 + s_0957 <=> s_0993 + s_1401
538,r_0675,L-allo-threonine aldolase,0.0,1000.0,"Glycine, serine and threonine metabolism",False,YEL046C,s_0958 --> s_0359 + s_1003
539,r_0676,L-allo-threonine dehydrogenase,-1000.0,1000.0,"Glycine, serine and threonine metabolism",False,YMR226C,s_0958 + s_1207 <=> s_0794 + s_0952 + s_1212
540,r_0678,L-aminoadipate-semialdehyde dehydrogenase (NADPH),0.0,1000.0,Lysine metabolism,False,YBR115C and YGL154C,s_0434 + s_0794 + s_0953 + s_1212 --> s_0423 + s_0633 + s_0959 + s_1207
541,r_0679,L-asparaginase,0.0,1000.0,"Alanine, aspartate and glutamate metabolism",False,YDR321W,s_0803 + s_0969 --> s_0419 + s_0973
542,r_0680,L-asparaginase,0.0,1000.0,"Alanine, aspartate and glutamate metabolism",False,YLR155C or YLR157C or YLR158C or YLR160C,s_0805 + s_0970 --> s_0420 + s_0974
543,r_0681,L-erythro-4-hydroxyglutamate:2-oxoglutarate aminotransferase,0.0,1000.0,Arginine and proline metabolism,False,YLR027C,s_0180 + s_0677 --> s_0282 + s_0991
544,r_0682,L-erythro-4-hydroxyglutamate:2-oxoglutarate aminotransferase,0.0,1000.0,Arginine and proline metabolism,False,YKL106W,s_0182 + s_0678 --> s_0283 + s_0993
545,r_0683,L-erythro-4-hydroxyglutamate:2-oxoglutarate aminotransferase,0.0,1000.0,Arginine and proline metabolism,False,YLR027C,s_0184 + s_0679 --> s_0284 + s_0995
546,r_0687,L-hydroxyproline reductase (NADP),0.0,1000.0,Arginine and proline metabolism,False,YER023W,s_0116 + 2.0 s_0794 + s_1212 --> s_1207 + s_4207
547,r_0688,L-lactaldehyde:NADP+ 1-oxidoreductase,0.0,1000.0,Pyruvate metabolism,False,YHR104W or YOL151W,s_0794 + s_1151 + s_1212 --> s_0062 + s_1207
548,r_0689,L-serine deaminase,0.0,1000.0,"Glycine, serine and threonine metabolism",False,YCL064C,s_1039 --> s_0419 + s_1399
549,r_0690,L-serine dehydrogenase,0.0,1000.0,"Glycine, serine and threonine metabolism",False,YMR226C,s_1039 + s_1207 --> s_0794 + s_0960 + s_1212
550,r_0691,L-sorbitol dehydrogenase (L-sorbose-producing),0.0,1000.0,Fructose and mannose metabolism,False,YJR159W,s_0989 + s_1198 --> s_0794 + s_1043 + s_1203
551,r_0692,L-threonine deaminase,0.0,1000.0,"Glycine, serine and threonine metabolism",False,YCL064C,s_1045 --> s_0178 + s_0419
552,r_0693,L-threonine deaminase,0.0,1000.0,"Glycine, serine and threonine metabolism",False,YER086W,s_1047 --> s_0179 + s_0421
553,r_0694,"L-tryptophan:oxygen 2,3-oxidoreductase (decyclizing)",0.0,1000.0,Tryptophan metabolism,False,YJR078W,s_1048 + s_1275 --> s_1195
554,r_0695,L-tyrosine N-formyltransferase,0.0,1000.0,Tryptophan metabolism,False,YDR403W,s_0120 + s_1051 --> s_0794 + s_1196 + s_1487
555,r_0696,lactaldehyde dehydrogenase,0.0,1000.0,Pyruvate metabolism,False,YOL151W,s_0062 + s_0803 + s_1198 --> s_0063 + 2.0 s_0794 + s_1203
556,r_0697,lactoylglutathione lyase,0.0,1000.0,Pyruvate metabolism,False,YML004C,s_0750 + s_1151 --> s_0033
557,r_0698,lanosterol synthase,0.0,1000.0,Steroid biosynthesis,False,YHR072W,s_0037 --> s_1059
558,r_0699,leucine transaminase,-1000.0,1000.0,"Valine, leucine and isoleucine metabolism",False,YJR148W,s_0180 + s_1021 <=> s_0291 + s_0991
559,r_0700,leucine transaminase,-1000.0,1000.0,"Valine, leucine and isoleucine metabolism",False,YHR208W,s_0182 + s_1023 <=> s_0292 + s_0993
560,r_0701,leucyl-tRNA synthetase,0.0,1000.0,tRNA metabolism,False,YPL160W,s_0434 + s_1021 + s_1598 --> s_0423 + s_0633 + s_1077
561,r_0702,leucyl-tRNA synthetase,0.0,1000.0,tRNA metabolism,False,YLR382C,s_0437 + s_1023 + s_1599 --> s_0424 + s_0636 + s_1078
562,r_0703,leukotriene A4 hydrolase,-1000.0,1000.0,Arachidonic acid metabolism,False,YNL045W,s_0803 + s_1079 <=> s_0013
563,r_0704,leukotriene A4 hydrolase,-1000.0,1000.0,Arachidonic acid metabolism,False,YNL045W,s_0808 + s_1080 <=> s_0014
564,r_0705,leukotriene A4 hydrolase,-1000.0,1000.0,Arachidonic acid metabolism,False,YNL045W,s_0803 + s_1079 <=> s_0608
565,r_0706,leukotriene A4 hydrolase,-1000.0,1000.0,Arachidonic acid metabolism,False,YNL045W,s_0808 + s_1080 <=> s_0609
566,r_0707,leukotriene A4 hydrolase,-1000.0,1000.0,Arachidonic acid metabolism,False,YNL045W,s_0803 + s_1079 <=> s_1081
567,r_0708,leukotriene A4 hydrolase,-1000.0,1000.0,Arachidonic acid metabolism,False,YNL045W,s_0808 + s_1080 <=> s_1082
568,r_0711,lysyl-tRNA synthetase,0.0,1000.0,tRNA metabolism,False,YDR037W,s_0434 + s_1025 + s_1600 --> s_0423 + s_0633 + s_1099
569,r_0712,lysyl-tRNA synthetase,0.0,1000.0,tRNA metabolism,False,YNL073W,s_0437 + s_1027 + s_1601 --> s_0424 + s_0636 + s_1100
570,r_0713,malate dehydrogenase,0.0,1000.0,Citrate cycle (TCA cycle),False,YKL085W,s_0068 + s_1200 --> s_0799 + s_1205 + s_1273
571,r_0714,"malate dehydrogenase, cytoplasmic",0.0,1000.0,Citrate cycle (TCA cycle),False,YOL126C,s_0066 + s_1198 --> s_0794 + s_1203 + s_1271
572,r_0715,"malate dehydrogenase, peroxisomal",-1000.0,1000.0,Citrate cycle (TCA cycle),False,YDL078C,s_0069 + s_1202 <=> s_0801 + s_1206 + s_1274
573,r_0716,malate synthase,0.0,1000.0,Pyruvate metabolism,False,YIR031C or YNL117W,s_0373 + s_0779 + s_0803 --> s_0066 + s_0529 + s_0794
574,r_0717,malate synthase,0.0,1000.0,Pyruvate metabolism,False,YNL117W,s_0378 + s_0781 + s_0809 --> s_0069 + s_0534 + s_0801
575,r_0718,malic enzyme (NAD),0.0,1000.0,Pyruvate metabolism,False,YKL029C,s_0068 + s_1200 --> s_0460 + s_1205 + s_1401
576,r_0719,malic enzyme (NADP),0.0,1000.0,Pyruvate metabolism,False,YKL029C,s_0068 + s_1210 --> s_0460 + s_1214 + s_1401
577,r_0721,malonyl-CoA-ACP transacylase,-1000.0,1000.0,Fatty acid biosynthesis,False,YKL192C and YOR221C,s_1104 + s_1845 <=> s_0465 + s_0532
578,r_0722,mannose-1-phosphate guanylyltransferase,0.0,1000.0,Fructose and mannose metabolism,False,YDL055C,s_0573 + s_0785 + s_0794 --> s_0633 + s_0743
579,r_0723,mannose-6-phosphate isomerase,-1000.0,1000.0,Fructose and mannose metabolism,False,YER003C,s_0574 <=> s_0557
580,r_0724,methenyltetrahydrifikate cyclohydrolase,-1000.0,1000.0,One carbon pool by folate,False,YBR084W,s_0305 + s_0807 <=> s_0121 + s_0799
581,r_0725,methenyltetrahydrofolate cyclohydrolase,-1000.0,1000.0,One carbon pool by folate,False,YGR204W,s_0304 + s_0803 <=> s_0120 + s_0794
582,r_0726,methionine adenosyltransferase,0.0,1000.0,Cysteine and methionine metabolism,False,YDR502C or YLR180W,s_0434 + s_0803 + s_1029 --> s_0633 + s_1322 + s_1416
583,r_0727,methionine synthase,0.0,1000.0,Cysteine and methionine metabolism,False,YER091C,s_0322 + s_1012 --> s_1029 + s_1487
584,r_0728,methionyl-tRNA formyltransferase,0.0,1000.0,tRNA metabolism,False,YBL013W,s_0121 + s_1149 --> s_0713 + s_0799 + s_1488
585,r_0729,methionyl-tRNA synthetase,0.0,1000.0,tRNA metabolism,False,YGR264C,s_0434 + s_1029 + s_1602 --> s_0423 + s_0633 + s_1148
586,r_0730,methionyl-tRNA synthetase,0.0,1000.0,tRNA metabolism,False,YGR171C,s_0437 + s_1031 + s_1603 --> s_0424 + s_0636 + s_1149
587,r_0731,methylenetetrahydrofolate dehydrogenase (NAD),0.0,1000.0,One carbon pool by folate,False,YKR080W,s_0306 + s_1198 --> s_0304 + s_1203
588,r_0732,methylenetetrahydrofolate dehydrogenase (NADP),-1000.0,1000.0,One carbon pool by folate,False,YGR204W,s_0306 + s_1207 <=> s_0304 + s_1212
589,r_0733,methylenetetrahydrofolate dehydrogenase (NADP),-1000.0,1000.0,One carbon pool by folate,False,YBR084W,s_0307 + s_1210 <=> s_0305 + s_1214
590,r_0734,methylisocitrate lyase,0.0,1000.0,Propanoate metabolism,False,YPR006C,s_0012 --> s_1401 + s_1460
591,r_0735,mevalonate kinase (atp),0.0,1000.0,Terpenoid backbone biosynthesis,False,YMR208W,s_0028 + s_0434 --> s_0019 + s_0394 + s_0794
592,r_0736,mevalonate kinase (ctp),0.0,1000.0,Terpenoid backbone biosynthesis,False,YMR208W,s_0028 + s_0539 --> s_0019 + s_0467 + s_0794
593,r_0737,mevalonate kinase (gtp),0.0,1000.0,Terpenoid backbone biosynthesis,False,YMR208W,s_0028 + s_0785 --> s_0019 + s_0739 + s_0794
594,r_0738,mevalonate kinase (UTP),0.0,1000.0,Terpenoid backbone biosynthesis,False,YMR208W,s_0028 + s_1559 --> s_0019 + s_0794 + s_1538
595,r_0739,mevalonate pyrophoshate decarboxylase,0.0,1000.0,Terpenoid backbone biosynthesis,False,YNR043W,s_0018 + s_0434 --> s_0394 + s_0456 + s_0943 + s_1322
596,r_0747,MIPC synthase,0.0,1000.0,Sphingoglycolipid metabolism,False,(YBR036C and YBR161W) or (YBR036C and YPL057C),s_0744 + s_0895 --> s_0740 + s_0797 + s_1117
597,r_0748,MIPC synthase,0.0,1000.0,Sphingoglycolipid metabolism,False,(YBR036C and YBR161W) or (YBR036C and YPL057C),s_0744 + s_0898 --> s_0740 + s_0797 + s_1120
598,r_0749,MIPC synthase,0.0,1000.0,Sphingoglycolipid metabolism,False,(YBR036C and YBR161W) or (YBR036C and YPL057C),s_0744 + s_0907 --> s_0740 + s_0797 + s_1129
599,r_0750,MIPC synthase,0.0,1000.0,Sphingoglycolipid metabolism,False,(YBR036C and YBR161W) or (YBR036C and YPL057C),s_0744 + s_0910 --> s_0740 + s_0797 + s_1132
600,r_0751,MIPC synthase,0.0,1000.0,Sphingoglycolipid metabolism,False,(YBR036C and YBR161W) or (YBR036C and YPL057C),s_0744 + s_0901 --> s_0740 + s_0797 + s_1123
601,r_0752,MIPC synthase,0.0,1000.0,Sphingoglycolipid metabolism,False,(YBR036C and YBR161W) or (YBR036C and YPL057C),s_0744 + s_0904 --> s_0740 + s_0797 + s_1126
602,r_0753,MIPC synthase,0.0,1000.0,Sphingoglycolipid metabolism,False,(YBR036C and YBR161W) or (YBR036C and YPL057C),s_0744 + s_0913 --> s_0740 + s_0797 + s_1135
603,r_0754,MIPC synthase,0.0,1000.0,Sphingoglycolipid metabolism,False,(YBR036C and YBR161W) or (YBR036C and YPL057C),s_0744 + s_0916 --> s_0740 + s_0797 + s_1138
604,r_0755,MIPC synthase,0.0,1000.0,Sphingoglycolipid metabolism,False,(YBR036C and YBR161W) or (YBR036C and YPL057C),s_0744 + s_0919 --> s_0740 + s_0797 + s_1141
605,r_0756,MIPC synthase,0.0,1000.0,Sphingoglycolipid metabolism,False,(YBR036C and YBR161W) or (YBR036C and YPL057C),s_0744 + s_0922 --> s_0740 + s_0797 + s_1144
606,r_0757,myo-inositol 1-phosphatase,0.0,1000.0,Inositol phosphate metabolism,False,YDR287W or YHR046C,s_0126 + s_0803 --> s_1153 + s_1322
607,r_0758,myo-inositol-1-phosphate synthase,0.0,1000.0,Inositol phosphate metabolism,False,YJL153C,s_0568 --> s_0126
608,r_0759,N-acetyl-g-glutamyl-phosphate reductase,0.0,1000.0,Arginine biosynthesis,False,YER069W,s_0799 + s_1191 + s_1214 --> s_0145 + s_1210 + s_1326
609,r_0760,N-acetylglucosamine-6-phosphate synthase,0.0,1000.0,Amino sugar and nucleotide sugar metabolism,False,YFL017C,s_0373 + s_0412 --> s_0529 + s_0794 + s_1190
610,r_0761,N-acteylglutamate synthase,-1000.0,1000.0,Arginine biosynthesis,False,YJL071W or YMR062C,s_0376 + s_0993 <=> s_0532 + s_0799 + s_1192
611,r_0762,N-formyl-L-kynurenine amidohydrolase,0.0,1000.0,Tryptophan metabolism,False,YDR428C,s_0803 + s_1195 --> s_0722 + s_0794 + s_1020
612,r_0763,N-formyltyrosine oxidase,0.0,1000.0,Tryptophan metabolism,False,YDR402C and YDR403W,s_0794 + 2.0 s_1196 + s_1212 --> s_1185 + s_1207
613,r_0764,NAD diphosphatase,0.0,1000.0,Nicotinate and nicotinamide metabolism,False,YGL067W,s_0809 + s_1202 --> s_0426 + 2.0 s_0801 + s_1228
614,r_0765,NAD kinase,0.0,1000.0,Nicotinate and nicotinamide metabolism,False,YEL041W or YJR049C,s_0434 + s_1198 --> s_0394 + s_0794 + s_1207
615,r_0766,NAD kinase,0.0,1000.0,Nicotinate and nicotinamide metabolism,False,YEL041W or YJR049C or YPL188W,s_0437 + s_1200 --> s_0397 + s_0799 + s_1210
616,r_0767,NAD nucleosidase nuclear,0.0,1000.0,Nicotinate and nicotinamide metabolism,False,YDL042C or YDR191W or YOL068C or YOR025W or YPL015C,s_0808 + s_1201 --> s_0402 + s_0800 + s_1217
617,r_0768,NAD synthase,0.0,1000.0,Nicotinate and nicotinamide metabolism,False,YHR074W,s_0434 + s_0591 + s_0803 + s_0999 --> s_0423 + s_0633 + s_0794 + s_0991 + s_1198
618,r_0769,NAD synthase,-1000.0,1000.0,Nicotinate and nicotinamide metabolism,False,YHR074W,s_0438 + s_0593 + s_0808 + s_1001 <=> s_0425 + s_0637 + s_0800 + s_0994 + s_1201
619,r_0770,"NADH dehydrogenase, cytosolic/mitochondrial",0.0,1000.0,Oxidative phosphorylation,False,YDL085W or YMR145C,s_0794 + s_1203 + s_1537 --> s_1198 + s_1535
620,r_0771,NADH kinase,0.0,1000.0,Nicotinate and nicotinamide metabolism,False,YEL041W or YJR049C,s_0434 + s_1203 --> s_0394 + s_0794 + s_1212
621,r_0772,NADH kinase mitochondrial,0.0,1000.0,Nicotinate and nicotinamide metabolism,False,YEL041W or YJR049C or YPL188W,s_0437 + s_1205 --> s_0397 + s_0799 + s_1214
622,r_0773,NADH:ubiquinone oxidoreductase,0.0,1000.0,Oxidative phosphorylation,False,YML120C,s_0799 + s_1205 + s_1537 --> s_1200 + s_1535
623,r_0774,NAPRtase,0.0,1000.0,Nicotinate and nicotinamide metabolism,False,YOR209C,s_0434 + s_0794 + s_1219 + s_1386 --> s_0394 + s_0633 + s_1222 + s_1322
624,r_0775,NAPRtase,0.0,1000.0,Nicotinate and nicotinamide metabolism,False,YOR209C,s_0437 + s_0799 + s_1221 + s_1387 --> s_0397 + s_0636 + s_1223 + s_1326
625,r_0781,nicotinamidase,0.0,1000.0,Nicotinate and nicotinamide metabolism,False,YGL037C,s_0803 + s_1216 --> s_0419 + s_1219
626,r_0782,nicotinamide N-methyltransferase,0.0,1000.0,Nicotinate and nicotinamide metabolism,False,YLR285W,s_1216 + s_1416 --> s_0087 + s_1413
627,r_0783,nicotinamide-nucleotide adenylyltransferase,0.0,1000.0,Nicotinate and nicotinamide metabolism,False,YCL047C or YLR328W,s_0434 + s_0794 + s_1224 --> s_0633 + s_1198
628,r_0784,nicotinamide-nucleotide adenylyltransferase,0.0,1000.0,Nicotinate and nicotinamide metabolism,False,YGR010W or YLR328W,s_0438 + s_0800 + s_1227 --> s_0637 + s_1201
629,r_0785,nicotinate-nucleotide adenylyltransferase,0.0,1000.0,Nicotinate and nicotinamide metabolism,False,YGR010W or YLR328W,s_0434 + s_0794 + s_1222 --> s_0591 + s_0633
630,r_0786,nicotinate-nucleotide diphosphorylase (carboxylating),0.0,1000.0,Nicotinate and nicotinamide metabolism,False,YFR047C,2.0 s_0794 + s_1386 + s_1403 --> s_0456 + s_0633 + s_1222
631,r_0787,nicotinate-nucleotide diphosphorylase (carboxylating),0.0,1000.0,Nicotinate and nicotinamide metabolism,False,YFR047C,2.0 s_0799 + s_1387 + s_1404 --> s_0460 + s_0636 + s_1223
632,r_0788,nucleoside diphosphatase,0.0,1000.0,Purine metabolism,False,YER005W,s_0394 + s_0803 --> s_0423 + s_0794 + s_1322
633,r_0789,nucleoside diphosphatase,0.0,1000.0,Purine metabolism,False,YER005W,s_0739 + s_0803 --> s_0782 + s_0794 + s_1322
634,r_0790,nucleoside diphosphatase,0.0,1000.0,Pyrimidine metabolism,False,YER005W,s_0803 + s_1538 --> s_0794 + s_1322 + s_1545
635,r_0791,nucleoside diphosphatase,0.0,1000.0,Pyrimidine metabolism,False,YEL042W,s_0806 + s_1539 --> s_0797 + s_1325 + s_1546
636,r_0792,nucleoside diphosphatase,0.0,1000.0,Pyrimidine metabolism,False,YER005W,s_0467 + s_0803 --> s_0526 + s_0794 + s_1322
637,r_0793,nucleoside diphosphatase,0.0,1000.0,Purine metabolism,False,YER005W,s_0803 + s_0846 --> s_0794 + s_0849 + s_1322
638,r_0795,nucleoside diphosphate kinase,0.0,1000.0,Pyrimidine metabolism,False,YKL067W,s_0434 + s_0467 --> s_0394 + s_0539
639,r_0796,nucleoside diphosphate kinase,0.0,1000.0,Purine metabolism,False,YKL067W,s_0434 + s_0582 --> s_0394 + s_0586
640,r_0797,nucleoside diphosphate kinase,0.0,1000.0,Pyrimidine metabolism,False,YKL067W,s_0434 + s_0587 --> s_0394 + s_0590
641,r_0798,nucleoside diphosphate kinase,0.0,1000.0,Purine metabolism,False,YKL067W,s_0434 + s_0613 --> s_0394 + s_0617
642,r_0799,nucleoside diphosphate kinase,0.0,1000.0,Pyrimidine metabolism,False,YKL067W,s_0434 + s_0647 --> s_0394 + s_0650
643,r_0800,nucleoside diphosphate kinase,0.0,1000.0,Purine metabolism,False,YKL067W,s_0434 + s_0739 --> s_0394 + s_0785
644,r_0801,nucleoside diphosphate kinase,0.0,1000.0,Purine metabolism,False,YKL067W,s_0434 + s_0846 --> s_0394 + s_0950
645,r_0802,nucleoside diphosphate kinase,-1000.0,1000.0,Purine metabolism,False,YKL067W,s_0434 + s_0618 <=> s_0394 + s_0639
646,r_0803,nucleoside diphosphate kinase,-1000.0,1000.0,Pyrimidine metabolism,False,YKL067W,s_0434 + s_0652 <=> s_0394 + s_0656
647,r_0804,nucleoside triphosphatase,0.0,1000.0,Purine metabolism,False,YAL035W or YLL001W or YER005W,s_0785 + s_0803 --> s_0739 + s_0794 + s_1322
648,r_0805,nucleoside triphosphatase,0.0,1000.0,Pyrimidine metabolism,False,YER005W,s_0803 + s_1559 --> s_0794 + s_1322 + s_1538
649,r_0806,nucleoside triphosphatase,0.0,1000.0,Pyrimidine metabolism,False,YER005W,s_0539 + s_0803 --> s_0467 + s_0794 + s_1322
650,r_0807,nucleoside triphosphatase,0.0,1000.0,Purine metabolism,False,YER005W,s_0803 + s_0950 --> s_0794 + s_0846 + s_1322
651,r_0810,"nucleoside-diphosphatase (GDP), Golgi",0.0,1000.0,Purine metabolism,False,YEL042W,s_0740 + s_0806 --> s_0783 + s_0797 + s_1325
652,r_0811,nucleoside-diphosphate kinase (ATP:UDP),0.0,1000.0,Pyrimidine metabolism,False,YKL067W,s_0434 + s_1538 --> s_0394 + s_1559
653,r_0812,O-acetylhomoserine (thiol)-lyase,0.0,1000.0,Cysteine and methionine metabolism,False,YLR303W,s_1150 + s_1233 --> s_0362 + s_0794 + s_1029
654,r_0813,O-acetylhomoserine (thiol)-lyase,0.0,1000.0,Cysteine and methionine metabolism,False,YLR303W,s_0841 + s_1233 --> s_0362 + s_1012
655,r_0815,O-succinylhomoserine lyase (L-cysteine),0.0,1000.0,Cysteine and methionine metabolism,False,YLL058W or YML082W or YAL012W,s_0981 + s_1241 --> s_0794 + s_0980 + s_1458
656,r_0816,ornithine carbamoyltransferase,0.0,1000.0,Arginine biosynthesis,False,YJL088W,s_0455 + s_1266 --> s_0794 + s_0979 + s_1322
657,r_0817,ornithine decarboxylase,0.0,1000.0,Arginine and proline metabolism,False,YKL184W,s_0794 + s_1266 --> s_0456 + s_1389
658,r_0818,ornithine transacetylase,0.0,1000.0,Arginine biosynthesis,False,YMR062C,s_0993 + s_1182 --> s_1192 + s_1268
659,r_0819,ornithine transaminase,0.0,1000.0,Arginine and proline metabolism,False,YLR438W,s_0180 + s_1266 --> s_0991 + s_0997
660,r_0820,orotate phosphoribosyltransferase,-1000.0,1000.0,Pyrimidine metabolism,False,YML106W or YMR271C,s_0633 + s_1270 <=> s_1269 + s_1386
661,r_0821,orotidine-5'-phosphate decarboxylase,0.0,1000.0,Pyrimidine metabolism,False,YEL021W,s_0794 + s_1270 --> s_0456 + s_1545
662,r_0831,oxoglutarate dehydrogenase (dihydrolipoamide S-succinyltransferase),0.0,1000.0,Citrate cycle (TCA cycle),False,(YDR148C and YFL018C and YIL125W and YFR049W) or (YDR148C and YFL018C and YIL125W),s_0532 + s_1411 --> s_0627 + s_1464
663,r_0832,oxoglutarate dehydrogenase (lipoamide),0.0,1000.0,Citrate cycle (TCA cycle),False,(YDR148C and YFL018C and YIL125W and YFR049W) or (YDR148C and YFL018C and YIL125W),s_0182 + s_0799 + s_1097 --> s_0460 + s_1411
664,r_0841,pantetheine-phosphate adenylyltransferase,0.0,1000.0,Pantothenate and coa biosynthesis,False,YGR277C,s_0434 + s_0794 + s_1307 --> s_0197 + s_0633
665,r_0842,pantothenate kinase,0.0,1000.0,Pantothenate and coa biosynthesis,False,YDR531W,s_0031 + s_0434 --> s_0017 + s_0394 + s_0794
666,r_0843,pantothenate synthase,0.0,1000.0,Pantothenate and coa biosynthesis,False,YIL145C,s_0030 + s_0434 + s_0441 --> s_0031 + s_0423 + s_0633 + s_0794
667,r_0844,peroxisomal acyl-CoA thioesterase,0.0,1000.0,Biosynthesis of unsaturated fatty acids,False,YJR019C,s_0605 + s_0809 --> s_0534 + s_0600 + s_0801
668,r_0845,peroxisomal acyl-CoA thioesterase,0.0,1000.0,Biosynthesis of unsaturated fatty acids,False,YJR019C,s_0809 + s_1076 --> s_0534 + s_0801 + s_1070
669,r_0847,peroxisomal acyl-CoA thioesterase,0.0,1000.0,Biosynthesis of unsaturated fatty acids,False,YJR019C,s_0809 + s_1305 --> s_0534 + s_0801 + s_1291
670,r_0848,peroxisomal acyl-CoA thioesterase,0.0,1000.0,Biosynthesis of unsaturated fatty acids,False,YJR019C,s_0809 + s_1179 --> s_0534 + s_0801 + s_1166
671,r_0849,peroxisomal acyl-CoA thioesterase,0.0,1000.0,Biosynthesis of unsaturated fatty acids,False,YJR019C,s_0809 + s_1457 --> s_0534 + s_0801 + s_1451
672,r_0850,peroxisomal acyl-CoA thioesterase,0.0,1000.0,Biosynthesis of unsaturated fatty acids,False,YJR019C,s_0809 + s_1258 --> s_0534 + s_0801 + s_1253
673,r_0851,phenylalanine transaminase,-1000.0,1000.0,"Phenylalanine, tyrosine and tryptophan biosynthesis",False,YGL202W,s_0180 + s_1032 <=> s_0951 + s_0991
674,r_0852,phenylalanyl-tRNA synthetase,0.0,1000.0,tRNA metabolism,False,YFL022C and YLR060W,s_0434 + s_1032 + s_1604 --> s_0423 + s_0633 + s_1314
675,r_0853,phenylalanyl-tRNA synthetase,0.0,1000.0,tRNA metabolism,False,YPR047W,s_0437 + s_1034 + s_1605 --> s_0424 + s_0636 + s_1315
676,r_0854,phenylpyruvate decarboxylase,0.0,1000.0,Phenylalanine metabolism,False,YDR380W,s_0794 + s_0951 --> s_0456 + s_1318
677,r_0855,phopshoribosylaminoimidazole synthetase,0.0,1000.0,Purine metabolism,False,YGL234W,s_0302 + s_0434 --> s_0300 + s_0394 + s_0794 + s_1322
678,r_0882,phosphoacetylglucosamine mutase,-1000.0,1000.0,Amino sugar and nucleotide sugar metabolism,False,YEL058W,s_1190 <=> s_1189
679,r_0883,phosphoadenylyl-sulfate reductase (thioredoxin),0.0,1000.0,Sulfur metabolism,False,(YGR209C and YPR167C) or (YLR043C and YPR167C),s_0201 + s_1616 --> s_0390 + s_0794 + s_1469 + s_1620
680,r_0884,phosphoenolpyruvate carboxykinase,0.0,1000.0,Glycolysis / gluconeogenesis,False,YKR097W,s_0434 + s_1271 --> s_0394 + s_0456 + s_1360
681,r_0885,phosphoethanolamine cytidyltransferase,0.0,1000.0,Glycerophospholipid metabolism,False,YGR007W,s_0539 + s_0794 + s_1239 --> s_0474 + s_0633
682,r_0886,phosphofructokinase,0.0,1000.0,Glycolysis / gluconeogenesis,False,YGR240C and YMR205C,s_0434 + s_0557 --> s_0394 + s_0555 + s_0794
683,r_0887,phosphofructokinase (s7p),0.0,1000.0,Glycolysis / gluconeogenesis,False,YGR240C and YMR205C,s_0434 + s_1427 --> s_0394 + s_0794 + s_1426
684,r_0888,phosphoglucomutase,-1000.0,1000.0,Pentose phosphate pathway,False,YMR105C or YKL127W,s_0568 <=> s_0567
685,r_0889,phosphogluconate dehydrogenase,0.0,1000.0,Pentose phosphate pathway,False,YGR256W or YHR183W,s_0340 + s_1207 --> s_0456 + s_0577 + s_1212
686,r_0890,phosphoglucosamine mutase,-1000.0,1000.0,Amino sugar and nucleotide sugar metabolism,False,YEL058W,s_0411 <=> s_0412
687,r_0891,phosphoglycerate dehydrogenase,0.0,1000.0,"Glycine, serine and threonine metabolism",False,YER081W or YIL074C,s_0260 + s_1198 --> s_0258 + s_0794 + s_1203
688,r_0892,phosphoglycerate kinase,-1000.0,1000.0,Glycolysis / gluconeogenesis,False,YCR012W,s_0075 + s_0394 <=> s_0260 + s_0434
689,r_0893,phosphoglycerate mutase,-1000.0,1000.0,Glycolysis / gluconeogenesis,False,YOR283W or YKL152C,s_0260 <=> s_0188
690,r_0902,phosphomannomutase,-1000.0,1000.0,Fructose and mannose metabolism,False,YFL045C,s_0573 <=> s_0574
691,r_0903,phosphomethylpyrimidine kinase,0.0,1000.0,Thiamine metabolism,False,YOL055C or YPL258C or YPR121W,s_0268 + s_0434 --> s_0267 + s_0394
692,r_0904,phosphomevalonate kinase,0.0,1000.0,Terpenoid backbone biosynthesis,False,YMR220W,s_0019 + s_0434 --> s_0018 + s_0394
693,r_0905,phosphopantothenate-cysteine ligase,0.0,1000.0,Pantothenate and coa biosynthesis,False,YIL083C,s_0017 + s_0539 + s_0981 --> s_0526 + s_0633 + s_0794 + s_1188
694,r_0906,phosphopantothenoylcysteine decarboxylase,0.0,1000.0,Pantothenate and coa biosynthesis,False,YKL088W and YKR072C and YOR054C,s_0794 + s_1188 --> s_0456 + s_1307
695,r_0907,phosphopentomutase,-1000.0,1000.0,Pentose phosphate pathway,False,YKL127W or YMR105C or YMR278W,s_0415 <=> s_1408
696,r_0908,phosphoribosyl amino imidazolesuccinocarbozamide synthetase,0.0,1000.0,Purine metabolism,False,YAR015W,s_0434 + s_0973 + s_1364 --> s_0299 + s_0394 + 2.0 s_0794 + s_1322
697,r_0909,phosphoribosyl-AMP cyclohydrolase,0.0,1000.0,Histidine metabolism,False,YCL030C,s_0078 + s_0803 --> s_0077
698,r_0910,phosphoribosyl-ATP pyrophosphatase,0.0,1000.0,Histidine metabolism,False,YCL030C,s_0326 + s_0803 --> s_0078 + s_0633 + s_0794
699,r_0911,phosphoribosylaminoimidazole-carboxylase,0.0,1000.0,Purine metabolism,False,YOR128C,s_0300 + s_0456 --> s_0794 + s_1364
700,r_0912,phosphoribosylaminoimidazolecarboxamide formyltransferase,-1000.0,1000.0,Purine metabolism,False,YLR028C or YMR120C,s_0120 + s_0403 <=> s_1365 + s_1487
701,r_0913,phosphoribosylanthranilate isomerase,0.0,1000.0,"Phenylalanine, tyrosine and tryptophan biosynthesis",False,YDR007W,s_1187 --> s_0076
702,r_0914,phosphoribosylglycinamidine synthetase,0.0,1000.0,Purine metabolism,False,YGL234W,s_0327 + s_0434 + s_1003 --> s_0325 + s_0394 + s_0794 + s_1322
703,r_0915,phosphoribosylpyrophosphate amidotransferase,0.0,1000.0,Purine metabolism,False,YMR300C,s_0803 + s_0999 + s_1386 --> s_0327 + s_0633 + s_0991
704,r_0916,phosphoribosylpyrophosphate synthetase,0.0,1000.0,Pentose phosphate pathway,False,(YKL181W and YER099C) or (YKL181W and YHL011C) or (YKL181W and YBL068W) or (YER099C and YOL061W) or (YBL068W and YOL061W),s_0434 + s_1408 --> s_0423 + s_0794 + s_1386
705,r_0917,phosphoserine phosphatase (L-serine),0.0,1000.0,"Glycine, serine and threonine metabolism",False,YGR208W,s_0259 + s_0803 --> s_1039 + s_1322
706,r_0918,phosphoserine transaminase,0.0,1000.0,"Glycine, serine and threonine metabolism",False,YOR184W,s_0258 + s_0991 --> s_0180 + s_0259
707,r_0919,phytoceramidase,0.0,1000.0,Sphingolipid metabolism,False,YBR183W,s_1085 + s_1366 --> s_0481 + s_0804
708,r_0920,phytoceramidase,0.0,1000.0,Tryptophan metabolism,False,YDR402C,s_0507 + s_1366 --> s_0484 + s_0804
709,r_0921,Phytosphingosine phosphate lyase,0.0,1000.0,Sphingolipid metabolism,False,YDR294C,s_1367 --> s_0161 + s_1240
710,r_0922,phytosphingosine synthesis,0.0,1000.0,Sphingolipid metabolism,False,YDR297W,s_0795 + s_1213 + s_1276 + s_1445 --> s_0804 + s_1208 + s_1366
711,r_0929,polyamine oxidase,0.0,1000.0,Arginine and proline metabolism,False,YMR020W,s_0803 + s_1180 + s_1275 --> s_0208 + s_0837 + s_1193
712,r_0935,porphobilinogen synthase,0.0,1000.0,Porphyrin and chlorophyll metabolism,False,YGL040C,2.0 s_0315 --> s_0794 + 2.0 s_0803 + s_1372
713,r_0936,poylamine oxidase,0.0,1000.0,Arginine and proline metabolism,False,YMR020W,s_0803 + s_1181 + s_1275 --> s_0208 + s_0837 + s_1180
714,r_0937,poylamine oxidase,0.0,1000.0,Arginine and proline metabolism,False,YMR020W,s_0803 + s_1275 + s_1442 --> s_0208 + s_0837 + s_1439
715,r_0938,prephenate dehydratase,0.0,1000.0,"Phenylalanine, tyrosine and tryptophan biosynthesis",False,YNL316C,s_0794 + s_1377 --> s_0456 + s_0803 + s_0951
716,r_0939,prephenate dehydrogenase (NADP),0.0,1000.0,"Phenylalanine, tyrosine and tryptophan biosynthesis",False,YBR166C,s_1207 + s_1377 --> s_0204 + s_0456 + s_1212
717,r_0940,proline oxidase (NAD),0.0,1000.0,Arginine and proline metabolism,False,YLR142W,s_0688 + s_1037 --> s_0119 + s_0690
718,r_0941,prolyl-tRNA synthetase,0.0,1000.0,tRNA metabolism,False,YHR020W,s_0434 + s_1035 + s_1606 --> s_0423 + s_0633 + s_1379
719,r_0942,protoporphyrinogen oxidase,0.0,1000.0,Porphyrin and chlorophyll metabolism,False,YER014W,3.0 s_1278 + 2.0 s_1385 --> 6.0 s_0807 + 2.0 s_1383
720,r_0943,purine-nucleoside phosphorylase,0.0,1000.0,Nicotinate and nicotinamide metabolism,False,YLR209C,s_1218 + s_1322 --> s_0415 + s_0794 + s_1216
721,r_0949,guanosine phosphorylase,-1000.0,1000.0,Purine metabolism,False,YLR209C,s_0790 + s_1322 <=> s_0415 + s_0787
722,r_0950,guanosine phosphorylase,-1000.0,1000.0,Purine metabolism,False,YLR209C,s_0792 + s_1326 <=> s_0416 + s_0789
723,r_0951,inosine phosphorylase,-1000.0,1000.0,Purine metabolism,False,YLR209C,s_0856 + s_1322 <=> s_0415 + s_0843
724,r_0953,pyridoxal oxidase,0.0,1000.0,Vitamin b6 metabolism,False,YBR035C,s_0419 + 2.0 s_0803 + 0.5 s_1275 + s_1392 --> 2.0 s_0837 + s_1394
725,r_0954,pyridoxamine 5'-phosphate oxidase,0.0,1000.0,Vitamin b6 metabolism,False,YBR035C,s_0803 + s_1275 + s_1395 --> s_0419 + s_0837 + s_1393
726,r_0955,pyridoxine 5'-phosphate oxidase,0.0,1000.0,Vitamin b6 metabolism,False,YBR035C,s_1275 + s_1398 --> s_0837 + s_1393
727,r_0956,pyridoxine oxidase,0.0,1000.0,Vitamin b6 metabolism,False,YBR035C,s_1275 + s_1396 --> s_0837 + s_1392
728,r_0957,pyrroline-5-carboxylate reductase,0.0,1000.0,Arginine and proline metabolism,False,YER023W,s_0118 + 2.0 s_0794 + s_1212 --> s_1035 + s_1207
729,r_0958,pyruvate carboxylase,0.0,1000.0,Pyruvate metabolism,False,YBR218C or YGL062W,s_0434 + s_0445 + s_1399 --> s_0394 + s_0794 + s_1271 + s_1322
730,r_0959,pyruvate decarboxylase,0.0,1000.0,Glycolysis / gluconeogenesis,False,YGR087C or YLR044C or YLR134W,s_0794 + s_1399 --> s_0359 + s_0456
731,r_0960,pyruvate decarboxylase (acetoin-forming),0.0,1000.0,Glycolysis / gluconeogenesis,False,YGR087C or YLR044C or YLR134W,s_0359 + s_0794 + s_1399 --> s_0020 + s_0456
732,r_0961,pyruvate dehydrogenase,0.0,1000.0,Glycolysis / gluconeogenesis,False,YBR221C and YER178W and YFL018C and YGR193C and YNL071W,s_0532 + s_1200 + s_1401 --> s_0376 + s_0460 + s_1205
733,r_0962,pyruvate kinase,0.0,1000.0,Glycolysis / gluconeogenesis,False,YAL038W or YOR347C,s_0394 + s_0794 + s_1360 --> s_0434 + s_1399
734,r_0963,quinone oxidoreductase,0.0,1000.0,Ubiquinone and other terpenoid-quinone biosynthesis,False,YDR204W and YGR255C and YLR201C and YML110C and YOL096C and YOR125C,s_0156 + s_0799 + s_1205 + s_1278 --> s_0154 + s_0807 + s_1200
735,r_0964,reduced glutathione via ABC system,0.0,1000.0,"Transport [c, v]",False,YDR135C,s_0434 + s_0750 + s_0803 --> s_0394 + s_0753 + s_0794 + s_1322
736,r_0965,riboflavin kinase,0.0,1000.0,Riboflavin metabolism,False,YDR236C,s_0434 + s_1405 --> s_0394 + s_0714 + s_0794
737,r_0966,riboflavin kinase,0.0,1000.0,Riboflavin metabolism,False,YDR236C,s_0437 + s_1407 --> s_0397 + s_0716 + s_0799
738,r_0967,riboflavin synthase,0.0,1000.0,Riboflavin metabolism,False,YOL143C,s_0158 + s_0314 --> s_0328 + s_0794 + 2.0 s_0803 + s_1322
739,r_0968,riboflavin synthase,0.0,1000.0,Riboflavin metabolism,False,YBR256C,2.0 s_0328 + s_0794 --> s_0314 + s_1405
740,r_0969,ribokinase,0.0,1000.0,Pentose phosphate pathway,False,YCR036W,s_0434 + s_0575 --> s_0394 + s_0794 + s_1408
741,r_0970,ribonucleoside-triphosphate reductase (ATP),0.0,1000.0,Purine metabolism,False,YGR209C,s_0434 + s_0794 + s_1616 --> s_0586 + s_0803 + s_1620
742,r_0971,ribonucleoside-triphosphate reductase (CTP),0.0,1000.0,Pyrimidine metabolism,False,YGR209C,s_0539 + s_0794 + s_1616 --> s_0590 + s_0803 + s_1620
743,r_0972,ribonucleoside-triphosphate reductase (GTP),0.0,1000.0,Purine metabolism,False,YGR209C,s_0785 + s_0794 + s_1616 --> s_0617 + s_0803 + s_1620
744,r_0973,ribonucleoside-triphosphate reductase (UTP),0.0,1000.0,Pyrimidine metabolism,False,YGR209C,s_0794 + s_1559 + s_1616 --> s_0656 + s_0803 + s_1620
745,r_0974,ribonucleotide reductase,0.0,1000.0,Purine metabolism,False,YER070W or YGR180C or YIL066C or YJL026W,s_0394 + s_0794 + s_1616 --> s_0582 + s_0803 + s_1620
746,r_0975,ribonucleotide reductase,0.0,1000.0,Purine metabolism,False,YER070W or YGR180C or YIL066C or YJL026W,s_0398 + s_0800 + s_1618 --> s_0583 + s_0808 + s_1622
747,r_0976,ribonucleotide reductase,0.0,1000.0,Pyrimidine metabolism,False,YER070W or YGR180C or YIL066C or YJL026W,s_0467 + s_0794 + s_1616 --> s_0587 + s_0803 + s_1620
748,r_0977,ribonucleotide reductase,0.0,1000.0,Pyrimidine metabolism,False,YER070W or YGR180C or YIL066C or YJL026W,s_0468 + s_0800 + s_1618 --> s_0588 + s_0808 + s_1622
749,r_0978,ribonucleotide reductase,0.0,1000.0,Purine metabolism,False,YER070W or YGR180C or YIL066C or YJL026W,s_0739 + s_0794 + s_1616 --> s_0613 + s_0803 + s_1620
750,r_0979,ribonucleotide reductase,0.0,1000.0,Purine metabolism,False,YER070W or YGR180C or YIL066C or YJL026W,s_0742 + s_0800 + s_1618 --> s_0614 + s_0808 + s_1622
751,r_0982,ribose-5-phosphate isomerase,-1000.0,1000.0,Pentose phosphate pathway,False,YOR095C,s_0577 <=> s_1408
752,r_0983,ribosylnicotinamide kinase,0.0,1000.0,Nicotinate and nicotinamide metabolism,False,YNL129W,s_0434 + s_1218 --> s_0394 + s_0794 + s_1224
753,r_0984,ribulose 5-phosphate 3-epimerase,-1000.0,1000.0,Pentose phosphate pathway,False,YJL121C,s_0577 <=> s_0581
754,r_0985,"S-adenosyl-L-methionine:3-hexaprenyl-4,5-dihydroxylate O-methyltransferase",0.0,1000.0,Ubiquinone and other terpenoid-quinone biosynthesis,False,YDR204W and YGR255C and YLR201C and YML110C and YOL096C and YOR125C,s_0213 + s_1419 --> s_0214 + s_0799 + s_1415
755,r_0986,S-adenosyl-methionine delta-24-sterol-c-methyltransferase,0.0,1000.0,Steroid biosynthesis,False,YML008C,s_1416 + s_1569 --> s_0700 + s_0794 + s_1413
756,r_0987,S-formylglutathione hydralase,0.0,1000.0,Alternate carbon metabolism,False,YJL068C,s_0803 + s_1421 --> s_0722 + s_0750 + s_0794
757,r_0988,"saccharopine dehydrogenase (NAD, L-lysine forming)",0.0,1000.0,Lysine metabolism,False,YIR034C,s_0803 + s_1038 + s_1198 --> s_0180 + s_0794 + s_1025 + s_1203
758,r_0989,"saccharopine dehydrogenase (NADP, L-glutamate forming)",0.0,1000.0,Lysine metabolism,False,YNR050C,s_0794 + s_0959 + s_0991 + s_1212 --> s_0803 + s_1038 + s_1207
759,r_0990,"sedoheptulose 1,7-bisphosphate D-glyceraldehyde-3-phosphate-lyase",-1000.0,1000.0,Glycolysis / gluconeogenesis,False,YKL060C,s_1426 <=> s_0551 + s_0629
760,r_0992,serine O-acetyltransferase,0.0,1000.0,Cysteine and methionine metabolism,False,YHR013C and YDL040C and YOR253W,s_0373 + s_1039 --> s_0529 + s_1234
761,r_0993,serine palmitotransferase,0.0,1000.0,Sphingolipid metabolism,False,YMR296C and YKL212W and YDR062W and YGR038W and YLR350W and YBR058C-A,s_0795 + s_1040 + s_1303 --> s_0231 + s_0457 + s_0530
762,r_0995,seryl-tRNA synthetase,0.0,1000.0,tRNA metabolism,False,YDR023W or YHR011W,s_0434 + s_1039 + s_1607 --> s_0423 + s_0633 + s_1428
763,r_0996,shikimate dehydrogenase,0.0,1000.0,"Phenylalanine, tyrosine and tryptophan biosynthesis",False,YDR127W,s_0211 + s_0794 + s_1212 --> s_1207 + s_1429
764,r_0997,shikimate kinase,0.0,1000.0,"Phenylalanine, tyrosine and tryptophan biosynthesis",False,YDR127W,s_0434 + s_1429 --> s_0261 + s_0394 + s_0794
765,r_0998,sirohydrochlorin dehydrogenase,0.0,1000.0,Porphyrin and chlorophyll metabolism,False,YBR213W,s_1198 + s_1375 --> 2.0 s_0794 + s_1203 + s_1431
766,r_0999,sirohydrochlorin ferrochetalase,0.0,1000.0,Porphyrin and chlorophyll metabolism,False,YBR213W,s_0924 + s_1431 --> 2.0 s_0794 + s_1430
767,r_1000,fumarate reductase (FMN),-1000.0,1000.0,Cellular response to anaerobic conditions,False,YEL047C,s_0717 + s_0725 <=> s_0714 + s_0794 + s_1458
768,r_1001,spermidine synthase,0.0,1000.0,Arginine and proline metabolism,False,YPR069C,s_1389 + s_1420 --> s_0303 + s_0794 + s_1439
769,r_1002,spermine synthase,0.0,1000.0,Arginine and proline metabolism,False,YLR146C,s_1420 + s_1439 --> s_0303 + s_0794 + s_1442
770,r_1003,sphinganine phosphate lyase,0.0,1000.0,Sphingolipid metabolism,False,YDR294C,s_1446 --> s_0825 + s_1240
771,r_1004,sphingoid base-phosphate phosphatase (phytosphingosine 1-phosphate),0.0,1000.0,Sphingolipid metabolism,False,YJL134W or YKR053C,s_0804 + s_1367 --> s_1323 + s_1366
772,r_1005,sphingoid base-phosphate phosphatase (sphinganine 1-phosphatase),0.0,1000.0,Sphingolipid metabolism,False,YJL134W or YKR053C,s_0804 + s_1446 --> s_1323 + s_1445
773,r_1006,sphingolipid long chain base kinase (phytosphingosine),0.0,1000.0,Sphingolipid metabolism,False,YLR260W or YOR171C,s_0435 + s_1366 --> s_0395 + s_0795 + s_1367
774,r_1007,sphingolipid long chain base kinase (sphinganine),0.0,1000.0,Sphingolipid metabolism,False,YLR260W or YOR171C,s_0435 + s_1445 --> s_0395 + s_0795 + s_1446
775,r_1008,spontaneous cis-aconitate(3-) to trans-aconitate,-1000.0,1000.0,C5-branched dibasic acid metabolism,False,,s_0517 <=> s_1504
776,r_1009,spontaneous cis-aconitate(3-) to trans-aconitate,-1000.0,1000.0,C5-branched dibasic acid metabolism,False,,s_0516 <=> s_1503
777,r_1010,squalene epoxidase (NAD),0.0,1000.0,Steroid biosynthesis,False,YGR175C,s_0795 + s_1204 + s_1276 + s_1448 --> s_0038 + s_0804 + s_1199
778,r_1011,squalene epoxidase (NADP),0.0,1000.0,Steroid biosynthesis,False,YGR175C,s_0795 + s_1213 + s_1276 + s_1448 --> s_0038 + s_0804 + s_1208
779,r_1012,squalene synthase,0.0,1000.0,Steroid biosynthesis,False,YHR190W,2.0 s_0190 + s_0794 + s_1212 --> 2.0 s_0633 + s_1207 + s_1447
780,r_1021,succinate dehydrogenase (ubiquinone-6),-1000.0,1000.0,Citrate cycle (TCA cycle),False,(YDR178W and YJL045W and YKL141W and YLL041C) or (YDR178W and YKL141W and YKL148C and YLL041C) or (YLR164W and YJL045W and YKL141W and YLL041C),s_1460 + s_1537 <=> s_0727 + s_1535
781,r_1022,succinate-CoA ligase (ADP-forming),0.0,1000.0,Citrate cycle (TCA cycle),False,YGR244C and YOR142W,s_0397 + s_1326 + s_1464 --> s_0437 + s_0532 + s_1460
782,r_1023,succinate-semialdehyde dehydrogenase (NADP),0.0,1000.0,"Alanine, aspartate and glutamate metabolism",False,YBR006W,s_0803 + s_1207 + s_1461 --> 2.0 s_0794 + s_1212 + s_1458
783,r_1024,sucrose hydrolyzing enzyme,0.0,1000.0,Starch and sucrose metabolism,False,YIL162W,s_0805 + s_1466 --> s_0554 + s_0565
784,r_1025,sulfate adenylyltransferase,0.0,1000.0,Sulfur metabolism,False,YJR010W,s_0434 + s_0794 + s_1467 --> s_0298 + s_0633
785,r_1026,sulfate adenylyltransferase (ADP),0.0,1000.0,Sulfur metabolism,False,YCL050C,s_0298 + s_1322 --> s_0394 + s_0794 + s_1467
786,r_1027,sulfite reductase (NADPH2),0.0,1000.0,Sulfur metabolism,False,YFR030W and YJR137C,4.0 s_0794 + 3.0 s_1212 + s_1469 --> 3.0 s_0803 + s_0841 + 3.0 s_1207
787,r_1028,taurcholate via ABC system,0.0,1000.0,"Transport [c, v]",False,YLL048C,s_0434 + s_0803 + s_1473 --> s_0394 + s_0794 + s_1322 + s_1474
788,r_1029,taurine dioxygenase,0.0,1000.0,Sulfur metabolism,False,YLL057C,s_0180 + s_1275 + s_1471 --> s_0417 + s_0456 + s_0794 + s_1458 + s_1469
789,r_1030,tetrahydrofolate aminomethyltransferase,0.0,1000.0,One carbon pool by folate,False,YAL044C and YDR019C and YFL018C and YMR189W,s_0305 + s_0807 --> s_0321 + s_0799
790,r_1031,tetrahydrofolate:L-glutamate gamma-ligase (ADP-forming),-1000.0,1000.0,Folate biosynthesis,False,YKL132C or YOR241W,s_0434 + s_0991 + s_1487 <=> s_0308 + s_0394 + s_0794 + s_1322
791,r_1032,thiamin diphosphatase,0.0,1000.0,Thiamine metabolism,False,YBR092C,2.0 s_0805 + s_1476 --> s_0796 + 2.0 s_1324 + s_1490
792,r_1033,thiamin phosphatase,0.0,1000.0,Thiamine metabolism,False,YBR092C,s_0805 + s_1498 --> s_1324 + s_1490
793,r_1034,thiamine diphosphokinase,0.0,1000.0,Thiamine metabolism,False,YOR143C,s_0434 + s_1489 --> s_0423 + s_0794 + s_1475
794,r_1035,thiamine-diphosphate kinase,0.0,1000.0,Thiamine metabolism,False,YOR143C,s_0434 + s_1475 --> s_0394 + s_1532
795,r_1036,thiamine-phosphate diphosphorylase,0.0,1000.0,Thiamine metabolism,False,YPL214C,s_0267 + s_0293 + s_0794 --> s_0633 + s_1497
796,r_1037,thioredoxin,0.0,1000.0,Glutathione metabolism,False,(YGR209C and YIL010W) or (YIL010W and YLR043C),s_0800 + s_0839 + s_1618 --> 2.0 s_0808 + s_1622
797,r_1038,thioredoxin reductase (NADPH),0.0,1000.0,Glutathione metabolism,False,(YDR353W and YGR209C) or (YDR353W and YLR043C) or YDR353W,s_1212 + s_1620 --> s_1207 + s_1616
798,r_1039,thioredoxin reductase (NADPH),0.0,1000.0,Glutathione metabolism,False,(YCR083W and YHR106W) or (YCR083W and YPL091W),s_1214 + s_1621 --> s_1210 + s_1617
799,r_1040,threonine aldolase,0.0,1000.0,"Glycine, serine and threonine metabolism",False,YEL046C,s_1045 --> s_0359 + s_1003
800,r_1041,threonine synthase,0.0,1000.0,"Glycine, serine and threonine metabolism",False,YCR053W,s_0803 + s_1238 --> s_1045 + s_1322
801,r_1042,threonyl-tRNA synthetase,0.0,1000.0,tRNA metabolism,False,YIL078W,s_0434 + s_1045 + s_1608 --> s_0423 + s_0633 + s_1491
802,r_1043,threonyl-tRNA synthetase,0.0,1000.0,tRNA metabolism,False,YKL194C,s_0437 + s_1047 + s_1609 --> s_0424 + s_0636 + s_1492
803,r_1045,thymidylate synthase,0.0,1000.0,Pyrimidine metabolism,False,YOR074C,s_0306 + s_0654 --> s_0625 + s_0649
804,r_1046,trans-aconitate 3-methyltransferase,0.0,1000.0,C5-branched dibasic acid metabolism,False,YER175C,s_1416 + s_1503 --> s_0007 + s_1413
805,r_1047,trans-pentaprenyltranstransferase,0.0,1000.0,Terpenoid backbone biosynthesis,False,YBR003W,s_0945 + s_1313 --> s_0636 + s_0831
806,r_1048,transaldolase,-1000.0,1000.0,Pentose phosphate pathway,False,YGR043C or YLR354C,s_0764 + s_1427 <=> s_0551 + s_0557
807,r_1049,transketolase 1,-1000.0,1000.0,Pentose phosphate pathway,False,YBR117C or YPR074C,s_0581 + s_1408 <=> s_0764 + s_1427
808,r_1050,transketolase 2,-1000.0,1000.0,Pentose phosphate pathway,False,YBR117C or YPR074C,s_0551 + s_0581 <=> s_0557 + s_0764
809,r_1051,trehalose-phosphatase,0.0,1000.0,Starch and sucrose metabolism,False,(YBR126C and YDR074W and YML100W) or (YBR126C and YDR074W and YMR261C),s_0409 + s_0803 --> s_1322 + s_1520
810,r_1054,triose-phosphate isomerase,-1000.0,1000.0,Glycolysis / gluconeogenesis,False,YDR050C,s_0629 <=> s_0764
811,r_1055,tryptophan synthase (indoleglycerol phosphate),0.0,1000.0,"Phenylalanine, tyrosine and tryptophan biosynthesis",False,YGL026C,s_0086 + s_1039 --> s_0764 + s_0803 + s_1048
812,r_1056,tryptophan transaminase,0.0,1000.0,"Phenylalanine, tyrosine and tryptophan biosynthesis",False,YGL202W,s_0180 + s_1048 --> s_0855 + s_0991
813,r_1057,tryptophanyl-tRNA synthetase,0.0,1000.0,tRNA metabolism,False,YOL097C,s_0434 + s_1048 + s_1610 --> s_0423 + s_0633 + s_1527
814,r_1058,tryptophanyl-tRNA synthetase,0.0,1000.0,tRNA metabolism,False,YDR268W,s_0437 + s_1050 + s_1611 --> s_0424 + s_0636 + s_1528
815,r_1063,tyrosine transaminase,-1000.0,1000.0,Tyrosine metabolism,False,YGL202W,s_0204 + s_0991 <=> s_0180 + s_1051
816,r_1065,tyrosine transaminase,0.0,1000.0,Tyrosine metabolism,False,YLR027C,s_0206 + s_0995 --> s_0184 + s_1054
817,r_1066,tyrosyl-tRNA synthetase,0.0,1000.0,tRNA metabolism,False,YGR185C,s_0434 + s_1051 + s_1612 --> s_0423 + s_0633 + s_1533
818,r_1067,tyrosyl-tRNA synthetase,0.0,1000.0,tRNA metabolism,False,YPL097W,s_0437 + s_1053 + s_1613 --> s_0424 + s_0636 + s_1534
819,r_1068,UDP-glucose:ergosterol glucosyltransferase,0.0,1000.0,Steroid biosynthesis,False,YLR189C,s_0666 + s_1543 --> s_0670 + s_0794 + s_1538
820,r_1069,UDP-N-acetylglucosamine diphosphorylase,-1000.0,1000.0,Amino sugar and nucleotide sugar metabolism,False,YDL103C,s_0794 + s_1189 + s_1559 <=> s_0633 + s_1544
821,r_1070,UDPglucose 4-epimerase,-1000.0,1000.0,Galactose metabolism,False,YBR019C,s_1543 <=> s_1541
822,r_1071,UDPglucose--hexose-1-phosphate uridylyltransferase,-1000.0,1000.0,Galactose metabolism,False,YBR018C,s_0410 + s_1543 <=> s_0567 + s_1541
823,r_1072,UMP kinase,0.0,1000.0,Pyrimidine metabolism,False,YKL024C,s_0434 + s_1545 --> s_0394 + s_1538
824,r_1073,UMP kinase,0.0,1000.0,Pyrimidine metabolism,False,YKL024C,s_0438 + s_1548 --> s_0398 + s_1540
825,r_1074,uracil phosphoribosyltransferase,0.0,1000.0,Pyrimidine metabolism,False,YHR128W,s_1386 + s_1550 --> s_0633 + s_1545
826,r_1075,urea carboxylase,0.0,1000.0,Arginine biosynthesis,False,YBR208C,s_0434 + s_0445 + s_1552 --> s_0394 + s_0794 + s_1322 + s_1554
827,r_1076,ureidoglycolate hydrolase,0.0,1000.0,Purine metabolism,False,YIR032C,2.0 s_0794 + s_0803 + s_1555 --> 2.0 s_0419 + s_0456 + s_0779
828,r_1077,uridine kinase (ATP:uridine),0.0,1000.0,Pyrimidine metabolism,False,YDR020C or YNR012W,s_0434 + s_1556 --> s_0394 + s_0794 + s_1545
829,r_1078,uridine kinase (GTP:uridine),0.0,1000.0,Pyrimidine metabolism,False,YDR020C or YNR012W,s_0785 + s_1556 --> s_0739 + s_0794 + s_1545
830,r_1079,uridylate kinase (dUMP),0.0,1000.0,Pyrimidine metabolism,False,YKL024C,s_0434 + s_0654 --> s_0394 + s_0652
831,r_1080,uridylate kinase (dUMP),0.0,1000.0,Pyrimidine metabolism,False,YKL024C,s_0438 + s_0655 --> s_0398 + s_0653
832,r_1081,uroporphyrinogen decarboxylase (uroporphyrinogen III),0.0,1000.0,Porphyrin and chlorophyll metabolism,False,YDR047W,4.0 s_0794 + s_1558 --> 4.0 s_0456 + s_0538
833,r_1082,uroporphyrinogen methyltransferase,0.0,1000.0,Porphyrin and chlorophyll metabolism,False,YKR069W,2.0 s_1416 + s_1558 --> s_0794 + s_1375 + 2.0 s_1413
834,r_1083,uroporphyrinogen-III synthase,0.0,1000.0,Porphyrin and chlorophyll metabolism,False,YOR278W,s_1378 --> s_0803 + s_1558
835,r_1084,UTP-glucose-1-phosphate uridylyltransferase,-1000.0,1000.0,Galactose metabolism,False,YHL012W or YKL035W,s_0567 + s_0794 + s_1559 <=> s_0633 + s_1543
836,r_1085,"V-ATPase, Golgi",0.0,1000.0,Oxidative phosphorylation,False,(YPR170W-B and YBR127C and YDL185W and YOR332W and YHR026W and YEL027W and YKL080W and YLR447C and YEL051W and YPL234C and YMR054W and YGR020C and YPR036W and YHR039C-A and YGR106C and YCL005W-A) or (YBR127C and YDL185W and YOR332W and YHR026W and YEL027W and YKL080W and YLR447C and YEL051W and YPL234C and YMR054W and YGR020C and YPR036W and YHR039C-A and YGR106C and YCL005W-A),s_0434 + s_0794 + s_0803 --> s_0394 + 2.0 s_0797 + s_1322
837,r_1086,"V-ATPase, vacuole",0.0,1000.0,Oxidative phosphorylation,False,(YBR127C and YDL185W and YEL027W and YEL051W and YGR020C and YHR026W and YHR039C-A and YKL080W and YLR447C and YOR270C and YOR332W and YPL234C and YPR036W and YPR170W-B and YGR106C and YCL005W-A) or (YBR127C and YDL185W and YEL027W and YEL051W and YGR020C and YHR026W and YHR039C-A and YKL080W and YLR447C and YOR270C and YOR332W and YPL234C and YPR036W and YGR106C and YCL005W-A),s_0434 + s_0794 + s_0803 --> s_0394 + 2.0 s_0802 + s_1322
838,r_1087,valine transaminase,-1000.0,1000.0,"Valine, leucine and isoleucine metabolism",False,YJR148W,s_0180 + s_1056 <=> s_0232 + s_0991
839,r_1088,"valine transaminase, mitochondiral",-1000.0,1000.0,"Valine, leucine and isoleucine metabolism",False,YHR208W,s_0182 + s_1058 <=> s_0233 + s_0993
840,r_1089,valyl-tRNA synthetase,0.0,1000.0,tRNA metabolism,False,YGR094W,s_0434 + s_1056 + s_1614 --> s_0423 + s_0633 + s_1561
841,r_1090,valyl-tRNA synthetase,0.0,1000.0,tRNA metabolism,False,YGR094W,s_0437 + s_1058 + s_1615 --> s_0424 + s_0636 + s_1562
842,r_1091,xanthine phosphoribosyltransferase,0.0,1000.0,Purine metabolism,False,YJR133W,s_0357 + s_1386 --> s_0633 + s_1565
843,r_1092,xylitol dehydrogenase (D-xyulose-forming),0.0,1000.0,Pentose and glucuronate interconversions,False,YLR070C,s_1198 + s_1566 --> s_0580 + s_0794 + s_1203
844,r_1093,xylose reductase,0.0,1000.0,Pentose and glucuronate interconversions,False,YHR104W,s_0578 + s_0794 + s_1212 --> s_1207 + s_1566
845,r_1094,xylulokinase,0.0,1000.0,Pentose and glucuronate interconversions,False,YGR194C,s_0434 + s_0580 --> s_0394 + s_0581 + s_0794
846,r_1095,yUMP synthetase,-1000.0,1000.0,Pyrimidine metabolism,False,YFL001W or YGL063W or YNL292W or YPL212C,s_1408 + s_1550 <=> s_0803 + s_1388
847,r_1096,(R)-mevalonate transport,-1000.0,1000.0,"Transport [c, e]",False,YNL065W or YKL217W,s_0029 <=> s_0028
848,r_1097,"(R,R)-butanediol transport",-1000.0,1000.0,"Transport [c, e]",False,,s_0035 <=> s_0036
849,r_1098,2-methylbutyl transport,0.0,1000.0,"Transport [c, e]",False,,s_0172 --> s_0173
850,r_1099,2-oxoadipate and 2-oxoglutarate transport,-1000.0,1000.0,"Transport [c, m]",False,YOR222W or YPL134C,s_0177 + s_0180 <=> s_0176 + s_0182
851,r_1100,"3-hexaprenyl-4,5-dihydroxybenzoate transport",-1000.0,1000.0,"Transport [c, m]",False,,s_0212 <=> s_0213
852,r_1101,4-aminobutyrate transport,0.0,1000.0,"Transport [c, e]",False,YDL210W or YOR348C,s_0736 + s_0796 --> s_0734 + s_0794
853,r_1102,5-aminolevulinate transport,0.0,1000.0,"Transport [c, e]",False,YDL210W,s_0316 + s_0796 --> s_0315 + s_0794
854,r_1103,5-formyltetrahydrofolic acid transport,-1000.0,1000.0,"Transport [c, e]",False,,s_0320 <=> s_0319
855,r_1104,8-Amino-7-oxononanoate transport,-1000.0,1000.0,"Transport [c, e]",False,YNR056C,s_0354 + s_0796 <=> s_0352 + s_0794
856,r_1106,acetate transport,-1000.0,1000.0,"Transport [c, e]",False,YCR010C,s_0362 <=> s_0364
857,r_1107,acetic ester transport,0.0,1000.0,"Transport [c, e]",False,,s_0685 --> s_0686
858,r_1108,adenine transport,0.0,1000.0,"Transport [c, e]",False,YER056C or YER060W or YER060W-A,s_0384 + s_0796 --> s_0383 + s_0794
859,r_1109,adenosine transport,0.0,1000.0,"Transport [c, e]",False,YAL022C,s_0387 + s_0796 --> s_0386 + s_0794
860,r_1110,ADP/ATP transporter,-1000.0,1000.0,"Transport [c, m]",False,YBL030C or YBR085W or YMR056C,s_0394 + s_0437 <=> s_0397 + s_0434
861,r_1111,ADP/ATP transporter,0.0,1000.0,"Transport [c, p]",False,YPR128C,s_0399 + s_0434 + s_0801 --> s_0394 + s_0439 + s_0794
862,r_1112,"AKG transporter, mitochonrial",-1000.0,1000.0,"Transport [c, m]",False,YMR241W,s_0180 + s_0524 <=> s_0182 + s_0522
863,r_1113,allantoate uniport,0.0,1000.0,"Transport [c, e]",False,YJR152W,s_0406 --> s_0405
864,r_1114,allantoin uniport,0.0,1000.0,"Transport [c, e]",False,YIR028W,s_0408 --> s_0407
865,r_1115,ammonia transport,-1000.0,1000.0,"Transport [c, e]",False,YDR384C or YGR121C or YNL142W or YPR138C,s_0420 <=> s_0419
866,r_1116,AMP/ATP transporter,0.0,1000.0,"Transport [c, p]",False,YPR128C,s_0426 + s_0434 + s_0801 --> s_0423 + s_0439 + s_0794
867,r_1118,aspartate-glutamate transporter,0.0,1000.0,"Transport [c, m]",False,YPR021C,s_0975 + s_0991 --> s_0973 + s_0993
868,r_1119,biotin uptake,0.0,1000.0,"Transport [c, e]",False,YGR065C,s_0452 + s_0796 --> s_0451 + s_0794
869,r_1120,carnithine-acetylcarnithine carrier,0.0,1000.0,"Transport [c, m]",False,YOR100C,s_0023 + s_1235 --> s_0021 + s_1236
870,r_1121,ceramide-2' (sphinganine:n-C24:0OH) transport,-1000.0,1000.0,"Transport [er, g]",False,,s_0487 <=> s_0488
871,r_1122,ceramide-2' (sphinganine:n-C26:0OH) transport,-1000.0,1000.0,"Transport [er, g]",False,,s_0490 <=> s_0491
872,r_1123,ceramide-3 (Phytosphingosine:n-C24:0OH) transport,-1000.0,1000.0,"Transport [er, g]",False,,s_0493 <=> s_0494
873,r_1124,ceramide-3 (Phytosphingosine:n-C26:0OH) transport,-1000.0,1000.0,"Transport [er, g]",False,,s_0496 <=> s_0497
874,r_1125,choline transport,0.0,1000.0,"Transport [c, e]",False,YGL077C,s_0513 + s_0796 --> s_0512 + s_0794
875,r_1126,citrate transport,-1000.0,1000.0,"Transport [c, m]",False,YBR291C,s_0068 + s_0522 <=> s_0066 + s_0524
876,r_1127,citrate transport,-1000.0,1000.0,"Transport [c, m]",False,YBR291C,s_0522 + s_1361 <=> s_0524 + s_1360
877,r_1128,citrate transport,-1000.0,1000.0,"Transport [c, m]",False,YBR291C,s_0522 + s_0941 <=> s_0524 + s_0940
878,r_1129,coenzyme A transport,0.0,1000.0,"Transport [c, m]",False,YHR002W,s_0529 --> s_0532
879,r_1130,CTP transport,0.0,1000.0,"Transport [c, m]",False,YBR192W,s_0528 + s_0539 + s_0794 --> s_0526 + s_0541 + s_0799
880,r_1131,CTP/CMP antiport,0.0,1000.0,"Transport [c, m]",False,YBR192W,s_0528 + s_0539 + 2.0 s_0794 --> s_0526 + s_0541 + 2.0 s_0799
881,r_1132,cytidine transport,0.0,1000.0,"Transport [c, e]",False,YAL022C,s_0544 + s_0796 --> s_0543 + s_0794
882,r_1133,cytosine transport,0.0,1000.0,"Transport [c, e]",False,YER056C or YER060W or YER060W-A or YGL186C,s_0546 + s_0796 --> s_0545 + s_0794
883,r_1134,D-fructose transport,0.0,1000.0,"Transport [c, e]",False,YDL245C or YDR342C or YDR343C or YDR345C or YEL069C or YFL011W or YHR092C or YHR094C or YHR096C or YJL214W or YJL219W or YJR158W or YMR011W or YNR072W or YOL156W,s_0554 --> s_0553
884,r_1135,D-galactose transport,0.0,1000.0,"Transport [c, e]",False,YFL011W or YJL219W or YLR081W or YNL318C or YOL156W,s_0559 + s_0796 --> s_0558 + s_0794
885,r_1136,D-lactate transport,-1000.0,1000.0,"Transport [c, e]",False,YKL217W,s_0026 + s_0796 <=> s_0025 + s_0794
886,r_1137,D-lactate transport,0.0,1000.0,"Transport [c, m]",False,,s_0025 + s_0794 --> s_0027 + s_0799
887,r_1138,D-lactate/pyruvate antiport,-1000.0,1000.0,"Transport [c, m]",False,,s_0025 + s_1401 <=> s_0027 + s_1399
888,r_1139,D-mannose transport,0.0,1000.0,"Transport [c, e]",False,YDL245C or YDR342C or YHR094C or YDR343C or YDR345C or YEL069C or YFL011W or YHR096C or YJL214W or YJL219W or YJR158W or YNR072W or YOL156W,s_0572 + s_0796 --> s_0571 + s_0794
889,r_1146,episterol transport,-1000.0,1000.0,"Transport [c, e]",False,YIL013C or YOR011W,s_0659 <=> s_0657
890,r_1147,ergosterol transport,-1000.0,1000.0,"Transport [c, e]",False,YIL013C or YOR011W,s_0668 <=> s_0666
891,r_1148,ergosterol transport,-1000.0,1000.0,"Transport [c, ce]",False,YIL013C or YOR011W,s_0665 <=> s_0666
892,r_1149,ethanolamine transport,-1000.0,1000.0,"Transport [c, e]",False,YGL077C,s_0684 <=> s_0683
893,r_1151,fadH2 transport,0.0,1000.0,"Transport [c, m]",False,YIL134W,s_0690 --> s_0689
894,r_1161,fecosterol transport,-1000.0,1000.0,"Transport [c, e]",False,YIL013C or YOR011W,s_0702 <=> s_0700
895,r_1162,fecosterol transport,-1000.0,1000.0,"Transport [c, ce]",False,YIL013C or YOR011W,s_0699 <=> s_0700
896,r_1164,folic acid transport,-1000.0,1000.0,"Transport [c, e]",False,,s_0720 <=> s_0719
897,r_1165,GDP-mannose antiport,0.0,1000.0,"Transport [c, g]",False,YGL225W,s_0743 + s_0783 --> s_0744 + s_0782
898,r_1166,glucose transport,0.0,1000.0,"Transport [c, e]",False,YDL245C or YDL247W or YDR342C or YDR343C or YDR345C or YDR536W or YEL069C or YFL011W or YHR092C or YHR094C or YHR096C or YJL214W or YJL219W or YJR158W or YJR160C or YLR081W or YMR011W or YNR072W or YOL156W or YDR387C,s_0565 --> s_0563
899,r_1167,glutathione transport,0.0,1000.0,"Transport [c, e]",False,YJL212C,s_0751 --> s_0750
900,r_1168,glutathione transport,-1000.0,1000.0,"Transport [c, v]",False,YDR135C or YLL015W,s_0750 <=> s_0753
901,r_1169,glycero-3-phospho-1-inositol transport,-1000.0,1000.0,"Transport [c, e]",False,YCR098C,s_0080 <=> s_0079
902,r_1170,glycero-3-phosphocholine transport,-1000.0,1000.0,"Transport [c, e]",False,YCR098C,s_1435 <=> s_1433
903,r_1171,glycerol transport,0.0,1000.0,"Transport [c, e]",False,YDR536W or YGL084C or YPL189W,s_0766 + s_0796 --> s_0765 + s_0794
904,r_1172,glycerol transport via channel,0.0,1000.0,"Transport [c, e]",False,YFL054C or YLL043W,s_0765 --> s_0766
905,r_1173,glycine transport,-1000.0,1000.0,"Transport [c, e]",False,YCL025C or YKR039W or YOL020W or YOR348C or YPL265W,s_0796 + s_1004 <=> s_0794 + s_1003
906,r_1174,glycogen vacuolar 'transport' via autophagy,0.0,1000.0,"Transport [c, v]",False,,s_0773 --> s_0774
907,r_1175,GTP/GDP translocase,0.0,1000.0,"Transport [c, m]",False,YDL198C,s_0741 + s_0785 + s_0794 --> s_0739 + s_0786 + s_0799
908,r_1176,guanine transport,-1000.0,1000.0,"Transport [c, e]",False,YER056C or YER060W or YER060W-A,s_0788 + s_0796 <=> s_0787 + s_0794
909,r_1177,inositol transport,0.0,1000.0,"Transport [c, e]",False,YDR497C or YOL103W,s_0796 + s_1154 --> s_0794 + s_1153
910,r_1178,iron (II) transport,0.0,1000.0,"Transport [c, e]",False,YMR319C or YMR058W,s_0925 --> s_0924
911,r_1179,iron (II) transport,0.0,1000.0,"Transport [c, m]",False,YJL133W or YKR052C,s_0924 --> s_0926
912,r_1180,isoamyl acetate transport,0.0,1000.0,"Transport [c, e]",False,,s_0927 --> s_0928
913,r_1181,isobutyl acetate transport,0.0,1000.0,"Transport [c, e]",False,,s_0935 --> s_0936
914,r_1182,isopentenyl diphosphate transport,-1000.0,1000.0,"Transport [c, m]",False,,s_0943 <=> s_0945
915,r_1183,L-alanine transport,-1000.0,1000.0,"Transport [c, e]",False,YCL025C or YKR039W or YOR348C or YPL265W,s_0796 + s_0956 <=> s_0794 + s_0955
916,r_1184,L-arganine transport,-1000.0,1000.0,"Transport [c, e]",False,YEL063C or YKR039W or YNL270C,s_0796 + s_0966 <=> s_0794 + s_0965
917,r_1185,L-arganine transport,0.0,1000.0,"Transport [c, v]",False,YOL092W or YBR293W,s_0802 + s_0965 --> s_0794 + s_0968
918,r_1186,L-asparagine transport,-1000.0,1000.0,"Transport [c, e]",False,YCL025C or YDR508C or YKR039W or YPL265W,s_0796 + s_0970 <=> s_0794 + s_0969
919,r_1187,L-asparagine transport,0.0,1000.0,"Transport [c, v]",False,YJR001W,s_0802 + s_0969 --> s_0794 + s_0972
920,r_1188,L-aspartate transport,0.0,1000.0,"Transport [c, v]",False,YKL146W or YNL101W,s_0802 + s_0972 --> s_0794 + s_0969
921,r_1189,L-aspartate transport,0.0,1000.0,"Transport [c, v]",False,YER119C,s_0802 + s_0977 --> s_0794 + s_0973
922,r_1190,L-aspartate transport,-1000.0,1000.0,"Transport [c, e]",False,YFL055W or YKR039W or YPL265W,s_0796 + s_0974 <=> s_0794 + s_0973
923,r_1191,L-carnitine transport,-1000.0,1000.0,"Transport [c, e]",False,YBR132C,s_0022 <=> s_0021
924,r_1192,L-cystine transport,-1000.0,1000.0,"Transport [c, e]",False,YBR068C or YBR069C or YCL025C or YDR046C or YDR508C or YKR039W or YOL020W,s_0796 + s_0982 <=> s_0794 + s_0981
925,r_1193,L-cystine transport,0.0,1000.0,"Transport [c, v]",False,YCR075C,s_0802 + s_0985 --> s_0794 + s_0984
926,r_1194,L-glutamate transport,0.0,1000.0,"Transport [c, m]",False,YPR021C,s_0991 --> s_0993
927,r_1195,L-glutamate transport,0.0,1000.0,"Transport [c, v]",False,YER119C,s_0802 + s_0996 --> s_0794 + s_0991
928,r_1196,L-glutamate transport,-1000.0,1000.0,"Transport [c, e]",False,YCL025C or YFL055W or YKR039W or YPL265W,s_0796 + s_0992 <=> s_0794 + s_0991
929,r_1197,L-glutamine transport,0.0,1000.0,"Transport [c, v]",False,YJR001W,s_0802 + s_0999 --> s_0794 + s_1002
930,r_1198,L-glutamine transport,0.0,1000.0,"Transport [c, v]",False,YKL146W or YNL101W,s_0802 + s_1002 --> s_0794 + s_0999
931,r_1199,L-glutamine transport,-1000.0,1000.0,"Transport [c, e]",False,YCL025C or YDR508C or YKR039W or YPL265W,s_0796 + s_1000 <=> s_0794 + s_0999
932,r_1200,"L-histidine transport, vacuolar",0.0,1000.0,"Transport [c, v]",False,YOL092W or YBR293W or YCL069W or YMR088C,s_0802 + s_1006 --> s_0794 + s_1009
933,r_1201,L-histidine transport,-1000.0,1000.0,"Transport [c, e]",False,YBR069C or YGR191W or YKR039W,s_0796 + s_1007 <=> s_0794 + s_1006
934,r_1202,L-isoleucine transport,-1000.0,1000.0,"Transport [c, v]",False,YCL038C,s_1019 <=> s_1016
935,r_1203,L-isoleucine transport,0.0,1000.0,"Transport [c, v]",False,YJR001W,s_0802 + s_1016 --> s_0794 + s_1019
936,r_1204,L-isoleucine transport,0.0,1000.0,"Transport [c, v]",False,YKL146W or YNL101W,s_0802 + s_1019 --> s_0794 + s_1016
937,r_1205,L-isoleucine transport,-1000.0,1000.0,"Transport [c, e]",False,YBR068C or YBR069C or YCL025C or YDR046C or YKR039W,s_0796 + s_1017 <=> s_0794 + s_1016
938,r_1206,L-lactate transport,-1000.0,1000.0,"Transport [c, m]",False,YKL217W,s_0063 <=> s_0065
939,r_1207,L-lactate transport,0.0,1000.0,"Transport [c, e]",False,YKL217W,s_0064 + s_0796 --> s_0063 + s_0794
940,r_1208,"L-leucine transport, vacuoluar",-1000.0,1000.0,"Transport [c, v]",False,YCL038C,s_1024 <=> s_1021
941,r_1209,"L-leucine transport, vacuoluar",0.0,1000.0,"Transport [c, v]",False,YJR001W,s_0802 + s_1021 --> s_0794 + s_1024
942,r_1210,"L-leucine transport, vacuoluar",0.0,1000.0,"Transport [c, v]",False,YKL146W or YNL101W,s_0802 + s_1024 --> s_0794 + s_1021
943,r_1211,L-leucine transport,-1000.0,1000.0,"Transport [c, e]",False,YBR068C or YBR069C or YCL025C or YDR046C or YDR508C or YKR039W,s_0796 + s_1022 <=> s_0794 + s_1021
944,r_1212,L-lysine transport,0.0,1000.0,"Transport [c, v]",False,YOL092W or YBR293W or YCL069W or YMR088C,s_0802 + s_1025 --> s_0794 + s_1028
945,r_1213,L-lysine transport,-1000.0,1000.0,"Transport [c, e]",False,YKR039W or YNL268W,s_0796 + s_1026 <=> s_0794 + s_1025
946,r_1214,L-methionine transport,-1000.0,1000.0,"Transport [c, e]",False,YBR068C or YCL025C or YDR046C or YDR508C or YGR055W or YHL036W or YKR039W,s_0796 + s_1030 <=> s_0794 + s_1029
947,r_1215,L-phenylalanine transport,-1000.0,1000.0,"Transport [c, e]",False,YBR068C or YCL025C or YDR046C or YKR039W or YOL020W,s_0796 + s_1033 <=> s_0794 + s_1032
948,r_1216,L-proline transport,-1000.0,1000.0,"Transport [c, e]",False,YKR039W or YOR348C,s_0796 + s_1036 <=> s_0794 + s_1035
949,r_1217,L-serine transport,-1000.0,1000.0,"Transport [c, e]",False,YCL025C or YDR508C or YFL055W or YKR039W or YPL265W or YDR105C,s_0796 + s_1041 <=> s_0794 + s_1039
950,r_1218,L-threonine transport,-1000.0,1000.0,"Transport [c, e]",False,YCL025C or YDR508C or YKR039W,s_0796 + s_1046 <=> s_0794 + s_1045
951,r_1219,L-tryptophan transport,-1000.0,1000.0,"Transport [c, e]",False,YBR068C or YBR069C or YDR046C or YKR039W or YOL020W,s_0796 + s_1049 <=> s_0794 + s_1048
952,r_1220,L-tyrosine transport,-1000.0,1000.0,"Transport [c, v]",False,YCL038C,s_1055 <=> s_1051
953,r_1221,L-tyrosine transport,0.0,1000.0,"Transport [c, v]",False,YBR293W or YJR001W,s_0802 + s_1051 --> s_0794 + s_1055
954,r_1222,L-tyrosine transport,0.0,1000.0,"Transport [c, v]",False,YKL146W or YNL101W,s_0802 + s_1055 --> s_0794 + s_1051
955,r_1223,L-tyrosine transport,-1000.0,1000.0,"Transport [c, e]",False,YBR068C or YBR069C or YCL025C or YDR046C or YKR039W or YOL020W,s_0796 + s_1052 <=> s_0794 + s_1051
956,r_1224,L-valine transport,-1000.0,1000.0,"Transport [c, e]",False,YBR068C or YBR069C or YCL025C or YDR046C or YKR039W,s_0796 + s_1057 <=> s_0794 + s_1056
957,r_1225,lanosterol transport,-1000.0,1000.0,"Transport [c, e]",False,YIL013C or YOR011W,s_1061 <=> s_1059
958,r_1226,malate transport,0.0,1000.0,"Transport [c, m]",False,YLR348C,s_0066 + s_1326 --> s_0068 + s_1322
959,r_1227,maltose transport,0.0,1000.0,"Transport [c, e]",False,YBR298C or YDL247W or YGR289C or YJR160C,s_0796 + s_1106 --> s_0794 + s_1105
960,r_1228,"N,N'-diformyldityrosine transport",0.0,1000.0,"Transport [c, e]",False,YBR180W,s_1185 --> s_1186
961,r_1229,NAD transport,0.0,1000.0,"Transport [c, m]",False,YEL006W or YIL006W,s_1198 --> s_1200
962,r_1230,NAD transport,0.0,1000.0,"Transport [c, m]",False,YIL006W,s_0585 + s_1198 --> s_0584 + s_1200
963,r_1231,NAD transport,0.0,1000.0,"Transport [c, m]",False,YIL006W,s_0424 + s_1198 --> s_0423 + s_1200
964,r_1232,NAD transport,0.0,1000.0,"Transport [c, m]",False,YIL006W,s_0616 + s_1198 --> s_0615 + s_1200
965,r_1235,nicotinate transport,-1000.0,1000.0,"Transport [c, e]",False,YGR260W,s_1220 <=> s_1219
966,r_1236,octadecanoate (n-C18:0) transport,-1000.0,1000.0,"Transport [c, p]",False,YKL188C and YPL147W,s_1449 <=> s_1451
967,r_1237,ornithine transport,0.0,1000.0,"Transport [c, m]",False,YOR130C,s_0794 + s_1268 --> s_0799 + s_1266
968,r_1238,orntithine transport,-1000.0,1000.0,"Transport [c, e]",False,YKR039W,s_0796 + s_1267 <=> s_0794 + s_1266
969,r_1239,oxaloacetate transport,0.0,1000.0,"Transport [c, m]",False,YKL120W,s_0794 + s_1271 --> s_0799 + s_1273
970,r_1241,pantothenate transport,-1000.0,1000.0,"Transport [c, e]",False,YCR028C,s_0032 + s_0796 <=> s_0031 + s_0794
971,r_1242,pentaprenyl diphosphate transport,-1000.0,1000.0,"Transport [c, m]",False,,s_1311 <=> s_1313
972,r_1243,phenethyl acetate transport,0.0,1000.0,"Transport [c, e]",False,,s_1316 --> s_1317
973,r_1244,phosphate transport,-1000.0,1000.0,"Transport [c, e]",False,YBR296C or YCR037C or YJL198W or YML123C or YNR013C,s_0796 + s_1324 <=> s_0794 + s_1322
974,r_1245,phosphate transport,0.0,1000.0,"Transport [c, m]",False,YER053C or YJR077C,s_0794 + s_1322 --> s_0799 + s_1326
975,r_1249,potassium transport,-1000.0,1000.0,"Transport [c, e]",False,YDR456W or YJL129C,s_0796 + s_1374 <=> s_0794 + s_1373
976,r_1250,putrescine excretion,0.0,0.0,"Transport [c, e]",False,YKL174C,s_1389 --> s_1390
977,r_1251,putrescine transport,-1000.0,1000.0,"Transport [c, e]",False,YLL028W or YOR273C,s_0794 + s_1390 <=> s_0796 + s_1389
978,r_1252,putrescine transport,-1000.0,1000.0,"Transport [c, v]",False,YLL028W or YOR273C,s_0802 + s_1389 <=> s_0794 + s_1391
979,r_1253,pyridoxine symport,-1000.0,1000.0,"Transport [c, e]",False,YGL186C,s_0796 + s_1397 <=> s_0794 + s_1396
980,r_1254,pyruvate transport,-1000.0,1000.0,"Transport [c, e]",False,YKL217W,s_0796 + s_1400 <=> s_0794 + s_1399
981,r_1255,S-adenosyl-L-methionine transport,0.0,1000.0,"Transport [c, e]",False,YPL274W,s_0796 + s_1418 --> s_0794 + s_1416
982,r_1256,S-adenosyl-L-methionine transport,-1000.0,1000.0,"Transport [c, m]",False,YNL003C,s_1416 <=> s_1419
983,r_1257,S-methylmethionine permease,0.0,1000.0,"Transport [c, e]",False,YLL061W,s_0796 + s_1425 --> s_0794 + s_1424
984,r_1258,sodium proton antiporter,-1000.0,1000.0,"Transport [c, e]",False,YDR456W or YLR138W,s_0796 + s_1437 <=> s_0794 + s_1438
985,r_1259,spermidine excretion,0.0,0.0,"Transport [c, e]",False,YKL174C,s_1439 --> s_1440
986,r_1260,spermidine transport,-1000.0,1000.0,"Transport [c, e]",False,YBR132C or YHL016C or YKR039W or YLL028W or YOR273C or YPL274W,s_0794 + s_1440 <=> s_0796 + s_1439
987,r_1261,spermidine transport,-1000.0,1000.0,"Transport [c, v]",False,YLL028W or YOR273C,s_0802 + s_1439 <=> s_0794 + s_1441
988,r_1262,spermine transport,-1000.0,1000.0,"Transport [c, e]",False,YGR138C or YLL028W or YOR273C or YPR156C,s_0794 + s_1443 <=> s_0796 + s_1442
989,r_1263,spermine transport,-1000.0,1000.0,"Transport [c, v]",False,YGR138C or YLL028W or YOR273C or YPR156C,s_0802 + s_1442 <=> s_0794 + s_1444
990,r_1264,succinate transport,0.0,1000.0,"Transport [c, m]",False,YLR348C,s_1326 + s_1458 --> s_1322 + s_1460
991,r_1265,succinate-fumarate transport,0.0,1000.0,"Transport [c, m]",False,YJR095W,s_0727 + s_1458 --> s_0725 + s_1460
992,r_1266,sulfate uniport,0.0,1000.0,"Transport [c, e]",False,YBR294W or YLR092W,s_1468 --> s_1467
993,r_1267,sulfite transport,0.0,1000.0,"Transport [c, e]",False,YPL092W,s_1469 --> s_1470
994,r_1268,taurine transport,-1000.0,1000.0,"Transport [c, e]",False,,s_1471 <=> s_1472
995,r_1269,thiamine diphosphate transport,0.0,1000.0,"Transport [c, m]",False,YGR096W,s_1475 --> s_1477
996,r_1270,thiamine transport,0.0,1000.0,"Transport [c, e]",False,YLR237W or YOR071C or YOR192C,s_0796 + s_1490 --> s_0794 + s_1489
997,r_1271,UDPgalactose transport,0.0,1000.0,"Transport [c, g]",False,YPL244C,s_1541 --> s_1542
998,r_1272,uracil transport,0.0,1000.0,"Transport [c, e]",False,YBR021W,s_0796 + s_1551 --> s_0794 + s_1550
999,r_1273,urea transport,-1000.0,1000.0,"Transport [c, e]",False,YHL016C,2.0 s_0796 + s_1553 <=> 2.0 s_0794 + s_1552
1000,r_1274,uridine transport,0.0,1000.0,"Transport [c, e]",False,YBL042C,s_0796 + s_1557 --> s_0794 + s_1556
1001,r_1275,UTP transport,0.0,1000.0,"Transport [c, m]",False,YBR192W,s_0716 + s_0794 + s_1547 + s_1559 --> s_0714 + s_0799 + s_1545 + s_1560
1002,r_1276,UTP/UMP antiport,0.0,1000.0,"Transport [c, m]",False,YBR192W,2.0 s_0794 + s_1547 + s_1559 --> 2.0 s_0799 + s_1545 + s_1560
1003,r_1277,water diffusion,-1000.0,1000.0,"Transport [c, e]",False,YLL052C or YPR192W,s_0805 <=> s_0803
1004,r_1278,zymosterol transport,-1000.0,1000.0,"Transport [e, ce]",False,YIL013C or YOR011W,s_1571 <=> s_1568
1005,r_1449,inositol-P-ceramide B' (C24) [Golgi] SLIME rxn,0.0,1000.0,SLIME reaction,False,,s_0907 --> 0.910263542 s_0892 + 0.28448264 s_3742 + 0.36864392 s_3744
1006,r_1450,inositol-P-ceramide B' (C26) [Golgi] SLIME rxn,0.0,1000.0,SLIME reaction,False,,s_0910 --> 0.938317302 s_0892 + 0.28448264 s_3742 + 0.39669768 s_3745
1007,r_1451,inositol-P-ceramide C (C24) [Golgi] SLIME rxn,0.0,1000.0,SLIME reaction,False,,s_0913 --> 0.926262942 s_0892 + 0.28448264 s_3742 + 0.36864392 s_3744
1008,r_1452,inositol-P-ceramide C (C26) [Golgi] SLIME rxn,0.0,1000.0,SLIME reaction,False,,s_0916 --> 0.954316702 s_0892 + 0.28448264 s_3742 + 0.39669768 s_3745
1009,r_1453,inositol-P-ceramide A (C24) [Golgi] SLIME rxn,0.0,1000.0,SLIME reaction,False,,s_0895 --> 0.894264142 s_0892 + 0.28448264 s_3742 + 0.36864392 s_3744
1010,r_1454,inositol-P-ceramide A (C26) [Golgi] SLIME rxn,0.0,1000.0,SLIME reaction,False,,s_0898 --> 0.922317902 s_0892 + 0.28448264 s_3742 + 0.39669768 s_3745
1011,r_1455,inositol-P-ceramide B (C24) [Golgi] SLIME rxn,0.0,1000.0,SLIME reaction,False,,s_0901 --> 0.910263542 s_0892 + 0.28448264 s_3742 + 0.36864392 s_3744
1012,r_1456,inositol-P-ceramide B (C26) [Golgi] SLIME rxn,0.0,1000.0,SLIME reaction,False,,s_0904 --> 0.938317302 s_0892 + 0.28448264 s_3742 + 0.39669768 s_3745
1013,r_1457,inositol-P-ceramide D (C24) [Golgi] SLIME rxn,0.0,1000.0,SLIME reaction,False,,s_0919 --> 0.942262342 s_0892 + 0.28448264 s_3742 + 0.36864392 s_3744
1014,r_1458,inositol-P-ceramide D (C26) [Golgi] SLIME rxn,0.0,1000.0,SLIME reaction,False,,s_0922 --> 0.970316102 s_0892 + 0.28448264 s_3742 + 0.39669768 s_3745
1015,r_1479,inositol phosphomannosylinositol phosphoceramide A (C24) [Golgi] SLIME rxn,0.0,1000.0,SLIME reaction,False,,s_0862 --> 1.298528844 s_0859 + 0.28448264 s_3742 + 0.36864392 s_3744
1016,r_1480,inositol phosphomannosylinositol phosphoceramide A (C26) [Golgi] SLIME rxn,0.0,1000.0,SLIME reaction,False,,s_0865 --> 1.326582604 s_0859 + 0.28448264 s_3742 + 0.39669768 s_3745
1017,r_1481,inositol phosphomannosylinositol phosphoceramide B' (C24) [Golgi] SLIME rxn,0.0,1000.0,SLIME reaction,False,,s_0874 --> 1.314528244 s_0859 + 0.28448264 s_3742 + 0.36864392 s_3744
1018,r_1482,inositol phosphomannosylinositol phosphoceramide B' (C26) [Golgi] SLIME rxn,0.0,1000.0,SLIME reaction,False,,s_0877 --> 1.342582004 s_0859 + 0.28448264 s_3742 + 0.39669768 s_3745
1019,r_1483,inositol phosphomannosylinositol phosphoceramide B (C24) [Golgi] SLIME rxn,0.0,1000.0,SLIME reaction,False,,s_0868 --> 1.314528244 s_0859 + 0.28448264 s_3742 + 0.36864392 s_3744
1020,r_1484,inositol phosphomannosylinositol phosphoceramide B (C26) [Golgi] SLIME rxn,0.0,1000.0,SLIME reaction,False,,s_0871 --> 1.342582004 s_0859 + 0.28448264 s_3742 + 0.39669768 s_3745
1021,r_1485,inositol phosphomannosylinositol phosphoceramide C (C24) [Golgi] SLIME rxn,0.0,1000.0,SLIME reaction,False,,s_0880 --> 1.330527644 s_0859 + 0.28448264 s_3742 + 0.36864392 s_3744
1022,r_1486,inositol phosphomannosylinositol phosphoceramide C (C26) [Golgi] SLIME rxn,0.0,1000.0,SLIME reaction,False,,s_0883 --> 1.358581404 s_0859 + 0.28448264 s_3742 + 0.39669768 s_3745
1023,r_1487,inositol phosphomannosylinositol phosphoceramide D (C24) [Golgi] SLIME rxn,0.0,1000.0,SLIME reaction,False,,s_0886 --> 1.346527044 s_0859 + 0.28448264 s_3742 + 0.36864392 s_3744
1024,r_1488,inositol phosphomannosylinositol phosphoceramide D (C26) [Golgi] SLIME rxn,0.0,1000.0,SLIME reaction,False,,s_0889 --> 1.374580804 s_0859 + 0.28448264 s_3742 + 0.39669768 s_3745
1025,r_1509,mannosylinositol phosphorylceramide B' (C24) [Golgi] SLIME rxn,0.0,1000.0,SLIME reaction,False,,s_1129 --> 1.072405942 s_1114 + 0.28448264 s_3742 + 0.36864392 s_3744
1026,r_1510,mannosylinositol phosphorylceramide B' (C26) [Golgi] SLIME rxn,0.0,1000.0,SLIME reaction,False,,s_1132 --> 1.100459702 s_1114 + 0.28448264 s_3742 + 0.39669768 s_3745
1027,r_1511,mannosylinositol phosphorylceramide C (C24) [Golgi] SLIME rxn,0.0,1000.0,SLIME reaction,False,,s_1135 --> 1.088405342 s_1114 + 0.28448264 s_3742 + 0.36864392 s_3744
1028,r_1512,mannosylinositol phosphorylceramide C (C26) [Golgi] SLIME rxn,0.0,1000.0,SLIME reaction,False,,s_1138 --> 1.116459102 s_1114 + 0.28448264 s_3742 + 0.39669768 s_3745
1029,r_1513,mannosylinositol phosphorylceramide A (C24) [Golgi] SLIME rxn,0.0,1000.0,SLIME reaction,False,,s_1117 --> 1.056406542 s_1114 + 0.28448264 s_3742 + 0.36864392 s_3744
1030,r_1514,mannosylinositol phosphorylceramide A (C26) [Golgi] SLIME rxn,0.0,1000.0,SLIME reaction,False,,s_1120 --> 1.084460302 s_1114 + 0.28448264 s_3742 + 0.39669768 s_3745
1031,r_1515,mannosylinositol phosphorylceramide B (C24) [Golgi] SLIME rxn,0.0,1000.0,SLIME reaction,False,,s_1123 --> 1.072405942 s_1114 + 0.28448264 s_3742 + 0.36864392 s_3744
1032,r_1516,mannosylinositol phosphorylceramide B (C26) [Golgi] SLIME rxn,0.0,1000.0,SLIME reaction,False,,s_1126 --> 1.100459702 s_1114 + 0.28448264 s_3742 + 0.39669768 s_3745
1033,r_1517,mannosylinositol phosphorylceramide D (C24) [Golgi] SLIME rxn,0.0,1000.0,SLIME reaction,False,,s_1141 --> 1.104404742 s_1114 + 0.28448264 s_3742 + 0.36864392 s_3744
1034,r_1518,mannosylinositol phosphorylceramide D (C26) [Golgi] SLIME rxn,0.0,1000.0,SLIME reaction,False,,s_1144 --> 1.132458502 s_1114 + 0.28448264 s_3742 + 0.39669768 s_3745
1035,r_1542,(1->3)-beta-D-glucan exchange,0.0,1000.0,Exchange reaction,True,,s_0003 --> 
1036,r_1543,(1->3)-beta-D-glucan transport,-1000.0,1000.0,"Transport [c, ce]",False,,s_0001 <=> s_0002
1037,r_1545,(R)-carnitine exchange,0.0,1000.0,Exchange reaction,True,,s_0022 --> 
1038,r_1546,(R)-lactate exchange,0.0,1000.0,Exchange reaction,True,,s_0026 --> 
1039,r_1547,(R)-mevalonate exchange,0.0,1000.0,Exchange reaction,True,,s_0029 --> 
1040,r_1548,(R)-pantothenate exchange,-0.01,0.0,Exchange reaction,True,,s_0032 <-- 
1041,r_1549,"(R,R)-2,3-butanediol exchange",0.0,1000.0,Exchange reaction,True,,s_0036 --> 
1042,r_1550,(S)-3-methyl-2-oxopentanoate exchange,0.0,1000.0,Exchange reaction,True,,s_0058 --> 
1043,r_1551,(S)-lactate exchange,0.0,1000.0,Exchange reaction,True,,s_0064 --> 
1044,r_1552,(S)-malate exchange,0.0,1000.0,Exchange reaction,True,,s_0067 --> 
1045,r_1553,1-(sn-glycero-3-phospho)-1D-myo-inositol exchange,0.0,1000.0,Exchange reaction,True,,s_0080 --> 
1046,r_1554,1-acylglycerophosphocholine exchange,0.0,1000.0,Exchange reaction,True,,s_0084 --> 
1047,r_1560,"1D-myo-inositol 1,3,4,5,6-pentakisphosphate diffusion",-1000.0,1000.0,"Transport [c, n]",False,,s_1156 <=> s_1157
1048,r_1562,1D-myo-inositol 1-phosphate transport,-1000.0,1000.0,"Transport [c, er]",False,,s_0127 <=> s_0126
1049,r_1563,2'-deoxyadenosine exchange,0.0,1000.0,Exchange reaction,True,,s_0133 --> 
1050,r_1564,2'-deoxyguanosine exchange,0.0,1000.0,Exchange reaction,True,,s_0135 --> 
1051,r_1565,2'-deoxyinosine exchange,0.0,1000.0,Exchange reaction,True,,s_0137 --> 
1052,r_1566,2'-deoxyuridine exchange,0.0,1000.0,Exchange reaction,True,,s_0139 --> 
1053,r_1567,2-dehydro-3-deoxy-D-arabino-heptonate7-phohsphate transport,-1000.0,1000.0,"Transport [c, m]",False,,s_0349 <=> s_0350
1054,r_1568,2-dehydropantoate transport,-1000.0,1000.0,"Transport [c, m]",False,,s_0149 <=> s_0150
1055,r_1572,2-isopropylmalate exchange,0.0,1000.0,Exchange reaction,True,,s_0163 --> 
1056,r_1573,2-isopropylmalate transport,-1000.0,1000.0,"Transport [c, e]",False,,s_0162 <=> s_0163
1057,r_1574,2-isopropylmalate transport,-1000.0,1000.0,"Transport [c, m]",False,YKL120W,s_0162 <=> s_0164
1058,r_1575,2-methyl-1-butanol transport,-1000.0,1000.0,"Transport [c, e]",False,,s_0169 <=> s_0170
1059,r_1576,2-methyl-1-butanol transport,-1000.0,1000.0,"Transport [c, m]",False,,s_0169 <=> s_0171
1060,r_1577,2-methylbutanal exchange,0.0,1000.0,Exchange reaction,True,,s_0167 --> 
1061,r_1578,2-methylbutanal transport,-1000.0,1000.0,"Transport [c, e]",False,,s_0166 <=> s_0167
1062,r_1579,2-methylbutanal transport,-1000.0,1000.0,"Transport [c, m]",False,,s_0166 <=> s_0168
1063,r_1580,2-methylbutanol exchange,0.0,1000.0,Exchange reaction,True,,s_0170 --> 
1064,r_1581,2-methylbutyl acetate exchange,0.0,1000.0,Exchange reaction,True,,s_0173 --> 
1065,r_1582,2-methylpropanal transport,-1000.0,1000.0,"Transport [c, e]",False,,s_0937 <=> s_0938
1066,r_1583,2-methylpropanal transport,-1000.0,1000.0,"Transport [c, m]",False,,s_0937 <=> s_0939
1067,r_1585,2-oxobutanoate transporter,-1000.0,1000.0,"Transport [c, m]",False,YNL065W or YKL217W,s_0178 <=> s_0179
1068,r_1586,2-oxoglutarate exchange,0.0,1000.0,Exchange reaction,True,,s_0181 --> 
1069,r_1587,2-oxoglutarate transport,-1000.0,1000.0,"Transport [c, n]",False,,s_0180 <=> s_0183
1070,r_1588,2-oxoglutarate transport,-1000.0,1000.0,"Transport [c, e]",False,,s_0181 <=> s_0180
1071,r_1589,2-phenylethanol exchange,0.0,1000.0,Exchange reaction,True,,s_0186 --> 
1072,r_1590,2-phenylethanol transport,-1000.0,1000.0,"Transport [c, e]",False,,s_0186 <=> s_0185
1073,r_1591,2-phenylethanol transport,-1000.0,1000.0,"Transport [c, m]",False,,s_0187 <=> s_0185
1074,r_1595,3-carboxy-4-methyl-2-oxopentanoate transport,-1000.0,1000.0,"Transport [c, m]",False,,s_0010 <=> s_0011
1075,r_1596,3-methyl-2-oxopentanoate transport,-1000.0,1000.0,"Transport [c, m]",False,,s_0056 <=> s_0060
1076,r_1597,3-methyl-oxopentanoate trasport,-1000.0,1000.0,"Transport [c, e]",False,,s_0058 <=> s_0056
1077,r_1598,3-methylbutanal exchange,0.0,1000.0,Exchange reaction,True,,s_0235 --> 
1078,r_1599,3-methylbutanal transport,-1000.0,1000.0,"Transport [c, e]",False,,s_0234 <=> s_0235
1079,r_1600,3-methylbutanal transport,-1000.0,1000.0,"Transport [c, m]",False,,s_0234 <=> s_0236
1080,r_1601,3-octaprenyl-4-hydroxybenzoate transport,-1000.0,1000.0,"Transport [c, m]",False,,s_0215 <=> s_0216
1081,r_1603,4-amino-5-hydroxymethyl-2-methylpyrimidine synthetase,0.0,1000.0,Thiamine metabolism,False,YFL058W,s_0300 --> s_0270 + s_0775 + s_0794 + s_1322
1082,r_1604,4-aminobenzoate exchange,0.0,1000.0,Exchange reaction,True,,s_0272 --> 
1083,r_1605,4-aminobenzoate transport,-1000.0,1000.0,"Transport [c, e]",False,,s_0271 <=> s_0272
1084,r_1606,4-aminobenzoate transport,-1000.0,1000.0,"Transport [c, m]",False,,s_0271 <=> s_0273
1085,r_1607,4-aminobutanal transport,-1000.0,1000.0,"Transport [c, m]",False,,s_0274 <=> s_0275
1086,r_1608,4-aminobutyrate transport,-1000.0,1000.0,"Transport [c, m]",False,,s_0734 <=> s_0738
1087,r_1609,4-hydroxy-2-oxoglutarate transport,-1000.0,1000.0,"Transport [c, m]",False,,s_0282 <=> s_0283
1088,r_1610,4-hydroxy-2-oxoglutarate transport,-1000.0,1000.0,"Transport [c, p]",False,,s_0282 <=> s_0284
1089,r_1611,4-hydroxybenzoate transport,-1000.0,1000.0,"Transport [c, m]",False,,s_0286 <=> s_0287
1090,r_1613,5'-nucleotidase (AMP),0.0,1000.0,Purine metabolism,False,,s_0423 + s_0803 --> s_0386 + s_1322
1091,r_1614,5'-nucleotidase (dAMP),0.0,1000.0,Purine metabolism,False,YGL101W or YBR242W,s_0584 + s_0803 --> s_0132 + s_1322
1092,r_1615,5'-nucleotidase (dCMP),0.0,1000.0,Pyrimidine metabolism,False,YGL101W or YBR242W,s_0589 + s_0803 --> s_0610 + s_1322
1093,r_1616,5'-nucleotidase (dGMP),0.0,1000.0,Purine metabolism,False,YGL101W or YBR242W,s_0615 + s_0803 --> s_0134 + s_1322
1094,r_1617,5'-nucleotidase (dTMP),0.0,1000.0,Pyrimidine metabolism,False,YGL101W or YBR242W,s_0649 + s_0803 --> s_1322 + s_1493
1095,r_1618,5'-nucleotidase (dUMP),0.0,1000.0,Pyrimidine metabolism,False,,s_0654 + s_0803 --> s_0138 + s_1322
1096,r_1619,5'-nucleotidase (GMP),0.0,1000.0,Purine metabolism,False,YER037W,s_0782 + s_0803 --> s_0790 + s_1322
1097,r_1620,5'-nucleotidase (XMP),0.0,1000.0,Purine metabolism,False,,s_0803 + s_1565 --> s_1322 + s_1563
1098,r_1621,5-aminolevulinate exchange,0.0,1000.0,Exchange reaction,True,,s_0316 --> 
1099,r_1622,5-aminolevulinate transport,-1000.0,1000.0,"Transport [c, m]",False,,s_0315 <=> s_0317
1100,r_1623,5-formethyltetrahydrofolate cyclo-ligase,0.0,1000.0,One carbon pool by folate,False,YER183C,s_0321 + s_0437 --> s_0305 + s_0397 + s_1326
1101,r_1624,5-formyltetrahydrofolate:10-formyltetrahydrofolate isomerase,0.0,1000.0,One carbon pool by folate,False,YER183C,s_0319 + s_0434 + s_0803 --> s_0120 + s_0394 + s_0794 + s_1322
1102,r_1625,5-formyltetrahydrofolic acid exchange,0.0,1000.0,Exchange reaction,True,,s_0320 --> 
1103,r_1627,"7,8-diaminononanoate exchange",0.0,1000.0,Exchange reaction,True,,s_0342 --> 
1104,r_1628,"7,8-diaminononanoate transport",-1000.0,1000.0,"Transport [c, e]",False,,s_0342 <=> s_0341
1105,r_1629,8-amino-7-oxononanoate exchange,0.0,1000.0,Exchange reaction,True,,s_0354 --> 
1106,r_1630,9H-xanthine exchange,0.0,1000.0,Exchange reaction,True,,s_0358 --> 
1107,r_1631,acetaldehyde exchange,0.0,1000.0,Exchange reaction,True,,s_0360 --> 
1108,r_1632,acetaldehyde transport,-1000.0,1000.0,"Transport [c, m]",False,,s_0361 <=> s_0359
1109,r_1633,acetaldehyde transport,-1000.0,1000.0,"Transport [c, e]",False,,s_0360 <=> s_0359
1110,r_1634,acetate exchange,0.0,1000.0,Exchange reaction,True,,s_0364 --> 
1111,r_1635,acetate transport,-1000.0,1000.0,"Transport [c, n]",False,,s_0362 <=> s_0366
1112,r_1637,acetyl-CoA transport,-1000.0,1000.0,"Transport [c, n]",False,,s_0373 <=> s_0377
1113,r_1638,acetylcarnitine transport,0.0,1000.0,"Transport [c, p]",False,,s_1237 --> s_1235
1114,r_1639,adenine exchange,0.0,1000.0,Exchange reaction,True,,s_0384 --> 
1115,r_1640,adenine transport,-1000.0,1000.0,"Transport [c, m]",False,,s_0383 <=> s_0385
1116,r_1641,"adenosine 3',5'-bismonophosphate exchange",0.0,1000.0,Exchange reaction,True,,s_0391 --> 
1117,r_1642,"adenosine 3',5'-bisphosphate transport",-1000.0,1000.0,"Transport [c, m]",False,YPR011C,s_0390 <=> s_0392
1118,r_1643,adenosine exchange,0.0,1000.0,Exchange reaction,True,,s_0387 --> 
1119,r_1644,ADP transport,-1000.0,1000.0,"Transport [c, n]",False,,s_0394 <=> s_0398
1120,r_1645,ADP transport,-1000.0,1000.0,"Transport [c, er]",False,,s_0394 <=> s_0395
1121,r_1647,"AKG transporter, peroxisome",-1000.0,1000.0,"Transport [c, p]",False,,s_0180 <=> s_0184
1122,r_1648,allantoate exchange,0.0,1000.0,Exchange reaction,True,,s_0406 --> 
1123,r_1649,allantoin exchange,0.0,1000.0,Exchange reaction,True,,s_0408 --> 
1124,r_1650,trehalose exchange,0.0,1000.0,Exchange reaction,True,,s_1521 --> 
1125,r_1651,alpha-D-glucosamine 6-phosphate exchange,0.0,1000.0,Exchange reaction,True,,s_0413 --> 
1126,r_1652,alpha-ketoglutarate/malate transporter,-1000.0,1000.0,"Transport [c, e]",False,,s_0067 + s_0180 <=> s_0066 + s_0181
1127,r_1654,ammonium exchange,-0.2050601815756348,0.0,Exchange reaction,True,,s_0420 <-- 
1128,r_1656,AMP transport,-1000.0,1000.0,"Transport [c, n]",False,,s_0425 <=> s_0423
1129,r_1657,arginine transport,0.0,1000.0,"Transport [c, m]",False,YBR147W,s_0794 + s_0965 --> s_0799 + s_0967
1130,r_1658,asparagine transport,0.0,1000.0,"Transport [c, m]",False,YDR508C,s_0969 --> s_0971
1131,r_1659,aspartate-glutamate transporter,-1000.0,1000.0,"Transport [c, p]",False,,s_0973 + s_0995 <=> s_0976 + s_0991
1132,r_1660,ATP diffusion,-1000.0,1000.0,"Transport [c, n]",False,,s_0434 <=> s_0438
1133,r_1661,ATP transport,-1000.0,1000.0,"Transport [c, er]",False,,s_0434 <=> s_0435
1134,r_1663,bicarbonate exchange,0.0,0.0,Exchange reaction,True,,s_0446 --> 
1135,r_1664,bicarbonate formation,-1000.0,1000.0,Nitrogen metabolism,False,,s_0460 + s_0807 <=> s_0447 + s_0799
1136,r_1665,bicarbonate formation,-1000.0,1000.0,Nitrogen metabolism,False,,s_0461 + s_0808 <=> s_0448 + s_0800
1137,r_1667,bicarbonate formation,-1000.0,1000.0,Nitrogen metabolism,False,YNL036W,s_0456 + s_0803 <=> s_0445 + s_0794
1138,r_1668,bicarbonate formation,-1000.0,1000.0,Nitrogen metabolism,False,,s_0458 + s_0805 <=> s_0446 + s_0796
1139,r_1669,bicarbonate transport,-1000.0,1000.0,"Transport [c, n]",False,,s_0445 <=> s_0448
1140,r_1671,biotin exchange,-0.01,0.0,Exchange reaction,True,,s_0452 <-- 
1141,r_1672,carbon dioxide exchange,0.0,1000.0,Exchange reaction,True,,s_0458 --> 
1142,r_1673,carnitine transport,0.0,1000.0,"Transport [c, p]",False,,s_0021 --> s_0024
1143,r_1674,carnitine-acetylcarnitine carrier,0.0,1000.0,"Transport [c, p]",False,,s_0021 + s_1237 --> s_0024 + s_1235
1144,r_1675,CDP transport,-1000.0,1000.0,"Transport [c, n]",False,,s_0467 <=> s_0468
1145,r_1676,ceramide transport,-1000.0,1000.0,"Transport [er, g]",False,,s_0476 <=> s_0475
1146,r_1677,ceramide transport,-1000.0,1000.0,"Transport [er, g]",False,,s_0482 <=> s_0481
1147,r_1678,ceramide transport,-1000.0,1000.0,"Transport [er, g]",False,,s_0500 <=> s_0499
1148,r_1679,ceramide transport,-1000.0,1000.0,"Transport [er, g]",False,,s_0479 <=> s_0478
1149,r_1680,ceramide transport,-1000.0,1000.0,"Transport [er, g]",False,,s_0485 <=> s_0484
1150,r_1681,ceramide transport,-1000.0,1000.0,"Transport [er, g]",False,,s_0503 <=> s_0502
1151,r_1682,"cholestenol delta-isomerase, lumped reaction",0.0,1000.0,Steroid biosynthesis,False,,s_1275 + s_1416 + s_1569 --> s_0662 + s_0794 + 2.0 s_0803 + s_1413
1152,r_1683,choline exchange,0.0,1000.0,Exchange reaction,True,,s_0513 --> 
1153,r_1684,choline transport,-1000.0,1000.0,"Transport [c, ce]",False,YGL077C or YOR161C,s_0511 <=> s_0512
1154,r_1685,chorismate pyruvate lyase,0.0,1000.0,Ubiquinone and other terpenoid-quinone biosynthesis,False,,s_0515 --> s_0286 + s_1399
1155,r_1686,citrate transport,-1000.0,1000.0,"Transport [c, e]",False,,s_0523 <=> s_0522
1156,r_1687,citrate exchange,0.0,1000.0,Exchange reaction,True,,s_0523 --> 
1157,r_1688,citrate/isocitrate antiport,-1000.0,1000.0,"Transport [c, p]",False,,s_0522 + s_0942 <=> s_0525 + s_0940
1158,r_1689,citrate/malate antiport,-1000.0,1000.0,"Transport [c, p]",False,,s_0066 + s_0525 <=> s_0069 + s_0522
1159,r_1690,CMP nucleosidase,0.0,1000.0,Pyrimidine metabolism,False,,s_0526 + s_0803 --> s_0545 + s_1408
1160,r_1691,CO2 transport,-1000.0,1000.0,"Transport [c, er]",False,,s_0456 <=> s_0457
1161,r_1694,CO2 transport,-1000.0,1000.0,"Transport [c, n]",False,,s_0461 <=> s_0456
1162,r_1695,CO2 transport,-1000.0,1000.0,"Transport [c, p]",False,,s_0456 <=> s_0462
1163,r_1696,CO2 transport,-1000.0,1000.0,"Transport [c, m]",False,,s_0456 <=> s_0460
1164,r_1697,CO2 transport,-1000.0,1000.0,"Transport [c, e]",False,,s_0456 <=> s_0458
1165,r_1698,coenzyme A transport,-1000.0,1000.0,"Transport [c, er]",False,,s_0529 <=> s_0530
1166,r_1699,coenzyme A transport,-1000.0,1000.0,"Transport [c, n]",False,,s_0529 <=> s_0533
1167,r_1700,coenzyme A transport,-1000.0,1000.0,"Transport [c, p]",False,,s_0534 <=> s_0529
1168,r_1702,cytidine exchange,0.0,1000.0,Exchange reaction,True,,s_0544 --> 
1169,r_1703,cytidylate kinase (CMP),0.0,1000.0,Pyrimidine metabolism,False,YKL024C,s_0434 + s_0526 --> s_0394 + s_0467
1170,r_1704,cytidylate kinase (dCMP),-1000.0,1000.0,Pyrimidine metabolism,False,YKL024C,s_0434 + s_0589 <=> s_0394 + s_0587
1171,r_1705,cytosine exchange,0.0,1000.0,Exchange reaction,True,,s_0546 --> 
1172,r_1706,D-arabinose exchange,0.0,1000.0,Exchange reaction,True,,s_0549 --> 
1173,r_1707,D-arabinose transport,-1000.0,1000.0,"Transport [c, e]",False,YDR342C or YHR092C,s_0549 <=> s_0548
1174,r_1708,D-erythrose 4-phosphate transport,-1000.0,1000.0,"Transport [c, m]",False,,s_0551 <=> s_0552
1175,r_1709,D-fructose exchange,-1.5036973515964451,0.0,Exchange reaction,True,,s_0554 <-- 
1176,r_1710,D-galactose exchange,0.0,1000.0,Exchange reaction,True,,s_0559 --> 
1177,r_1711,D-galacturonate exchange,0.0,1000.0,Exchange reaction,True,,s_0560 --> 
1178,r_1712,D-glucitol exchange,0.0,1000.0,Exchange reaction,True,,s_0562 --> 
1179,r_1713,D-glucosamine 6-phosphate uniport,-1000.0,1000.0,"Transport [c, e]",False,,s_0413 <=> s_0412
1180,r_1714,D-glucose exchange,-2.9277472771368447,0.0,Exchange reaction,True,,s_0565 <-- 
1181,r_1715,D-mannose exchange,0.0,1000.0,Exchange reaction,True,,s_0572 --> 
1182,r_1716,D-ribose exchange,0.0,1000.0,Exchange reaction,True,,s_0576 --> 
1183,r_1717,D-sorbitol transport,-1000.0,1000.0,"Transport [c, e]",False,YDL245C or YEL069C or YJR158W or YNR072W,s_0562 <=> s_0561
1184,r_1718,D-xylose exchange,0.0,1000.0,Exchange reaction,True,,s_0579 --> 
1185,r_1719,D-xylose transport,-1000.0,1000.0,"Transport [c, e]",False,YHR092C,s_0579 <=> s_0578
1186,r_1720,dADP transport,-1000.0,1000.0,"Transport [c, n]",False,,s_0582 <=> s_0583
1187,r_1721,dCDP transport,-1000.0,1000.0,"Transport [c, n]",False,,s_0587 <=> s_0588
1188,r_1722,ATP deamination,0.0,1000.0,Purine metabolism,False,,s_0434 + s_0794 + s_0803 --> s_0419 + s_0950
1189,r_1723,dATP deamination,0.0,1000.0,Purine metabolism,False,,s_0586 + s_0794 + s_0803 --> s_0419 + s_0639
1190,r_1724,ADP deamination,0.0,1000.0,Purine metabolism,False,,s_0394 + s_0794 + s_0803 --> s_0419 + s_0846
1191,r_1725,dADP deamination,0.0,1000.0,Purine metabolism,False,,s_0582 + s_0794 + s_0803 --> s_0419 + s_0618
1192,r_1726,deamino-NAD+ diffusion,-1000.0,1000.0,"Transport [c, n]",False,,s_0591 <=> s_0593
1193,r_1727,decanoate exchange,0.0,1000.0,Exchange reaction,True,,s_0597 --> 
1194,r_1728,deoxyadenosine transport,0.0,1000.0,"Transport [c, e]",False,,s_0133 --> s_0132
1195,r_1729,deoxyadenylate kinase,-1000.0,1000.0,Purine metabolism,False,YDL166C,s_0434 + s_0584 <=> s_0394 + s_0582
1196,r_1730,deoxycytidine exchange,0.0,1000.0,Exchange reaction,True,,s_0611 --> 
1197,r_1731,deoxycytidine transport,0.0,1000.0,"Transport [c, e]",False,,s_0611 --> s_0610
1198,r_1732,deoxyguanosine transport,0.0,1000.0,"Transport [c, e]",False,,s_0135 --> s_0134
1199,r_1733,deoxyinosine transport,0.0,1000.0,"Transport [c, e]",False,,s_0137 --> s_0136
1200,r_1734,deoxyuridine kinase (ATP:deoxyuridine),0.0,1000.0,Pyrimidine metabolism,False,,s_0138 + s_0434 --> s_0394 + s_0654 + s_0794
1201,r_1735,deoxyuridine transport,0.0,1000.0,"Transport [c, e]",False,YBL042C,s_0139 --> s_0138
1202,r_1736,dephospho-CoA kinase,0.0,1000.0,Pantothenate and coa biosynthesis,False,YDR196C,s_0197 + s_0434 --> s_0394 + s_0529 + s_0794
1203,r_1737,dGDP transport,-1000.0,1000.0,"Transport [c, n]",False,,s_0613 <=> s_0614
1204,r_1738,dhnpt transport,-1000.0,1000.0,"Transport [c, m]",False,,s_0343 <=> s_0344
1205,r_1739,diamine transaminase,0.0,1000.0,Arginine and proline metabolism,False,YDR071C,s_0373 + s_1442 --> s_0529 + s_0794 + s_1181
1206,r_1743,dihydrofolate transport,-1000.0,1000.0,"Transport [c, m]",False,,s_0625 <=> s_0626
1207,r_1744,dihydroneopterin triphosphate pyrophosphatase,0.0,1000.0,Folate biosynthesis,False,,s_0346 + s_0803 --> s_0345 + s_0633 + s_0794
1208,r_1745,dihydropteroate transport,-1000.0,1000.0,"Transport [c, m]",False,,s_0347 <=> s_0348
1209,r_1746,dihydroxyacetone phosphate transport,-1000.0,1000.0,"Transport [c, m]",False,,s_0632 <=> s_0629
1210,r_1747,diphosphate transport,-1000.0,1000.0,"Transport [c, p]",False,,s_0633 <=> s_0638
1211,r_1748,dolichol phosphate transport,-1000.0,1000.0,"Transport [c, er]",False,,s_0645 <=> s_0646
1212,r_1749,dTTP exchange,0.0,1000.0,Exchange reaction,True,,s_0651 --> 
1213,r_1750,dTTP uniport,-1000.0,1000.0,"Transport [c, e]",False,,s_0651 <=> s_0650
1214,r_1751,dUDP diffusion,-1000.0,1000.0,"Transport [c, n]",False,,s_0652 <=> s_0653
1215,r_1752,dUMP transport,-1000.0,1000.0,"Transport [c, n]",False,,s_0654 <=> s_0655
1216,r_1753,episterol exchange,0.0,1000.0,Exchange reaction,True,,s_0659 --> 
1217,r_1754,"ergosta-5,6,22,24,(28)-tetraen-3beta-ol transport",-1000.0,1000.0,"Transport [c, er]",False,,s_0662 <=> s_0663
1218,r_1757,ergosterol exchange,-1000.0,0.0,Exchange reaction,True,,s_0668 <-- 
1219,r_1758,ergosterol transport,-1000.0,1000.0,"Transport [c, er]",False,,s_0667 <=> s_0666
1220,r_1759,ergosterol transport,-1000.0,1000.0,"Transport [c, lp]",False,,s_0666 <=> s_0669
1221,r_1761,ethanol exchange,0.0,1000.0,Exchange reaction,True,,s_0681 --> 
1222,r_1762,ethanol transport,-1000.0,1000.0,"Transport [c, e]",False,,s_0680 <=> s_0681
1223,r_1763,"ethanol transport, mitochondrial",-1000.0,1000.0,"Transport [c, m]",False,,s_0680 <=> s_0682
1224,r_1764,ethanolamine exchange,0.0,1000.0,Exchange reaction,True,,s_0684 --> 
1225,r_1765,ethyl acetate exchange,0.0,1000.0,Exchange reaction,True,,s_0686 --> 
1226,r_1766,farnesyl diphosphate transport,-1000.0,1000.0,"Transport [c, m]",False,,s_0190 <=> s_0191
1227,r_1770,fatty acid transport,-1000.0,1000.0,"Transport [c, p]",False,YBR041W,s_0595 <=> s_0600
1228,r_1771,fatty acid transport,-1000.0,1000.0,"Transport [c, p]",False,YKL188C and YPL147W,s_1065 <=> s_1070
1229,r_1772,fatty acid transport,-1000.0,1000.0,"Transport [c, p]",False,YKL188C and YPL147W,s_1161 <=> s_1166
1230,r_1774,fatty acid transport,-1000.0,1000.0,"Transport [c, p]",False,YKL188C and YPL147W,s_1286 <=> s_1291
1231,r_1775,fatty acid transport,-1000.0,1000.0,"Transport [c, p]",False,YBR041W,s_1293 <=> s_1298
1232,r_1776,fatty acid transport,-1000.0,1000.0,"Transport [c, p]",False,,s_1248 <=> s_1253
1233,r_1777,myristate (n-C14:0) transport,-1000.0,1000.0,"Transport [c, e]",False,,s_1163 <=> s_1161
1234,r_1788,fecosterol exchange,0.0,1000.0,Exchange reaction,True,,s_0702 --> 
1235,r_1790,FMN adenylyltransferase,0.0,1000.0,Riboflavin metabolism,False,YDL045C,s_0437 + s_0716 + s_0799 --> s_0636 + s_0688
1236,r_1791,FMN exchange,0.0,1000.0,Exchange reaction,True,,s_0715 --> 
1237,r_1792,folic acid exchange,0.0,1000.0,Exchange reaction,True,,s_0720 --> 
1238,r_1793,formate exchange,0.0,1000.0,Exchange reaction,True,,s_0723 --> 
1239,r_1794,formate transport,0.0,1000.0,"Transport [c, m]",False,,s_0724 --> s_0722
1240,r_1795,formate transport,-1000.0,1000.0,"Transport [c, e]",False,YNL065W,s_0723 <=> s_0722
1241,r_1796,formate transport,-1000.0,1000.0,"Transport [c, e]",False,,s_0726 <=> s_0725
1242,r_1797,fructose-1-phosphate kinase,0.0,1000.0,Fructose and mannose metabolism,False,,s_0434 + s_0556 --> s_0394 + s_0555 + s_0794
1243,r_1798,fumarate exchange,0.0,1000.0,Exchange reaction,True,,s_0726 --> 
1244,r_1800,gamma-aminobutyrate exchange,0.0,0.0,Exchange reaction,True,,s_0736 --> 
1245,r_1801,GDP transport,-1000.0,1000.0,"Transport [c, g]",False,,s_0740 <=> s_0739
1246,r_1802,GDP transport,-1000.0,1000.0,"Transport [c, n]",False,,s_0739 <=> s_0742
1247,r_1803,GDP-alpha-D-mannose transport,-1000.0,1000.0,"Transport [c, g]",False,YGL225W,s_0743 <=> s_0744
1248,r_1805,"glucose transport, vacuolar",-1000.0,1000.0,"Transport [c, v]",False,YBR241C,s_0563 <=> s_0566
1249,r_1806,glutathione disulfide exchange,0.0,1000.0,Exchange reaction,True,,s_0755 --> 
1250,r_1807,glutathione exchange,0.0,1000.0,Exchange reaction,True,,s_0751 --> 
1251,r_1808,glycerol exchange,0.0,1000.0,Exchange reaction,True,,s_0766 --> 
1252,r_1809,glycerol-3-phosphate shuttle,-1000.0,1000.0,"Transport [c, m]",False,,s_0767 <=> s_0770
1253,r_1810,L-glycine exchange,0.0,0.0,Exchange reaction,True,,s_1004 --> 
1254,r_1811,glycine transport,-1000.0,1000.0,"Transport [c, m]",False,YPR058W,s_1003 <=> s_1005
1255,r_1812,glycoaldehyde transport,-1000.0,1000.0,"Transport [c, m]",False,,s_0775 <=> s_0777
1256,r_1813,glycoaldehyde transport,-1000.0,1000.0,"Transport [c, e]",False,,s_0776 <=> s_0775
1257,r_1814,glycolaldehyde exchange,0.0,1000.0,Exchange reaction,True,,s_0776 --> 
1258,r_1815,glyoxylate exchange,0.0,1000.0,Exchange reaction,True,,s_0780 --> 
1259,r_1816,glyoxylate transport,-1000.0,1000.0,"Transport [c, e]",False,YNL065W,s_0779 <=> s_0780
1260,r_1817,glyoxylate transport,-1000.0,1000.0,"Transport [c, p]",False,,s_0779 <=> s_0781
1261,r_1818,guanine exchange,0.0,1000.0,Exchange reaction,True,,s_0788 --> 
1262,r_1819,guanine transport,-1000.0,1000.0,"Transport [c, m]",False,,s_0787 <=> s_0789
1263,r_1820,guanosine exchange,0.0,1000.0,Exchange reaction,True,,s_0791 --> 
1264,r_1821,guanosine kinase,0.0,1000.0,Purine metabolism,False,,s_0434 + s_0790 --> s_0394 + s_0782 + s_0794
1265,r_1822,guanosine transport,0.0,1000.0,"Transport [c, m]",False,,s_0790 --> s_0792
1266,r_1823,guanosine transport,0.0,1000.0,"Transport [c, e]",False,,s_0791 --> s_0790
1267,r_1824,H+ diffusion,0.0,1000.0,"Transport [c, e]",False,,s_0796 --> s_0794
1268,r_1825,H+ diffusion,-1000.0,1000.0,"Transport [c, er]",False,,s_0794 <=> s_0795
1269,r_1826,H+ diffusion,-1000.0,1000.0,"Transport [c, g]",False,,s_0794 <=> s_0797
1270,r_1827,H+ diffusion,-1000.0,1000.0,"Transport [c, lp]",False,,s_0794 <=> s_0798
1271,r_1829,H+ diffusion,-1000.0,1000.0,"Transport [c, n]",False,,s_0794 <=> s_0800
1272,r_1830,H+ diffusion,-1000.0,1000.0,"Transport [c, p]",False,,s_0794 <=> s_0801
1273,r_1831,H+ diffusion,-1000.0,1000.0,"Transport [c, v]",False,,s_0794 <=> s_0802
1274,r_1832,H+ exchange,-1000.0,1000.0,Exchange reaction,True,,s_0796 <=> 
1275,r_1833,hexacosanoyl-CoA transport,-1000.0,1000.0,"Transport [c, er]",False,,s_0816 <=> s_0817
1276,r_1834,hexadecanal exchange,0.0,1000.0,Exchange reaction,True,,s_0826 --> 
1277,r_1835,hexadecanoate (n-C16:0) transport,-1000.0,1000.0,"Transport [c, e]",False,YBR041W,s_1288 <=> s_1286
1278,r_1836,hexadecenoate (n-C16:1) transport,-1000.0,1000.0,"Transport [c, e]",False,YBR041W,s_1295 <=> s_1293
1279,r_1837,"L-histidine transport, mitochondrial",0.0,1000.0,"Transport [c, m]",False,YBR147W,s_1006 --> s_1008
1280,r_1838,homocitrate synthase,0.0,1000.0,Pyruvate metabolism,False,YDL131W or YDL182W,s_0182 + s_0376 + s_0807 --> s_0532 + s_0799 + s_0834
1281,r_1839,hydrogen peroxide transport,-1000.0,1000.0,"Transport [c, n]",False,,s_0837 <=> s_0839
1282,r_1840,hydroxymethylglutaryl-CoA transport,-1000.0,1000.0,"Transport [c, m]",False,,s_0218 <=> s_0221
1283,r_1841,hypoxanthine exchange,0.0,1000.0,Exchange reaction,True,,s_0844 --> 
1284,r_1842,hypoxanthine transport,-1000.0,1000.0,"Transport [c, e]",False,,s_0844 <=> s_0843
1285,r_1843,indol-3-ylacetaldehyde exchange,0.0,1000.0,Exchange reaction,True,,s_0851 --> 
1286,r_1844,indole-3-acetaldehyde transport,-1000.0,1000.0,"Transport [c, m]",False,,s_0850 <=> s_0852
1287,r_1845,indole-3-acetaldehyde transport,-1000.0,1000.0,"Transport [c, e]",False,,s_0850 <=> s_0851
1288,r_1846,indole-3-acetate transport,-1000.0,1000.0,"Transport [c, m]",False,,s_0853 <=> s_0854
1289,r_1847,inosine exchange,0.0,1000.0,Exchange reaction,True,,s_0857 --> 
1290,r_1848,inosine transport,0.0,1000.0,"Transport [c, e]",False,,s_0857 --> s_0856
1291,r_1849,inositol hexakisphosphate transport,-1000.0,1000.0,"Transport [c, n]",False,,s_1158 <=> s_1159
1292,r_1850,insosine kinase,0.0,1000.0,Purine metabolism,False,,s_0434 + s_0856 --> s_0394 + s_0794 + s_0849
1293,r_1851,IPC transport,-1000.0,1000.0,"Transport [er, g]",False,,s_0895 <=> s_0894
1294,r_1852,IPC transport,-1000.0,1000.0,"Transport [er, g]",False,,s_0901 <=> s_0900
1295,r_1853,IPC transport,-1000.0,1000.0,"Transport [er, g]",False,,s_0907 <=> s_0906
1296,r_1854,IPC transport,-1000.0,1000.0,"Transport [er, g]",False,,s_0913 <=> s_0912
1297,r_1855,IPC transport,-1000.0,1000.0,"Transport [er, g]",False,,s_0919 <=> s_0918
1298,r_1856,IPC transport,-1000.0,1000.0,"Transport [er, g]",False,,s_0898 <=> s_0897
1299,r_1857,IPC transport,-1000.0,1000.0,"Transport [er, g]",False,,s_0904 <=> s_0903
1300,r_1858,IPC transport,-1000.0,1000.0,"Transport [er, g]",False,,s_0910 <=> s_0909
1301,r_1859,IPC transport,-1000.0,1000.0,"Transport [er, g]",False,,s_0916 <=> s_0915
1302,r_1860,IPC transport,-1000.0,1000.0,"Transport [er, g]",False,,s_0922 <=> s_0921
1303,r_1861,iron(2+) exchange,-0.001,0.0,Exchange reaction,True,,s_0925 <-- 
1304,r_1862,isoamyl acetate exchange,0.0,1000.0,Exchange reaction,True,,s_0928 --> 
1305,r_1863,isoamyl alcohol transport,-1000.0,1000.0,"Transport [c, e]",False,,s_0929 <=> s_0930
1306,r_1864,isoamyl alcohol transport,-1000.0,1000.0,"Transport [c, m]",False,,s_0929 <=> s_0931
1307,r_1865,isoamylol exchange,0.0,1000.0,Exchange reaction,True,,s_0930 --> 
1308,r_1866,isobutanol exchange,0.0,1000.0,Exchange reaction,True,,s_0933 --> 
1309,r_1867,isobutyl acetate exchange,0.0,1000.0,Exchange reaction,True,,s_0936 --> 
1310,r_1868,isobutyl alcohol transport,-1000.0,1000.0,"Transport [c, e]",False,,s_0932 <=> s_0933
1311,r_1869,isobutyl alcohol transport,-1000.0,1000.0,"Transport [c, m]",False,,s_0932 <=> s_0934
1312,r_1870,isobutyraldehyde exchange,0.0,1000.0,Exchange reaction,True,,s_0938 --> 
1313,r_1871,L-1-pyrroline-3-hydroxy-5-carboxylate spontaneous conversion to L-4-hydroxyglutamate semialdehyde,0.0,1000.0,Arginine and proline metabolism,False,,s_0117 + s_0799 + s_0807 --> s_0954
1314,r_1872,L-2-amino-3-oxobutanoate decarboxylation (spontaneous),0.0,1000.0,"Glycine, serine and threonine metabolism",False,,s_0794 + s_0952 --> s_0418 + s_0456
1315,r_1873,L-alanine exchange,-0.02563252269695435,0.0,Exchange reaction,True,,s_0956 <-- 
1316,r_1874,L-alanine transport,0.0,1000.0,"Transport [c, m]",False,,s_0957 --> s_0955
1317,r_1875,L-arabinitol exchange,0.0,1000.0,Exchange reaction,True,,s_0962 --> 
1318,r_1876,L-arabinitol transport,-1000.0,1000.0,"Transport [c, e]",False,,s_0962 <=> s_0961
1319,r_1877,L-arabinoase transport,-1000.0,1000.0,"Transport [c, e]",False,YDR342C or YHR092C,s_0964 <=> s_0963
1320,r_1878,L-arabinose exchange,0.0,1000.0,Exchange reaction,True,,s_0964 --> 
1321,r_1879,L-arginine exchange,-0.02563252269695435,0.0,Exchange reaction,True,,s_0966 <-- 
1322,r_1880,L-asparagine exchange,0.0,0.0,Exchange reaction,True,,s_0970 --> 
1323,r_1881,L-aspartate exchange,0.0,0.0,Exchange reaction,True,,s_0974 --> 
1324,r_1882,L-carnitine transport,0.0,1000.0,"Transport [c, m]",False,YOR100C,s_0023 --> s_0021
1325,r_1883,L-cysteine exchange,0.0,0.0,Exchange reaction,True,,s_0982 --> 
1326,r_1884,L-erythro-4-hydroxyglutamate transport,-1000.0,1000.0,"Transport [c, m]",False,,s_0677 <=> s_0678
1327,r_1885,L-erythro-4-hydroxyglutamate transport,-1000.0,1000.0,"Transport [c, p]",False,,s_0677 <=> s_0679
1328,r_1886,L-glucitol exchange,0.0,1000.0,Exchange reaction,True,,s_0990 --> 
1329,r_1887,L-glutamate 5-semialdehyde dehydratase,-1000.0,1000.0,Arginine and proline metabolism,False,,s_0997 <=> s_0118 + s_0794 + s_0803
1330,r_1889,L-glutamate exchange,-0.02563252269695435,0.0,Exchange reaction,True,,s_0992 <-- 
1331,r_1890,L-glutamate transport,-1000.0,1000.0,"Transport [c, n]",False,,s_0991 <=> s_0994
1332,r_1891,L-glutamine exchange,-0.02563252269695435,0.0,Exchange reaction,True,,s_1000 <-- 
1333,r_1892,L-glutamine transport,-1000.0,1000.0,"Transport [c, n]",False,,s_0999 <=> s_1001
1334,r_1893,L-histidine exchange,0.0,0.0,Exchange reaction,True,,s_1007 --> 
1335,r_1895,L-homoserine transport,-1000.0,1000.0,"Transport [c, e]",False,,s_1015 <=> s_1014
1336,r_1896,L-homoserine exchange,0.0,1000.0,Exchange reaction,True,,s_1015 --> 
1337,r_1897,L-isoleucine exchange,0.0,0.0,Exchange reaction,True,,s_1017 --> 
1338,r_1898,L-isoleucine transport,0.0,1000.0,"Transport [c, m]",False,,s_1018 --> s_1016
1339,r_1899,L-leucine exchange,0.0,0.0,Exchange reaction,True,,s_1022 --> 
1340,r_1900,L-lysine exchange,0.0,0.0,Exchange reaction,True,,s_1026 --> 
1341,r_1901,L-malate transport,-1000.0,1000.0,"Transport [c, e]",False,,s_0067 <=> s_0066
1342,r_1902,L-methionine exchange,0.0,0.0,Exchange reaction,True,,s_1030 --> 
1343,r_1903,L-phenylalanine exchange,0.0,0.0,Exchange reaction,True,,s_1033 --> 
1344,r_1904,L-proline exchange,0.0,0.0,Exchange reaction,True,,s_1036 --> 
1345,r_1905,L-proline transport,-1000.0,1000.0,"Transport [c, m]",False,,s_1035 <=> s_1037
1346,r_1906,L-serine exchange,-0.02563252269695435,0.0,Exchange reaction,True,,s_1041 <-- 
1347,r_1907,L-serine transport,-1000.0,1000.0,"Transport [c, er]",False,YKR039W,s_1039 <=> s_1040
1348,r_1908,L-sorbitol transport,-1000.0,1000.0,"Transport [c, e]",False,YDL245C or YEL069C or YJR158W or YNR072W,s_0990 <=> s_0989
1349,r_1909,L-sorbose exchange,0.0,1000.0,Exchange reaction,True,,s_1044 --> 
1350,r_1910,L-sorbose transport,-1000.0,1000.0,"Transport [c, e]",False,YDL245C or YDR342C or YDR343C or YDR345C or YEL069C or YFL011W or YHR092C or YHR096C or YJL214W or YJL219W or YJR158W or YNR072W or YOL156W,s_1044 <=> s_1043
1351,r_1911,L-threonine exchange,-0.02563252269695435,0.0,Exchange reaction,True,,s_1046 <-- 
1352,r_1912,L-tryptophan exchange,-0.02563252269695435,0.0,Exchange reaction,True,,s_1049 <-- 
1353,r_1913,L-tyrosine exchange,0.0,0.0,Exchange reaction,True,,s_1052 --> 
1354,r_1914,L-valine exchange,0.0,0.0,Exchange reaction,True,,s_1057 --> 
1355,r_1915,lanosterol exchange,-1000.0,0.0,Exchange reaction,True,,s_1061 <-- 
1356,r_1916,laurate exchange,0.0,1000.0,Exchange reaction,True,,s_1067 --> 
1357,r_1919,lysine transport,0.0,1000.0,"Transport [c, m]",False,YBR147W,s_1025 --> s_1027
1358,r_1920,M(IP)2C transport,-1000.0,1000.0,"Transport [er, g]",False,,s_0862 <=> s_0861
1359,r_1921,M(IP)2C transport,-1000.0,1000.0,"Transport [er, g]",False,,s_0868 <=> s_0867
1360,r_1922,M(IP)2C transport,-1000.0,1000.0,"Transport [er, g]",False,,s_0874 <=> s_0873
1361,r_1923,M(IP)2C transport,-1000.0,1000.0,"Transport [er, g]",False,,s_0880 <=> s_0879
1362,r_1924,M(IP)2C transport,-1000.0,1000.0,"Transport [er, g]",False,,s_0886 <=> s_0885
1363,r_1925,M(IP)2C transport,-1000.0,1000.0,"Transport [er, g]",False,,s_0865 <=> s_0864
1364,r_1926,M(IP)2C transport,-1000.0,1000.0,"Transport [er, g]",False,,s_0871 <=> s_0870
1365,r_1927,M(IP)2C transport,-1000.0,1000.0,"Transport [er, g]",False,,s_0877 <=> s_0876
1366,r_1928,M(IP)2C transport,-1000.0,1000.0,"Transport [er, g]",False,,s_0883 <=> s_0882
1367,r_1929,M(IP)2C transport,-1000.0,1000.0,"Transport [er, g]",False,,s_0889 <=> s_0888
1368,r_1930,malate/oxaloacetate shuttle,-1000.0,1000.0,"Transport [c, p]",False,,s_0069 + s_1271 <=> s_0066 + s_1274
1369,r_1931,maltose exchange,0.0,1000.0,Exchange reaction,True,,s_1106 --> 
1370,r_1932,mannan transport,-1000.0,1000.0,"Transport [c, er]",False,,s_1107 <=> s_1108
1371,r_1935,methionine transport,0.0,1000.0,"Transport [c, m]",False,YDR508C,s_1031 --> s_1029
1372,r_1936,methylglyoxal synthase,0.0,1000.0,Propanoate metabolism,False,,s_0629 --> s_1151 + s_1322
1373,r_1937,MIPC transport,-1000.0,1000.0,"Transport [er, g]",False,,s_1117 <=> s_1116
1374,r_1938,MIPC transport,-1000.0,1000.0,"Transport [er, g]",False,,s_1123 <=> s_1122
1375,r_1939,MIPC transport,-1000.0,1000.0,"Transport [er, g]",False,,s_1129 <=> s_1128
1376,r_1940,MIPC transport,-1000.0,1000.0,"Transport [er, g]",False,,s_1135 <=> s_1134
1377,r_1941,MIPC transport,-1000.0,1000.0,"Transport [er, g]",False,,s_1141 <=> s_1140
1378,r_1942,MIPC transport,-1000.0,1000.0,"Transport [er, g]",False,,s_1120 <=> s_1119
1379,r_1943,MIPC transport,-1000.0,1000.0,"Transport [er, g]",False,,s_1126 <=> s_1125
1380,r_1944,MIPC transport,-1000.0,1000.0,"Transport [er, g]",False,,s_1132 <=> s_1131
1381,r_1945,MIPC transport,-1000.0,1000.0,"Transport [er, g]",False,,s_1138 <=> s_1137
1382,r_1946,MIPC transport,-1000.0,1000.0,"Transport [er, g]",False,,s_1144 <=> s_1143
1383,r_1947,myo-inositol exchange,-0.01,0.0,Exchange reaction,True,,s_1154 <-- 
1384,r_1952,"N,N'-diformyldityrosine exchange",0.0,1000.0,Exchange reaction,True,,s_1186 --> 
1385,r_1963,NADP(+) transport,-1000.0,1000.0,"Transport [c, er]",False,,s_1207 <=> s_1208
1386,r_1964,NADPH transport,-1000.0,1000.0,"Transport [c, er]",False,,s_1212 <=> s_1213
1387,r_1965,NH3 transport,-1000.0,1000.0,"Transport [c, m]",False,,s_0419 <=> s_0421
1388,r_1966,nicotinamide diffusion,-1000.0,1000.0,"Transport [c, n]",False,,s_1216 <=> s_1217
1389,r_1967,nicotinate exchange,-0.01,0.0,Exchange reaction,True,,s_1220 <-- 
1390,r_1968,NMN exchange,0.0,1000.0,Exchange reaction,True,,s_1225 --> 
1391,r_1970,NMN transport,-1000.0,1000.0,"Transport [c, n]",False,,s_1224 <=> s_1227
1392,r_1971,NMN transport,-1000.0,1000.0,"Transport [c, p]",False,,s_1224 <=> s_1228
1393,r_1972,NMN transport,0.0,1000.0,"Transport [c, e]",False,,s_1225 --> s_1224
1394,r_1974,nucleoside-diphosphatase (dGDP),0.0,1000.0,Purine metabolism,False,,s_0613 + s_0803 --> s_0615 + s_0794 + s_1322
1395,r_1975,nucleoside-triphosphatase (dGTP),0.0,1000.0,Purine metabolism,False,,s_0617 + s_0803 --> s_0613 + s_0794 + s_1322
1396,r_1976,O-acetylcarnintine transport into mitochondria,0.0,1000.0,"Transport [c, m]",False,YOR100C,s_1235 --> s_1236
1397,r_1977,O2 transport,-1000.0,1000.0,"Transport [c, er]",False,,s_1275 <=> s_1276
1398,r_1978,O2 transport,-1000.0,1000.0,"Transport [c, m]",False,,s_1275 <=> s_1278
1399,r_1979,O2 transport,-1000.0,1000.0,"Transport [c, e]",False,,s_1277 <=> s_1275
1400,r_1980,O2 transport,-1000.0,1000.0,"Transport [c, p]",False,,s_1275 <=> s_1279
1401,r_1981,octadecanoate (n-C18:0) transport,-1000.0,1000.0,"Transport [c, e]",False,YBR041W,s_1450 <=> s_1449
1402,r_1984,octanoate exchange,0.0,1000.0,Exchange reaction,True,,s_1250 --> 
1403,r_1987,ornithine exchange,0.0,0.0,Exchange reaction,True,,s_1267 --> 
1404,r_1988,oxaloacetate transport,-1000.0,1000.0,"Transport [c, e]",False,,s_1271 <=> s_1272
1405,r_1989,oxaloacetate(2-) exchange,0.0,1000.0,Exchange reaction,True,,s_1272 --> 
1406,r_1990,oxidized glutathione uniport,0.0,1000.0,"Transport [c, e]",False,YJL212C,s_0755 --> s_0754
1407,r_1991,oxidized thioredoxin transport,-1000.0,1000.0,"Transport [c, p]",False,,s_1620 <=> s_1623
1408,r_1992,oxygen exchange,0.0,0.0,Exchange reaction,True,,s_1277 --> 
1409,r_1993,palmitate exchange,0.0,1000.0,Exchange reaction,True,,s_1288 --> 
1410,r_1994,palmitoleate exchange,-1000.0,0.0,Exchange reaction,True,,s_1295 <-- 
1411,r_1995,palmitoyl-CoA transport,-1000.0,1000.0,"Transport [c, er]",False,,s_1302 <=> s_1303
1412,r_1996,panthetheine 4'-phosphate transport,-1000.0,1000.0,"Transport [c, m]",False,,s_1307 <=> s_1308
1413,r_1997,panthetheine-phosphate adenylyltransferase,0.0,1000.0,Pantothenate and coa biosynthesis,False,,s_0437 + s_0799 + s_1308 --> s_0200 + s_0636
1414,r_1998,PAP uniport,-1000.0,1000.0,"Transport [c, e]",False,,s_0391 <=> s_0390
1415,r_1999,pectin exchange,0.0,1000.0,Exchange reaction,True,,s_1309 --> 
1416,r_2000,phenethyl acetate exchange,0.0,1000.0,Exchange reaction,True,,s_1317 --> 
1417,r_2001,phenylacetaldehyde exchange,0.0,1000.0,Exchange reaction,True,,s_1319 --> 
1418,r_2002,phenylacetaldehyde transport,-1000.0,1000.0,"Transport [c, e]",False,,s_1318 <=> s_1319
1419,r_2003,phenylacetaldehyde transport,-1000.0,1000.0,"Transport [c, m]",False,,s_1318 <=> s_1320
1420,r_2004,phenylalanine transport,0.0,1000.0,"Transport [c, m]",False,,s_1032 --> s_1034
1421,r_2005,phosphate exchange,-1000.0,0.0,Exchange reaction,True,,s_1324 <-- 
1422,r_2008,phosphate transport,-1000.0,1000.0,"Transport [c, v]",False,YNR013C,s_1322 <=> s_1329
1423,r_2020,potassium exchange,-0.001,0.0,Exchange reaction,True,,s_1374 <-- 
1424,r_2022,protoporphyrinogen IX transport,-1000.0,1000.0,"Transport [c, m]",False,,s_1384 <=> s_1385
1425,r_2023,PRPP transport,-1000.0,1000.0,"Transport [c, m]",False,,s_1386 <=> s_1387
1426,r_2024,putrescine exchange,0.0,1000.0,Exchange reaction,True,,s_1390 --> 
1427,r_2025,pyridoxal kinase,0.0,1000.0,Vitamin b6 metabolism,False,YNR027W,s_0434 + s_1392 --> s_0394 + s_0794 + s_1393
1428,r_2026,pyridoxamine kinase,0.0,1000.0,Vitamin b6 metabolism,False,YNR027W,s_0434 + s_1394 --> s_0394 + s_0794 + s_1395
1429,r_2027,pyridoxamine phosphatase,0.0,1000.0,Vitamin b6 metabolism,False,,s_0803 + s_1395 --> s_1322 + s_1394
1430,r_2028,pyridoxine exchange,-0.01,0.0,Exchange reaction,True,,s_1397 <-- 
1431,r_2029,pyridoxine kinase,0.0,1000.0,Vitamin b6 metabolism,False,YEL029C,s_0434 + s_1396 --> s_0394 + s_0794 + s_1398
1432,r_2030,pyrimidine phosphatase,0.0,1000.0,Riboflavin metabolism,False,,s_0313 + s_0803 --> s_0314 + s_1322
1433,r_2031,pyrimidine-nucleoside phosphorylase (uracil),-1000.0,1000.0,Pyrimidine metabolism,False,,s_1322 + s_1556 <=> s_0415 + s_1550
1434,r_2032,pyrophosphate transport,-1000.0,1000.0,"Transport [c, m]",False,,s_0633 <=> s_0636
1435,r_2033,pyruvate exchange,0.0,1000.0,Exchange reaction,True,,s_1400 --> 
1436,r_2034,pyruvate transport,0.0,1000.0,"Transport [c, m]",False,(YGL080W and YGR243W) or (YGL080W and YHR162W),s_0794 + s_1399 --> s_0799 + s_1401
1437,r_2036,quinolinate transport,-1000.0,1000.0,"Transport [c, m]",False,,s_1403 <=> s_1404
1438,r_2037,reduced thioredoxin transport,-1000.0,1000.0,"Transport [c, p]",False,,s_1616 <=> s_1619
1439,r_2038,riboflavin exchange,-0.01,0.0,Exchange reaction,True,,s_1406 <-- 
1440,r_2039,riboflavin transport,0.0,1000.0,"Transport [c, m]",False,,s_1405 --> s_1407
1441,r_2040,riboflavin transport,0.0,1000.0,"Transport [c, e]",False,YOR306C,s_1406 --> s_1405
1442,r_2041,ribose transporter,0.0,1000.0,"Transport [c, e]",False,YDR342C or YHR092C,s_0576 --> s_0575
1443,r_2042,S-adenosyl-L-homocysteine transport,-1000.0,1000.0,"Transport [c, m]",False,,s_1413 <=> s_1415
1444,r_2043,S-adenosyl-L-methionine exchange,0.0,1000.0,Exchange reaction,True,,s_1418 --> 
1445,r_2044,S-methyl-L-methionine exchange,0.0,1000.0,Exchange reaction,True,,s_1425 --> 
1446,r_2045,serine transport,-1000.0,1000.0,"Transport [c, m]",False,YDR508C,s_1039 <=> s_1042
1447,r_2046,sn-glycero-3-phosphocholine exchange,0.0,1000.0,Exchange reaction,True,,s_1435 --> 
1448,r_2049,sodium exchange,-1000.0,1000.0,Exchange reaction,True,,s_1438 <=> 
1449,r_2050,spermidine acetyltransferase,0.0,1000.0,Arginine and proline metabolism,False,,s_0373 + s_1439 --> s_0529 + s_0794 + s_1180
1450,r_2051,spermidine exchange,0.0,1000.0,Exchange reaction,True,,s_1440 --> 
1451,r_2052,spermine exchange,0.0,1000.0,Exchange reaction,True,,s_1443 --> 
1452,r_2053,squalene transport,-1000.0,1000.0,"Transport [c, er]",False,,s_1447 <=> s_1448
1453,r_2054,"squalene-2,3-epoxide transport",-1000.0,1000.0,"Transport [c, er]",False,,s_0038 <=> s_0037
1454,r_2055,stearate exchange,0.0,1000.0,Exchange reaction,True,,s_1450 --> 
1455,r_2056,succinate exchange,0.0,1000.0,Exchange reaction,True,,s_1459 --> 
1456,r_2057,succinate transport,-1000.0,1000.0,"Transport [c, e]",False,,s_1459 <=> s_1458
1457,r_2058,sucrose exchange,0.0,1000.0,Exchange reaction,True,,s_1466 --> 
1458,r_2060,sulphate exchange,-1000.0,0.0,Exchange reaction,True,,s_1468 <-- 
1459,r_2061,sulphite exchange,0.0,1000.0,Exchange reaction,True,,s_1470 --> 
1460,r_2062,taurine exchange,0.0,1000.0,Exchange reaction,True,,s_1472 --> 
1461,r_2063,tetracosanoyl-CoA transport,-1000.0,1000.0,"Transport [c, er]",False,,s_1479 <=> s_1480
1462,r_2064,thiamin phosphatase,0.0,1000.0,Thiamine metabolism,False,YDL024C,s_0803 + s_1497 --> s_1322 + s_1489
1463,r_2065,thiaminase,0.0,1000.0,Thiamine metabolism,False,,s_0803 + s_1489 --> s_0270 + s_0310 + s_0794
1464,r_2066,thiamine(1+) diphosphate(1-) exchange,0.0,1000.0,Exchange reaction,True,,s_1476 --> 
1465,r_2067,thiamine(1+) exchange,-0.01,0.0,Exchange reaction,True,,s_1490 <-- 
1466,r_2068,thiamine(1+) monophosphate exchange,0.0,1000.0,Exchange reaction,True,,s_1498 --> 
1467,r_2069,thiamine-phosphate kinase,0.0,1000.0,Thiamine metabolism,False,,s_0434 + s_1497 --> s_0394 + s_1475
1468,r_2072,threonine transport,0.0,1000.0,"Transport [c, m]",False,YDR508C,s_1045 --> s_1047
1469,r_2073,thymidine exchange,0.0,1000.0,Exchange reaction,True,,s_1494 --> 
1470,r_2074,thymidine kinase (ATP:thymidine),0.0,1000.0,Pyrimidine metabolism,False,,s_0434 + s_1493 --> s_0394 + s_0649 + s_0794
1471,r_2075,thymidine transport,-1000.0,1000.0,"Transport [c, e]",False,,s_1494 <=> s_1493
1472,r_2079,trehalose transporter,-1000.0,1000.0,"Transport [c, e]",False,YGR289C,s_0794 + s_1520 <=> s_0796 + s_1521
1473,r_2080,trehalose vacuolar transport,-1000.0,1000.0,"Transport [c, v]",False,,s_1520 <=> s_1522
1474,r_2082,tryptophan transport,0.0,1000.0,"Transport [c, m]",False,,s_1048 --> s_1050
1475,r_2083,tryptophol exchange,0.0,1000.0,Exchange reaction,True,,s_1530 --> 
1476,r_2084,tryptophol transport,-1000.0,1000.0,"Transport [c, e]",False,,s_1529 <=> s_1530
1477,r_2085,tryptophol transport,-1000.0,1000.0,"Transport [c, m]",False,,s_1529 <=> s_1531
1478,r_2086,tyrosine transport,0.0,1000.0,"Transport [c, m]",False,,s_1051 --> s_1053
1479,r_2087,tyrosine transport,-1000.0,1000.0,"Transport [c, p]",False,,s_1051 <=> s_1054
1480,r_2089,UMP transport,-1000.0,1000.0,"Transport [c, n]",False,,s_1545 <=> s_1548
1481,r_2090,uracil exchange,0.0,1000.0,Exchange reaction,True,,s_1551 --> 
1482,r_2091,urea exchange,0.0,1000.0,Exchange reaction,True,,s_1553 --> 
1483,r_2092,uridine exchange,0.0,1000.0,Exchange reaction,True,,s_1557 --> 
1484,r_2093,valine transport,-1000.0,1000.0,"Transport [c, m]",False,,s_1056 <=> s_1058
1485,r_2094,water diffusion,-1000.0,1000.0,"Transport [c, er]",False,YLL052C or YPR192W,s_0803 <=> s_0804
1486,r_2095,water diffusion,-1000.0,1000.0,"Transport [c, g]",False,,s_0803 <=> s_0806
1487,r_2096,water diffusion,-1000.0,1000.0,"Transport [c, m]",False,,s_0803 <=> s_0807
1488,r_2097,water diffusion,-1000.0,1000.0,"Transport [c, n]",False,,s_0803 <=> s_0808
1489,r_2098,water diffusion,-1000.0,1000.0,"Transport [c, p]",False,,s_0803 <=> s_0809
1490,r_2099,water diffusion,-1000.0,1000.0,"Transport [c, v]",False,,s_0803 <=> s_0810
1491,r_2100,water exchange,-1000.0,1000.0,Exchange reaction,True,,s_0805 <=> 
1492,r_2101,xanthine transport,-1000.0,1000.0,"Transport [c, e]",False,,s_0358 <=> s_0357
1493,r_2102,xanthosine exchange,0.0,1000.0,Exchange reaction,True,,s_1564 --> 
1494,r_2103,xanthosine transport,0.0,1000.0,"Transport [c, e]",False,,s_1564 --> s_1563
1495,r_2104,xylitol exchange,0.0,1000.0,Exchange reaction,True,,s_1567 --> 
1496,r_2105,xylitol transport,-1000.0,1000.0,"Transport [c, e]",False,YDL245C or YLL043W,s_1567 <=> s_1566
1497,r_2106,zymosterol exchange,-1000.0,0.0,Exchange reaction,True,,s_1571 <-- 
1498,r_2107,zymosterol transport,-1000.0,1000.0,"Transport [c, ce]",False,YIL013C or YOR011W,s_1568 <=> s_1569
1499,r_2108,lipid pseudoreaction - merge,0.0,1000.0,Growth,False,,s_3746 + s_3747 --> s_1096
1500,r_2111,growth,0.0,1000.0,Exchange reaction,False,,s_0450 --> 
1501,r_2112,kynurenine aminotransferase,-1000.0,1000.0,Tryptophan metabolism,False,YJL060W,s_1020 + s_1399 <=> s_0803 + s_0955 + s_2763
1502,r_2113,spontaneous kynurenic acid to quinaldic acid,0.0,1000.0,Tryptophan metabolism,False,,2.0 s_0794 + s_1212 + s_2763 --> s_0803 + s_1207 + s_2764
1503,r_2114,spontaneous 2-amino-3-carboxymuconate-6-semialdehyde to quinolinate,0.0,1000.0,Tryptophan metabolism,False,,s_0147 --> s_0794 + s_0803 + s_1403
1504,r_2115,"alcohol dehydrogenase, (acetaldehyde to ethanol)",0.0,1000.0,Glycolysis / gluconeogenesis,False,YBR145W or YOL086C,s_0359 + s_0794 + s_1203 --> s_0680 + s_1198
1505,r_2116,acetaldehyde dehydrogenase,0.0,1000.0,Glycolysis / gluconeogenesis,False,YMR110C or YMR170C or YER073W or YOR374W,s_0359 + s_0803 + s_1198 --> s_0362 + 2.0 s_0794 + s_1203
1506,r_2117,phenylalanine transaminase,-1000.0,1000.0,"Phenylalanine, tyrosine and tryptophan biosynthesis",False,YHR137W,s_1032 + s_1399 <=> s_0951 + s_0955
1507,r_2118,tryptophan transaminase,0.0,1000.0,"Phenylalanine, tyrosine and tryptophan biosynthesis",False,YHR137W,s_0951 + s_1048 --> s_0855 + s_1032
1508,r_2119,tyrosine transaminase,-1000.0,1000.0,"Phenylalanine, tyrosine and tryptophan biosynthesis",False,YHR137W,s_0204 + s_0955 <=> s_1051 + s_1399
1509,r_2125,coenzyme A: cytoplasm to LP,-1000.0,1000.0,"Transport [c, lp]",False,,s_0529 <=> s_0531
1510,r_2126,sedoheptulose bisphosphatase,0.0,1000.0,Glycolysis / gluconeogenesis,False,YKR043C,s_0803 + s_1426 --> s_1322 + s_1427
1511,r_2129,proton leak,0.0,1000.0,"Transport [c, m]",False,,s_0794 --> s_0799
1512,r_2131,isocitrate dehydrogenase,0.0,1000.0,Citrate cycle (TCA cycle),False,YDL066W,s_0941 + s_1210 --> s_0182 + s_0460 + s_1214
1513,r_2132,oxoglutarate/malate exchange,0.0,1000.0,"Transport [c, m]",False,YOR222W or YPL134C,s_0066 + s_0182 --> s_0068 + s_0180
1514,r_2134,14-demethyllanosterol exchange,-1000.0,0.0,Exchange reaction,True,,s_2766 <-- 
1515,r_2136,14-demethyllanosterol transport,-1000.0,1000.0,"Transport [c, e]",False,,s_2766 <=> s_0122
1516,r_2137,"ergosta-5,7,22,24(28)-tetraen-3beta-ol exchange",-1000.0,0.0,Exchange reaction,True,,s_2768 <-- 
1517,r_2139,"ergosta-5,7,22,24(28)-tetraen-3beta-ol transport",-1000.0,1000.0,"Transport [c, e]",False,,s_2768 <=> s_0662
1518,r_2140,fatty-acyl-CoA synthase (n-C16:0CoA),0.0,1000.0,Fatty acid biosynthesis,False,YKL182W and YPL231W,s_0373 + 21.0 s_0794 + 7.0 s_1101 + 14.0 s_1212 --> 7.0 s_0456 + 7.0 s_0529 + 7.0 s_0803 + 14.0 s_1207 + s_1302
1519,r_2141,fatty-acyl-CoA synthase (n-C18:0CoA),0.0,1000.0,Fatty acid biosynthesis,False,YKL182W and YPL231W,s_0373 + 24.0 s_0794 + 8.0 s_1101 + 16.0 s_1212 --> 8.0 s_0456 + 8.0 s_0529 + 8.0 s_0803 + 16.0 s_1207 + s_1454
1520,r_2142,B-ketoacyl-ACP synthase (acetoacetyl-ACP),0.0,1000.0,Fatty acid biosynthesis,False,YER061C and YKL192C,s_0372 + s_0465 + s_0799 --> s_0460 + s_1845 + s_2770
1521,r_2143,B-ketoacyl-ACP synthase (3-oxo-hexanoyl-ACP),0.0,1000.0,Fatty acid biosynthesis,False,YER061C and YKL192C,s_0465 + s_0799 + s_2771 --> s_0460 + s_1845 + s_2772
1522,r_2144,B-ketoacyl-ACP synthase (3-oxo-octanoyl-ACP),0.0,1000.0,Fatty acid biosynthesis,False,YER061C and YKL192C,s_0465 + s_0799 + s_2773 --> s_0460 + s_1845 + s_2774
1523,r_2145,3-oxoacyl-ACP reductase (3-hydroxybutanoyl-ACP),0.0,1000.0,Fatty acid biosynthesis,False,YKL055C,s_0799 + s_1214 + s_2770 --> s_1210 + s_2775
1524,r_2146,3-oxoacyl-ACP reductase (3-hydroxyhexanoyl-ACP),0.0,1000.0,Fatty acid biosynthesis,False,YKL055C,s_0799 + s_1214 + s_2772 --> s_1210 + s_2776
1525,r_2147,3-oxoacyl-ACP reductase (3-hydroxyoctanoyl-ACP),0.0,1000.0,Fatty acid biosynthesis,False,YKL055C,s_0799 + s_1214 + s_2774 --> s_1210 + s_2777
1526,r_2148,3-hydroxyacyl-thioester dehydratase (trans-but-2-enoyl-ACP),-1000.0,1000.0,Fatty acid biosynthesis,False,YHR067W,s_2775 <=> s_0807 + s_2778
1527,r_2149,3-hydroxyacyl-thioester dehydratase (trans-hex-2-enoyl-ACP),-1000.0,1000.0,Fatty acid biosynthesis,False,YHR067W,s_2776 <=> s_0807 + s_2779
1528,r_2150,3-hydroxyacyl-thioester dehydratase (trans-oct-2-enoyl-ACP),-1000.0,1000.0,Fatty acid biosynthesis,False,YHR067W,s_2777 <=> s_0807 + s_2780
1529,r_2151,enoyl-ACP reductase (butanoyl-ACP),0.0,1000.0,Biosynthesis of unsaturated fatty acids,False,YBR026C,s_0799 + s_1214 + s_2778 --> s_1210 + s_2771
1530,r_2152,enoyl-ACP reductase (hexanoyl-ACP),0.0,1000.0,Biosynthesis of unsaturated fatty acids,False,YBR026C,s_0799 + s_1214 + s_2779 --> s_1210 + s_2773
1531,r_2153,enoyl-ACP reductase (octanoyl-ACP),0.0,1000.0,Biosynthesis of unsaturated fatty acids,False,YBR026C,s_0799 + s_1214 + s_2780 --> s_1210 + s_1254
1532,r_2154,elongase I (3-oxotetradecanoyl-CoA),0.0,1000.0,Biosynthesis of unsaturated fatty acids,False,YJL196C,s_2781 + s_2782 + s_2783 --> s_2784 + s_2785 + s_2786
1533,r_2155,elongase I (3-oxopalmitoyl-CoA),0.0,1000.0,Biosynthesis of unsaturated fatty acids,False,YJL196C,s_2782 + s_2783 + s_2787 --> s_2784 + s_2785 + s_2788
1534,r_2156,elongase II (3-oxooctadecanoyl-CoA),0.0,1000.0,Biosynthesis of unsaturated fatty acids,False,YCR034W,s_2782 + s_2783 + s_2789 --> s_2784 + s_2785 + s_2790
1535,r_2157,elongase II or III (3-oxoicosanoyl-CoA),0.0,1000.0,Biosynthesis of unsaturated fatty acids,False,YCR034W or YLR372W,s_2782 + s_2783 + s_2791 --> s_2784 + s_2785 + s_2792
1536,r_2158,elongase II or III (3-oxodocosanoyl-CoA),0.0,1000.0,Biosynthesis of unsaturated fatty acids,False,YCR034W or YLR372W,s_2782 + s_2783 + s_2793 --> s_2784 + s_2785 + s_2794
1537,r_2159,elongase II or III (3-oxotetracosanoyl-CoA),0.0,1000.0,Biosynthesis of unsaturated fatty acids,False,YCR034W or YLR372W,s_2782 + s_2783 + s_2795 --> s_2784 + s_2785 + s_2796
1538,r_2160,elongase III (3-oxohexacosanoyl-CoA),0.0,1000.0,Biosynthesis of unsaturated fatty acids,False,YLR372W,s_2782 + s_2783 + s_2797 --> s_2784 + s_2785 + s_2798
1539,r_2161,B-ketoacyl-CoA reductase ((S)-3-hydroxytetradecanoyl-CoA),0.0,1000.0,Biosynthesis of unsaturated fatty acids,False,YBR159W,s_2783 + s_2786 + s_2799 --> s_2800 + s_2801
1540,r_2162,B-ketoacyl-CoA reductase ((S)-3-hydroxypalmitoyl-CoA),0.0,1000.0,Biosynthesis of unsaturated fatty acids,False,YBR159W,s_2783 + s_2788 + s_2799 --> s_2800 + s_2802
1541,r_2163,B-ketoacyl-CoA reductase (3-hydroxyoctadecanoyl-CoA),0.0,1000.0,Biosynthesis of unsaturated fatty acids,False,YBR159W,s_2783 + s_2790 + s_2799 --> s_2800 + s_2803
1542,r_2164,B-ketoacyl-CoA reductase (3-hydroxyicosanoyl-CoA),0.0,1000.0,Biosynthesis of unsaturated fatty acids,False,YBR159W,s_2783 + s_2792 + s_2799 --> s_2800 + s_2804
1543,r_2165,B-ketoacyl-CoA reductase (3-hydroxydocosanoyl-CoA),0.0,1000.0,Biosynthesis of unsaturated fatty acids,False,YBR159W,s_2783 + s_2794 + s_2799 --> s_2800 + s_2805
1544,r_2166,B-ketoacyl-CoA reductase (3-hydroxytetracosanoyl-CoA),0.0,1000.0,Biosynthesis of unsaturated fatty acids,False,YBR159W,s_2783 + s_2796 + s_2799 --> s_2800 + s_2806
1545,r_2167,B-ketoacyl-CoA reductase ((S)-3-hydroxyhexacosanoyl-CoA),0.0,1000.0,Biosynthesis of unsaturated fatty acids,False,YBR159W,s_2783 + s_2798 + s_2799 --> s_2800 + s_2807
1546,r_2168,B-hydroxyacyl-CoA dehydratase (trans-tetradec-2-enoyl-CoA),-1000.0,1000.0,Biosynthesis of unsaturated fatty acids,False,YJL097W,s_2801 <=> s_2808 + s_2809
1547,r_2169,B-hydroxyacyl-CoA dehydratase (trans-hexadec-2-enoyl-CoA),-1000.0,1000.0,Biosynthesis of unsaturated fatty acids,False,YJL097W,s_2802 <=> s_2808 + s_2810
1548,r_2170,B-hydroxyacyl-CoA dehydratase (trans-octadec-2-enoyl-CoA),-1000.0,1000.0,Biosynthesis of unsaturated fatty acids,False,YJL097W,s_2803 <=> s_2808 + s_2811
1549,r_2171,B-hydroxyacyl-CoA dehydratase (trans-icos-2-enoyl-CoA),-1000.0,1000.0,Biosynthesis of unsaturated fatty acids,False,YJL097W,s_2804 <=> s_2808 + s_2812
1550,r_2172,B-hydroxyacyl-CoA dehydratase (trans-docos-2-enoyl-CoA),-1000.0,1000.0,Biosynthesis of unsaturated fatty acids,False,YJL097W,s_2805 <=> s_2808 + s_2813
1551,r_2173,B-hydroxyacyl-CoA dehydratase (trans-tetracos-2-enoyl-CoA),0.0,1000.0,Biosynthesis of unsaturated fatty acids,False,YJL097W,s_2806 --> s_2808 + s_2814
1552,r_2174,B-hydroxyacyl-CoA dehydratase (trans-hexacos-2-enoyl-CoA),-1000.0,1000.0,Biosynthesis of unsaturated fatty acids,False,YJL097W,s_2807 <=> s_2808 + s_2815
1553,r_2175,trans-2-enoyl-CoA reductase (n-C14:0CoA),0.0,1000.0,Biosynthesis of unsaturated fatty acids,False,YDL015C,s_2783 + s_2799 + s_2809 --> s_2787 + s_2800
1554,r_2176,trans-2-enoyl-CoA reductase (n-C16:0CoA),0.0,1000.0,Biosynthesis of unsaturated fatty acids,False,YDL015C,s_2783 + s_2799 + s_2810 --> s_2789 + s_2800
1555,r_2177,trans-2-enoyl-CoA reductase (n-C18:0CoA),0.0,1000.0,Biosynthesis of unsaturated fatty acids,False,YDL015C,s_2783 + s_2799 + s_2811 --> s_2791 + s_2800
1556,r_2178,trans-2-enoyl-CoA reductase (n-C20:0CoA),0.0,1000.0,Biosynthesis of unsaturated fatty acids,False,YDL015C,s_2783 + s_2799 + s_2812 --> s_2793 + s_2800
1557,r_2179,trans-2-enoyl-CoA reductase (n-C22:0CoA),0.0,1000.0,Biosynthesis of unsaturated fatty acids,False,YDL015C,s_2783 + s_2799 + s_2813 --> s_2795 + s_2800
1558,r_2180,trans-2-enoyl-CoA reductase (n-C24:0CoA),0.0,1000.0,Biosynthesis of unsaturated fatty acids,False,YDL015C,s_2783 + s_2799 + s_2814 --> s_2797 + s_2800
1559,r_2181,trans-2-enoyl-CoA reductase (n-C26:0CoA),0.0,1000.0,Biosynthesis of unsaturated fatty acids,False,YDL015C,s_2783 + s_2799 + s_2815 --> s_2800 + s_2816
1560,r_2182,"palmitoyl-CoA desaturase (n-C16:0CoA -> n-C16:1CoA), ER membrane",0.0,1000.0,Biosynthesis of unsaturated fatty acids,False,YGL055W,s_2783 + s_2789 + s_2817 + s_2818 --> 2.0 s_2808 + s_2819 + s_2820
1561,r_2183,"stearoyl-CoA desaturase (n-C18:0CoA -> n-C18:1CoA), ER membrane",0.0,1000.0,Biosynthesis of unsaturated fatty acids,False,YGL055W,s_2783 + s_2791 + s_2817 + s_2818 --> 2.0 s_2808 + s_2820 + s_2821
1562,r_2184,octanoate (n-C8:0) transport,-1000.0,1000.0,"Transport [c, e]",False,,s_1250 <=> s_1248
1563,r_2185,decanoate (n-C10:0) transport,-1000.0,1000.0,"Transport [c, e]",False,,s_0597 <=> s_0595
1564,r_2186,laurate (n-C12:0) transport,-1000.0,1000.0,"Transport [c, e]",False,YBR041W,s_1067 <=> s_1065
1565,r_2187,butyrate exchange,0.0,1000.0,Exchange reaction,True,,s_2822 --> 
1566,r_2188,hexanoate exchange,0.0,1000.0,Exchange reaction,True,,s_2824 --> 
1567,r_2189,oleate exchange,-1000.0,0.0,Exchange reaction,True,,s_2826 <-- 
1568,r_2190,butyrate (n-C4:0) transport,-1000.0,1000.0,"Transport [c, e]",False,YNL065W,s_2822 <=> s_2828
1569,r_2191,hexanoate (n-C6:0) transport,-1000.0,1000.0,"Transport [c, e]",False,YNL065W,s_2824 <=> s_2829
1570,r_2192,octadecenoate (n-C18:1) transport,-1000.0,1000.0,"Transport [c, e]",False,YBR041W,s_2826 <=> s_1260
1571,r_2193,myristate exchange,0.0,1000.0,Exchange reaction,True,,s_1163 --> 
1572,r_2194,"fatty-acid--CoA ligase (dodecanoate), ER membrane",-1000.0,1000.0,Fatty acid biosynthesis,False,YOR317W,s_2785 + s_2831 + s_2832 <=> s_2781 + s_2833 + s_2834
1573,r_2195,"fatty-acid--CoA ligase (tetradecanoate), ER membrane",-1000.0,1000.0,Fatty acid biosynthesis,False,YMR246W or YOR317W,s_2785 + s_2831 + s_2835 <=> s_2787 + s_2833 + s_2834
1574,r_2196,"fatty-acid--CoA ligase (hexadecanoate), ER membrane",-1000.0,1000.0,Fatty acid biosynthesis,False,YMR246W or YOR317W,s_2785 + s_2831 + s_2836 <=> s_2789 + s_2833 + s_2834
1575,r_2197,"fatty-acid--CoA ligase (hexadecenoate), ER membrane",-1000.0,1000.0,Fatty acid biosynthesis,False,YMR246W or YOR317W,s_2785 + s_2831 + s_2837 <=> s_2819 + s_2833 + s_2834
1576,r_2198,"fatty-acid--CoA ligase (octadecanoate), ER membrane",-1000.0,1000.0,Fatty acid biosynthesis,False,YMR246W or YOR317W,s_2785 + s_2831 + s_2838 <=> s_2791 + s_2833 + s_2834
1577,r_2199,"fatty-acid--CoA ligase (octadecenoate), ER membrane",-1000.0,1000.0,Fatty acid biosynthesis,False,YMR246W or YOR317W,s_2785 + s_2831 + s_2839 <=> s_2821 + s_2833 + s_2834
1578,r_2200,"fatty-acid--CoA ligase (dodecanoate), lipid particle",-1000.0,1000.0,Fatty acid biosynthesis,False,YOR317W,s_0531 + s_2840 + s_2841 <=> s_0635 + s_2842 + s_2843
1579,r_2201,"fatty-acid--CoA ligase (tetradecanoate), lipid particle",-1000.0,1000.0,Fatty acid biosynthesis,False,YMR246W or YOR317W,s_0531 + s_2840 + s_2844 <=> s_0635 + s_2842 + s_2845
1580,r_2202,"fatty-acid--CoA ligase (hexadecanoate), lipid particle",-1000.0,1000.0,Fatty acid biosynthesis,False,YMR246W or YOR317W,s_0531 + s_2840 + s_2846 <=> s_0635 + s_2842 + s_2847
1581,r_2203,"fatty-acid--CoA ligase (hexadecenoate), lipid particle",-1000.0,1000.0,Fatty acid biosynthesis,False,YMR246W or YOR317W,s_0531 + s_2840 + s_2848 <=> s_0635 + s_2842 + s_2849
1582,r_2204,"fatty-acid--CoA ligase (octadecanoate), lipid particle",-1000.0,1000.0,Fatty acid biosynthesis,False,YMR246W or YOR317W,s_0531 + s_2840 + s_2850 <=> s_0635 + s_2842 + s_2851
1583,r_2205,"fatty-acid--CoA ligase (octadecenoate), lipid particle",-1000.0,1000.0,Fatty acid biosynthesis,False,YMR246W or YOR317W,s_0531 + s_2840 + s_2852 <=> s_0635 + s_2842 + s_2853
1584,r_2206,"fatty-acid--CoA ligase (hexadecenoate), peroxisome",-1000.0,1000.0,Fatty acid biosynthesis,False,YER015W,s_0439 + s_0534 + s_1298 <=> s_0426 + s_0638 + s_2854
1585,r_2207,"fatty-acid--CoA ligase (octadecanoate), peroxisome",-1000.0,1000.0,Fatty acid biosynthesis,False,YER015W,s_0439 + s_0534 + s_1451 <=> s_0426 + s_0638 + s_1457
1586,r_2208,"fatty-acid--CoA ligase (octadecenoate), peroxisome",-1000.0,1000.0,Fatty acid biosynthesis,False,YER015W,s_0439 + s_0534 + s_2855 <=> s_0426 + s_0638 + s_1265
1587,r_2209,"fatty-acid--CoA ligase (arachidate), cell envelope",-1000.0,1000.0,Fatty acid biosynthesis,False,YIL009W,s_2856 + s_2857 + s_2858 <=> s_2859 + s_2860 + s_2861
1588,r_2210,"fatty-acid--CoA ligase (behenate), cell envelope",-1000.0,1000.0,Fatty acid biosynthesis,False,YIL009W,s_2856 + s_2857 + s_2862 <=> s_2859 + s_2860 + s_2863
1589,r_2211,"fatty-acid--CoA ligase (lignoceric acid), cell envelope",-1000.0,1000.0,Fatty acid biosynthesis,False,YIL009W,s_2856 + s_2857 + s_2864 <=> s_2859 + s_2860 + s_2865
1590,r_2212,"fatty-acid--CoA ligase (cerotic acid), cell envelope",-1000.0,1000.0,Fatty acid biosynthesis,False,YIL009W,s_2856 + s_2857 + s_2866 <=> s_2859 + s_2860 + s_2867
1591,r_2213,"fatty-acid--CoA ligase (behenate), ER membrane",-1000.0,1000.0,Fatty acid biosynthesis,False,YBR041W,s_2785 + s_2831 + s_2868 <=> s_2795 + s_2833 + s_2834
1592,r_2214,"fatty-acid--CoA ligase (lignoceric acid), ER membrane",-1000.0,1000.0,Fatty acid biosynthesis,False,YBR041W,s_2785 + s_2831 + s_2869 <=> s_2797 + s_2833 + s_2834
1593,r_2215,"fatty-acid--CoA ligase (cerotic acid), ER membrane",-1000.0,1000.0,Fatty acid biosynthesis,False,YBR041W,s_2785 + s_2831 + s_2870 <=> s_2816 + s_2833 + s_2834
1594,r_2216,"fatty-acid--CoA ligase (behenate), lipid particle",-1000.0,1000.0,Fatty acid biosynthesis,False,YBR041W,s_0531 + s_2840 + s_2871 <=> s_0635 + s_2842 + s_2872
1595,r_2217,"fatty-acid--CoA ligase (lignoceric acid), lipid particle",-1000.0,1000.0,Fatty acid biosynthesis,False,YBR041W,s_0531 + s_2840 + s_2873 <=> s_0635 + s_2842 + s_2874
1596,r_2218,"fatty-acid--CoA ligase (cerotic acid), lipid particle",-1000.0,1000.0,Fatty acid biosynthesis,False,YBR041W,s_0531 + s_2840 + s_2875 <=> s_0635 + s_2842 + s_2876
1597,r_2219,fatty acyl-CoA transport via ABC system (C12:0),0.0,1000.0,"Transport [c, p]",False,YKL188C and YPL147W,s_0434 + s_0803 + s_1073 --> s_0394 + s_0794 + s_1076 + s_1322
1598,r_2220,fatty acyl-CoA transport via ABC system (C14:0),0.0,1000.0,"Transport [c, p]",False,YKL188C and YPL147W,s_0434 + s_0803 + s_1176 --> s_0394 + s_0794 + s_1179 + s_1322
1599,r_2221,fatty acyl-CoA transport via ABC system (C16:0),0.0,1000.0,"Transport [c, p]",False,YKL188C and YPL147W,s_0434 + s_0803 + s_1302 --> s_0394 + s_0794 + s_1305 + s_1322
1600,r_2222,fatty acyl-CoA transport via ABC system (C16:1),0.0,1000.0,"Transport [c, p]",False,YKL188C and YPL147W,s_0434 + s_0803 + s_2877 --> s_0394 + s_0794 + s_1322 + s_2854
1601,r_2223,fatty acyl-CoA transport via ABC system (C18:0),0.0,1000.0,"Transport [c, p]",False,YKL188C and YPL147W,s_0434 + s_0803 + s_1454 --> s_0394 + s_0794 + s_1322 + s_1457
1602,r_2224,fatty acyl-CoA transport via ABC system (C18:1),0.0,1000.0,"Transport [c, p]",False,YKL188C and YPL147W,s_0434 + s_0803 + s_1262 --> s_0394 + s_0794 + s_1265 + s_1322
1603,r_2225,fatty acyl-CoA transport via ABC system (C20:0),0.0,1000.0,"Transport [c, p]",False,YKL188C and YPL147W,s_0434 + s_0803 + s_2878 --> s_0394 + s_0794 + s_1322 + s_2879
1604,r_2226,fatty acyl-CoA transport via ABC system (C22:0),0.0,1000.0,"Transport [c, p]",False,YKL188C and YPL147W,s_0434 + s_0803 + s_2880 --> s_0394 + s_0794 + s_1322 + s_2881
1605,r_2227,fatty acyl-CoA transport via ABC system (C24:0),0.0,1000.0,"Transport [c, p]",False,YKL188C and YPL147W,s_0434 + s_0803 + s_1479 --> s_0394 + s_0794 + s_1322 + s_1482
1606,r_2228,fatty acyl-CoA transport via ABC system (C26:0),0.0,1000.0,"Transport [c, p]",False,YKL188C and YPL147W,s_0434 + s_0803 + s_0816 --> s_0394 + s_0794 + s_0819 + s_1322
1607,r_2229,"butyrate (n-C4:0) transport, cytoplasm-peroxisome",-1000.0,1000.0,"Transport [c, p]",False,,s_2828 <=> s_2882
1608,r_2230,"hexanoate (n-C6:0) transport, cytoplasm-peroxisome",-1000.0,1000.0,"Transport [c, p]",False,,s_2829 <=> s_2883
1609,r_2231,"octadecenoate (n-C18:1) transport, cytoplasm-peroxisome",-1000.0,1000.0,"Transport [c, p]",False,YKL188C and YPL147W,s_1260 <=> s_2855
1610,r_2232,peroxisomal acyl-CoA thioesterase (4:0),0.0,1000.0,Biosynthesis of unsaturated fatty acids,False,YJR019C,s_0809 + s_2884 --> s_0534 + 5.0 s_0801 + s_2882
1611,r_2233,peroxisomal acyl-CoA thioesterase (6:0),0.0,1000.0,Biosynthesis of unsaturated fatty acids,False,YJR019C,s_0809 + s_2885 --> s_0534 + 5.0 s_0801 + s_2883
1612,r_2234,peroxisomal acyl-CoA thioesterase (16:1),0.0,1000.0,Biosynthesis of unsaturated fatty acids,False,YJR019C,s_0809 + s_2854 --> s_0534 + s_0801 + s_1298
1613,r_2235,peroxisomal acyl-CoA thioesterase (18:1),0.0,1000.0,Biosynthesis of unsaturated fatty acids,False,YJR019C,s_0809 + s_1265 --> s_0534 + s_0801 + s_2855
1614,r_2236,acyl-CoA oxidase (butanoyl-CoA),0.0,1000.0,Fatty acid degradation,False,YGL205W,s_1279 + s_2884 --> s_0840 + s_2886
1615,r_2237,acyl-CoA oxidase (hexanoyl-CoA),0.0,1000.0,Fatty acid degradation,False,YGL205W,s_1279 + s_2885 --> s_0840 + s_2887
1616,r_2238,acyl-CoA oxidase (octanoyl-CoA),0.0,1000.0,Fatty acid degradation,False,YGL205W,s_1258 + s_1279 --> s_0840 + s_2888
1617,r_2239,acyl-CoA oxidase (icosanoyl-CoA),0.0,1000.0,Fatty acid degradation,False,YGL205W,s_1279 + s_2879 --> s_0840 + s_2889
1618,r_2240,acyl-CoA oxidase (docosanoyl-CoA),0.0,1000.0,Fatty acid degradation,False,YGL205W,s_1279 + s_2881 --> s_0840 + s_2890
1619,r_2241,acyl-CoA oxidase (tetracosanoyl-CoA),0.0,1000.0,Fatty acid degradation,False,YGL205W,s_1279 + s_1482 --> s_0840 + s_2891
1620,r_2242,acyl-CoA oxidase (palmitoleoyl-CoA),0.0,1000.0,Fatty acid degradation,False,YGL205W,4.0 s_0801 + s_1279 + s_2854 --> s_0840 + s_2892
1621,r_2243,acyl-CoA oxidase (cis-tetradec-7-enoyl-CoA),0.0,1000.0,Fatty acid degradation,False,YGL205W,s_1279 + s_2893 --> s_0840 + s_2894
1622,r_2244,acyl-CoA oxidase (cis-dodec-5-enoyl-CoA),0.0,1000.0,Fatty acid degradation,False,YGL205W,s_1279 + s_2895 --> s_0840 + s_2896
1623,r_2245,acyl-CoA oxidase (oleoyl-CoA),0.0,1000.0,Fatty acid degradation,False,YGL205W,s_1265 + s_1279 --> s_0840 + s_2897
1624,r_2246,acyl-CoA oxidase (cis-hexadec-7-enoyl-CoA),0.0,1000.0,Fatty acid degradation,False,YGL205W,s_1279 + s_2898 --> s_0840 + s_2899
1625,r_2247,acyl-CoA oxidase (cis-tetradec-5-enoyl-CoA),0.0,1000.0,Fatty acid degradation,False,YGL205W,s_1279 + s_2900 --> s_0840 + s_2901
1626,r_2248,2-enoyl-CoA hydratase (3-hydroxydecanoyl-CoA),0.0,1000.0,Fatty acid degradation,False,YKR009C,s_0809 + s_1507 --> s_0042
1627,r_2249,2-enoyl-CoA hydratase (3-hydroxydodecanoyl-CoA),0.0,1000.0,Fatty acid degradation,False,YKR009C,s_0809 + s_1510 --> s_0048
1628,r_2250,2-enoyl-CoA hydratase (3-hydroxytetradecanoyl-CoA),0.0,1000.0,Fatty acid degradation,False,YKR009C,s_0809 + s_1519 --> s_0054
1629,r_2251,2-enoyl-CoA hydratase (3-hydroxyhexadecanoyl-CoA),0.0,1000.0,Fatty acid degradation,False,YKR009C,s_0809 + s_0823 --> s_0051
1630,r_2252,2-enoyl-CoA hydratase (3-hydroxyoctadecanoyl-CoA),0.0,1000.0,Fatty acid degradation,False,YKR009C,s_0809 + s_1516 --> s_0229
1631,r_2253,2-enoyl-CoA hydratase (3-hydroxyhexacosanoyl-CoA),0.0,1000.0,Fatty acid degradation,False,YKR009C,s_0809 + s_1513 --> s_0045
1632,r_2254,2-enoyl-CoA hydratase (3-hydroxybutanoyl-CoA),0.0,1000.0,Fatty acid degradation,False,YKR009C,s_0809 + s_2886 --> 4.0 s_0801 + s_2902
1633,r_2255,2-enoyl-CoA hydratase (3-hydroxyhexanoyl-CoA),0.0,1000.0,Fatty acid degradation,False,YKR009C,s_0809 + s_2887 --> s_2903
1634,r_2256,2-enoyl-CoA hydratase (3-hydroxyoctanoyl-CoA),0.0,1000.0,Fatty acid degradation,False,YKR009C,4.0 s_0801 + s_0809 + s_2888 --> s_2904
1635,r_2257,2-enoyl-CoA hydratase (3-hydroxyicosanoyl-CoA),0.0,1000.0,Fatty acid degradation,False,YKR009C,s_0809 + s_2889 --> s_2905
1636,r_2258,2-enoyl-CoA hydratase (3-hydroxydocosanoyl-CoA),0.0,1000.0,Fatty acid degradation,False,YKR009C,s_0809 + s_2890 --> s_2906
1637,r_2259,2-enoyl-CoA hydratase (3-hydroxytetracosanoyl-CoA),0.0,1000.0,Fatty acid degradation,False,YKR009C,s_0809 + s_2891 --> s_2907
1638,r_2260,2-enoyl-CoA hydratase (3-hydroxy-cis-hexadec-9-enoyl-CoA),0.0,1000.0,Fatty acid degradation,False,YKR009C,s_0809 + s_2892 --> s_2908
1639,r_2261,2-enoyl-CoA hydratase (3-hydroxy-cis-tetradec-7-enoyl-CoA),0.0,1000.0,Fatty acid degradation,False,YKR009C,s_0809 + s_2894 --> s_2909
1640,r_2262,2-enoyl-CoA hydratase (3-hydroxy-cis-dodec-5-enoyl-CoA),0.0,1000.0,Fatty acid degradation,False,YKR009C,s_0809 + s_2896 --> s_2910
1641,r_2263,2-enoyl-CoA hydratase (3-hydroxy-cis-octadec-9-enoyl-CoA),0.0,1000.0,Fatty acid degradation,False,YKR009C,4.0 s_0801 + s_0809 + s_2897 --> s_2911
1642,r_2264,2-enoyl-CoA hydratase (3-hydroxy-cis-hexadec-7-enoyl-CoA),0.0,1000.0,Fatty acid degradation,False,YKR009C,s_0809 + s_2899 --> s_2912
1643,r_2265,2-enoyl-CoA hydratase (3-hydroxy-cis-tetradec-5-enoyl-CoA),0.0,1000.0,Fatty acid degradation,False,YKR009C,s_0809 + s_2901 --> s_2913
1644,r_2266,3-hydroxyacyl-CoA dehydrogenase (3-oxodecanoyl-CoA),0.0,1000.0,Fatty acid degradation,False,YKR009C,s_0042 + s_1202 --> s_0239 + s_0801 + s_1206
1645,r_2267,3-hydroxyacyl-CoA dehydrogenase (3-oxododecanoyl-CoA),0.0,1000.0,Fatty acid degradation,False,YKR009C,s_0048 + s_1202 --> s_0247 + s_0801 + s_1206
1646,r_2268,3-hydroxyacyl-CoA dehydrogenase (3-oxohexadecanoyl-CoA),0.0,1000.0,Fatty acid degradation,False,YKR009C,s_0051 + s_1202 --> s_0253 + s_0801 + s_1206
1647,r_2269,3-hydroxyacyl-CoA dehydrogenase (3-oxooctadecanoyl-CoA),0.0,1000.0,Fatty acid degradation,False,YKR009C,s_0229 + s_1202 --> s_0250 + s_0801 + s_1206
1648,r_2270,3-hydroxyacyl-CoA dehydrogenase (3-oxohexacosanoyl-CoA),0.0,1000.0,Fatty acid degradation,False,YKR009C,s_0045 + s_1202 --> s_0243 + s_0801 + s_1206
1649,r_2271,3-hydroxyacyl-CoA dehydrogenase (3-oxobutanoyl-CoA),0.0,1000.0,Fatty acid degradation,False,YKR009C,s_1202 + s_2902 --> s_0801 + s_1206 + s_2914
1650,r_2272,3-hydroxyacyl-CoA dehydrogenase (3-oxohexanoyl-CoA),0.0,1000.0,Fatty acid degradation,False,YKR009C,s_1202 + s_2903 --> s_0801 + s_1206 + s_2915
1651,r_2273,3-hydroxyacyl-CoA dehydrogenase (3-oxooctanoyl-CoA),0.0,1000.0,Fatty acid degradation,False,YKR009C,s_1202 + s_2904 --> s_0801 + s_1206 + s_2916
1652,r_2274,3-hydroxyacyl-CoA dehydrogenase (3-oxoicosanoyl-CoA),0.0,1000.0,Fatty acid degradation,False,YKR009C,s_1202 + s_2905 --> s_0801 + s_1206 + s_2917
1653,r_2275,3-hydroxyacyl-CoA dehydrogenase (3-oxodocosanoyl-CoA),0.0,1000.0,Fatty acid degradation,False,YKR009C,s_1202 + s_2906 --> s_0801 + s_1206 + s_2918
1654,r_2276,3-hydroxyacyl-CoA dehydrogenase (3-oxotetracosanoyl-CoA),0.0,1000.0,Fatty acid degradation,False,YKR009C,s_1202 + s_2907 --> s_0801 + s_1206 + s_2919
1655,r_2277,3-hydroxyacyl-CoA dehydrogenase (3-oxo-cis-hexadec-9-enoyl-CoA),0.0,1000.0,Fatty acid degradation,False,YKR009C,s_1202 + s_2908 --> s_0801 + s_1206 + s_2920
1656,r_2278,3-hydroxyacyl-CoA dehydrogenase (3-oxo-cis-tetradec-7-enoyl-CoA),0.0,1000.0,Fatty acid degradation,False,YKR009C,s_1202 + s_2909 --> s_0801 + s_1206 + s_2921
1657,r_2279,3-hydroxyacyl-CoA dehydrogenase (3-oxo-cis-dodec-5-enoyl-CoA),0.0,1000.0,Fatty acid degradation,False,YKR009C,s_1202 + s_2910 --> s_0801 + s_1206 + s_2922
1658,r_2280,3-hydroxyacyl-CoA dehydrogenase (3-oxo-cis-octadec-9-enoyl-CoA),0.0,1000.0,Fatty acid degradation,False,YKR009C,s_1202 + s_2911 --> s_0801 + s_1206 + s_2923
1659,r_2281,3-hydroxyacyl-CoA dehydrogenase (3-oxo-cis-hexadec-7-enoyl-CoA),0.0,1000.0,Fatty acid degradation,False,YKR009C,s_1202 + s_2912 --> s_0801 + s_1206 + s_2924
1660,r_2282,3-hydroxyacyl-CoA dehydrogenase (3-oxo-cis-tetradec-5-enoyl-CoA),0.0,1000.0,Fatty acid degradation,False,YKR009C,s_1202 + s_2913 --> s_0801 + s_1206 + s_2925
1661,r_2283,acetyl-CoA C-acyltransferase (acetyl-CoA),0.0,1000.0,Fatty acid degradation,False,YIL160C,s_0534 + s_2914 --> 2.0 s_0378
1662,r_2284,acetyl-CoA C-acyltransferase (butanoyl-CoA),0.0,1000.0,Fatty acid degradation,False,YIL160C,s_0534 + s_2915 --> s_0378 + s_2884
1663,r_2285,acetyl-CoA C-acyltransferase (hexanoyl-CoA),0.0,1000.0,Fatty acid degradation,False,YIL160C,s_0534 + s_2916 --> s_0378 + s_2885
1664,r_2286,acetyl-CoA C-acyltransferase (stearoyl-CoA),0.0,1000.0,Fatty acid degradation,False,YIL160C,s_0534 + s_2917 --> s_0378 + s_1457
1665,r_2287,acetyl-CoA C-acyltransferase (icosanoyl-CoA),0.0,1000.0,Fatty acid degradation,False,YIL160C,s_0534 + s_2918 --> s_0378 + s_2879
1666,r_2288,acetyl-CoA C-acyltransferase (docosanoyl-CoA),0.0,1000.0,Fatty acid degradation,False,YIL160C,s_0534 + s_2919 --> s_0378 + s_2881
1667,r_2289,acetyl-CoA C-acyltransferase (cis-tetradec-7-enoyl-CoA),0.0,1000.0,Fatty acid degradation,False,YIL160C,s_0534 + s_2920 --> s_0378 + s_2893
1668,r_2290,acetyl-CoA C-acyltransferase (cis-dodec-5-enoyl-CoA),0.0,1000.0,Fatty acid degradation,False,YIL160C,s_0534 + s_2921 --> s_0378 + s_2895
1669,r_2291,acetyl-CoA C-acyltransferase (cis-dec-3-enoyl-CoA),0.0,1000.0,Fatty acid degradation,False,YIL160C,s_0534 + s_2922 --> s_0378 + s_2926
1670,r_2292,acetyl-CoA C-acyltransferase (cis-hexadec-7-enoyl-CoA),0.0,1000.0,Fatty acid degradation,False,YIL160C,s_0534 + s_2923 --> s_0378 + s_2898
1671,r_2293,acetyl-CoA C-acyltransferase (cis-tetradec-5-enoyl-CoA),0.0,1000.0,Fatty acid degradation,False,YIL160C,s_0534 + s_2924 --> s_0378 + s_2900
1672,r_2294,acetyl-CoA C-acyltransferase (cis-dodec-3-enoyl-CoA),0.0,1000.0,Fatty acid degradation,False,YIL160C,s_0534 + s_2925 --> s_0378 + s_2927
1673,r_2295,"delta3,delta2-enoyl-CoA isomerase (cis-dec-3-enoyl-CoA)",0.0,1000.0,Fatty acid degradation,False,YLR284C,s_2926 --> 4.0 s_0801 + s_1507
1674,r_2296,"delta3,delta2-enoyl-CoA isomerase (trans-2,cis-5-dodecadienoyl-CoA)",0.0,1000.0,Fatty acid degradation,False,YLR284C,s_2896 --> s_2928
1675,r_2297,"delta3,delta2-enoyl-CoA isomerase (trans-dodec-3-enoyl-CoA)",0.0,1000.0,Fatty acid degradation,False,YLR284C,s_2929 --> 4.0 s_0801 + s_1510
1676,r_2298,"delta3,delta2-enoyl-CoA isomerase (cis-dodec-3-enoyl-CoA)",0.0,1000.0,Fatty acid degradation,False,YLR284C,s_2927 --> 4.0 s_0801 + s_1510
1677,r_2299,"delta3,delta2-enoyl-CoA isomerase (trans-2,cis-5-tetradecadienoyl-CoA)",0.0,1000.0,Fatty acid degradation,False,YLR284C,s_2901 --> s_2930
1678,r_2300,"delta3,delta2-enoyl-CoA isomerase (trans-tetradec-3-enoyl-CoA)",0.0,1000.0,Fatty acid degradation,False,YLR284C,s_2931 --> 4.0 s_0801 + s_1519
1679,r_2301,"delta(3,5)-delta(2,4)-dienoyl-CoA isomerase (trans-3,cis-5-dodecadienoyl-CoA)",0.0,1000.0,Fatty acid degradation,False,YOR180C,s_2928 --> s_2932
1680,r_2302,"delta(3,5)-delta(2,4)-dienoyl-CoA isomerase (trans-3,cis-5-tetradecadienoyl-CoA)",0.0,1000.0,Fatty acid degradation,False,YOR180C,s_2930 --> s_2933
1681,r_2303,"2,4-dienoyl-CoA reductase (trans-2,trans-4-dodecadienoyl-CoA)",0.0,1000.0,Ascospore biosynthesis,False,YNL202W,s_0801 + s_1215 + s_2932 --> s_1211 + s_2929
1682,r_2304,"2,4-dienoyl-CoA reductase (trans-2,trans-4-tetradecadienoyl-CoA)",0.0,1000.0,Ascospore biosynthesis,False,YNL202W,s_0801 + s_1215 + s_2933 --> s_1211 + s_2931
1683,r_2305,cis-aconitate(3-) to isocitrate,-1000.0,1000.0,Citrate cycle (TCA cycle),False,YLR304C,s_0516 + s_0803 <=> s_0940
1684,r_2308,"glycerol-3-phosphate acyltransferase (16:0), ER membrane",0.0,1000.0,Glycerolipid metabolism,False,YBL011W or YKR067W,2.0 s_2783 + s_2789 + s_2934 --> s_2785 + s_2935
1685,r_2309,"glycerol-3-phosphate acyltransferase (16:1), ER membrane",0.0,1000.0,Glycerolipid metabolism,False,YBL011W or YKR067W,2.0 s_2783 + s_2819 + s_2934 --> s_2785 + s_2936
1686,r_2310,"glycerol-3-phosphate acyltransferase (18:0), ER membrane",0.0,1000.0,Glycerolipid metabolism,False,YKR067W,2.0 s_2783 + s_2791 + s_2934 --> s_2785 + s_2937
1687,r_2311,"glycerol-3-phosphate acyltransferase (18:1), ER membrane",0.0,1000.0,Glycerolipid metabolism,False,YKR067W,2.0 s_2783 + s_2821 + s_2934 --> s_2785 + s_2938
1688,r_2312,"dihydroxyacetone phosphate acyltransferase (16:0), ER membrane",0.0,1000.0,Glycerolipid metabolism,False,YBL011W or YKR067W,2.0 s_2783 + s_2789 + s_2939 --> s_2785 + s_2940
1689,r_2313,"dihydroxyacetone phosphate acyltransferase (16:1), ER membrane",0.0,1000.0,Glycerolipid metabolism,False,YBL011W or YKR067W,2.0 s_2783 + s_2819 + s_2939 --> s_2785 + s_2941
1690,r_2314,"dihydroxyacetone phosphate acyltransferase (18:0), ER membrane",0.0,1000.0,Glycerolipid metabolism,False,YKR067W,2.0 s_2783 + s_2791 + s_2939 --> s_2785 + s_2942
1691,r_2315,"dihydroxyacetone phosphate acyltransferase (18:1), ER membrane",0.0,1000.0,Glycerolipid metabolism,False,YKR067W,2.0 s_2783 + s_2821 + s_2939 --> s_2785 + s_2943
1692,r_2316,"glycerol-3-phosphate acyltransferase (16:0), lipid particle",0.0,1000.0,Glycerolipid metabolism,False,YKR067W,s_0769 + 2.0 s_2783 + s_2847 --> s_0531 + s_2944
1693,r_2317,"glycerol-3-phosphate acyltransferase (16:1), lipid particle",0.0,1000.0,Glycerolipid metabolism,False,YKR067W,s_0769 + 2.0 s_2783 + s_2849 --> s_0531 + s_2945
1694,r_2318,"glycerol-3-phosphate acyltransferase (18:0), lipid particle",0.0,1000.0,Glycerolipid metabolism,False,YKR067W,s_0769 + 2.0 s_2783 + s_2851 --> s_0531 + s_2946
1695,r_2319,"glycerol-3-phosphate acyltransferase (18:1), lipid particle",0.0,1000.0,Glycerolipid metabolism,False,YKR067W,s_0769 + 2.0 s_2783 + s_2853 --> s_0531 + s_2947
1696,r_2320,"dihydroxyacetone phosphate acyltransferase (16:0), lipid particle",0.0,1000.0,Glycerolipid metabolism,False,YKR067W,s_0631 + 2.0 s_0798 + s_2847 --> s_0531 + s_2948
1697,r_2321,"dihydroxyacetone phosphate acyltransferase (16:1), lipid particle",0.0,1000.0,Glycerolipid metabolism,False,YKR067W,s_0631 + 2.0 s_0798 + s_2849 --> s_0531 + s_2949
1698,r_2322,"dihydroxyacetone phosphate acyltransferase (18:0), lipid particle",0.0,1000.0,Glycerolipid metabolism,False,YKR067W,s_0631 + 2.0 s_0798 + s_2851 --> s_0531 + s_2950
1699,r_2323,"dihydroxyacetone phosphate acyltransferase (18:1), lipid particle",0.0,1000.0,Glycerolipid metabolism,False,YKR067W,s_0631 + 2.0 s_0798 + s_2853 --> s_0531 + s_2951
1700,r_2324,"acyl dhap reductase (16:0), ER membrane",0.0,1000.0,Glycerophospholipid metabolism,False,YIL124W,s_2783 + s_2799 + s_2940 --> s_2800 + s_2935
1701,r_2325,"acyl dhap reductase (16:1), ER membrane",0.0,1000.0,Glycerophospholipid metabolism,False,YIL124W,s_2783 + s_2799 + s_2941 --> s_2800 + s_2936
1702,r_2326,"acyl dhap reductase (18:0), ER membrane",0.0,1000.0,Glycerophospholipid metabolism,False,YIL124W,s_2783 + s_2799 + s_2942 --> s_2800 + s_2937
1703,r_2327,"acyl dhap reductase (18:1), ER membrane",0.0,1000.0,Glycerophospholipid metabolism,False,YIL124W,s_2783 + s_2799 + s_2943 --> s_2800 + s_2938
1704,r_2328,"acyl dhap reductase (16:0), lipid particle",0.0,1000.0,Glycerophospholipid metabolism,False,YIL124W,s_0798 + s_2948 + s_2952 --> s_2944 + s_2953
1705,r_2329,"acyl dhap reductase (16:1), lipid particle",0.0,1000.0,Glycerophospholipid metabolism,False,YIL124W,s_0798 + s_2949 + s_2952 --> s_2945 + s_2953
1706,r_2330,"acyl dhap reductase (18:0), lipid particle",0.0,1000.0,Glycerophospholipid metabolism,False,YIL124W,s_0798 + s_2950 + s_2952 --> s_2946 + s_2953
1707,r_2331,"acyl dhap reductase (18:1), lipid particle",0.0,1000.0,Glycerophospholipid metabolism,False,YIL124W,s_0798 + s_2951 + s_2952 --> s_2947 + s_2953
1708,r_2332,"1-acyl-sn-glycerol-3-phosphate acyltransferase (1-16:0, 2-16:1), ER membrane",0.0,1000.0,Glycerolipid metabolism,False,YOR175C,s_2819 + s_2935 --> s_2785 + s_2954
1709,r_2333,"1-acyl-sn-glycerol-3-phosphate acyltransferase (1-16:0, 2-18:1), ER membrane",0.0,1000.0,Glycerolipid metabolism,False,YDL052C or YOR175C,s_2821 + s_2935 --> s_2785 + s_2955
1710,r_2334,"1-acyl-sn-glycerol-3-phosphate acyltransferase (1-16:1, 2-16:1), ER membrane",0.0,1000.0,Glycerolipid metabolism,False,YOR175C,s_2819 + s_2936 --> s_2785 + s_2956
1711,r_2335,"1-acyl-sn-glycerol-3-phosphate acyltransferase (1-16:1, 2-18:1), ER membrane",0.0,1000.0,Glycerolipid metabolism,False,YDL052C or YOR175C,s_2821 + s_2936 --> s_2785 + s_2957
1712,r_2336,"1-acyl-sn-glycerol-3-phosphate acyltransferase (1-18:0, 2-16:1), ER membrane",0.0,1000.0,Glycerolipid metabolism,False,YOR175C,s_2819 + s_2937 --> s_2785 + s_2958
1713,r_2337,"1-acyl-sn-glycerol-3-phosphate acyltransferase (1-18:0, 2-18:1), ER membrane",0.0,1000.0,Glycerolipid metabolism,False,YDL052C or YOR175C,s_2821 + s_2937 --> s_2785 + s_2959
1714,r_2338,"1-acyl-sn-glycerol-3-phosphate acyltransferase (1-18:1, 2-16:1), ER membrane",0.0,1000.0,Glycerolipid metabolism,False,YOR175C,s_2819 + s_2938 --> s_2785 + s_2960
1715,r_2339,"1-acyl-sn-glycerol-3-phosphate acyltransferase (1-18:1, 2-18:1), ER membrane",0.0,1000.0,Glycerolipid metabolism,False,YDL052C or YOR175C,s_2821 + s_2938 --> s_2785 + s_2961
1716,r_2340,"1-acyl-sn-glycerol-3-phosphate acyltransferase (1-16:0, 2-18:1), lipid particle",0.0,1000.0,Glycerolipid metabolism,False,YDL052C or YKR089C or YOR081C,s_2853 + s_2944 --> s_0531 + s_2962
1717,r_2341,"1-acyl-sn-glycerol-3-phosphate acyltransferase (1-16:1, 2-18:1), lipid particle",0.0,1000.0,Glycerolipid metabolism,False,YDL052C or YKR089C or YOR081C,s_2853 + s_2945 --> s_0531 + s_2963
1718,r_2342,"1-acyl-sn-glycerol-3-phosphate acyltransferase (1-18:0, 2-18:1), lipid particle",0.0,1000.0,Glycerolipid metabolism,False,YDL052C or YKR089C or YOR081C,s_2853 + s_2946 --> s_0531 + s_2964
1719,r_2343,"1-acyl-sn-glycerol-3-phosphate acyltransferase (1-18:1, 2-18:1), lipid particle",0.0,1000.0,Glycerolipid metabolism,False,YDL052C or YKR089C or YOR081C,s_2853 + s_2947 --> s_0531 + s_2965
1720,r_2344,"PA phosphatase (1-16:0, 2-16:1), ER membrane",0.0,1000.0,Glycerolipid metabolism,False,YMR165C,s_2808 + s_2954 --> 2.0 s_2783 + s_2966 + s_2967
1721,r_2345,"PA phosphatase (1-16:0, 2-18:1), ER membrane",0.0,1000.0,Glycerolipid metabolism,False,YMR165C,s_2808 + s_2955 --> 2.0 s_2783 + s_2966 + s_2968
1722,r_2346,"PA phosphatase (1-16:1, 2-16:1), ER membrane",0.0,1000.0,Glycerolipid metabolism,False,YMR165C,s_2808 + s_2956 --> 2.0 s_2783 + s_2966 + s_2969
1723,r_2347,"PA phosphatase (1-16:1, 2-18:1), ER membrane",0.0,1000.0,Glycerolipid metabolism,False,YMR165C,s_2808 + s_2957 --> 2.0 s_2783 + s_2966 + s_2970
1724,r_2348,"PA phosphatase (1-18:0, 2-16:1), ER membrane",0.0,1000.0,Glycerolipid metabolism,False,YMR165C,s_2808 + s_2958 --> 2.0 s_2783 + s_2966 + s_2971
1725,r_2349,"PA phosphatase (1-18:0, 2-18:1), ER membrane",0.0,1000.0,Glycerolipid metabolism,False,YMR165C,s_2808 + s_2959 --> 2.0 s_2783 + s_2966 + s_2972
1726,r_2350,"PA phosphatase (1-18:1, 2-16:1), ER membrane",0.0,1000.0,Glycerolipid metabolism,False,YMR165C,s_2808 + s_2960 --> 2.0 s_2783 + s_2966 + s_2973
1727,r_2351,"PA phosphatase (1-18:1, 2-18:1), ER membrane",0.0,1000.0,Glycerolipid metabolism,False,YMR165C,s_2808 + s_2961 --> 2.0 s_2783 + s_2966 + s_2974
1728,r_2352,"PA phosphatase (1-16:0, 2-16:1), vacuolar membrane",0.0,1000.0,Glycerolipid metabolism,False,YDR284C,s_2975 + s_2976 --> s_2977 + s_2978 + 2.0 s_3164
1729,r_2353,"PA phosphatase (1-16:0, 2-18:1), vacuolar membrane",0.0,1000.0,Glycerolipid metabolism,False,YDR284C,s_2976 + s_2979 --> s_2977 + s_2980 + 2.0 s_3164
1730,r_2354,"PA phosphatase (1-16:1, 2-16:1), vacuolar membrane",0.0,1000.0,Glycerolipid metabolism,False,YDR284C,s_2976 + s_2981 --> s_2977 + s_2982 + 2.0 s_3164
1731,r_2355,"PA phosphatase (1-16:1, 2-18:1), vacuolar membrane",0.0,1000.0,Glycerolipid metabolism,False,YDR284C,s_2976 + s_2983 --> s_2977 + s_2984 + 2.0 s_3164
1732,r_2356,"PA phosphatase (1-18:0, 2-16:1), vacuolar membrane",0.0,1000.0,Glycerolipid metabolism,False,YDR284C,s_2976 + s_2985 --> s_2977 + s_2986 + 2.0 s_3164
1733,r_2357,"PA phosphatase (1-18:0, 2-18:1), vacuolar membrane",0.0,1000.0,Glycerolipid metabolism,False,YDR284C,s_2976 + s_2987 --> s_2977 + s_2988 + 2.0 s_3164
1734,r_2358,"PA phosphatase (1-18:1, 2-16:1), vacuolar membrane",0.0,1000.0,Glycerolipid metabolism,False,YDR284C,s_2976 + s_2989 --> s_2977 + s_2990 + 2.0 s_3164
1735,r_2359,"PA phosphatase (1-18:1, 2-18:1), vacuolar membrane",0.0,1000.0,Glycerolipid metabolism,False,YDR284C,s_2976 + s_2991 --> s_2977 + s_2992 + 2.0 s_3164
1736,r_2360,"PA phosphatase (1-16:0, 2-16:1), Golgi membrane",0.0,1000.0,Glycerolipid metabolism,False,YDR503C,s_2993 + s_2994 --> s_2995 + s_2996 + 2.0 s_3146
1737,r_2361,"PA phosphatase (1-16:0, 2-18:1), Golgi membrane",0.0,1000.0,Glycerolipid metabolism,False,YDR503C,s_2994 + s_2997 --> s_2995 + s_2998 + 2.0 s_3146
1738,r_2362,"PA phosphatase (1-16:1, 2-16:1), Golgi membrane",0.0,1000.0,Glycerolipid metabolism,False,YDR503C,s_2994 + s_2999 --> s_2995 + s_3000 + 2.0 s_3146
1739,r_2363,"PA phosphatase (1-16:1, 2-18:1), Golgi membrane",0.0,1000.0,Glycerolipid metabolism,False,YDR503C,s_2994 + s_3001 --> s_2995 + s_3002 + 2.0 s_3146
1740,r_2364,"PA phosphatase (1-18:0, 2-16:1), Golgi membrane",0.0,1000.0,Glycerolipid metabolism,False,YDR503C,s_2994 + s_3003 --> s_2995 + s_3004 + 2.0 s_3146
1741,r_2365,"PA phosphatase (1-18:0, 2-18:1), Golgi membrane",0.0,1000.0,Glycerolipid metabolism,False,YDR503C,s_2994 + s_3005 --> s_2995 + s_3006 + 2.0 s_3146
1742,r_2366,"PA phosphatase (1-18:1, 2-16:1), Golgi membrane",0.0,1000.0,Glycerolipid metabolism,False,YDR503C,s_2994 + s_3007 --> s_2995 + s_3008 + 2.0 s_3146
1743,r_2367,"PA phosphatase (1-18:1, 2-18:1), Golgi membrane",0.0,1000.0,Glycerolipid metabolism,False,YDR503C,s_2994 + s_3009 --> s_2995 + s_3010 + 2.0 s_3146
1744,r_2368,"diacylglycerol acyltransferase (1-16:0, 2-16:1, 3-16:0), ER membrane",0.0,1000.0,Glycerolipid metabolism,False,YCR048W or YNR019W or YOR245C,s_2789 + s_2967 --> s_2785 + s_3011
1745,r_2369,"diacylglycerol acyltransferase (1-16:0, 2-18:1, 3-16:0), ER membrane",0.0,1000.0,Glycerolipid metabolism,False,YCR048W or YNR019W or YOR245C,s_2789 + s_2968 --> s_2785 + s_3012
1746,r_2370,"diacylglycerol acyltransferase (1-16:1, 2-16:1, 3-16:0), ER membrane",0.0,1000.0,Glycerolipid metabolism,False,YCR048W or YNR019W or YOR245C,s_2789 + s_2969 --> s_2785 + s_3013
1747,r_2371,"diacylglycerol acyltransferase (1-16:1, 2-18:1, 3-16:0), ER membrane",0.0,1000.0,Glycerolipid metabolism,False,YCR048W or YNR019W or YOR245C,s_2789 + s_2970 --> s_2785 + s_3014
1748,r_2372,"diacylglycerol acyltransferase (1-18:0, 2-16:1, 3-16:0), ER membrane",0.0,1000.0,Glycerolipid metabolism,False,YCR048W or YNR019W or YOR245C,s_2789 + s_2971 --> s_2785 + s_3015
1749,r_2373,"diacylglycerol acyltransferase (1-18:0, 2-18:1, 3-16:0), ER membrane",0.0,1000.0,Glycerolipid metabolism,False,YCR048W or YNR019W or YOR245C,s_2789 + s_2972 --> s_2785 + s_3016
1750,r_2374,"diacylglycerol acyltransferase (1-18:1, 2-16:1, 3-16:0), ER membrane",0.0,1000.0,Glycerolipid metabolism,False,YCR048W or YNR019W or YOR245C,s_2789 + s_2973 --> s_2785 + s_3017
1751,r_2375,"diacylglycerol acyltransferase (1-18:1, 2-18:1, 3-16:0), ER membrane",0.0,1000.0,Glycerolipid metabolism,False,YCR048W or YNR019W or YOR245C,s_2789 + s_2974 --> s_2785 + s_3018
1752,r_2376,"diacylglycerol acyltransferase (1-16:0, 2-16:1, 3-16:1), ER membrane",0.0,1000.0,Glycerolipid metabolism,False,YCR048W or YNR019W or YOR245C,s_2819 + s_2967 --> s_2785 + s_3019
1753,r_2377,"diacylglycerol acyltransferase (1-16:0, 2-18:1, 3-16:1), ER membrane",0.0,1000.0,Glycerolipid metabolism,False,YCR048W or YNR019W or YOR245C,s_2819 + s_2968 --> s_2785 + s_3020
1754,r_2378,"diacylglycerol acyltransferase (1-16:1, 2-16:1, 3-16:1), ER membrane",0.0,1000.0,Glycerolipid metabolism,False,YCR048W or YNR019W or YOR245C,s_2819 + s_2969 --> s_2785 + s_3021
1755,r_2379,"diacylglycerol acyltransferase (1-16:1, 2-18:1, 3-16:1), ER membrane",0.0,1000.0,Glycerolipid metabolism,False,YCR048W or YNR019W or YOR245C,s_2819 + s_2970 --> s_2785 + s_3022
1756,r_2380,"diacylglycerol acyltransferase (1-18:0, 2-16:1, 3-16:1), ER membrane",0.0,1000.0,Glycerolipid metabolism,False,YCR048W or YNR019W or YOR245C,s_2819 + s_2971 --> s_2785 + s_3023
1757,r_2381,"diacylglycerol acyltransferase (1-18:0, 2-18:1, 3-16:1), ER membrane",0.0,1000.0,Glycerolipid metabolism,False,YCR048W or YNR019W or YOR245C,s_2819 + s_2972 --> s_2785 + s_3024
1758,r_2382,"diacylglycerol acyltransferase (1-18:1, 2-16:1, 3-16:1), ER membrane",0.0,1000.0,Glycerolipid metabolism,False,YCR048W or YNR019W or YOR245C,s_2819 + s_2973 --> s_2785 + s_3025
1759,r_2383,"diacylglycerol acyltransferase (1-18:1, 2-18:1, 3-16:1), ER membrane",0.0,1000.0,Glycerolipid metabolism,False,YCR048W or YNR019W or YOR245C,s_2819 + s_2974 --> s_2785 + s_3026
1760,r_2384,"diacylglycerol acyltransferase (1-16:0, 2-16:1, 3-18:0), ER membrane",0.0,1000.0,Glycerolipid metabolism,False,YCR048W or YNR019W or YOR245C,s_2791 + s_2967 --> s_2785 + s_3027
1761,r_2385,"diacylglycerol acyltransferase (1-16:0, 2-18:1, 3-18:0), ER membrane",0.0,1000.0,Glycerolipid metabolism,False,YCR048W or YNR019W or YOR245C,s_2791 + s_2968 --> s_2785 + s_3028
1762,r_2386,"diacylglycerol acyltransferase (1-16:1, 2-16:1, 3-18:0), ER membrane",0.0,1000.0,Glycerolipid metabolism,False,YCR048W or YNR019W or YOR245C,s_2791 + s_2969 --> s_2785 + s_3029
1763,r_2387,"diacylglycerol acyltransferase (1-16:1, 2-18:1, 3-18:0), ER membrane",0.0,1000.0,Glycerolipid metabolism,False,YCR048W or YNR019W or YOR245C,s_2791 + s_2970 --> s_2785 + s_3030
1764,r_2388,"diacylglycerol acyltransferase (1-18:0, 2-16:1, 3-18:0), ER membrane",0.0,1000.0,Glycerolipid metabolism,False,YCR048W or YNR019W or YOR245C,s_2791 + s_2971 --> s_2785 + s_3031
1765,r_2389,"diacylglycerol acyltransferase (1-18:0, 2-18:1, 3-18:0), ER membrane",0.0,1000.0,Glycerolipid metabolism,False,YCR048W or YNR019W or YOR245C,s_2791 + s_2972 --> s_2785 + s_3032
1766,r_2390,"diacylglycerol acyltransferase (1-18:1, 2-16:1, 3-18:0), ER membrane",0.0,1000.0,Glycerolipid metabolism,False,YCR048W or YNR019W or YOR245C,s_2791 + s_2973 --> s_2785 + s_3033
1767,r_2391,"diacylglycerol acyltransferase (1-18:1, 2-18:1, 3-18:0), ER membrane",0.0,1000.0,Glycerolipid metabolism,False,YCR048W or YNR019W or YOR245C,s_2791 + s_2974 --> s_2785 + s_3034
1768,r_2392,"diacylglycerol acyltransferase (1-16:0, 2-16:1, 3-18:1), ER membrane",0.0,1000.0,Glycerolipid metabolism,False,YCR048W or YNR019W or YOR245C,s_2821 + s_2967 --> s_2785 + s_3035
1769,r_2393,"diacylglycerol acyltransferase (1-16:0, 2-18:1, 3-18:1), ER membrane",0.0,1000.0,Glycerolipid metabolism,False,YCR048W or YNR019W or YOR245C,s_2821 + s_2968 --> s_2785 + s_3036
1770,r_2394,"diacylglycerol acyltransferase (1-16:1, 2-16:1, 3-18:1), ER membrane",0.0,1000.0,Glycerolipid metabolism,False,YCR048W or YNR019W or YOR245C,s_2821 + s_2969 --> s_2785 + s_3037
1771,r_2395,"diacylglycerol acyltransferase (1-16:1, 2-18:1, 3-18:1), ER membrane",0.0,1000.0,Glycerolipid metabolism,False,YCR048W or YNR019W or YOR245C,s_2821 + s_2970 --> s_2785 + s_3038
1772,r_2396,"diacylglycerol acyltransferase (1-18:0, 2-16:1, 3-18:1), ER membrane",0.0,1000.0,Glycerolipid metabolism,False,YCR048W or YNR019W or YOR245C,s_2821 + s_2971 --> s_2785 + s_3039
1773,r_2397,"diacylglycerol acyltransferase (1-18:0, 2-18:1, 3-18:1), ER membrane",0.0,1000.0,Glycerolipid metabolism,False,YCR048W or YNR019W or YOR245C,s_2821 + s_2972 --> s_2785 + s_3040
1774,r_2398,"diacylglycerol acyltransferase (1-18:1, 2-16:1, 3-18:1), ER membrane",0.0,1000.0,Glycerolipid metabolism,False,YCR048W or YNR019W or YOR245C,s_2821 + s_2973 --> s_2785 + s_3041
1775,r_2399,"diacylglycerol acyltransferase (1-18:1, 2-18:1, 3-18:1), ER membrane",0.0,1000.0,Glycerolipid metabolism,False,YCR048W or YNR019W or YOR245C,s_2821 + s_2974 --> s_2785 + s_3042
1776,r_2400,"diacylglycerol acyltransferase (1-16:0, 2-16:1, 3-16:0), lipid particle",0.0,1000.0,Glycerolipid metabolism,False,YOR245C,s_2847 + s_3043 --> s_0531 + s_3044
1777,r_2401,"diacylglycerol acyltransferase (1-16:0, 2-18:1, 3-16:0), lipid particle",0.0,1000.0,Glycerolipid metabolism,False,YOR245C,s_2847 + s_3045 --> s_0531 + s_3046
1778,r_2402,"diacylglycerol acyltransferase (1-16:1, 2-16:1, 3-16:0), lipid particle",0.0,1000.0,Glycerolipid metabolism,False,YOR245C,s_2847 + s_3047 --> s_0531 + s_3048
1779,r_2403,"diacylglycerol acyltransferase (1-16:1, 2-18:1, 3-16:0), lipid particle",0.0,1000.0,Glycerolipid metabolism,False,YOR245C,s_2847 + s_3049 --> s_0531 + s_3050
1780,r_2404,"diacylglycerol acyltransferase (1-18:0, 2-16:1, 3-16:0), lipid particle",0.0,1000.0,Glycerolipid metabolism,False,YOR245C,s_2847 + s_3051 --> s_0531 + s_3052
1781,r_2405,"diacylglycerol acyltransferase (1-18:0, 2-18:1, 3-16:0), lipid particle",0.0,1000.0,Glycerolipid metabolism,False,YOR245C,s_2847 + s_3053 --> s_0531 + s_3054
1782,r_2406,"diacylglycerol acyltransferase (1-18:1, 2-16:1, 3-16:0), lipid particle",0.0,1000.0,Glycerolipid metabolism,False,YOR245C,s_2847 + s_3055 --> s_0531 + s_3056
1783,r_2407,"diacylglycerol acyltransferase (1-18:1, 2-18:1, 3-16:0), lipid particle",0.0,1000.0,Glycerolipid metabolism,False,YOR245C,s_2847 + s_3057 --> s_0531 + s_3058
1784,r_2408,"diacylglycerol acyltransferase (1-16:0, 2-16:1, 3-16:1), lipid particle",0.0,1000.0,Glycerolipid metabolism,False,YOR245C,s_2849 + s_3043 --> s_0531 + s_3059
1785,r_2409,"diacylglycerol acyltransferase (1-16:0, 2-18:1, 3-16:1), lipid particle",0.0,1000.0,Glycerolipid metabolism,False,YOR245C,s_2849 + s_3045 --> s_0531 + s_3060
1786,r_2410,"diacylglycerol acyltransferase (1-16:1, 2-16:1, 3-16:1), lipid particle",0.0,1000.0,Glycerolipid metabolism,False,YOR245C,s_2849 + s_3047 --> s_0531 + s_3061
1787,r_2411,"diacylglycerol acyltransferase (1-16:1, 2-18:1, 3-16:1), lipid particle",0.0,1000.0,Glycerolipid metabolism,False,YOR245C,s_2849 + s_3049 --> s_0531 + s_3062
1788,r_2412,"diacylglycerol acyltransferase (1-18:0, 2-16:1, 3-16:1), lipid particle",0.0,1000.0,Glycerolipid metabolism,False,YOR245C,s_2849 + s_3051 --> s_0531 + s_3063
1789,r_2413,"diacylglycerol acyltransferase (1-18:0, 2-18:1, 3-16:1), lipid particle",0.0,1000.0,Glycerolipid metabolism,False,YOR245C,s_2849 + s_3053 --> s_0531 + s_3064
1790,r_2414,"diacylglycerol acyltransferase (1-18:1, 2-16:1, 3-16:1), lipid particle",0.0,1000.0,Glycerolipid metabolism,False,YOR245C,s_2849 + s_3055 --> s_0531 + s_3065
1791,r_2415,"diacylglycerol acyltransferase (1-18:1, 2-18:1, 3-16:1), lipid particle",0.0,1000.0,Glycerolipid metabolism,False,YOR245C,s_2849 + s_3057 --> s_0531 + s_3066
1792,r_2416,"diacylglycerol acyltransferase (1-16:0, 2-16:1, 3-18:0), lipid particle",0.0,1000.0,Glycerolipid metabolism,False,YOR245C,s_2851 + s_3043 --> s_0531 + s_3067
1793,r_2417,"diacylglycerol acyltransferase (1-16:0, 2-18:1, 3-18:0), lipid particle",0.0,1000.0,Glycerolipid metabolism,False,YOR245C,s_2851 + s_3045 --> s_0531 + s_3068
1794,r_2418,"diacylglycerol acyltransferase (1-16:1, 2-16:1, 3-18:0), lipid particle",0.0,1000.0,Glycerolipid metabolism,False,YOR245C,s_2851 + s_3047 --> s_0531 + s_3069
1795,r_2419,"diacylglycerol acyltransferase (1-16:1, 2-18:1, 3-18:0), lipid particle",0.0,1000.0,Glycerolipid metabolism,False,YOR245C,s_2851 + s_3049 --> s_0531 + s_3070
1796,r_2420,"diacylglycerol acyltransferase (1-18:0, 2-16:1, 3-18:0), lipid particle",0.0,1000.0,Glycerolipid metabolism,False,YOR245C,s_2851 + s_3051 --> s_0531 + s_3071
1797,r_2421,"diacylglycerol acyltransferase (1-18:0, 2-18:1, 3-18:0), lipid particle",0.0,1000.0,Glycerolipid metabolism,False,YOR245C,s_2851 + s_3053 --> s_0531 + s_3072
1798,r_2422,"diacylglycerol acyltransferase (1-18:1, 2-16:1, 3-18:0), lipid particle",0.0,1000.0,Glycerolipid metabolism,False,YOR245C,s_2851 + s_3055 --> s_0531 + s_3073
1799,r_2423,"diacylglycerol acyltransferase (1-18:1, 2-18:1, 3-18:0), lipid particle",0.0,1000.0,Glycerolipid metabolism,False,YOR245C,s_2851 + s_3057 --> s_0531 + s_3074
1800,r_2424,"diacylglycerol acyltransferase (1-16:0, 2-16:1, 3-18:1), lipid particle",0.0,1000.0,Glycerolipid metabolism,False,YOR245C,s_2853 + s_3043 --> s_0531 + s_3075
1801,r_2425,"diacylglycerol acyltransferase (1-16:0, 2-18:1, 3-18:1), lipid particle",0.0,1000.0,Glycerolipid metabolism,False,YOR245C,s_2853 + s_3045 --> s_0531 + s_3076
1802,r_2426,"diacylglycerol acyltransferase (1-16:1, 2-16:1, 3-18:1), lipid particle",0.0,1000.0,Glycerolipid metabolism,False,YOR245C,s_2853 + s_3047 --> s_0531 + s_3077
1803,r_2427,"diacylglycerol acyltransferase (1-16:1, 2-18:1, 3-18:1), lipid particle",0.0,1000.0,Glycerolipid metabolism,False,YOR245C,s_2853 + s_3049 --> s_0531 + s_3078
1804,r_2428,"diacylglycerol acyltransferase (1-18:0, 2-16:1, 3-18:1), lipid particle",0.0,1000.0,Glycerolipid metabolism,False,YOR245C,s_2853 + s_3051 --> s_0531 + s_3079
1805,r_2429,"diacylglycerol acyltransferase (1-18:0, 2-18:1, 3-18:1), lipid particle",0.0,1000.0,Glycerolipid metabolism,False,YOR245C,s_2853 + s_3053 --> s_0531 + s_3080
1806,r_2430,"diacylglycerol acyltransferase (1-18:1, 2-16:1, 3-18:1), lipid particle",0.0,1000.0,Glycerolipid metabolism,False,YOR245C,s_2853 + s_3055 --> s_0531 + s_3081
1807,r_2431,"diacylglycerol acyltransferase (1-18:1, 2-18:1, 3-18:1), lipid particle",0.0,1000.0,Glycerolipid metabolism,False,YOR245C,s_2853 + s_3057 --> s_0531 + s_3082
1808,r_2432,"CDP-diacylglycerol synthase (1-16:0, 2-16:1), ER membrane",-1000.0,1000.0,Glycerophospholipid metabolism,False,YBR029C,s_2783 + s_2954 + s_3083 <=> s_2834 + s_3084
1809,r_2433,"CDP-diacylglycerol synthase (1-16:1, 2-16:1), ER membrane",-1000.0,1000.0,Glycerophospholipid metabolism,False,YBR029C,s_2783 + s_2956 + s_3083 <=> s_2834 + s_3085
1810,r_2434,"CDP-diacylglycerol synthase (1-18:0, 2-16:1), ER membrane",-1000.0,1000.0,Glycerophospholipid metabolism,False,YBR029C,s_2783 + s_2958 + s_3083 <=> s_2834 + s_3086
1811,r_2435,"CDP-diacylglycerol synthase (1-18:1, 2-16:1), ER membrane",-1000.0,1000.0,Glycerophospholipid metabolism,False,YBR029C,s_2783 + s_2960 + s_3083 <=> s_2834 + s_3087
1812,r_2436,"CDP-diacylglycerol synthase (1-16:0, 2-18:1), ER membrane",-1000.0,1000.0,Glycerophospholipid metabolism,False,YBR029C,s_2783 + s_2955 + s_3083 <=> s_2834 + s_3088
1813,r_2437,"CDP-diacylglycerol synthase (1-16:1, 2-18:1), ER membrane",-1000.0,1000.0,Glycerophospholipid metabolism,False,YBR029C,s_2783 + s_2957 + s_3083 <=> s_2834 + s_3089
1814,r_2438,"CDP-diacylglycerol synthase (1-18:0, 2-18:1), ER membrane",-1000.0,1000.0,Glycerophospholipid metabolism,False,YBR029C,s_2783 + s_2959 + s_3083 <=> s_2834 + s_3090
1815,r_2439,"CDP-diacylglycerol synthase (1-18:1, 2-18:1), ER membrane",-1000.0,1000.0,Glycerophospholipid metabolism,False,YBR029C,s_2783 + s_2961 + s_3083 <=> s_2834 + s_3091
1816,r_2440,"CDP-diacylglycerol synthase (1-16:0, 2-16:1), mitochondrial membrane",-1000.0,1000.0,Glycerophospholipid metabolism,False,YBR029C,s_3092 + s_3093 + s_3094 <=> s_3095 + s_3096
1817,r_2441,"CDP-diacylglycerol synthase (1-16:1, 2-16:1), mitochondrial membrane",-1000.0,1000.0,Glycerophospholipid metabolism,False,YBR029C,s_3093 + s_3094 + s_3097 <=> s_3095 + s_3098
1818,r_2442,"CDP-diacylglycerol synthase (1-18:0, 2-16:1), mitochondrial membrane",-1000.0,1000.0,Glycerophospholipid metabolism,False,YBR029C,s_3093 + s_3094 + s_3099 <=> s_3095 + s_3100
1819,r_2443,"CDP-diacylglycerol synthase (1-18:1, 2-16:1), mitochondrial membrane",-1000.0,1000.0,Glycerophospholipid metabolism,False,YBR029C,s_3093 + s_3094 + s_3101 <=> s_3095 + s_3102
1820,r_2444,"CDP-diacylglycerol synthase (1-16:0, 2-18:1), mitochondrial membrane",-1000.0,1000.0,Glycerophospholipid metabolism,False,YBR029C,s_3093 + s_3094 + s_3103 <=> s_3095 + s_3104
1821,r_2445,"CDP-diacylglycerol synthase (1-16:1, 2-18:1), mitochondrial membrane",-1000.0,1000.0,Glycerophospholipid metabolism,False,YBR029C,s_3093 + s_3094 + s_3105 <=> s_3095 + s_3106
1822,r_2446,"PS synthase (1-16:0, 2-16:1), ER membrane",0.0,1000.0,Glycerophospholipid metabolism,False,YER026C,s_3084 + s_3107 --> 2.0 s_2783 + s_3108 + s_3109
1823,r_2447,"PS synthase (1-16:1, 2-16:1), ER membrane",0.0,1000.0,Glycerophospholipid metabolism,False,YER026C,s_3085 + s_3107 --> 2.0 s_2783 + s_3108 + s_3110
1824,r_2448,"PS synthase (1-18:0, 2-16:1), ER membrane",0.0,1000.0,Glycerophospholipid metabolism,False,YER026C,s_3086 + s_3107 --> 2.0 s_2783 + s_3108 + s_3111
1825,r_2449,"PS synthase (1-18:1, 2-16:1), ER membrane",0.0,1000.0,Glycerophospholipid metabolism,False,YER026C,s_3087 + s_3107 --> 2.0 s_2783 + s_3108 + s_3112
1826,r_2450,"PS synthase (1-16:0, 2-18:1), ER membrane",0.0,1000.0,Glycerophospholipid metabolism,False,YER026C,s_3088 + s_3107 --> 2.0 s_2783 + s_3108 + s_3113
1827,r_2451,"PS synthase (1-16:1, 2-18:1), ER membrane",0.0,1000.0,Glycerophospholipid metabolism,False,YER026C,s_3089 + s_3107 --> 2.0 s_2783 + s_3108 + s_3114
1828,r_2452,"PS synthase (1-18:0, 2-18:1), ER membrane",0.0,1000.0,Glycerophospholipid metabolism,False,YER026C,s_3090 + s_3107 --> 2.0 s_2783 + s_3108 + s_3115
1829,r_2453,"PS synthase (1-18:1, 2-18:1), ER membrane",0.0,1000.0,Glycerophospholipid metabolism,False,YER026C,s_3091 + s_3107 --> 2.0 s_2783 + s_3108 + s_3116
1830,r_2454,"PI synthase (1-16:0, 2-16:1), ER membrane",0.0,1000.0,Inositol phosphate metabolism,False,YPR113W,s_3084 + s_3117 --> 2.0 s_2783 + s_3108 + s_3118
1831,r_2455,"PI synthase (1-16:1, 2-16:1), ER membrane",0.0,1000.0,Inositol phosphate metabolism,False,YPR113W,s_3085 + s_3117 --> 2.0 s_2783 + s_3108 + s_3119
1832,r_2456,"PI synthase (1-18:0, 2-16:1), ER membrane",0.0,1000.0,Inositol phosphate metabolism,False,YPR113W,s_3086 + s_3117 --> 2.0 s_2783 + s_3108 + s_3120
1833,r_2457,"PI synthase (1-18:1, 2-16:1), ER membrane",0.0,1000.0,Inositol phosphate metabolism,False,YPR113W,s_3087 + s_3117 --> 2.0 s_2783 + s_3108 + s_3121
1834,r_2458,"PI synthase (1-16:0, 2-18:1), ER membrane",0.0,1000.0,Inositol phosphate metabolism,False,YPR113W,s_3088 + s_3117 --> 2.0 s_2783 + s_3108 + s_3122
1835,r_2459,"PI synthase (1-16:1, 2-18:1), ER membrane",0.0,1000.0,Inositol phosphate metabolism,False,YPR113W,s_3089 + s_3117 --> 2.0 s_2783 + s_3108 + s_3123
1836,r_2460,"PI synthase (1-18:0, 2-18:1), ER membrane",0.0,1000.0,Inositol phosphate metabolism,False,YPR113W,s_3090 + s_3117 --> 2.0 s_2783 + s_3108 + s_3124
1837,r_2461,"PI synthase (1-18:1, 2-18:1), ER membrane",0.0,1000.0,Inositol phosphate metabolism,False,YPR113W,s_3091 + s_3117 --> 2.0 s_2783 + s_3108 + s_3125
1838,r_2462,"lysoPI acyltransferase (1-18:0, 2-16:1), ER membrane",-1000.0,1000.0,Glycerophospholipid metabolism,False,YBR042C,s_2791 + s_3126 <=> s_2785 + s_3120
1839,r_2463,"lysoPI acyltransferase (1-18:0, 2-18:1), ER membrane",-1000.0,1000.0,Glycerophospholipid metabolism,False,YBR042C,s_2791 + s_3127 <=> s_2785 + s_3124
1840,r_2464,"PS decarboxylase (1-16:0, 2-16:1), mitochondrial membrane",0.0,1000.0,Glycerophospholipid metabolism,False,YNL169C,s_3128 --> s_3129 + s_3130
1841,r_2465,"PS decarboxylase (1-16:1, 2-16:1), mitochondrial membrane",0.0,1000.0,Glycerophospholipid metabolism,False,YNL169C,s_3131 --> s_3129 + s_3132
1842,r_2466,"PS decarboxylase (1-18:0, 2-16:1), mitochondrial membrane",0.0,1000.0,Glycerophospholipid metabolism,False,YNL169C,s_3133 --> s_3129 + s_3134
1843,r_2467,"PS decarboxylase (1-18:1, 2-16:1), mitochondrial membrane",0.0,1000.0,Glycerophospholipid metabolism,False,YNL169C,s_3135 --> s_3129 + s_3136
1844,r_2468,"PS decarboxylase (1-16:0, 2-18:1), mitochondrial membrane",0.0,1000.0,Glycerophospholipid metabolism,False,YNL169C,s_3137 --> s_3129 + s_3138
1845,r_2469,"PS decarboxylase (1-16:1, 2-18:1), mitochondrial membrane",0.0,1000.0,Glycerophospholipid metabolism,False,YNL169C,s_3139 --> s_3129 + s_3140
1846,r_2470,"PS decarboxylase (1-18:0, 2-18:1), mitochondrial membrane",0.0,1000.0,Glycerophospholipid metabolism,False,YNL169C,s_3141 --> s_3129 + s_3142
1847,r_2471,"PS decarboxylase (1-18:1, 2-18:1), mitochondrial membrane",0.0,1000.0,Glycerophospholipid metabolism,False,YNL169C,s_3143 --> s_3129 + s_3144
1848,r_2472,"PS decarboxylase (1-16:0, 2-16:1), Golgi membrane",0.0,1000.0,Glycerophospholipid metabolism,False,YGR170W,s_3145 --> s_3147 + s_3148
1849,r_2473,"PS decarboxylase (1-16:1, 2-16:1), Golgi membrane",0.0,1000.0,Glycerophospholipid metabolism,False,YGR170W,s_3149 --> s_3147 + s_3150
1850,r_2474,"PS decarboxylase (1-18:0, 2-16:1), Golgi membrane",0.0,1000.0,Glycerophospholipid metabolism,False,YGR170W,s_3151 --> s_3147 + s_3152
1851,r_2475,"PS decarboxylase (1-18:1, 2-16:1), Golgi membrane",0.0,1000.0,Glycerophospholipid metabolism,False,YGR170W,s_3153 --> s_3147 + s_3154
1852,r_2476,"PS decarboxylase (1-16:0, 2-18:1), Golgi membrane",0.0,1000.0,Glycerophospholipid metabolism,False,YGR170W,s_3155 --> s_3147 + s_3156
1853,r_2477,"PS decarboxylase (1-16:1, 2-18:1), Golgi membrane",0.0,1000.0,Glycerophospholipid metabolism,False,YGR170W,s_3157 --> s_3147 + s_3158
1854,r_2478,"PS decarboxylase (1-18:0, 2-18:1), Golgi membrane",0.0,1000.0,Glycerophospholipid metabolism,False,YGR170W,s_3159 --> s_3147 + s_3160
1855,r_2479,"PS decarboxylase (1-18:1, 2-18:1), Golgi membrane",0.0,1000.0,Glycerophospholipid metabolism,False,YGR170W,s_3161 --> s_3147 + s_3162
1856,r_2480,"PS decarboxylase (1-16:0, 2-16:1), vacuolar membrane",0.0,1000.0,Glycerophospholipid metabolism,False,YGR170W,s_3163 --> s_3165 + s_3166
1857,r_2481,"PS decarboxylase (1-16:1, 2-16:1), vacuolar membrane",0.0,1000.0,Glycerophospholipid metabolism,False,YGR170W,s_3167 --> s_3165 + s_3168
1858,r_2482,"PS decarboxylase (1-18:0, 2-16:1), vacuolar membrane",0.0,1000.0,Glycerophospholipid metabolism,False,YGR170W,s_3169 --> s_3165 + s_3170
1859,r_2483,"PS decarboxylase (1-18:1, 2-16:1), vacuolar membrane",0.0,1000.0,Glycerophospholipid metabolism,False,YGR170W,s_3171 --> s_3165 + s_3172
1860,r_2484,"PS decarboxylase (1-16:0, 2-18:1), vacuolar membrane",0.0,1000.0,Glycerophospholipid metabolism,False,YGR170W,s_3173 --> s_3165 + s_3174
1861,r_2485,"PS decarboxylase (1-16:1, 2-18:1), vacuolar membrane",0.0,1000.0,Glycerophospholipid metabolism,False,YGR170W,s_3175 --> s_3165 + s_3176
1862,r_2486,"PS decarboxylase (1-18:0, 2-18:1), vacuolar membrane",0.0,1000.0,Glycerophospholipid metabolism,False,YGR170W,s_3177 --> s_3165 + s_3178
1863,r_2487,"PS decarboxylase (1-18:1, 2-18:1), vacuolar membrane",0.0,1000.0,Glycerophospholipid metabolism,False,YGR170W,s_3179 --> s_3165 + s_3180
1864,r_2488,"PE methyltransferase (1-16:0, 2-16:1), ER membrane",0.0,1000.0,Glycerophospholipid metabolism,False,YGR157W,s_3181 + s_3182 --> s_2783 + s_3183 + s_3184
1865,r_2489,"PE methyltransferase (1-16:1, 2-16:1), ER membrane",0.0,1000.0,Glycerophospholipid metabolism,False,YGR157W,s_3182 + s_3185 --> s_2783 + s_3183 + s_3186
1866,r_2490,"PE methyltransferase (1-18:0, 2-16:1), ER membrane",0.0,1000.0,Glycerophospholipid metabolism,False,YGR157W,s_3182 + s_3187 --> s_2783 + s_3183 + s_3188
1867,r_2491,"PE methyltransferase (1-18:1, 2-16:1), ER membrane",0.0,1000.0,Glycerophospholipid metabolism,False,YGR157W,s_3182 + s_3189 --> s_2783 + s_3183 + s_3190
1868,r_2492,"PE methyltransferase (1-16:0, 2-18:1), ER membrane",0.0,1000.0,Glycerophospholipid metabolism,False,YGR157W,s_3182 + s_3191 --> s_2783 + s_3183 + s_3192
1869,r_2493,"PE methyltransferase (1-16:1, 2-18:1), ER membrane",0.0,1000.0,Glycerophospholipid metabolism,False,YGR157W,s_3182 + s_3193 --> s_2783 + s_3183 + s_3194
1870,r_2494,"PE methyltransferase (1-18:0, 2-18:1), ER membrane",0.0,1000.0,Glycerophospholipid metabolism,False,YGR157W,s_3182 + s_3195 --> s_2783 + s_3183 + s_3196
1871,r_2495,"PE methyltransferase (1-18:1, 2-18:1), ER membrane",0.0,1000.0,Glycerophospholipid metabolism,False,YGR157W,s_3182 + s_3197 --> s_2783 + s_3183 + s_3198
1872,r_2496,"phosphatidyl-N-methylethanolamine methyltransferase (1-16:0, 2-16:1), ER membrane",0.0,1000.0,Glycerophospholipid metabolism,False,YJR073C,s_3182 + s_3184 --> s_2783 + s_3183 + s_3199
1873,r_2497,"phosphatidyl-N-methylethanolamine methyltransferase (1-16:1, 2-16:1), ER membrane",0.0,1000.0,Glycerophospholipid metabolism,False,YJR073C,s_3182 + s_3186 --> s_2783 + s_3183 + s_3200
1874,r_2498,"phosphatidyl-N-methylethanolamine methyltransferase (1-18:0, 2-16:1), ER membrane",0.0,1000.0,Glycerophospholipid metabolism,False,YJR073C,s_3182 + s_3188 --> s_2783 + s_3183 + s_3201
1875,r_2499,"phosphatidyl-N-methylethanolamine methyltransferase (1-18:1, 2-16:1), ER membrane",0.0,1000.0,Glycerophospholipid metabolism,False,YJR073C,s_3182 + s_3190 --> s_2783 + s_3183 + s_3202
1876,r_2500,"phosphatidyl-N-methylethanolamine methyltransferase (1-16:0, 2-18:1), ER membrane",0.0,1000.0,Glycerophospholipid metabolism,False,YJR073C,s_3182 + s_3192 --> s_2783 + s_3183 + s_3203
1877,r_2501,"phosphatidyl-N-methylethanolamine methyltransferase (1-16:1, 2-18:1), ER membrane",0.0,1000.0,Glycerophospholipid metabolism,False,YJR073C,s_3182 + s_3194 --> s_2783 + s_3183 + s_3204
1878,r_2502,"phosphatidyl-N-methylethanolamine methyltransferase (1-18:0, 2-18:1), ER membrane",0.0,1000.0,Glycerophospholipid metabolism,False,YJR073C,s_3182 + s_3196 --> s_2783 + s_3183 + s_3205
1879,r_2503,"phosphatidyl-N-methylethanolamine methyltransferase (1-18:1, 2-18:1), ER membrane",0.0,1000.0,Glycerophospholipid metabolism,False,YJR073C,s_3182 + s_3198 --> s_2783 + s_3183 + s_3206
1880,r_2504,"phosphatidyl-N,N-dimethylethanolamine methyltransferase (1-16:0, 2-16:1), ER membrane",0.0,1000.0,Glycerophospholipid metabolism,False,YJR073C,s_3182 + s_3199 --> s_2783 + s_3183 + s_3207
1881,r_2505,"phosphatidyl-N,N-dimethylethanolamine methyltransferase (1-16:1, 2-16:1), ER membrane",0.0,1000.0,Glycerophospholipid metabolism,False,YJR073C,s_3182 + s_3200 --> s_2783 + s_3183 + s_3208
1882,r_2506,"phosphatidyl-N,N-dimethylethanolamine methyltransferase (1-18:0, 2-16:1), ER membrane",0.0,1000.0,Glycerophospholipid metabolism,False,YJR073C,s_3182 + s_3201 --> s_2783 + s_3183 + s_3209
1883,r_2507,"phosphatidyl-N,N-dimethylethanolamine methyltransferase (1-18:1, 2-16:1), ER membrane",0.0,1000.0,Glycerophospholipid metabolism,False,YJR073C,s_3182 + s_3202 --> s_2783 + s_3183 + s_3210
1884,r_2508,"phosphatidyl-N,N-dimethylethanolamine methyltransferase (1-16:0, 2-18:1), ER membrane",0.0,1000.0,Glycerophospholipid metabolism,False,YJR073C,s_3182 + s_3203 --> s_2783 + s_3183 + s_3211
1885,r_2509,"phosphatidyl-N,N-dimethylethanolamine methyltransferase (1-16:1, 2-18:1), ER membrane",0.0,1000.0,Glycerophospholipid metabolism,False,YJR073C,s_3182 + s_3204 --> s_2783 + s_3183 + s_3212
1886,r_2510,"phosphatidyl-N,N-dimethylethanolamine methyltransferase (1-18:0, 2-18:1), ER membrane",0.0,1000.0,Glycerophospholipid metabolism,False,YJR073C,s_3182 + s_3205 --> s_2783 + s_3183 + s_3213
1887,r_2511,"phosphatidyl-N,N-dimethylethanolamine methyltransferase (1-18:1, 2-18:1), ER membrane",0.0,1000.0,Glycerophospholipid metabolism,False,YJR073C,s_3182 + s_3206 --> s_2783 + s_3183 + s_3214
1888,r_2512,"DAG kinase (1-16:0, 2-16:1), ER membrane",0.0,1000.0,Glycerophospholipid metabolism,False,YOR311C,s_2783 + s_2967 + s_3083 --> s_2954 + s_3215
1889,r_2513,"DAG kinase (1-16:1, 2-16:1), ER membrane",0.0,1000.0,Glycerophospholipid metabolism,False,YOR311C,s_2783 + s_2969 + s_3083 --> s_2956 + s_3215
1890,r_2514,"DAG kinase (1-18:0, 2-16:1), ER membrane",0.0,1000.0,Glycerophospholipid metabolism,False,YOR311C,s_2783 + s_2971 + s_3083 --> s_2958 + s_3215
1891,r_2515,"DAG kinase (1-18:1, 2-16:1), ER membrane",0.0,1000.0,Glycerophospholipid metabolism,False,YOR311C,s_2783 + s_2973 + s_3083 --> s_2960 + s_3215
1892,r_2516,"DAG kinase (1-16:0, 2-18:1), ER membrane",0.0,1000.0,Glycerophospholipid metabolism,False,YOR311C,s_2783 + s_2968 + s_3083 --> s_2955 + s_3215
1893,r_2517,"DAG kinase (1-16:1, 2-18:1), ER membrane",0.0,1000.0,Glycerophospholipid metabolism,False,YOR311C,s_2783 + s_2970 + s_3083 --> s_2957 + s_3215
1894,r_2518,"DAG kinase (1-18:0, 2-18:1), ER membrane",0.0,1000.0,Glycerophospholipid metabolism,False,YOR311C,s_2783 + s_2972 + s_3083 --> s_2959 + s_3215
1895,r_2519,"DAG kinase (1-18:1, 2-18:1), ER membrane",0.0,1000.0,Glycerophospholipid metabolism,False,YOR311C,s_2783 + s_2974 + s_3083 --> s_2961 + s_3215
1896,r_2520,"ethanolaminephosphotransferase (1-16:0, 2-16:1), ER membrane",0.0,1000.0,Glycerophospholipid metabolism,False,YHR123W,s_2967 + s_3216 --> s_2783 + s_3108 + s_3181
1897,r_2521,"ethanolaminephosphotransferase (1-16:1, 2-16:1), ER membrane",0.0,1000.0,Glycerophospholipid metabolism,False,YHR123W,s_2969 + s_3216 --> s_2783 + s_3108 + s_3185
1898,r_2522,"ethanolaminephosphotransferase (1-18:0, 2-16:1), ER membrane",0.0,1000.0,Glycerophospholipid metabolism,False,YHR123W,s_2971 + s_3216 --> s_2783 + s_3108 + s_3187
1899,r_2523,"ethanolaminephosphotransferase (1-18:1, 2-16:1), ER membrane",0.0,1000.0,Glycerophospholipid metabolism,False,YHR123W,s_2973 + s_3216 --> s_2783 + s_3108 + s_3189
1900,r_2524,"ethanolaminephosphotransferase (1-16:0, 2-18:1), ER membrane",0.0,1000.0,Glycerophospholipid metabolism,False,YHR123W,s_2968 + s_3216 --> s_2783 + s_3108 + s_3191
1901,r_2525,"ethanolaminephosphotransferase (1-16:1, 2-18:1), ER membrane",0.0,1000.0,Glycerophospholipid metabolism,False,YHR123W,s_2970 + s_3216 --> s_2783 + s_3108 + s_3193
1902,r_2526,"ethanolaminephosphotransferase (1-18:0, 2-18:1), ER membrane",0.0,1000.0,Glycerophospholipid metabolism,False,YHR123W,s_2972 + s_3216 --> s_2783 + s_3108 + s_3195
1903,r_2527,"ethanolaminephosphotransferase (1-18:1, 2-18:1), ER membrane",0.0,1000.0,Glycerophospholipid metabolism,False,YHR123W,s_2974 + s_3216 --> s_2783 + s_3108 + s_3197
1904,r_2528,"cholinephosphotransferase (1-16:0, 2-16:1), ER membrane",0.0,1000.0,Glycerophospholipid metabolism,False,YHR123W or YNL130C,s_2967 + s_3217 --> s_2783 + s_3108 + s_3207
1905,r_2529,"cholinephosphotransferase (1-16:1, 2-16:1), ER membrane",0.0,1000.0,Glycerophospholipid metabolism,False,YHR123W or YNL130C,s_2969 + s_3217 --> s_2783 + s_3108 + s_3208
1906,r_2530,"cholinephosphotransferase (1-18:0, 2-16:1), ER membrane",0.0,1000.0,Glycerophospholipid metabolism,False,YHR123W or YNL130C,s_2971 + s_3217 --> s_2783 + s_3108 + s_3209
1907,r_2531,"cholinephosphotransferase (1-18:1, 2-16:1), ER membrane",0.0,1000.0,Glycerophospholipid metabolism,False,YHR123W or YNL130C,s_2973 + s_3217 --> s_2783 + s_3108 + s_3210
1908,r_2532,"cholinephosphotransferase (1-16:0, 2-18:1), ER membrane",0.0,1000.0,Glycerophospholipid metabolism,False,YHR123W or YNL130C,s_2968 + s_3217 --> s_2783 + s_3108 + s_3211
1909,r_2533,"cholinephosphotransferase (1-16:1, 2-18:1), ER membrane",0.0,1000.0,Glycerophospholipid metabolism,False,YHR123W or YNL130C,s_2970 + s_3217 --> s_2783 + s_3108 + s_3212
1910,r_2534,"cholinephosphotransferase (1-18:0, 2-18:1), ER membrane",0.0,1000.0,Glycerophospholipid metabolism,False,YHR123W or YNL130C,s_2972 + s_3217 --> s_2783 + s_3108 + s_3213
1911,r_2535,"cholinephosphotransferase (1-18:1, 2-18:1), ER membrane",0.0,1000.0,Glycerophospholipid metabolism,False,YHR123W or YNL130C,s_2974 + s_3217 --> s_2783 + s_3108 + s_3214
1912,r_2536,"phosphatidylglycerolphosphate synthase (1-16:0, 2-16:1), mitochondrial membrane",0.0,1000.0,Glycerophospholipid metabolism,False,YCL004W,s_3096 + s_3218 --> s_3219 + s_3220
1913,r_2537,"phosphatidylglycerolphosphate synthase (1-16:1, 2-16:1), mitochondrial membrane",0.0,1000.0,Glycerophospholipid metabolism,False,YCL004W,s_3098 + s_3218 --> s_3219 + s_3221
1914,r_2538,"phosphatidylglycerolphosphate synthase (1-18:0, 2-16:1), mitochondrial membrane",0.0,1000.0,Glycerophospholipid metabolism,False,YCL004W,s_3100 + s_3218 --> s_3219 + s_3222
1915,r_2539,"phosphatidylglycerolphosphate synthase (1-18:1, 2-16:1), mitochondrial membrane",0.0,1000.0,Glycerophospholipid metabolism,False,YCL004W,s_3102 + s_3218 --> s_3219 + s_3223
1916,r_2540,"phosphatidylglycerolphosphate synthase (1-16:0, 2-18:1), mitochondrial membrane",0.0,1000.0,Glycerophospholipid metabolism,False,YCL004W,s_3104 + s_3218 --> s_3219 + s_3224
1917,r_2541,"phosphatidylglycerolphosphate synthase (1-16:1, 2-18:1), mitochondrial membrane",0.0,1000.0,Glycerophospholipid metabolism,False,YCL004W,s_3106 + s_3218 --> s_3219 + s_3225
1918,r_2542,"PGP phosphatase (1-16:0, 2-16:1), mitochondrial membrane",0.0,1000.0,Glycerophospholipid metabolism,False,YHR100C,s_3220 + s_3226 --> 2.0 s_3094 + s_3227 + s_3228
1919,r_2543,"PGP phosphatase (1-16:1, 2-16:1), mitochondrial membrane",0.0,1000.0,Glycerophospholipid metabolism,False,YHR100C,s_3221 + s_3226 --> 2.0 s_3094 + s_3228 + s_3229
1920,r_2544,"PGP phosphatase (1-18:0, 2-16:1), mitochondrial membrane",0.0,1000.0,Glycerophospholipid metabolism,False,YHR100C,s_3222 + s_3226 --> 2.0 s_3094 + s_3228 + s_3230
1921,r_2545,"PGP phosphatase (1-18:1, 2-16:1), mitochondrial membrane",0.0,1000.0,Glycerophospholipid metabolism,False,YHR100C,s_3223 + s_3226 --> 2.0 s_3094 + s_3228 + s_3231
1922,r_2546,"PGP phosphatase (1-16:0, 2-18:1), mitochondrial membrane",0.0,1000.0,Glycerophospholipid metabolism,False,YHR100C,s_3224 + s_3226 --> 2.0 s_3094 + s_3228 + s_3232
1923,r_2547,"PGP phosphatase (1-16:1, 2-18:1), mitochondrial membrane",0.0,1000.0,Glycerophospholipid metabolism,False,YHR100C,s_3225 + s_3226 --> 2.0 s_3094 + s_3228 + s_3233
1924,r_2548,"CL synthase (1-16:0, 2-16:1, 3-16:0, 4-16:1), mitochondrial membrane",0.0,1000.0,Glycerophospholipid metabolism,False,YDL142C,s_3096 + s_3227 --> 2.0 s_3094 + s_3219 + s_3234
1925,r_2549,"CL synthase (1-16:0, 2-16:1, 3-16:1, 4-16:1), mitochondrial membrane",0.0,1000.0,Glycerophospholipid metabolism,False,YDL142C,s_3096 + s_3229 --> 2.0 s_3094 + s_3219 + s_3235
1926,r_2550,"CL synthase (1-16:0, 2-16:1, 3-18:0, 4-16:1), mitochondrial membrane",0.0,1000.0,Glycerophospholipid metabolism,False,YDL142C,s_3096 + s_3230 --> 2.0 s_3094 + s_3219 + s_3236
1927,r_2551,"CL synthase (1-16:0, 2-16:1, 3-18:1, 4-16:1), mitochondrial membrane",0.0,1000.0,Glycerophospholipid metabolism,False,YDL142C,s_3096 + s_3231 --> 2.0 s_3094 + s_3219 + s_3237
1928,r_2552,"CL synthase (1-16:0, 2-16:1, 3-16:0, 4-18:1), mitochondrial membrane",0.0,1000.0,Glycerophospholipid metabolism,False,YDL142C,s_3096 + s_3232 --> 2.0 s_3094 + s_3219 + s_3238
1929,r_2553,"CL synthase (1-16:0, 2-16:1, 3-16:1, 4-18:1), mitochondrial membrane",0.0,1000.0,Glycerophospholipid metabolism,False,YDL142C,s_3096 + s_3233 --> 2.0 s_3094 + s_3219 + s_3239
1930,r_2554,"CL synthase (1-16:1, 2-16:1, 3-16:0, 4-16:1), mitochondrial membrane",0.0,1000.0,Glycerophospholipid metabolism,False,YDL142C,s_3098 + s_3227 --> 2.0 s_3094 + s_3219 + s_3240
1931,r_2555,"CL synthase (1-16:1, 2-16:1, 3-16:1, 4-16:1), mitochondrial membrane",0.0,1000.0,Glycerophospholipid metabolism,False,YDL142C,s_3098 + s_3229 --> 2.0 s_3094 + s_3219 + s_3241
1932,r_2556,"CL synthase (1-16:1, 2-16:1, 3-18:0, 4-16:1), mitochondrial membrane",0.0,1000.0,Glycerophospholipid metabolism,False,YDL142C,s_3098 + s_3230 --> 2.0 s_3094 + s_3219 + s_3242
1933,r_2557,"CL synthase (1-16:1, 2-16:1, 3-18:1, 4-16:1), mitochondrial membrane",0.0,1000.0,Glycerophospholipid metabolism,False,YDL142C,s_3098 + s_3231 --> 2.0 s_3094 + s_3219 + s_3243
1934,r_2558,"CL synthase (1-16:1, 2-16:1, 3-16:0, 4-18:1), mitochondrial membrane",0.0,1000.0,Glycerophospholipid metabolism,False,YDL142C,s_3098 + s_3232 --> 2.0 s_3094 + s_3219 + s_3244
1935,r_2559,"CL synthase (1-16:1, 2-16:1, 3-16:1, 4-18:1), mitochondrial membrane",0.0,1000.0,Glycerophospholipid metabolism,False,YDL142C,s_3098 + s_3233 --> 2.0 s_3094 + s_3219 + s_3245
1936,r_2560,"CL synthase (1-18:0, 2-16:1, 3-16:0, 4-16:1), mitochondrial membrane",0.0,1000.0,Glycerophospholipid metabolism,False,YDL142C,s_3100 + s_3227 --> 2.0 s_3094 + s_3219 + s_3246
1937,r_2561,"CL synthase (1-18:0, 2-16:1, 3-16:1, 4-16:1), mitochondrial membrane",0.0,1000.0,Glycerophospholipid metabolism,False,YDL142C,s_3100 + s_3229 --> 2.0 s_3094 + s_3219 + s_3247
1938,r_2562,"CL synthase (1-18:0, 2-16:1, 3-18:0, 4-16:1), mitochondrial membrane",0.0,1000.0,Glycerophospholipid metabolism,False,YDL142C,s_3100 + s_3230 --> 2.0 s_3094 + s_3219 + s_3248
1939,r_2563,"CL synthase (1-18:0, 2-16:1, 3-18:1, 4-16:1), mitochondrial membrane",0.0,1000.0,Glycerophospholipid metabolism,False,YDL142C,s_3100 + s_3231 --> 2.0 s_3094 + s_3219 + s_3249
1940,r_2564,"CL synthase (1-18:0, 2-16:1, 3-16:0, 4-18:1), mitochondrial membrane",0.0,1000.0,Glycerophospholipid metabolism,False,YDL142C,s_3100 + s_3232 --> 2.0 s_3094 + s_3219 + s_3250
1941,r_2565,"CL synthase (1-18:0, 2-16:1, 3-16:1, 4-18:1), mitochondrial membrane",0.0,1000.0,Glycerophospholipid metabolism,False,YDL142C,s_3100 + s_3233 --> 2.0 s_3094 + s_3219 + s_3251
1942,r_2566,"CL synthase (1-18:1, 2-16:1, 3-16:0, 4-16:1), mitochondrial membrane",0.0,1000.0,Glycerophospholipid metabolism,False,YDL142C,s_3102 + s_3227 --> 2.0 s_3094 + s_3219 + s_3252
1943,r_2567,"CL synthase (1-18:1, 2-16:1, 3-16:1, 4-16:1), mitochondrial membrane",0.0,1000.0,Glycerophospholipid metabolism,False,YDL142C,s_3102 + s_3229 --> 2.0 s_3094 + s_3219 + s_3253
1944,r_2568,"CL synthase (1-18:1, 2-16:1, 3-18:0, 4-16:1), mitochondrial membrane",0.0,1000.0,Glycerophospholipid metabolism,False,YDL142C,s_3102 + s_3230 --> 2.0 s_3094 + s_3219 + s_3254
1945,r_2569,"CL synthase (1-18:1, 2-16:1, 3-18:1, 4-16:1), mitochondrial membrane",0.0,1000.0,Glycerophospholipid metabolism,False,YDL142C,s_3102 + s_3231 --> 2.0 s_3094 + s_3219 + s_3255
1946,r_2570,"CL synthase (1-18:1, 2-16:1, 3-16:0, 4-18:1), mitochondrial membrane",0.0,1000.0,Glycerophospholipid metabolism,False,YDL142C,s_3102 + s_3232 --> 2.0 s_3094 + s_3219 + s_3256
1947,r_2571,"CL synthase (1-18:1, 2-16:1, 3-16:1, 4-18:1), mitochondrial membrane",0.0,1000.0,Glycerophospholipid metabolism,False,YDL142C,s_3102 + s_3233 --> 2.0 s_3094 + s_3219 + s_3257
1948,r_2572,"CL synthase (1-16:0, 2-18:1, 3-16:0, 4-16:1), mitochondrial membrane",0.0,1000.0,Glycerophospholipid metabolism,False,YDL142C,s_3104 + s_3227 --> 2.0 s_3094 + s_3219 + s_3258
1949,r_2573,"CL synthase (1-16:0, 2-18:1, 3-16:1, 4-16:1), mitochondrial membrane",0.0,1000.0,Glycerophospholipid metabolism,False,YDL142C,s_3104 + s_3229 --> 2.0 s_3094 + s_3219 + s_3259
1950,r_2574,"CL synthase (1-16:0, 2-18:1, 3-18:0, 4-16:1), mitochondrial membrane",0.0,1000.0,Glycerophospholipid metabolism,False,YDL142C,s_3104 + s_3230 --> 2.0 s_3094 + s_3219 + s_3260
1951,r_2575,"CL synthase (1-16:0, 2-18:1, 3-18:1, 4-16:1), mitochondrial membrane",0.0,1000.0,Glycerophospholipid metabolism,False,YDL142C,s_3104 + s_3231 --> 2.0 s_3094 + s_3219 + s_3261
1952,r_2576,"CL synthase (1-16:0, 2-18:1, 3-16:0, 4-18:1), mitochondrial membrane",0.0,1000.0,Glycerophospholipid metabolism,False,YDL142C,s_3104 + s_3232 --> 2.0 s_3094 + s_3219 + s_3262
1953,r_2577,"CL synthase (1-16:0, 2-18:1, 3-16:1, 4-18:1), mitochondrial membrane",0.0,1000.0,Glycerophospholipid metabolism,False,YDL142C,s_3104 + s_3233 --> 2.0 s_3094 + s_3219 + s_3263
1954,r_2578,"CL synthase (1-16:1, 2-18:1, 3-16:0, 4-16:1), mitochondrial membrane",0.0,1000.0,Glycerophospholipid metabolism,False,YDL142C,s_3106 + s_3227 --> 2.0 s_3094 + s_3219 + s_3264
1955,r_2579,"CL synthase (1-16:1, 2-18:1, 3-16:1, 4-16:1), mitochondrial membrane",0.0,1000.0,Glycerophospholipid metabolism,False,YDL142C,s_3106 + s_3229 --> 2.0 s_3094 + s_3219 + s_3265
1956,r_2580,"CL synthase (1-16:1, 2-18:1, 3-18:0, 4-16:1), mitochondrial membrane",0.0,1000.0,Glycerophospholipid metabolism,False,YDL142C,s_3106 + s_3230 --> 2.0 s_3094 + s_3219 + s_3266
1957,r_2581,"CL synthase (1-16:1, 2-18:1, 3-18:1, 4-16:1), mitochondrial membrane",0.0,1000.0,Glycerophospholipid metabolism,False,YDL142C,s_3106 + s_3231 --> 2.0 s_3094 + s_3219 + s_3267
1958,r_2582,"CL synthase (1-16:1, 2-18:1, 3-16:0, 4-18:1), mitochondrial membrane",0.0,1000.0,Glycerophospholipid metabolism,False,YDL142C,s_3106 + s_3232 --> 2.0 s_3094 + s_3219 + s_3268
1959,r_2583,"CL synthase (1-16:1, 2-18:1, 3-16:1, 4-18:1), mitochondrial membrane",0.0,1000.0,Glycerophospholipid metabolism,False,YDL142C,s_3106 + s_3233 --> 2.0 s_3094 + s_3219 + s_3269
1960,r_2584,"CL (1-16:0, 2-16:1, 3-16:0, 4-16:1) phospholipase (1-position), mitochondrial membrane",0.0,1000.0,Glycerophospholipid metabolism,False,YGR110W,s_3226 + s_3234 --> s_3094 + s_3270 + s_3271
1961,r_2585,"CL (1-16:0, 2-16:1, 3-16:1, 4-16:1) phospholipase (1-position), mitochondrial membrane",0.0,1000.0,Glycerophospholipid metabolism,False,YGR110W,s_3226 + s_3235 --> s_3094 + s_3271 + s_3272
1962,r_2586,"CL (1-16:0, 2-16:1, 3-18:0, 4-16:1) phospholipase (1-position), mitochondrial membrane",0.0,1000.0,Glycerophospholipid metabolism,False,YGR110W,s_3226 + s_3236 --> s_3094 + s_3271 + s_3273
1963,r_2587,"CL (1-16:0, 2-16:1, 3-18:1, 4-16:1) phospholipase (1-position), mitochondrial membrane",0.0,1000.0,Glycerophospholipid metabolism,False,YGR110W,s_3226 + s_3237 --> s_3094 + s_3271 + s_3274
1964,r_2588,"CL (1-16:0, 2-16:1, 3-16:0, 4-18:1) phospholipase (1-position), mitochondrial membrane",0.0,1000.0,Glycerophospholipid metabolism,False,YGR110W,s_3226 + s_3238 --> s_3094 + s_3271 + s_3275
1965,r_2589,"CL (1-16:0, 2-16:1, 3-16:1, 4-18:1) phospholipase (1-position), mitochondrial membrane",0.0,1000.0,Glycerophospholipid metabolism,False,YGR110W,s_3226 + s_3239 --> s_3094 + s_3271 + s_3276
1966,r_2590,"CL (1-18:0, 2-16:1, 3-16:0, 4-16:1) phospholipase (1-position), mitochondrial membrane",0.0,1000.0,Glycerophospholipid metabolism,False,YGR110W,s_3226 + s_3246 --> s_3094 + s_3270 + s_3277
1967,r_2591,"CL (1-18:0, 2-16:1, 3-16:1, 4-16:1) phospholipase (1-position), mitochondrial membrane",0.0,1000.0,Glycerophospholipid metabolism,False,YGR110W,s_3226 + s_3247 --> s_3094 + s_3272 + s_3277
1968,r_2592,"CL (1-18:0, 2-16:1, 3-18:0, 4-16:1) phospholipase (1-position), mitochondrial membrane",0.0,1000.0,Glycerophospholipid metabolism,False,YGR110W,s_3226 + s_3248 --> s_3094 + s_3273 + s_3277
1969,r_2593,"CL (1-18:0, 2-16:1, 3-18:1, 4-16:1) phospholipase (1-position), mitochondrial membrane",0.0,1000.0,Glycerophospholipid metabolism,False,YGR110W,s_3226 + s_3249 --> s_3094 + s_3274 + s_3277
1970,r_2594,"CL (1-18:0, 2-16:1, 3-16:0, 4-18:1) phospholipase (1-position), mitochondrial membrane",0.0,1000.0,Glycerophospholipid metabolism,False,YGR110W,s_3226 + s_3250 --> s_3094 + s_3275 + s_3277
1971,r_2595,"CL (1-18:0, 2-16:1, 3-16:1, 4-18:1) phospholipase (1-position), mitochondrial membrane",0.0,1000.0,Glycerophospholipid metabolism,False,YGR110W,s_3226 + s_3251 --> s_3094 + s_3276 + s_3277
1972,r_2596,"CL (1-16:0, 2-18:1, 3-16:0, 4-16:1) phospholipase (1-position), mitochondrial membrane",0.0,1000.0,Glycerophospholipid metabolism,False,YGR110W,s_3226 + s_3258 --> s_3094 + s_3271 + s_3278
1973,r_2597,"CL (1-16:0, 2-18:1, 3-16:1, 4-16:1) phospholipase (1-position), mitochondrial membrane",0.0,1000.0,Glycerophospholipid metabolism,False,YGR110W,s_3226 + s_3259 --> s_3094 + s_3271 + s_3279
1974,r_2598,"CL (1-16:0, 2-18:1, 3-18:0, 4-16:1) phospholipase (1-position), mitochondrial membrane",0.0,1000.0,Glycerophospholipid metabolism,False,YGR110W,s_3226 + s_3260 --> s_3094 + s_3271 + s_3280
1975,r_2599,"CL (1-16:0, 2-18:1, 3-18:1, 4-16:1) phospholipase (1-position), mitochondrial membrane",0.0,1000.0,Glycerophospholipid metabolism,False,YGR110W,s_3226 + s_3261 --> s_3094 + s_3271 + s_3281
1976,r_2600,"CL (1-16:0, 2-18:1, 3-16:0, 4-18:1) phospholipase (1-position), mitochondrial membrane",0.0,1000.0,Glycerophospholipid metabolism,False,YGR110W,s_3226 + s_3262 --> s_3094 + s_3271 + s_3282
1977,r_2601,"CL (1-16:0, 2-18:1, 3-16:1, 4-18:1) phospholipase (1-position), mitochondrial membrane",0.0,1000.0,Glycerophospholipid metabolism,False,YGR110W,s_3226 + s_3263 --> s_3094 + s_3271 + s_3283
1978,r_2602,"CL (1-16:0, 2-16:1, 3-16:0, 4-16:1) phospholipase (3-position), mitochondrial membrane",0.0,1000.0,Glycerophospholipid metabolism,False,YGR110W,s_3226 + s_3234 --> s_3094 + s_3271 + s_3284
1979,r_2603,"CL (1-16:0, 2-16:1, 3-18:0, 4-16:1) phospholipase (3-position), mitochondrial membrane",0.0,1000.0,Glycerophospholipid metabolism,False,YGR110W,s_3226 + s_3236 --> s_3094 + s_3277 + s_3284
1980,r_2604,"CL (1-16:0, 2-16:1, 3-16:0, 4-18:1) phospholipase (3-position), mitochondrial membrane",0.0,1000.0,Glycerophospholipid metabolism,False,YGR110W,s_3226 + s_3238 --> s_3094 + s_3271 + s_3285
1981,r_2605,"CL (1-16:1, 2-16:1, 3-16:0, 4-16:1) phospholipase (3-position), mitochondrial membrane",0.0,1000.0,Glycerophospholipid metabolism,False,YGR110W,s_3226 + s_3240 --> s_3094 + s_3271 + s_3286
1982,r_2606,"CL (1-16:1, 2-16:1, 3-18:0, 4-16:1) phospholipase (3-position), mitochondrial membrane",0.0,1000.0,Glycerophospholipid metabolism,False,YGR110W,s_3226 + s_3242 --> s_3094 + s_3277 + s_3286
1983,r_2607,"CL (1-16:1, 2-16:1, 3-16:0, 4-18:1) phospholipase (3-position), mitochondrial membrane",0.0,1000.0,Glycerophospholipid metabolism,False,YGR110W,s_3226 + s_3244 --> s_3094 + s_3271 + s_3287
1984,r_2608,"CL (1-18:0, 2-16:1, 3-16:0, 4-16:1) phospholipase (3-position), mitochondrial membrane",0.0,1000.0,Glycerophospholipid metabolism,False,YGR110W,s_3226 + s_3246 --> s_3094 + s_3271 + s_3288
1985,r_2609,"CL (1-18:0, 2-16:1, 3-18:0, 4-16:1) phospholipase (3-position), mitochondrial membrane",0.0,1000.0,Glycerophospholipid metabolism,False,YGR110W,s_3226 + s_3248 --> s_3094 + s_3277 + s_3288
1986,r_2610,"CL (1-18:0, 2-16:1, 3-16:0, 4-18:1) phospholipase (3-position), mitochondrial membrane",0.0,1000.0,Glycerophospholipid metabolism,False,YGR110W,s_3226 + s_3250 --> s_3094 + s_3271 + s_3289
1987,r_2611,"CL (1-18:1, 2-16:1, 3-16:0, 4-16:1) phospholipase (3-position), mitochondrial membrane",0.0,1000.0,Glycerophospholipid metabolism,False,YGR110W,s_3226 + s_3252 --> s_3094 + s_3271 + s_3290
1988,r_2612,"CL (1-18:1, 2-16:1, 3-18:0, 4-16:1) phospholipase (3-position), mitochondrial membrane",0.0,1000.0,Glycerophospholipid metabolism,False,YGR110W,s_3226 + s_3254 --> s_3094 + s_3277 + s_3290
1989,r_2613,"CL (1-18:1, 2-16:1, 3-16:0, 4-18:1) phospholipase (3-position), mitochondrial membrane",0.0,1000.0,Glycerophospholipid metabolism,False,YGR110W,s_3226 + s_3256 --> s_3094 + s_3271 + s_3291
1990,r_2614,"CL (1-16:0, 2-18:1, 3-16:0, 4-16:1) phospholipase (3-position), mitochondrial membrane",0.0,1000.0,Glycerophospholipid metabolism,False,YGR110W,s_3226 + s_3258 --> s_3094 + s_3271 + s_3292
1991,r_2615,"CL (1-16:0, 2-18:1, 3-18:0, 4-16:1) phospholipase (3-position), mitochondrial membrane",0.0,1000.0,Glycerophospholipid metabolism,False,YGR110W,s_3226 + s_3260 --> s_3094 + s_3277 + s_3292
1992,r_2616,"CL (1-16:0, 2-18:1, 3-16:0, 4-18:1) phospholipase (3-position), mitochondrial membrane",0.0,1000.0,Glycerophospholipid metabolism,False,YGR110W,s_3226 + s_3262 --> s_3094 + s_3271 + s_3293
1993,r_2617,"CL (1-16:1, 2-18:1, 3-16:0, 4-16:1) phospholipase (3-position), mitochondrial membrane",0.0,1000.0,Glycerophospholipid metabolism,False,YGR110W,s_3226 + s_3264 --> s_3094 + s_3271 + s_3294
1994,r_2618,"CL (1-16:1, 2-18:1, 3-18:0, 4-16:1) phospholipase (3-position), mitochondrial membrane",0.0,1000.0,Glycerophospholipid metabolism,False,YGR110W,s_3226 + s_3266 --> s_3094 + s_3277 + s_3294
1995,r_2619,"CL (1-16:1, 2-18:1, 3-16:0, 4-18:1) phospholipase (3-position), mitochondrial membrane",0.0,1000.0,Glycerophospholipid metabolism,False,YGR110W,s_3226 + s_3268 --> s_3094 + s_3271 + s_3295
1996,r_2620,"MLCL (2-16:1, 3-16:0, 4-16:1):PC (1-16:0, 2-16:1) acyltransferase, mitochondrial membrane",-1000.0,1000.0,Glycerophospholipid metabolism,False,YPR140W,s_3270 + s_3296 <=> s_3240 + s_3297
1997,r_2621,"MLCL (2-16:1, 3-16:0, 4-16:1):PC (1-16:1, 2-16:1) acyltransferase, mitochondrial membrane",-1000.0,1000.0,Glycerophospholipid metabolism,False,YPR140W,s_3270 + s_3298 <=> s_3240 + s_3299
1998,r_2622,"MLCL (2-16:1, 3-16:0, 4-16:1):PC (1-18:0, 2-16:1) acyltransferase, mitochondrial membrane",-1000.0,1000.0,Glycerophospholipid metabolism,False,YPR140W,s_3270 + s_3300 <=> s_3240 + s_3301
1999,r_2623,"MLCL (2-16:1, 3-16:0, 4-16:1):PC (1-18:1, 2-16:1) acyltransferase, mitochondrial membrane",-1000.0,1000.0,Glycerophospholipid metabolism,False,YPR140W,s_3270 + s_3302 <=> s_3240 + s_3303
2000,r_2624,"MLCL (2-16:1, 3-16:0, 4-16:1):PC (1-16:0, 2-18:1) acyltransferase, mitochondrial membrane",-1000.0,1000.0,Glycerophospholipid metabolism,False,YPR140W,s_3270 + s_3304 <=> s_3252 + s_3297
2001,r_2625,"MLCL (2-16:1, 3-16:0, 4-16:1):PC (1-16:1, 2-18:1) acyltransferase, mitochondrial membrane",-1000.0,1000.0,Glycerophospholipid metabolism,False,YPR140W,s_3270 + s_3305 <=> s_3252 + s_3299
2002,r_2626,"MLCL (2-16:1, 3-16:0, 4-16:1):PC (1-18:0, 2-18:1) acyltransferase, mitochondrial membrane",-1000.0,1000.0,Glycerophospholipid metabolism,False,YPR140W,s_3270 + s_3306 <=> s_3252 + s_3301
2003,r_2627,"MLCL (2-16:1, 3-16:0, 4-16:1):PC (1-18:1, 2-18:1) acyltransferase, mitochondrial membrane",-1000.0,1000.0,Glycerophospholipid metabolism,False,YPR140W,s_3270 + s_3307 <=> s_3252 + s_3303
2004,r_2628,"MLCL (2-16:1, 3-16:1, 4-16:1):PC (1-16:0, 2-16:1) acyltransferase, mitochondrial membrane",-1000.0,1000.0,Glycerophospholipid metabolism,False,YPR140W,s_3272 + s_3296 <=> s_3241 + s_3297
2005,r_2629,"MLCL (2-16:1, 3-16:1, 4-16:1):PC (1-16:1, 2-16:1) acyltransferase, mitochondrial membrane",-1000.0,1000.0,Glycerophospholipid metabolism,False,YPR140W,s_3272 + s_3298 <=> s_3241 + s_3299
2006,r_2630,"MLCL (2-16:1, 3-16:1, 4-16:1):PC (1-18:0, 2-16:1) acyltransferase, mitochondrial membrane",-1000.0,1000.0,Glycerophospholipid metabolism,False,YPR140W,s_3272 + s_3300 <=> s_3241 + s_3301
2007,r_2631,"MLCL (2-16:1, 3-16:1, 4-16:1):PC (1-18:1, 2-16:1) acyltransferase, mitochondrial membrane",-1000.0,1000.0,Glycerophospholipid metabolism,False,YPR140W,s_3272 + s_3302 <=> s_3241 + s_3303
2008,r_2632,"MLCL (2-16:1, 3-16:1, 4-16:1):PC (1-16:0, 2-18:1) acyltransferase, mitochondrial membrane",-1000.0,1000.0,Glycerophospholipid metabolism,False,YPR140W,s_3272 + s_3304 <=> s_3253 + s_3297
2009,r_2633,"MLCL (2-16:1, 3-16:1, 4-16:1):PC (1-16:1, 2-18:1) acyltransferase, mitochondrial membrane",-1000.0,1000.0,Glycerophospholipid metabolism,False,YPR140W,s_3272 + s_3305 <=> s_3253 + s_3299
2010,r_2634,"MLCL (2-16:1, 3-16:1, 4-16:1):PC (1-18:0, 2-18:1) acyltransferase, mitochondrial membrane",-1000.0,1000.0,Glycerophospholipid metabolism,False,YPR140W,s_3272 + s_3306 <=> s_3253 + s_3301
2011,r_2635,"MLCL (2-16:1, 3-16:1, 4-16:1):PC (1-18:1, 2-18:1) acyltransferase, mitochondrial membrane",-1000.0,1000.0,Glycerophospholipid metabolism,False,YPR140W,s_3272 + s_3307 <=> s_3253 + s_3303
2012,r_2636,"MLCL (2-16:1, 3-18:0, 4-16:1):PC (1-16:0, 2-16:1) acyltransferase, mitochondrial membrane",-1000.0,1000.0,Glycerophospholipid metabolism,False,YPR140W,s_3273 + s_3296 <=> s_3242 + s_3297
2013,r_2637,"MLCL (2-16:1, 3-18:0, 4-16:1):PC (1-16:1, 2-16:1) acyltransferase, mitochondrial membrane",-1000.0,1000.0,Glycerophospholipid metabolism,False,YPR140W,s_3273 + s_3298 <=> s_3242 + s_3299
2014,r_2638,"MLCL (2-16:1, 3-18:0, 4-16:1):PC (1-18:0, 2-16:1) acyltransferase, mitochondrial membrane",-1000.0,1000.0,Glycerophospholipid metabolism,False,YPR140W,s_3273 + s_3300 <=> s_3242 + s_3301
2015,r_2639,"MLCL (2-16:1, 3-18:0, 4-16:1):PC (1-18:1, 2-16:1) acyltransferase, mitochondrial membrane",-1000.0,1000.0,Glycerophospholipid metabolism,False,YPR140W,s_3273 + s_3302 <=> s_3242 + s_3303
2016,r_2640,"MLCL (2-16:1, 3-18:0, 4-16:1):PC (1-16:0, 2-18:1) acyltransferase, mitochondrial membrane",-1000.0,1000.0,Glycerophospholipid metabolism,False,YPR140W,s_3273 + s_3304 <=> s_3254 + s_3297
2017,r_2641,"MLCL (2-16:1, 3-18:0, 4-16:1):PC (1-16:1, 2-18:1) acyltransferase, mitochondrial membrane",-1000.0,1000.0,Glycerophospholipid metabolism,False,YPR140W,s_3273 + s_3305 <=> s_3254 + s_3299
2018,r_2642,"MLCL (2-16:1, 3-18:0, 4-16:1):PC (1-18:0, 2-18:1) acyltransferase, mitochondrial membrane",-1000.0,1000.0,Glycerophospholipid metabolism,False,YPR140W,s_3273 + s_3306 <=> s_3254 + s_3301
2019,r_2643,"MLCL (2-16:1, 3-18:0, 4-16:1):PC (1-18:1, 2-18:1) acyltransferase, mitochondrial membrane",-1000.0,1000.0,Glycerophospholipid metabolism,False,YPR140W,s_3273 + s_3307 <=> s_3254 + s_3303
2020,r_2644,"MLCL (2-16:1, 3-18:1, 4-16:1):PC (1-16:0, 2-16:1) acyltransferase, mitochondrial membrane",-1000.0,1000.0,Glycerophospholipid metabolism,False,YPR140W,s_3274 + s_3296 <=> s_3243 + s_3297
2021,r_2645,"MLCL (2-16:1, 3-18:1, 4-16:1):PC (1-16:1, 2-16:1) acyltransferase, mitochondrial membrane",-1000.0,1000.0,Glycerophospholipid metabolism,False,YPR140W,s_3274 + s_3298 <=> s_3243 + s_3299
2022,r_2646,"MLCL (2-16:1, 3-18:1, 4-16:1):PC (1-18:0, 2-16:1) acyltransferase, mitochondrial membrane",-1000.0,1000.0,Glycerophospholipid metabolism,False,YPR140W,s_3274 + s_3300 <=> s_3243 + s_3301
2023,r_2647,"MLCL (2-16:1, 3-18:1, 4-16:1):PC (1-18:1, 2-16:1) acyltransferase, mitochondrial membrane",-1000.0,1000.0,Glycerophospholipid metabolism,False,YPR140W,s_3274 + s_3302 <=> s_3243 + s_3303
2024,r_2648,"MLCL (2-16:1, 3-18:1, 4-16:1):PC (1-16:0, 2-18:1) acyltransferase, mitochondrial membrane",-1000.0,1000.0,Glycerophospholipid metabolism,False,YPR140W,s_3274 + s_3304 <=> s_3255 + s_3297
2025,r_2649,"MLCL (2-16:1, 3-18:1, 4-16:1):PC (1-16:1, 2-18:1) acyltransferase, mitochondrial membrane",-1000.0,1000.0,Glycerophospholipid metabolism,False,YPR140W,s_3274 + s_3305 <=> s_3255 + s_3299
2026,r_2650,"MLCL (2-16:1, 3-18:1, 4-16:1):PC (1-18:0, 2-18:1) acyltransferase, mitochondrial membrane",-1000.0,1000.0,Glycerophospholipid metabolism,False,YPR140W,s_3274 + s_3306 <=> s_3255 + s_3301
2027,r_2651,"MLCL (2-16:1, 3-18:1, 4-16:1):PC (1-18:1, 2-18:1) acyltransferase, mitochondrial membrane",-1000.0,1000.0,Glycerophospholipid metabolism,False,YPR140W,s_3274 + s_3307 <=> s_3255 + s_3303
2028,r_2652,"MLCL (2-16:1, 3-16:0, 4-18:1):PC (1-16:0, 2-16:1) acyltransferase, mitochondrial membrane",-1000.0,1000.0,Glycerophospholipid metabolism,False,YPR140W,s_3275 + s_3296 <=> s_3244 + s_3297
2029,r_2653,"MLCL (2-16:1, 3-16:0, 4-18:1):PC (1-16:1, 2-16:1) acyltransferase, mitochondrial membrane",-1000.0,1000.0,Glycerophospholipid metabolism,False,YPR140W,s_3275 + s_3298 <=> s_3244 + s_3299
2030,r_2654,"MLCL (2-16:1, 3-16:0, 4-18:1):PC (1-18:0, 2-16:1) acyltransferase, mitochondrial membrane",-1000.0,1000.0,Glycerophospholipid metabolism,False,YPR140W,s_3275 + s_3300 <=> s_3244 + s_3301
2031,r_2655,"MLCL (2-16:1, 3-16:0, 4-18:1):PC (1-18:1, 2-16:1) acyltransferase, mitochondrial membrane",-1000.0,1000.0,Glycerophospholipid metabolism,False,YPR140W,s_3275 + s_3302 <=> s_3244 + s_3303
2032,r_2656,"MLCL (2-16:1, 3-16:0, 4-18:1):PC (1-16:0, 2-18:1) acyltransferase, mitochondrial membrane",-1000.0,1000.0,Glycerophospholipid metabolism,False,YPR140W,s_3275 + s_3304 <=> s_3256 + s_3297
2033,r_2657,"MLCL (2-16:1, 3-16:0, 4-18:1):PC (1-16:1, 2-18:1) acyltransferase, mitochondrial membrane",-1000.0,1000.0,Glycerophospholipid metabolism,False,YPR140W,s_3275 + s_3305 <=> s_3256 + s_3299
2034,r_2658,"MLCL (2-16:1, 3-16:0, 4-18:1):PC (1-18:0, 2-18:1) acyltransferase, mitochondrial membrane",-1000.0,1000.0,Glycerophospholipid metabolism,False,YPR140W,s_3275 + s_3306 <=> s_3256 + s_3301
2035,r_2659,"MLCL (2-16:1, 3-16:0, 4-18:1):PC (1-18:1, 2-18:1) acyltransferase, mitochondrial membrane",-1000.0,1000.0,Glycerophospholipid metabolism,False,YPR140W,s_3275 + s_3307 <=> s_3256 + s_3303
2036,r_2660,"MLCL (2-16:1, 3-16:1, 4-18:1):PC (1-16:0, 2-16:1) acyltransferase, mitochondrial membrane",-1000.0,1000.0,Glycerophospholipid metabolism,False,YPR140W,s_3276 + s_3296 <=> s_3245 + s_3297
2037,r_2661,"MLCL (2-16:1, 3-16:1, 4-18:1):PC (1-16:1, 2-16:1) acyltransferase, mitochondrial membrane",-1000.0,1000.0,Glycerophospholipid metabolism,False,YPR140W,s_3276 + s_3298 <=> s_3245 + s_3299
2038,r_2662,"MLCL (2-16:1, 3-16:1, 4-18:1):PC (1-18:0, 2-16:1) acyltransferase, mitochondrial membrane",-1000.0,1000.0,Glycerophospholipid metabolism,False,YPR140W,s_3276 + s_3300 <=> s_3245 + s_3301
2039,r_2663,"MLCL (2-16:1, 3-16:1, 4-18:1):PC (1-18:1, 2-16:1) acyltransferase, mitochondrial membrane",-1000.0,1000.0,Glycerophospholipid metabolism,False,YPR140W,s_3276 + s_3302 <=> s_3245 + s_3303
2040,r_2664,"MLCL (2-16:1, 3-16:1, 4-18:1):PC (1-16:0, 2-18:1) acyltransferase, mitochondrial membrane",-1000.0,1000.0,Glycerophospholipid metabolism,False,YPR140W,s_3276 + s_3304 <=> s_3257 + s_3297
2041,r_2665,"MLCL (2-16:1, 3-16:1, 4-18:1):PC (1-16:1, 2-18:1) acyltransferase, mitochondrial membrane",-1000.0,1000.0,Glycerophospholipid metabolism,False,YPR140W,s_3276 + s_3305 <=> s_3257 + s_3299
2042,r_2666,"MLCL (2-16:1, 3-16:1, 4-18:1):PC (1-18:0, 2-18:1) acyltransferase, mitochondrial membrane",-1000.0,1000.0,Glycerophospholipid metabolism,False,YPR140W,s_3276 + s_3306 <=> s_3257 + s_3301
2043,r_2667,"MLCL (2-16:1, 3-16:1, 4-18:1):PC (1-18:1, 2-18:1) acyltransferase, mitochondrial membrane",-1000.0,1000.0,Glycerophospholipid metabolism,False,YPR140W,s_3276 + s_3307 <=> s_3257 + s_3303
2044,r_2668,"MLCL (2-18:1, 3-16:0, 4-16:1):PC (1-16:0, 2-16:1) acyltransferase, mitochondrial membrane",-1000.0,1000.0,Glycerophospholipid metabolism,False,YPR140W,s_3278 + s_3296 <=> s_3264 + s_3297
2045,r_2669,"MLCL (2-18:1, 3-16:0, 4-16:1):PC (1-16:1, 2-16:1) acyltransferase, mitochondrial membrane",-1000.0,1000.0,Glycerophospholipid metabolism,False,YPR140W,s_3278 + s_3298 <=> s_3264 + s_3299
2046,r_2670,"MLCL (2-18:1, 3-16:0, 4-16:1):PC (1-18:0, 2-16:1) acyltransferase, mitochondrial membrane",-1000.0,1000.0,Glycerophospholipid metabolism,False,YPR140W,s_3278 + s_3300 <=> s_3264 + s_3301
2047,r_2671,"MLCL (2-18:1, 3-16:0, 4-16:1):PC (1-18:1, 2-16:1) acyltransferase, mitochondrial membrane",-1000.0,1000.0,Glycerophospholipid metabolism,False,YPR140W,s_3278 + s_3302 <=> s_3264 + s_3303
2048,r_2672,"MLCL (2-18:1, 3-16:0, 4-16:1):PC (1-16:0, 2-18:1) acyltransferase, mitochondrial membrane",-1000.0,1000.0,Glycerophospholipid metabolism,False,YPR140W,s_3278 + s_3304 <=> s_3297 + s_3308
2049,r_2673,"MLCL (2-18:1, 3-16:0, 4-16:1):PC (1-16:1, 2-18:1) acyltransferase, mitochondrial membrane",-1000.0,1000.0,Glycerophospholipid metabolism,False,YPR140W,s_3278 + s_3305 <=> s_3299 + s_3308
2050,r_2674,"MLCL (2-18:1, 3-16:0, 4-16:1):PC (1-18:0, 2-18:1) acyltransferase, mitochondrial membrane",-1000.0,1000.0,Glycerophospholipid metabolism,False,YPR140W,s_3278 + s_3306 <=> s_3301 + s_3308
2051,r_2675,"MLCL (2-18:1, 3-16:0, 4-16:1):PC (1-18:1, 2-18:1) acyltransferase, mitochondrial membrane",-1000.0,1000.0,Glycerophospholipid metabolism,False,YPR140W,s_3278 + s_3307 <=> s_3303 + s_3308
2052,r_2676,"MLCL (2-18:1, 3-16:1, 4-16:1):PC (1-16:0, 2-16:1) acyltransferase, mitochondrial membrane",-1000.0,1000.0,Glycerophospholipid metabolism,False,YPR140W,s_3279 + s_3296 <=> s_3265 + s_3297
2053,r_2677,"MLCL (2-18:1, 3-16:1, 4-16:1):PC (1-16:1, 2-16:1) acyltransferase, mitochondrial membrane",-1000.0,1000.0,Glycerophospholipid metabolism,False,YPR140W,s_3279 + s_3298 <=> s_3265 + s_3299
2054,r_2678,"MLCL (2-18:1, 3-16:1, 4-16:1):PC (1-18:0, 2-16:1) acyltransferase, mitochondrial membrane",-1000.0,1000.0,Glycerophospholipid metabolism,False,YPR140W,s_3279 + s_3300 <=> s_3265 + s_3301
2055,r_2679,"MLCL (2-18:1, 3-16:1, 4-16:1):PC (1-18:1, 2-16:1) acyltransferase, mitochondrial membrane",-1000.0,1000.0,Glycerophospholipid metabolism,False,YPR140W,s_3279 + s_3302 <=> s_3265 + s_3303
2056,r_2680,"MLCL (2-18:1, 3-16:1, 4-16:1):PC (1-16:0, 2-18:1) acyltransferase, mitochondrial membrane",-1000.0,1000.0,Glycerophospholipid metabolism,False,YPR140W,s_3279 + s_3304 <=> s_3297 + s_3309
2057,r_2681,"MLCL (2-18:1, 3-16:1, 4-16:1):PC (1-16:1, 2-18:1) acyltransferase, mitochondrial membrane",-1000.0,1000.0,Glycerophospholipid metabolism,False,YPR140W,s_3279 + s_3305 <=> s_3299 + s_3309
2058,r_2682,"MLCL (2-18:1, 3-16:1, 4-16:1):PC (1-18:0, 2-18:1) acyltransferase, mitochondrial membrane",-1000.0,1000.0,Glycerophospholipid metabolism,False,YPR140W,s_3279 + s_3306 <=> s_3301 + s_3309
2059,r_2683,"MLCL (2-18:1, 3-16:1, 4-16:1):PC (1-18:1, 2-18:1) acyltransferase, mitochondrial membrane",-1000.0,1000.0,Glycerophospholipid metabolism,False,YPR140W,s_3279 + s_3307 <=> s_3303 + s_3309
2060,r_2684,"MLCL (2-18:1, 3-18:0, 4-16:1):PC (1-16:0, 2-16:1) acyltransferase, mitochondrial membrane",-1000.0,1000.0,Glycerophospholipid metabolism,False,YPR140W,s_3280 + s_3296 <=> s_3266 + s_3297
2061,r_2685,"MLCL (2-18:1, 3-18:0, 4-16:1):PC (1-16:1, 2-16:1) acyltransferase, mitochondrial membrane",-1000.0,1000.0,Glycerophospholipid metabolism,False,YPR140W,s_3280 + s_3298 <=> s_3266 + s_3299
2062,r_2686,"MLCL (2-18:1, 3-18:0, 4-16:1):PC (1-18:0, 2-16:1) acyltransferase, mitochondrial membrane",-1000.0,1000.0,Glycerophospholipid metabolism,False,YPR140W,s_3280 + s_3300 <=> s_3266 + s_3301
2063,r_2687,"MLCL (2-18:1, 3-18:0, 4-16:1):PC (1-18:1, 2-16:1) acyltransferase, mitochondrial membrane",-1000.0,1000.0,Glycerophospholipid metabolism,False,YPR140W,s_3280 + s_3302 <=> s_3266 + s_3303
2064,r_2688,"MLCL (2-18:1, 3-18:0, 4-16:1):PC (1-16:0, 2-18:1) acyltransferase, mitochondrial membrane",-1000.0,1000.0,Glycerophospholipid metabolism,False,YPR140W,s_3280 + s_3304 <=> s_3297 + s_3310
2065,r_2689,"MLCL (2-18:1, 3-18:0, 4-16:1):PC (1-16:1, 2-18:1) acyltransferase, mitochondrial membrane",-1000.0,1000.0,Glycerophospholipid metabolism,False,YPR140W,s_3280 + s_3305 <=> s_3299 + s_3310
2066,r_2690,"MLCL (2-18:1, 3-18:0, 4-16:1):PC (1-18:0, 2-18:1) acyltransferase, mitochondrial membrane",-1000.0,1000.0,Glycerophospholipid metabolism,False,YPR140W,s_3280 + s_3306 <=> s_3301 + s_3310
2067,r_2691,"MLCL (2-18:1, 3-18:0, 4-16:1):PC (1-18:1, 2-18:1) acyltransferase, mitochondrial membrane",-1000.0,1000.0,Glycerophospholipid metabolism,False,YPR140W,s_3280 + s_3307 <=> s_3303 + s_3310
2068,r_2692,"MLCL (2-18:1, 3-18:1, 4-16:1):PC (1-16:0, 2-16:1) acyltransferase, mitochondrial membrane",-1000.0,1000.0,Glycerophospholipid metabolism,False,YPR140W,s_3281 + s_3296 <=> s_3267 + s_3297
2069,r_2693,"MLCL (2-18:1, 3-18:1, 4-16:1):PC (1-16:1, 2-16:1) acyltransferase, mitochondrial membrane",-1000.0,1000.0,Glycerophospholipid metabolism,False,YPR140W,s_3281 + s_3298 <=> s_3267 + s_3299
2070,r_2694,"MLCL (2-18:1, 3-18:1, 4-16:1):PC (1-18:0, 2-16:1) acyltransferase, mitochondrial membrane",-1000.0,1000.0,Glycerophospholipid metabolism,False,YPR140W,s_3281 + s_3300 <=> s_3267 + s_3301
2071,r_2695,"MLCL (2-18:1, 3-18:1, 4-16:1):PC (1-18:1, 2-16:1) acyltransferase, mitochondrial membrane",-1000.0,1000.0,Glycerophospholipid metabolism,False,YPR140W,s_3281 + s_3302 <=> s_3267 + s_3303
2072,r_2696,"MLCL (2-18:1, 3-18:1, 4-16:1):PC (1-16:0, 2-18:1) acyltransferase, mitochondrial membrane",-1000.0,1000.0,Glycerophospholipid metabolism,False,YPR140W,s_3281 + s_3304 <=> s_3297 + s_3311
2073,r_2697,"MLCL (2-18:1, 3-18:1, 4-16:1):PC (1-16:1, 2-18:1) acyltransferase, mitochondrial membrane",-1000.0,1000.0,Glycerophospholipid metabolism,False,YPR140W,s_3281 + s_3305 <=> s_3299 + s_3311
2074,r_2698,"MLCL (2-18:1, 3-18:1, 4-16:1):PC (1-18:0, 2-18:1) acyltransferase, mitochondrial membrane",-1000.0,1000.0,Glycerophospholipid metabolism,False,YPR140W,s_3281 + s_3306 <=> s_3301 + s_3311
2075,r_2699,"MLCL (2-18:1, 3-18:1, 4-16:1):PC (1-18:1, 2-18:1) acyltransferase, mitochondrial membrane",-1000.0,1000.0,Glycerophospholipid metabolism,False,YPR140W,s_3281 + s_3307 <=> s_3303 + s_3311
2076,r_2700,"MLCL (2-18:1, 3-16:0, 4-18:1):PC (1-16:0, 2-16:1) acyltransferase, mitochondrial membrane",-1000.0,1000.0,Glycerophospholipid metabolism,False,YPR140W,s_3282 + s_3296 <=> s_3268 + s_3297
2077,r_2701,"MLCL (2-18:1, 3-16:0, 4-18:1):PC (1-16:1, 2-16:1) acyltransferase, mitochondrial membrane",-1000.0,1000.0,Glycerophospholipid metabolism,False,YPR140W,s_3282 + s_3298 <=> s_3268 + s_3299
2078,r_2702,"MLCL (2-18:1, 3-16:0, 4-18:1):PC (1-18:0, 2-16:1) acyltransferase, mitochondrial membrane",-1000.0,1000.0,Glycerophospholipid metabolism,False,YPR140W,s_3282 + s_3300 <=> s_3268 + s_3301
2079,r_2703,"MLCL (2-18:1, 3-16:0, 4-18:1):PC (1-18:1, 2-16:1) acyltransferase, mitochondrial membrane",-1000.0,1000.0,Glycerophospholipid metabolism,False,YPR140W,s_3282 + s_3302 <=> s_3268 + s_3303
2080,r_2704,"MLCL (2-18:1, 3-16:0, 4-18:1):PC (1-16:0, 2-18:1) acyltransferase, mitochondrial membrane",-1000.0,1000.0,Glycerophospholipid metabolism,False,YPR140W,s_3282 + s_3304 <=> s_3297 + s_3312
2081,r_2705,"MLCL (2-18:1, 3-16:0, 4-18:1):PC (1-16:1, 2-18:1) acyltransferase, mitochondrial membrane",-1000.0,1000.0,Glycerophospholipid metabolism,False,YPR140W,s_3282 + s_3305 <=> s_3299 + s_3312
2082,r_2706,"MLCL (2-18:1, 3-16:0, 4-18:1):PC (1-18:0, 2-18:1) acyltransferase, mitochondrial membrane",-1000.0,1000.0,Glycerophospholipid metabolism,False,YPR140W,s_3282 + s_3306 <=> s_3301 + s_3312
2083,r_2707,"MLCL (2-18:1, 3-16:0, 4-18:1):PC (1-18:1, 2-18:1) acyltransferase, mitochondrial membrane",-1000.0,1000.0,Glycerophospholipid metabolism,False,YPR140W,s_3282 + s_3307 <=> s_3303 + s_3312
2084,r_2708,"MLCL (2-18:1, 3-16:1, 4-18:1):PC (1-16:0, 2-16:1) acyltransferase, mitochondrial membrane",-1000.0,1000.0,Glycerophospholipid metabolism,False,YPR140W,s_3283 + s_3296 <=> s_3269 + s_3297
2085,r_2709,"MLCL (2-18:1, 3-16:1, 4-18:1):PC (1-16:1, 2-16:1) acyltransferase, mitochondrial membrane",-1000.0,1000.0,Glycerophospholipid metabolism,False,YPR140W,s_3283 + s_3298 <=> s_3269 + s_3299
2086,r_2710,"MLCL (2-18:1, 3-16:1, 4-18:1):PC (1-18:0, 2-16:1) acyltransferase, mitochondrial membrane",-1000.0,1000.0,Glycerophospholipid metabolism,False,YPR140W,s_3283 + s_3300 <=> s_3269 + s_3301
2087,r_2711,"MLCL (2-18:1, 3-16:1, 4-18:1):PC (1-18:1, 2-16:1) acyltransferase, mitochondrial membrane",-1000.0,1000.0,Glycerophospholipid metabolism,False,YPR140W,s_3283 + s_3302 <=> s_3269 + s_3303
2088,r_2712,"MLCL (2-18:1, 3-16:1, 4-18:1):PC (1-16:0, 2-18:1) acyltransferase, mitochondrial membrane",-1000.0,1000.0,Glycerophospholipid metabolism,False,YPR140W,s_3283 + s_3304 <=> s_3297 + s_3313
2089,r_2713,"MLCL (2-18:1, 3-16:1, 4-18:1):PC (1-16:1, 2-18:1) acyltransferase, mitochondrial membrane",-1000.0,1000.0,Glycerophospholipid metabolism,False,YPR140W,s_3283 + s_3305 <=> s_3299 + s_3313
2090,r_2714,"MLCL (2-18:1, 3-16:1, 4-18:1):PC (1-18:0, 2-18:1) acyltransferase, mitochondrial membrane",-1000.0,1000.0,Glycerophospholipid metabolism,False,YPR140W,s_3283 + s_3306 <=> s_3301 + s_3313
2091,r_2715,"MLCL (2-18:1, 3-16:1, 4-18:1):PC (1-18:1, 2-18:1) acyltransferase, mitochondrial membrane",-1000.0,1000.0,Glycerophospholipid metabolism,False,YPR140W,s_3283 + s_3307 <=> s_3303 + s_3313
2092,r_2716,"MLCL (1-16:0, 2-16:1, 4-16:1):PC (1-16:0, 2-16:1) acyltransferase, mitochondrial membrane",-1000.0,1000.0,Glycerophospholipid metabolism,False,YPR140W,s_3284 + s_3296 <=> s_3235 + s_3297
2093,r_2717,"MLCL (1-16:0, 2-16:1, 4-16:1):PC (1-16:1, 2-16:1) acyltransferase, mitochondrial membrane",-1000.0,1000.0,Glycerophospholipid metabolism,False,YPR140W,s_3284 + s_3298 <=> s_3235 + s_3299
2094,r_2718,"MLCL (1-16:0, 2-16:1, 4-16:1):PC (1-18:0, 2-16:1) acyltransferase, mitochondrial membrane",-1000.0,1000.0,Glycerophospholipid metabolism,False,YPR140W,s_3284 + s_3300 <=> s_3235 + s_3301
2095,r_2719,"MLCL (1-16:0, 2-16:1, 4-16:1):PC (1-18:1, 2-16:1) acyltransferase, mitochondrial membrane",-1000.0,1000.0,Glycerophospholipid metabolism,False,YPR140W,s_3284 + s_3302 <=> s_3235 + s_3303
2096,r_2720,"MLCL (1-16:0, 2-16:1, 4-16:1):PC (1-16:0, 2-18:1) acyltransferase, mitochondrial membrane",-1000.0,1000.0,Glycerophospholipid metabolism,False,YPR140W,s_3284 + s_3304 <=> s_3237 + s_3297
2097,r_2721,"MLCL (1-16:0, 2-16:1, 4-16:1):PC (1-16:1, 2-18:1) acyltransferase, mitochondrial membrane",-1000.0,1000.0,Glycerophospholipid metabolism,False,YPR140W,s_3284 + s_3305 <=> s_3237 + s_3299
2098,r_2722,"MLCL (1-16:0, 2-16:1, 4-16:1):PC (1-18:0, 2-18:1) acyltransferase, mitochondrial membrane",-1000.0,1000.0,Glycerophospholipid metabolism,False,YPR140W,s_3284 + s_3306 <=> s_3237 + s_3301
2099,r_2723,"MLCL (1-16:0, 2-16:1, 4-16:1):PC (1-18:1, 2-18:1) acyltransferase, mitochondrial membrane",-1000.0,1000.0,Glycerophospholipid metabolism,False,YPR140W,s_3284 + s_3307 <=> s_3237 + s_3303
2100,r_2724,"MLCL (1-16:0, 2-16:1, 4-18:1):PC (1-16:0, 2-16:1) acyltransferase, mitochondrial membrane",-1000.0,1000.0,Glycerophospholipid metabolism,False,YPR140W,s_3285 + s_3296 <=> s_3239 + s_3297
2101,r_2725,"MLCL (1-16:0, 2-16:1, 4-18:1):PC (1-16:1, 2-16:1) acyltransferase, mitochondrial membrane",-1000.0,1000.0,Glycerophospholipid metabolism,False,YPR140W,s_3285 + s_3298 <=> s_3239 + s_3299
2102,r_2726,"MLCL (1-16:0, 2-16:1, 4-18:1):PC (1-18:0, 2-16:1) acyltransferase, mitochondrial membrane",-1000.0,1000.0,Glycerophospholipid metabolism,False,YPR140W,s_3285 + s_3300 <=> s_3239 + s_3301
2103,r_2727,"MLCL (1-16:0, 2-16:1, 4-18:1):PC (1-18:1, 2-16:1) acyltransferase, mitochondrial membrane",-1000.0,1000.0,Glycerophospholipid metabolism,False,YPR140W,s_3285 + s_3302 <=> s_3239 + s_3303
2104,r_2728,"MLCL (1-16:0, 2-16:1, 4-18:1):PC (1-16:0, 2-18:1) acyltransferase, mitochondrial membrane",-1000.0,1000.0,Glycerophospholipid metabolism,False,YPR140W,s_3285 + s_3304 <=> s_3297 + s_3314
2105,r_2729,"MLCL (1-16:0, 2-16:1, 4-18:1):PC (1-16:1, 2-18:1) acyltransferase, mitochondrial membrane",-1000.0,1000.0,Glycerophospholipid metabolism,False,YPR140W,s_3285 + s_3305 <=> s_3299 + s_3314
2106,r_2730,"MLCL (1-16:0, 2-16:1, 4-18:1):PC (1-18:0, 2-18:1) acyltransferase, mitochondrial membrane",-1000.0,1000.0,Glycerophospholipid metabolism,False,YPR140W,s_3285 + s_3306 <=> s_3301 + s_3314
2107,r_2731,"MLCL (1-16:0, 2-16:1, 4-18:1):PC (1-18:1, 2-18:1) acyltransferase, mitochondrial membrane",-1000.0,1000.0,Glycerophospholipid metabolism,False,YPR140W,s_3285 + s_3307 <=> s_3303 + s_3314
2108,r_2732,"MLCL (1-16:1, 2-16:1, 4-16:1):PC (1-16:0, 2-16:1) acyltransferase, mitochondrial membrane",-1000.0,1000.0,Glycerophospholipid metabolism,False,YPR140W,s_3286 + s_3296 <=> s_3241 + s_3297
2109,r_2733,"MLCL (1-16:1, 2-16:1, 4-16:1):PC (1-16:1, 2-16:1) acyltransferase, mitochondrial membrane",-1000.0,1000.0,Glycerophospholipid metabolism,False,YPR140W,s_3286 + s_3298 <=> s_3241 + s_3299
2110,r_2734,"MLCL (1-16:1, 2-16:1, 4-16:1):PC (1-18:0, 2-16:1) acyltransferase, mitochondrial membrane",-1000.0,1000.0,Glycerophospholipid metabolism,False,YPR140W,s_3286 + s_3300 <=> s_3241 + s_3301
2111,r_2735,"MLCL (1-16:1, 2-16:1, 4-16:1):PC (1-18:1, 2-16:1) acyltransferase, mitochondrial membrane",-1000.0,1000.0,Glycerophospholipid metabolism,False,YPR140W,s_3286 + s_3302 <=> s_3241 + s_3303
2112,r_2736,"MLCL (1-16:1, 2-16:1, 4-16:1):PC (1-16:0, 2-18:1) acyltransferase, mitochondrial membrane",-1000.0,1000.0,Glycerophospholipid metabolism,False,YPR140W,s_3286 + s_3304 <=> s_3243 + s_3297
2113,r_2737,"MLCL (1-16:1, 2-16:1, 4-16:1):PC (1-16:1, 2-18:1) acyltransferase, mitochondrial membrane",-1000.0,1000.0,Glycerophospholipid metabolism,False,YPR140W,s_3286 + s_3305 <=> s_3243 + s_3299
2114,r_2738,"MLCL (1-16:1, 2-16:1, 4-16:1):PC (1-18:0, 2-18:1) acyltransferase, mitochondrial membrane",-1000.0,1000.0,Glycerophospholipid metabolism,False,YPR140W,s_3286 + s_3306 <=> s_3243 + s_3301
2115,r_2739,"MLCL (1-16:1, 2-16:1, 4-16:1):PC (1-18:1, 2-18:1) acyltransferase, mitochondrial membrane",-1000.0,1000.0,Glycerophospholipid metabolism,False,YPR140W,s_3286 + s_3307 <=> s_3243 + s_3303
2116,r_2740,"MLCL (1-16:1, 2-16:1, 4-18:1):PC (1-16:0, 2-16:1) acyltransferase, mitochondrial membrane",-1000.0,1000.0,Glycerophospholipid metabolism,False,YPR140W,s_3287 + s_3296 <=> s_3245 + s_3297
2117,r_2741,"MLCL (1-16:1, 2-16:1, 4-18:1):PC (1-16:1, 2-16:1) acyltransferase, mitochondrial membrane",-1000.0,1000.0,Glycerophospholipid metabolism,False,YPR140W,s_3287 + s_3298 <=> s_3245 + s_3299
2118,r_2742,"MLCL (1-16:1, 2-16:1, 4-18:1):PC (1-18:0, 2-16:1) acyltransferase, mitochondrial membrane",-1000.0,1000.0,Glycerophospholipid metabolism,False,YPR140W,s_3287 + s_3300 <=> s_3245 + s_3301
2119,r_2743,"MLCL (1-16:1, 2-16:1, 4-18:1):PC (1-18:1, 2-16:1) acyltransferase, mitochondrial membrane",-1000.0,1000.0,Glycerophospholipid metabolism,False,YPR140W,s_3287 + s_3302 <=> s_3245 + s_3303
2120,r_2744,"MLCL (1-16:1, 2-16:1, 4-18:1):PC (1-16:0, 2-18:1) acyltransferase, mitochondrial membrane",-1000.0,1000.0,Glycerophospholipid metabolism,False,YPR140W,s_3287 + s_3304 <=> s_3297 + s_3315
2121,r_2745,"MLCL (1-16:1, 2-16:1, 4-18:1):PC (1-16:1, 2-18:1) acyltransferase, mitochondrial membrane",-1000.0,1000.0,Glycerophospholipid metabolism,False,YPR140W,s_3287 + s_3305 <=> s_3299 + s_3315
2122,r_2746,"MLCL (1-16:1, 2-16:1, 4-18:1):PC (1-18:0, 2-18:1) acyltransferase, mitochondrial membrane",-1000.0,1000.0,Glycerophospholipid metabolism,False,YPR140W,s_3287 + s_3306 <=> s_3301 + s_3315
2123,r_2747,"MLCL (1-16:1, 2-16:1, 4-18:1):PC (1-18:1, 2-18:1) acyltransferase, mitochondrial membrane",-1000.0,1000.0,Glycerophospholipid metabolism,False,YPR140W,s_3287 + s_3307 <=> s_3303 + s_3315
2124,r_2748,"MLCL (1-18:0, 2-16:1, 4-16:1):PC (1-16:0, 2-16:1) acyltransferase, mitochondrial membrane",-1000.0,1000.0,Glycerophospholipid metabolism,False,YPR140W,s_3288 + s_3296 <=> s_3247 + s_3297
2125,r_2749,"MLCL (1-18:0, 2-16:1, 4-16:1):PC (1-16:1, 2-16:1) acyltransferase, mitochondrial membrane",-1000.0,1000.0,Glycerophospholipid metabolism,False,YPR140W,s_3288 + s_3298 <=> s_3247 + s_3299
2126,r_2750,"MLCL (1-18:0, 2-16:1, 4-16:1):PC (1-18:0, 2-16:1) acyltransferase, mitochondrial membrane",-1000.0,1000.0,Glycerophospholipid metabolism,False,YPR140W,s_3288 + s_3300 <=> s_3247 + s_3301
2127,r_2751,"MLCL (1-18:0, 2-16:1, 4-16:1):PC (1-18:1, 2-16:1) acyltransferase, mitochondrial membrane",-1000.0,1000.0,Glycerophospholipid metabolism,False,YPR140W,s_3288 + s_3302 <=> s_3247 + s_3303
2128,r_2752,"MLCL (1-18:0, 2-16:1, 4-16:1):PC (1-16:0, 2-18:1) acyltransferase, mitochondrial membrane",-1000.0,1000.0,Glycerophospholipid metabolism,False,YPR140W,s_3288 + s_3304 <=> s_3249 + s_3297
2129,r_2753,"MLCL (1-18:0, 2-16:1, 4-16:1):PC (1-16:1, 2-18:1) acyltransferase, mitochondrial membrane",-1000.0,1000.0,Glycerophospholipid metabolism,False,YPR140W,s_3288 + s_3305 <=> s_3249 + s_3299
2130,r_2754,"MLCL (1-18:0, 2-16:1, 4-16:1):PC (1-18:0, 2-18:1) acyltransferase, mitochondrial membrane",-1000.0,1000.0,Glycerophospholipid metabolism,False,YPR140W,s_3288 + s_3306 <=> s_3249 + s_3301
2131,r_2755,"MLCL (1-18:0, 2-16:1, 4-16:1):PC (1-18:1, 2-18:1) acyltransferase, mitochondrial membrane",-1000.0,1000.0,Glycerophospholipid metabolism,False,YPR140W,s_3288 + s_3307 <=> s_3249 + s_3303
2132,r_2756,"MLCL (1-18:0, 2-16:1, 4-18:1):PC (1-16:0, 2-16:1) acyltransferase, mitochondrial membrane",-1000.0,1000.0,Glycerophospholipid metabolism,False,YPR140W,s_3289 + s_3296 <=> s_3251 + s_3297
2133,r_2757,"MLCL (1-18:0, 2-16:1, 4-18:1):PC (1-16:1, 2-16:1) acyltransferase, mitochondrial membrane",-1000.0,1000.0,Glycerophospholipid metabolism,False,YPR140W,s_3289 + s_3298 <=> s_3251 + s_3299
2134,r_2758,"MLCL (1-18:0, 2-16:1, 4-18:1):PC (1-18:0, 2-16:1) acyltransferase, mitochondrial membrane",-1000.0,1000.0,Glycerophospholipid metabolism,False,YPR140W,s_3289 + s_3300 <=> s_3251 + s_3301
2135,r_2759,"MLCL (1-18:0, 2-16:1, 4-18:1):PC (1-18:1, 2-16:1) acyltransferase, mitochondrial membrane",-1000.0,1000.0,Glycerophospholipid metabolism,False,YPR140W,s_3289 + s_3302 <=> s_3251 + s_3303
2136,r_2760,"MLCL (1-18:0, 2-16:1, 4-18:1):PC (1-16:0, 2-18:1) acyltransferase, mitochondrial membrane",-1000.0,1000.0,Glycerophospholipid metabolism,False,YPR140W,s_3289 + s_3304 <=> s_3297 + s_3316
2137,r_2761,"MLCL (1-18:0, 2-16:1, 4-18:1):PC (1-16:1, 2-18:1) acyltransferase, mitochondrial membrane",-1000.0,1000.0,Glycerophospholipid metabolism,False,YPR140W,s_3289 + s_3305 <=> s_3299 + s_3316
2138,r_2762,"MLCL (1-18:0, 2-16:1, 4-18:1):PC (1-18:0, 2-18:1) acyltransferase, mitochondrial membrane",-1000.0,1000.0,Glycerophospholipid metabolism,False,YPR140W,s_3289 + s_3306 <=> s_3301 + s_3316
2139,r_2763,"MLCL (1-18:0, 2-16:1, 4-18:1):PC (1-18:1, 2-18:1) acyltransferase, mitochondrial membrane",-1000.0,1000.0,Glycerophospholipid metabolism,False,YPR140W,s_3289 + s_3307 <=> s_3303 + s_3316
2140,r_2764,"MLCL (1-18:1, 2-16:1, 4-16:1):PC (1-16:0, 2-16:1) acyltransferase, mitochondrial membrane",-1000.0,1000.0,Glycerophospholipid metabolism,False,YPR140W,s_3290 + s_3296 <=> s_3253 + s_3297
2141,r_2765,"MLCL (1-18:1, 2-16:1, 4-16:1):PC (1-16:1, 2-16:1) acyltransferase, mitochondrial membrane",-1000.0,1000.0,Glycerophospholipid metabolism,False,YPR140W,s_3290 + s_3298 <=> s_3253 + s_3299
2142,r_2766,"MLCL (1-18:1, 2-16:1, 4-16:1):PC (1-18:0, 2-16:1) acyltransferase, mitochondrial membrane",-1000.0,1000.0,Glycerophospholipid metabolism,False,YPR140W,s_3290 + s_3300 <=> s_3253 + s_3301
2143,r_2767,"MLCL (1-18:1, 2-16:1, 4-16:1):PC (1-18:1, 2-16:1) acyltransferase, mitochondrial membrane",-1000.0,1000.0,Glycerophospholipid metabolism,False,YPR140W,s_3290 + s_3302 <=> s_3253 + s_3303
2144,r_2768,"MLCL (1-18:1, 2-16:1, 4-16:1):PC (1-16:0, 2-18:1) acyltransferase, mitochondrial membrane",-1000.0,1000.0,Glycerophospholipid metabolism,False,YPR140W,s_3290 + s_3304 <=> s_3255 + s_3297
2145,r_2769,"MLCL (1-18:1, 2-16:1, 4-16:1):PC (1-16:1, 2-18:1) acyltransferase, mitochondrial membrane",-1000.0,1000.0,Glycerophospholipid metabolism,False,YPR140W,s_3290 + s_3305 <=> s_3255 + s_3299
2146,r_2770,"MLCL (1-18:1, 2-16:1, 4-16:1):PC (1-18:0, 2-18:1) acyltransferase, mitochondrial membrane",-1000.0,1000.0,Glycerophospholipid metabolism,False,YPR140W,s_3290 + s_3306 <=> s_3255 + s_3301
2147,r_2771,"MLCL (1-18:1, 2-16:1, 4-16:1):PC (1-18:1, 2-18:1) acyltransferase, mitochondrial membrane",-1000.0,1000.0,Glycerophospholipid metabolism,False,YPR140W,s_3290 + s_3307 <=> s_3255 + s_3303
2148,r_2772,"MLCL (1-18:1, 2-16:1, 4-18:1):PC (1-16:0, 2-16:1) acyltransferase, mitochondrial membrane",-1000.0,1000.0,Glycerophospholipid metabolism,False,YPR140W,s_3291 + s_3296 <=> s_3257 + s_3297
2149,r_2773,"MLCL (1-18:1, 2-16:1, 4-18:1):PC (1-16:1, 2-16:1) acyltransferase, mitochondrial membrane",-1000.0,1000.0,Glycerophospholipid metabolism,False,YPR140W,s_3291 + s_3298 <=> s_3257 + s_3299
2150,r_2774,"MLCL (1-18:1, 2-16:1, 4-18:1):PC (1-18:0, 2-16:1) acyltransferase, mitochondrial membrane",-1000.0,1000.0,Glycerophospholipid metabolism,False,YPR140W,s_3291 + s_3300 <=> s_3257 + s_3301
2151,r_2775,"MLCL (1-18:1, 2-16:1, 4-18:1):PC (1-18:1, 2-16:1) acyltransferase, mitochondrial membrane",-1000.0,1000.0,Glycerophospholipid metabolism,False,YPR140W,s_3291 + s_3302 <=> s_3257 + s_3303
2152,r_2776,"MLCL (1-18:1, 2-16:1, 4-18:1):PC (1-16:0, 2-18:1) acyltransferase, mitochondrial membrane",-1000.0,1000.0,Glycerophospholipid metabolism,False,YPR140W,s_3291 + s_3304 <=> s_3297 + s_3317
2153,r_2777,"MLCL (1-18:1, 2-16:1, 4-18:1):PC (1-16:1, 2-18:1) acyltransferase, mitochondrial membrane",-1000.0,1000.0,Glycerophospholipid metabolism,False,YPR140W,s_3291 + s_3305 <=> s_3299 + s_3317
2154,r_2778,"MLCL (1-18:1, 2-16:1, 4-18:1):PC (1-18:0, 2-18:1) acyltransferase, mitochondrial membrane",-1000.0,1000.0,Glycerophospholipid metabolism,False,YPR140W,s_3291 + s_3306 <=> s_3301 + s_3317
2155,r_2779,"MLCL (1-18:1, 2-16:1, 4-18:1):PC (1-18:1, 2-18:1) acyltransferase, mitochondrial membrane",-1000.0,1000.0,Glycerophospholipid metabolism,False,YPR140W,s_3291 + s_3307 <=> s_3303 + s_3317
2156,r_2780,"MLCL (1-16:0, 2-18:1, 4-16:1):PC (1-16:0, 2-16:1) acyltransferase, mitochondrial membrane",-1000.0,1000.0,Glycerophospholipid metabolism,False,YPR140W,s_3292 + s_3296 <=> s_3259 + s_3297
2157,r_2781,"MLCL (1-16:0, 2-18:1, 4-16:1):PC (1-16:1, 2-16:1) acyltransferase, mitochondrial membrane",-1000.0,1000.0,Glycerophospholipid metabolism,False,YPR140W,s_3292 + s_3298 <=> s_3259 + s_3299
2158,r_2782,"MLCL (1-16:0, 2-18:1, 4-16:1):PC (1-18:0, 2-16:1) acyltransferase, mitochondrial membrane",-1000.0,1000.0,Glycerophospholipid metabolism,False,YPR140W,s_3292 + s_3300 <=> s_3259 + s_3301
2159,r_2783,"MLCL (1-16:0, 2-18:1, 4-16:1):PC (1-18:1, 2-16:1) acyltransferase, mitochondrial membrane",-1000.0,1000.0,Glycerophospholipid metabolism,False,YPR140W,s_3292 + s_3302 <=> s_3259 + s_3303
2160,r_2784,"MLCL (1-16:0, 2-18:1, 4-16:1):PC (1-16:0, 2-18:1) acyltransferase, mitochondrial membrane",-1000.0,1000.0,Glycerophospholipid metabolism,False,YPR140W,s_3292 + s_3304 <=> s_3261 + s_3297
2161,r_2785,"MLCL (1-16:0, 2-18:1, 4-16:1):PC (1-16:1, 2-18:1) acyltransferase, mitochondrial membrane",-1000.0,1000.0,Glycerophospholipid metabolism,False,YPR140W,s_3292 + s_3305 <=> s_3261 + s_3299
2162,r_2786,"MLCL (1-16:0, 2-18:1, 4-16:1):PC (1-18:0, 2-18:1) acyltransferase, mitochondrial membrane",-1000.0,1000.0,Glycerophospholipid metabolism,False,YPR140W,s_3292 + s_3306 <=> s_3261 + s_3301
2163,r_2787,"MLCL (1-16:0, 2-18:1, 4-16:1):PC (1-18:1, 2-18:1) acyltransferase, mitochondrial membrane",-1000.0,1000.0,Glycerophospholipid metabolism,False,YPR140W,s_3292 + s_3307 <=> s_3261 + s_3303
2164,r_2788,"MLCL (1-16:0, 2-18:1, 4-18:1):PC (1-16:0, 2-16:1) acyltransferase, mitochondrial membrane",-1000.0,1000.0,Glycerophospholipid metabolism,False,YPR140W,s_3293 + s_3296 <=> s_3263 + s_3297
2165,r_2789,"MLCL (1-16:0, 2-18:1, 4-18:1):PC (1-16:1, 2-16:1) acyltransferase, mitochondrial membrane",-1000.0,1000.0,Glycerophospholipid metabolism,False,YPR140W,s_3293 + s_3298 <=> s_3263 + s_3299
2166,r_2790,"MLCL (1-16:0, 2-18:1, 4-18:1):PC (1-18:0, 2-16:1) acyltransferase, mitochondrial membrane",-1000.0,1000.0,Glycerophospholipid metabolism,False,YPR140W,s_3293 + s_3300 <=> s_3263 + s_3301
2167,r_2791,"MLCL (1-16:0, 2-18:1, 4-18:1):PC (1-18:1, 2-16:1) acyltransferase, mitochondrial membrane",-1000.0,1000.0,Glycerophospholipid metabolism,False,YPR140W,s_3293 + s_3302 <=> s_3263 + s_3303
2168,r_2792,"MLCL (1-16:0, 2-18:1, 4-18:1):PC (1-16:0, 2-18:1) acyltransferase, mitochondrial membrane",-1000.0,1000.0,Glycerophospholipid metabolism,False,YPR140W,s_3293 + s_3304 <=> s_3297 + s_3318
2169,r_2793,"MLCL (1-16:0, 2-18:1, 4-18:1):PC (1-16:1, 2-18:1) acyltransferase, mitochondrial membrane",-1000.0,1000.0,Glycerophospholipid metabolism,False,YPR140W,s_3293 + s_3305 <=> s_3299 + s_3318
2170,r_2794,"MLCL (1-16:0, 2-18:1, 4-18:1):PC (1-18:0, 2-18:1) acyltransferase, mitochondrial membrane",-1000.0,1000.0,Glycerophospholipid metabolism,False,YPR140W,s_3293 + s_3306 <=> s_3301 + s_3318
2171,r_2795,"MLCL (1-16:0, 2-18:1, 4-18:1):PC (1-18:1, 2-18:1) acyltransferase, mitochondrial membrane",-1000.0,1000.0,Glycerophospholipid metabolism,False,YPR140W,s_3293 + s_3307 <=> s_3303 + s_3318
2172,r_2796,"MLCL (1-16:1, 2-18:1, 4-16:1):PC (1-16:0, 2-16:1) acyltransferase, mitochondrial membrane",-1000.0,1000.0,Glycerophospholipid metabolism,False,YPR140W,s_3294 + s_3296 <=> s_3265 + s_3297
2173,r_2797,"MLCL (1-16:1, 2-18:1, 4-16:1):PC (1-16:1, 2-16:1) acyltransferase, mitochondrial membrane",-1000.0,1000.0,Glycerophospholipid metabolism,False,YPR140W,s_3294 + s_3298 <=> s_3265 + s_3299
2174,r_2798,"MLCL (1-16:1, 2-18:1, 4-16:1):PC (1-18:0, 2-16:1) acyltransferase, mitochondrial membrane",-1000.0,1000.0,Glycerophospholipid metabolism,False,YPR140W,s_3294 + s_3300 <=> s_3265 + s_3301
2175,r_2799,"MLCL (1-16:1, 2-18:1, 4-16:1):PC (1-18:1, 2-16:1) acyltransferase, mitochondrial membrane",-1000.0,1000.0,Glycerophospholipid metabolism,False,YPR140W,s_3294 + s_3302 <=> s_3265 + s_3303
2176,r_2800,"MLCL (1-16:1, 2-18:1, 4-16:1):PC (1-16:0, 2-18:1) acyltransferase, mitochondrial membrane",-1000.0,1000.0,Glycerophospholipid metabolism,False,YPR140W,s_3294 + s_3304 <=> s_3267 + s_3297
2177,r_2801,"MLCL (1-16:1, 2-18:1, 4-16:1):PC (1-16:1, 2-18:1) acyltransferase, mitochondrial membrane",-1000.0,1000.0,Glycerophospholipid metabolism,False,YPR140W,s_3294 + s_3305 <=> s_3267 + s_3299
2178,r_2802,"MLCL (1-16:1, 2-18:1, 4-16:1):PC (1-18:0, 2-18:1) acyltransferase, mitochondrial membrane",-1000.0,1000.0,Glycerophospholipid metabolism,False,YPR140W,s_3294 + s_3306 <=> s_3267 + s_3301
2179,r_2803,"MLCL (1-16:1, 2-18:1, 4-16:1):PC (1-18:1, 2-18:1) acyltransferase, mitochondrial membrane",-1000.0,1000.0,Glycerophospholipid metabolism,False,YPR140W,s_3294 + s_3307 <=> s_3267 + s_3303
2180,r_2804,"MLCL (1-16:1, 2-18:1, 4-18:1):PC (1-16:0, 2-16:1) acyltransferase, mitochondrial membrane",-1000.0,1000.0,Glycerophospholipid metabolism,False,YPR140W,s_3295 + s_3296 <=> s_3269 + s_3297
2181,r_2805,"MLCL (1-16:1, 2-18:1, 4-18:1):PC (1-16:1, 2-16:1) acyltransferase, mitochondrial membrane",-1000.0,1000.0,Glycerophospholipid metabolism,False,YPR140W,s_3295 + s_3298 <=> s_3269 + s_3299
2182,r_2806,"MLCL (1-16:1, 2-18:1, 4-18:1):PC (1-18:0, 2-16:1) acyltransferase, mitochondrial membrane",-1000.0,1000.0,Glycerophospholipid metabolism,False,YPR140W,s_3295 + s_3300 <=> s_3269 + s_3301
2183,r_2807,"MLCL (1-16:1, 2-18:1, 4-18:1):PC (1-18:1, 2-16:1) acyltransferase, mitochondrial membrane",-1000.0,1000.0,Glycerophospholipid metabolism,False,YPR140W,s_3295 + s_3302 <=> s_3269 + s_3303
2184,r_2808,"MLCL (1-16:1, 2-18:1, 4-18:1):PC (1-16:0, 2-18:1) acyltransferase, mitochondrial membrane",-1000.0,1000.0,Glycerophospholipid metabolism,False,YPR140W,s_3295 + s_3304 <=> s_3297 + s_3319
2185,r_2809,"MLCL (1-16:1, 2-18:1, 4-18:1):PC (1-16:1, 2-18:1) acyltransferase, mitochondrial membrane",-1000.0,1000.0,Glycerophospholipid metabolism,False,YPR140W,s_3295 + s_3305 <=> s_3299 + s_3319
2186,r_2810,"MLCL (1-16:1, 2-18:1, 4-18:1):PC (1-18:0, 2-18:1) acyltransferase, mitochondrial membrane",-1000.0,1000.0,Glycerophospholipid metabolism,False,YPR140W,s_3295 + s_3306 <=> s_3301 + s_3319
2187,r_2811,"MLCL (1-16:1, 2-18:1, 4-18:1):PC (1-18:1, 2-18:1) acyltransferase, mitochondrial membrane",-1000.0,1000.0,Glycerophospholipid metabolism,False,YPR140W,s_3295 + s_3307 <=> s_3303 + s_3319
2188,r_2812,"lysoPC acyltransferase (1-16:0, 2-16:1), mitochondrial membrane",0.0,1000.0,Glycerophospholipid metabolism,False,,s_3297 + s_3320 --> s_3296 + s_3321
2189,r_2813,"lysoPC acyltransferase (1-16:0, 2-18:1), mitochondrial membrane",0.0,1000.0,Glycerophospholipid metabolism,False,,s_3297 + s_3322 --> s_3304 + s_3321
2190,r_2814,"lysoPC acyltransferase (1-16:1, 2-16:1), mitochondrial membrane",0.0,1000.0,Glycerophospholipid metabolism,False,,s_3299 + s_3320 --> s_3298 + s_3321
2191,r_2815,"lysoPC acyltransferase (1-16:1, 2-18:1), mitochondrial membrane",0.0,1000.0,Glycerophospholipid metabolism,False,,s_3299 + s_3322 --> s_3305 + s_3321
2192,r_2816,"lysoPC acyltransferase (1-18:0, 2-16:1), mitochondrial membrane",0.0,1000.0,Glycerophospholipid metabolism,False,,s_3301 + s_3320 --> s_3300 + s_3321
2193,r_2817,"lysoPC acyltransferase (1-18:0, 2-18:1), mitochondrial membrane",0.0,1000.0,Glycerophospholipid metabolism,False,,s_3301 + s_3322 --> s_3306 + s_3321
2194,r_2818,"lysoPC acyltransferase (1-18:1, 2-16:1), mitochondrial membrane",0.0,1000.0,Glycerophospholipid metabolism,False,,s_3303 + s_3320 --> s_3302 + s_3321
2195,r_2819,"lysoPC acyltransferase (1-18:1, 2-18:1), mitochondrial membrane",0.0,1000.0,Glycerophospholipid metabolism,False,,s_3303 + s_3322 --> s_3307 + s_3321
2196,r_2820,"phosphatidylinositol 4-kinase (1-16:0, 2-16:1), cell envelope",0.0,1000.0,Inositol phosphate metabolism,False,YJL100W or YLR305C,s_0793 + s_2856 + s_3323 --> s_3324 + s_3325
2197,r_2821,"phosphatidylinositol 4-kinase (1-16:1, 2-16:1), cell envelope",0.0,1000.0,Inositol phosphate metabolism,False,YJL100W or YLR305C,s_0793 + s_2856 + s_3326 --> s_3324 + s_3327
2198,r_2822,"phosphatidylinositol 4-kinase (1-18:0, 2-16:1), cell envelope",0.0,1000.0,Inositol phosphate metabolism,False,YJL100W or YLR305C,s_0793 + s_2856 + s_3328 --> s_3324 + s_3329
2199,r_2823,"phosphatidylinositol 4-kinase (1-18:1, 2-16:1), cell envelope",0.0,1000.0,Inositol phosphate metabolism,False,YJL100W or YLR305C,s_0793 + s_2856 + s_3330 --> s_3324 + s_3331
2200,r_2824,"phosphatidylinositol 4-kinase (1-16:0, 2-18:1), cell envelope",0.0,1000.0,Inositol phosphate metabolism,False,YJL100W or YLR305C,s_0793 + s_2856 + s_3332 --> s_3324 + s_3333
2201,r_2825,"phosphatidylinositol 4-kinase (1-16:1, 2-18:1), cell envelope",0.0,1000.0,Inositol phosphate metabolism,False,YJL100W or YLR305C,s_0793 + s_2856 + s_3334 --> s_3324 + s_3335
2202,r_2826,"phosphatidylinositol 4-kinase (1-18:0, 2-18:1), cell envelope",0.0,1000.0,Inositol phosphate metabolism,False,YJL100W or YLR305C,s_0793 + s_2856 + s_3336 --> s_3324 + s_3337
2203,r_2827,"phosphatidylinositol 4-kinase (1-18:1, 2-18:1), cell envelope",0.0,1000.0,Inositol phosphate metabolism,False,YJL100W or YLR305C,s_0793 + s_2856 + s_3338 --> s_3324 + s_3339
2204,r_2828,"phosphatidylinositol 4-kinase (1-16:0, 2-16:1), vacuolar membrane",0.0,1000.0,Inositol phosphate metabolism,False,YJL100W,s_3164 + s_3340 + s_3341 --> s_3342 + s_3343
2205,r_2829,"phosphatidylinositol 4-kinase (1-16:1, 2-16:1), vacuolar membrane",0.0,1000.0,Inositol phosphate metabolism,False,YJL100W,s_3164 + s_3341 + s_3344 --> s_3342 + s_3345
2206,r_2830,"phosphatidylinositol 4-kinase (1-18:0, 2-16:1), vacuolar membrane",0.0,1000.0,Inositol phosphate metabolism,False,YJL100W,s_3164 + s_3341 + s_3346 --> s_3342 + s_3347
2207,r_2831,"phosphatidylinositol 4-kinase (1-18:1, 2-16:1), vacuolar membrane",0.0,1000.0,Inositol phosphate metabolism,False,YJL100W,s_3164 + s_3341 + s_3348 --> s_3342 + s_3349
2208,r_2832,"phosphatidylinositol 4-kinase (1-16:0, 2-18:1), vacuolar membrane",0.0,1000.0,Inositol phosphate metabolism,False,YJL100W,s_3164 + s_3341 + s_3350 --> s_3342 + s_3351
2209,r_2833,"phosphatidylinositol 4-kinase (1-16:1, 2-18:1), vacuolar membrane",0.0,1000.0,Inositol phosphate metabolism,False,YJL100W,s_3164 + s_3341 + s_3352 --> s_3342 + s_3353
2210,r_2834,"phosphatidylinositol 4-kinase (1-18:0, 2-18:1), vacuolar membrane",0.0,1000.0,Inositol phosphate metabolism,False,YJL100W,s_3164 + s_3341 + s_3354 --> s_3342 + s_3355
2211,r_2835,"phosphatidylinositol 4-kinase (1-18:1, 2-18:1), vacuolar membrane",0.0,1000.0,Inositol phosphate metabolism,False,YJL100W,s_3164 + s_3341 + s_3356 --> s_3342 + s_3357
2212,r_2836,"phosphatidylinositol 4-kinase (1-16:0, 2-16:1), Golgi membrane",0.0,1000.0,Inositol phosphate metabolism,False,YDR373W and YNL267W,s_3146 + s_3358 + s_3359 --> s_3360 + s_3361
2213,r_2837,"phosphatidylinositol 4-kinase (1-16:1, 2-16:1), Golgi membrane",0.0,1000.0,Inositol phosphate metabolism,False,YDR373W and YNL267W,s_3146 + s_3359 + s_3362 --> s_3360 + s_3363
2214,r_2838,"phosphatidylinositol 4-kinase (1-18:0, 2-16:1), Golgi membrane",0.0,1000.0,Inositol phosphate metabolism,False,YDR373W and YNL267W,s_3146 + s_3359 + s_3364 --> s_3360 + s_3365
2215,r_2839,"phosphatidylinositol 4-kinase (1-18:1, 2-16:1), Golgi membrane",0.0,1000.0,Inositol phosphate metabolism,False,YDR373W and YNL267W,s_3146 + s_3359 + s_3366 --> s_3360 + s_3367
2216,r_2840,"phosphatidylinositol 4-kinase (1-16:0, 2-18:1), Golgi membrane",0.0,1000.0,Inositol phosphate metabolism,False,YDR373W and YNL267W,s_3146 + s_3359 + s_3368 --> s_3360 + s_3369
2217,r_2841,"phosphatidylinositol 4-kinase (1-16:1, 2-18:1), Golgi membrane",0.0,1000.0,Inositol phosphate metabolism,False,YDR373W and YNL267W,s_3146 + s_3359 + s_3370 --> s_3360 + s_3371
2218,r_2842,"phosphatidylinositol 4-kinase (1-18:0, 2-18:1), Golgi membrane",0.0,1000.0,Inositol phosphate metabolism,False,YDR373W and YNL267W,s_3146 + s_3359 + s_3372 --> s_3360 + s_3373
2219,r_2843,"phosphatidylinositol 4-kinase (1-18:1, 2-18:1), Golgi membrane",0.0,1000.0,Inositol phosphate metabolism,False,YDR373W and YNL267W,s_3146 + s_3359 + s_3374 --> s_3360 + s_3375
2220,r_2844,"phosphatidylinositol 4-kinase (1-16:0, 2-16:1), nucleus",0.0,1000.0,Inositol phosphate metabolism,False,YNL267W,s_0438 + s_0800 + s_3376 --> s_0398 + s_3377
2221,r_2845,"phosphatidylinositol 4-kinase (1-16:1, 2-16:1), nucleus",0.0,1000.0,Inositol phosphate metabolism,False,YNL267W,s_0438 + s_0800 + s_3378 --> s_0398 + s_3379
2222,r_2846,"phosphatidylinositol 4-kinase (1-18:0, 2-16:1), nucleus",0.0,1000.0,Inositol phosphate metabolism,False,YNL267W,s_0438 + s_0800 + s_3380 --> s_0398 + s_3381
2223,r_2847,"phosphatidylinositol 4-kinase (1-18:1, 2-16:1), nucleus",0.0,1000.0,Inositol phosphate metabolism,False,YNL267W,s_0438 + s_0800 + s_3382 --> s_0398 + s_3383
2224,r_2848,"phosphatidylinositol 4-kinase (1-16:0, 2-18:1), nucleus",0.0,1000.0,Inositol phosphate metabolism,False,YNL267W,s_0438 + s_0800 + s_3384 --> s_0398 + s_3385
2225,r_2849,"phosphatidylinositol 4-kinase (1-16:1, 2-18:1), nucleus",0.0,1000.0,Inositol phosphate metabolism,False,YNL267W,s_0438 + s_0800 + s_3386 --> s_0398 + s_3387
2226,r_2850,"phosphatidylinositol 4-kinase (1-18:0, 2-18:1), nucleus",0.0,1000.0,Inositol phosphate metabolism,False,YNL267W,s_0438 + s_0800 + s_3388 --> s_0398 + s_3389
2227,r_2851,"phosphatidylinositol 4-kinase (1-18:1, 2-18:1), nucleus",0.0,1000.0,Inositol phosphate metabolism,False,YNL267W,s_0438 + s_0800 + s_3390 --> s_0398 + s_3391
2228,r_2852,"phosphatidylinositol 3-kinase (1-16:0, 2-16:1), vacuolar membrane",0.0,1000.0,Inositol phosphate metabolism,False,(YBR097W and YLR240W) or (YBR097W and YLR240W and YPL120W and YLR360W) or (YBR097W and YLR240W and YBR128C and YPL120W and YLR211C),s_3164 + s_3340 + s_3341 --> s_3342 + s_3392
2229,r_2853,"phosphatidylinositol 3-kinase (1-16:1, 2-16:1), vacuolar membrane",0.0,1000.0,Inositol phosphate metabolism,False,(YBR097W and YLR240W) or (YBR097W and YLR240W and YPL120W and YLR360W) or (YBR097W and YLR240W and YBR128C and YPL120W and YLR211C),s_3164 + s_3341 + s_3344 --> s_3342 + s_3393
2230,r_2854,"phosphatidylinositol 3-kinase (1-18:0, 2-16:1), vacuolar membrane",0.0,1000.0,Inositol phosphate metabolism,False,(YBR097W and YLR240W) or (YBR097W and YLR240W and YPL120W and YLR360W) or (YBR097W and YLR240W and YBR128C and YPL120W and YLR211C),s_3164 + s_3341 + s_3346 --> s_3342 + s_3394
2231,r_2855,"phosphatidylinositol 3-kinase (1-18:1, 2-16:1), vacuolar membrane",0.0,1000.0,Inositol phosphate metabolism,False,(YBR097W and YLR240W) or (YBR097W and YLR240W and YPL120W and YLR360W) or (YBR097W and YLR240W and YBR128C and YPL120W and YLR211C),s_3164 + s_3341 + s_3348 --> s_3342 + s_3395
2232,r_2856,"phosphatidylinositol 3-kinase (1-16:0, 2-18:1), vacuolar membrane",0.0,1000.0,Inositol phosphate metabolism,False,(YBR097W and YLR240W) or (YBR097W and YLR240W and YPL120W and YLR360W) or (YBR097W and YLR240W and YBR128C and YPL120W and YLR211C),s_3164 + s_3341 + s_3350 --> s_3342 + s_3396
2233,r_2857,"phosphatidylinositol 3-kinase (1-16:1, 2-18:1), vacuolar membrane",0.0,1000.0,Inositol phosphate metabolism,False,(YBR097W and YLR240W) or (YBR097W and YLR240W and YPL120W and YLR360W) or (YBR097W and YLR240W and YBR128C and YPL120W and YLR211C),s_3164 + s_3341 + s_3352 --> s_3342 + s_3397
2234,r_2858,"phosphatidylinositol 3-kinase (1-18:0, 2-18:1), vacuolar membrane",0.0,1000.0,Inositol phosphate metabolism,False,(YBR097W and YLR240W) or (YBR097W and YLR240W and YPL120W and YLR360W) or (YBR097W and YLR240W and YBR128C and YPL120W and YLR211C),s_3164 + s_3341 + s_3354 --> s_3342 + s_3398
2235,r_2859,"phosphatidylinositol 3-kinase (1-18:1, 2-18:1), vacuolar membrane",0.0,1000.0,Inositol phosphate metabolism,False,(YBR097W and YLR240W) or (YBR097W and YLR240W and YPL120W and YLR360W) or (YBR097W and YLR240W and YBR128C and YPL120W and YLR211C),s_3164 + s_3341 + s_3356 --> s_3342 + s_3399
2236,r_2860,"PI 4-P 5-kinase (1-16:0, 2-16:1), nucleus",0.0,1000.0,Inositol phosphate metabolism,False,YDR208W,s_0438 + s_0800 + s_3377 --> s_0398 + s_3400
2237,r_2861,"PI 4-P 5-kinase (1-16:1, 2-16:1), nucleus",0.0,1000.0,Inositol phosphate metabolism,False,YDR208W,s_0438 + s_0800 + s_3379 --> s_0398 + s_3401
2238,r_2862,"PI 4-P 5-kinase (1-18:0, 2-16:1), nucleus",0.0,1000.0,Inositol phosphate metabolism,False,YDR208W,s_0438 + s_0800 + s_3381 --> s_0398 + s_3402
2239,r_2863,"PI 4-P 5-kinase (1-18:1, 2-16:1), nucleus",0.0,1000.0,Inositol phosphate metabolism,False,YDR208W,s_0438 + s_0800 + s_3383 --> s_0398 + s_3403
2240,r_2864,"PI 4-P 5-kinase (1-16:0, 2-18:1), nucleus",0.0,1000.0,Inositol phosphate metabolism,False,YDR208W,s_0438 + s_0800 + s_3385 --> s_0398 + s_3404
2241,r_2865,"PI 4-P 5-kinase (1-16:1, 2-18:1), nucleus",0.0,1000.0,Inositol phosphate metabolism,False,YDR208W,s_0438 + s_0800 + s_3387 --> s_0398 + s_3405
2242,r_2866,"PI 4-P 5-kinase (1-18:0, 2-18:1), nucleus",0.0,1000.0,Inositol phosphate metabolism,False,YDR208W,s_0438 + s_0800 + s_3389 --> s_0398 + s_3406
2243,r_2867,"PI 4-P 5-kinase (1-18:1, 2-18:1), nucleus",0.0,1000.0,Inositol phosphate metabolism,False,YDR208W,s_0438 + s_0800 + s_3391 --> s_0398 + s_3407
2244,r_2868,"PI 4-P 5-kinase (1-16:0, 2-16:1), cell envelope",0.0,1000.0,Inositol phosphate metabolism,False,YDR208W,s_0793 + s_2856 + s_3325 --> s_3324 + s_3408
2245,r_2869,"PI 4-P 5-kinase (1-16:1, 2-16:1), cell envelope",0.0,1000.0,Inositol phosphate metabolism,False,YDR208W,s_0793 + s_2856 + s_3327 --> s_3324 + s_3409
2246,r_2870,"PI 4-P 5-kinase (1-18:0, 2-16:1), cell envelope",0.0,1000.0,Inositol phosphate metabolism,False,YDR208W,s_0793 + s_2856 + s_3329 --> s_3324 + s_3410
2247,r_2871,"PI 4-P 5-kinase (1-18:1, 2-16:1), cell envelope",0.0,1000.0,Inositol phosphate metabolism,False,YDR208W,s_0793 + s_2856 + s_3331 --> s_3324 + s_3411
2248,r_2872,"PI 4-P 5-kinase (1-16:0, 2-18:1), cell envelope",0.0,1000.0,Inositol phosphate metabolism,False,YDR208W,s_0793 + s_2856 + s_3333 --> s_3324 + s_3412
2249,r_2873,"PI 4-P 5-kinase (1-16:1, 2-18:1), cell envelope",0.0,1000.0,Inositol phosphate metabolism,False,YDR208W,s_0793 + s_2856 + s_3335 --> s_3324 + s_3413
2250,r_2874,"PI 4-P 5-kinase (1-18:0, 2-18:1), cell envelope",0.0,1000.0,Inositol phosphate metabolism,False,YDR208W,s_0793 + s_2856 + s_3337 --> s_3324 + s_3414
2251,r_2875,"PI 4-P 5-kinase (1-18:1, 2-18:1), cell envelope",0.0,1000.0,Inositol phosphate metabolism,False,YDR208W,s_0793 + s_2856 + s_3339 --> s_3324 + s_3415
2252,r_2876,"PI 3-P 5-kinase (1-16:0, 2-16:1), vacuolar membrane",0.0,1000.0,Inositol phosphate metabolism,False,YFR019W,s_3164 + s_3341 + s_3392 --> s_3342 + s_3416
2253,r_2877,"PI 3-P 5-kinase (1-16:1, 2-16:1), vacuolar membrane",0.0,1000.0,Inositol phosphate metabolism,False,YFR019W,s_3164 + s_3341 + s_3393 --> s_3342 + s_3417
2254,r_2878,"PI 3-P 5-kinase (1-18:0, 2-16:1), vacuolar membrane",0.0,1000.0,Inositol phosphate metabolism,False,YFR019W,s_3164 + s_3341 + s_3394 --> s_3342 + s_3418
2255,r_2879,"PI 3-P 5-kinase (1-18:1, 2-16:1), vacuolar membrane",0.0,1000.0,Inositol phosphate metabolism,False,YFR019W,s_3164 + s_3341 + s_3395 --> s_3342 + s_3419
2256,r_2880,"PI 3-P 5-kinase (1-16:0, 2-18:1), vacuolar membrane",0.0,1000.0,Inositol phosphate metabolism,False,YFR019W,s_3164 + s_3341 + s_3396 --> s_3342 + s_3420
2257,r_2881,"PI 3-P 5-kinase (1-16:1, 2-18:1), vacuolar membrane",0.0,1000.0,Inositol phosphate metabolism,False,YFR019W,s_3164 + s_3341 + s_3397 --> s_3342 + s_3421
2258,r_2882,"PI 3-P 5-kinase (1-18:0, 2-18:1), vacuolar membrane",0.0,1000.0,Inositol phosphate metabolism,False,YFR019W,s_3164 + s_3341 + s_3398 --> s_3342 + s_3422
2259,r_2883,"PI 3-P 5-kinase (1-18:1, 2-18:1), vacuolar membrane",0.0,1000.0,Inositol phosphate metabolism,False,YFR019W,s_3164 + s_3341 + s_3399 --> s_3342 + s_3423
2260,r_2884,"PE (1-16:0, 2-16:1) diacylglycerol (1-16:0, 2-16:1) acyltransferase, ER membrane",-1000.0,1000.0,Glycerolipid metabolism,False,YNR008W,s_2967 + s_3181 <=> s_3019 + s_3424
2261,r_2885,"PE (1-16:1, 2-16:1) diacylglycerol (1-16:0, 2-16:1) acyltransferase, ER membrane",-1000.0,1000.0,Glycerolipid metabolism,False,YNR008W,s_2967 + s_3185 <=> s_3019 + s_3425
2262,r_2886,"PE (1-18:0, 2-16:1) diacylglycerol (1-16:0, 2-16:1) acyltransferase, ER membrane",-1000.0,1000.0,Glycerolipid metabolism,False,YNR008W,s_2967 + s_3187 <=> s_3019 + s_3426
2263,r_2887,"PE (1-18:1, 2-16:1) diacylglycerol (1-16:0, 2-16:1) acyltransferase, ER membrane",-1000.0,1000.0,Glycerolipid metabolism,False,YNR008W,s_2967 + s_3189 <=> s_3019 + s_3427
2264,r_2888,"PE (1-16:0, 2-18:1) diacylglycerol (1-16:0, 2-16:1) acyltransferase, ER membrane",-1000.0,1000.0,Glycerolipid metabolism,False,YNR008W,s_2967 + s_3191 <=> s_3035 + s_3424
2265,r_2889,"PE (1-16:1, 2-18:1) diacylglycerol (1-16:0, 2-16:1) acyltransferase, ER membrane",-1000.0,1000.0,Glycerolipid metabolism,False,YNR008W,s_2967 + s_3193 <=> s_3035 + s_3425
2266,r_2890,"PE (1-18:0, 2-18:1) diacylglycerol (1-16:0, 2-16:1) acyltransferase, ER membrane",-1000.0,1000.0,Glycerolipid metabolism,False,YNR008W,s_2967 + s_3195 <=> s_3035 + s_3426
2267,r_2891,"PE (1-18:1, 2-18:1) diacylglycerol (1-16:0, 2-16:1) acyltransferase, ER membrane",-1000.0,1000.0,Glycerolipid metabolism,False,YNR008W,s_2967 + s_3197 <=> s_3035 + s_3427
2268,r_2892,"PE (1-16:0, 2-16:1) diacylglycerol (1-16:1, 2-16:1) acyltransferase, ER membrane",-1000.0,1000.0,Glycerolipid metabolism,False,YNR008W,s_2969 + s_3181 <=> s_3021 + s_3424
2269,r_2893,"PE (1-16:1, 2-16:1) diacylglycerol (1-16:1, 2-16:1) acyltransferase, ER membrane",-1000.0,1000.0,Glycerolipid metabolism,False,YNR008W,s_2969 + s_3185 <=> s_3021 + s_3425
2270,r_2894,"PE (1-18:0, 2-16:1) diacylglycerol (1-16:1, 2-16:1) acyltransferase, ER membrane",-1000.0,1000.0,Glycerolipid metabolism,False,YNR008W,s_2969 + s_3187 <=> s_3021 + s_3426
2271,r_2895,"PE (1-18:1, 2-16:1) diacylglycerol (1-16:1, 2-16:1) acyltransferase, ER membrane",-1000.0,1000.0,Glycerolipid metabolism,False,YNR008W,s_2969 + s_3189 <=> s_3021 + s_3427
2272,r_2896,"PE (1-16:0, 2-18:1) diacylglycerol (1-16:1, 2-16:1) acyltransferase, ER membrane",-1000.0,1000.0,Glycerolipid metabolism,False,YNR008W,s_2969 + s_3191 <=> s_3037 + s_3424
2273,r_2897,"PE (1-16:1, 2-18:1) diacylglycerol (1-16:1, 2-16:1) acyltransferase, ER membrane",-1000.0,1000.0,Glycerolipid metabolism,False,YNR008W,s_2969 + s_3193 <=> s_3037 + s_3425
2274,r_2898,"PE (1-18:0, 2-18:1) diacylglycerol (1-16:1, 2-16:1) acyltransferase, ER membrane",-1000.0,1000.0,Glycerolipid metabolism,False,YNR008W,s_2969 + s_3195 <=> s_3037 + s_3426
2275,r_2899,"PE (1-18:1, 2-18:1) diacylglycerol (1-16:1, 2-16:1) acyltransferase, ER membrane",-1000.0,1000.0,Glycerolipid metabolism,False,YNR008W,s_2969 + s_3197 <=> s_3037 + s_3427
2276,r_2900,"PE (1-16:0, 2-16:1) diacylglycerol (1-18:0, 2-16:1) acyltransferase, ER membrane",-1000.0,1000.0,Glycerolipid metabolism,False,YNR008W,s_2971 + s_3181 <=> s_3023 + s_3424
2277,r_2901,"PE (1-16:1, 2-16:1) diacylglycerol (1-18:0, 2-16:1) acyltransferase, ER membrane",-1000.0,1000.0,Glycerolipid metabolism,False,YNR008W,s_2971 + s_3185 <=> s_3023 + s_3425
2278,r_2902,"PE (1-18:0, 2-16:1) diacylglycerol (1-18:0, 2-16:1) acyltransferase, ER membrane",-1000.0,1000.0,Glycerolipid metabolism,False,YNR008W,s_2971 + s_3187 <=> s_3023 + s_3426
2279,r_2903,"PE (1-18:1, 2-16:1) diacylglycerol (1-18:0, 2-16:1) acyltransferase, ER membrane",-1000.0,1000.0,Glycerolipid metabolism,False,YNR008W,s_2971 + s_3189 <=> s_3023 + s_3427
2280,r_2904,"PE (1-16:0, 2-18:1) diacylglycerol (1-18:0, 2-16:1) acyltransferase, ER membrane",-1000.0,1000.0,Glycerolipid metabolism,False,YNR008W,s_2971 + s_3191 <=> s_3039 + s_3424
2281,r_2905,"PE (1-16:1, 2-18:1) diacylglycerol (1-18:0, 2-16:1) acyltransferase, ER membrane",-1000.0,1000.0,Glycerolipid metabolism,False,YNR008W,s_2971 + s_3193 <=> s_3039 + s_3425
2282,r_2906,"PE (1-18:0, 2-18:1) diacylglycerol (1-18:0, 2-16:1) acyltransferase, ER membrane",-1000.0,1000.0,Glycerolipid metabolism,False,YNR008W,s_2971 + s_3195 <=> s_3039 + s_3426
2283,r_2907,"PE (1-18:1, 2-18:1) diacylglycerol (1-18:0, 2-16:1) acyltransferase, ER membrane",-1000.0,1000.0,Glycerolipid metabolism,False,YNR008W,s_2971 + s_3197 <=> s_3039 + s_3427
2284,r_2908,"PE (1-16:0, 2-16:1) diacylglycerol (1-18:1, 2-16:1) acyltransferase, ER membrane",-1000.0,1000.0,Glycerolipid metabolism,False,YNR008W,s_2973 + s_3181 <=> s_3025 + s_3424
2285,r_2909,"PE (1-16:1, 2-16:1) diacylglycerol (1-18:1, 2-16:1) acyltransferase, ER membrane",-1000.0,1000.0,Glycerolipid metabolism,False,YNR008W,s_2973 + s_3185 <=> s_3025 + s_3425
2286,r_2910,"PE (1-18:0, 2-16:1) diacylglycerol (1-18:1, 2-16:1) acyltransferase, ER membrane",-1000.0,1000.0,Glycerolipid metabolism,False,YNR008W,s_2973 + s_3187 <=> s_3025 + s_3426
2287,r_2911,"PE (1-18:1, 2-16:1) diacylglycerol (1-18:1, 2-16:1) acyltransferase, ER membrane",-1000.0,1000.0,Glycerolipid metabolism,False,YNR008W,s_2973 + s_3189 <=> s_3025 + s_3427
2288,r_2912,"PE (1-16:0, 2-18:1) diacylglycerol (1-18:1, 2-16:1) acyltransferase, ER membrane",-1000.0,1000.0,Glycerolipid metabolism,False,YNR008W,s_2973 + s_3191 <=> s_3041 + s_3424
2289,r_2913,"PE (1-16:1, 2-18:1) diacylglycerol (1-18:1, 2-16:1) acyltransferase, ER membrane",-1000.0,1000.0,Glycerolipid metabolism,False,YNR008W,s_2973 + s_3193 <=> s_3041 + s_3425
2290,r_2914,"PE (1-18:0, 2-18:1) diacylglycerol (1-18:1, 2-16:1) acyltransferase, ER membrane",-1000.0,1000.0,Glycerolipid metabolism,False,YNR008W,s_2973 + s_3195 <=> s_3041 + s_3426
2291,r_2915,"PE (1-18:1, 2-18:1) diacylglycerol (1-18:1, 2-16:1) acyltransferase, ER membrane",-1000.0,1000.0,Glycerolipid metabolism,False,YNR008W,s_2973 + s_3197 <=> s_3041 + s_3427
2292,r_2916,"PE (1-16:0, 2-16:1) diacylglycerol (1-16:0, 2-18:1) acyltransferase, ER membrane",-1000.0,1000.0,Glycerolipid metabolism,False,YNR008W,s_2968 + s_3181 <=> s_3020 + s_3424
2293,r_2917,"PE (1-16:1, 2-16:1) diacylglycerol (1-16:0, 2-18:1) acyltransferase, ER membrane",-1000.0,1000.0,Glycerolipid metabolism,False,YNR008W,s_2968 + s_3185 <=> s_3020 + s_3425
2294,r_2918,"PE (1-18:0, 2-16:1) diacylglycerol (1-16:0, 2-18:1) acyltransferase, ER membrane",-1000.0,1000.0,Glycerolipid metabolism,False,YNR008W,s_2968 + s_3187 <=> s_3020 + s_3426
2295,r_2919,"PE (1-18:1, 2-16:1) diacylglycerol (1-16:0, 2-18:1) acyltransferase, ER membrane",-1000.0,1000.0,Glycerolipid metabolism,False,YNR008W,s_2968 + s_3189 <=> s_3020 + s_3427
2296,r_2920,"PE (1-16:0, 2-18:1) diacylglycerol (1-16:0, 2-18:1) acyltransferase, ER membrane",-1000.0,1000.0,Glycerolipid metabolism,False,YNR008W,s_2968 + s_3191 <=> s_3036 + s_3424
2297,r_2921,"PE (1-16:1, 2-18:1) diacylglycerol (1-16:0, 2-18:1) acyltransferase, ER membrane",-1000.0,1000.0,Glycerolipid metabolism,False,YNR008W,s_2968 + s_3193 <=> s_3036 + s_3425
2298,r_2922,"PE (1-18:0, 2-18:1) diacylglycerol (1-16:0, 2-18:1) acyltransferase, ER membrane",-1000.0,1000.0,Glycerolipid metabolism,False,YNR008W,s_2968 + s_3195 <=> s_3036 + s_3426
2299,r_2923,"PE (1-18:1, 2-18:1) diacylglycerol (1-16:0, 2-18:1) acyltransferase, ER membrane",-1000.0,1000.0,Glycerolipid metabolism,False,YNR008W,s_2968 + s_3197 <=> s_3036 + s_3427
2300,r_2924,"PE (1-16:0, 2-16:1) diacylglycerol (1-16:1, 2-18:1) acyltransferase, ER membrane",-1000.0,1000.0,Glycerolipid metabolism,False,YNR008W,s_2970 + s_3181 <=> s_3022 + s_3424
2301,r_2925,"PE (1-16:1, 2-16:1) diacylglycerol (1-16:1, 2-18:1) acyltransferase, ER membrane",-1000.0,1000.0,Glycerolipid metabolism,False,YNR008W,s_2970 + s_3185 <=> s_3022 + s_3425
2302,r_2926,"PE (1-18:0, 2-16:1) diacylglycerol (1-16:1, 2-18:1) acyltransferase, ER membrane",-1000.0,1000.0,Glycerolipid metabolism,False,YNR008W,s_2970 + s_3187 <=> s_3022 + s_3426
2303,r_2927,"PE (1-18:1, 2-16:1) diacylglycerol (1-16:1, 2-18:1) acyltransferase, ER membrane",-1000.0,1000.0,Glycerolipid metabolism,False,YNR008W,s_2970 + s_3189 <=> s_3022 + s_3427
2304,r_2928,"PE (1-16:0, 2-18:1) diacylglycerol (1-16:1, 2-18:1) acyltransferase, ER membrane",-1000.0,1000.0,Glycerolipid metabolism,False,YNR008W,s_2970 + s_3191 <=> s_3038 + s_3424
2305,r_2929,"PE (1-16:1, 2-18:1) diacylglycerol (1-16:1, 2-18:1) acyltransferase, ER membrane",-1000.0,1000.0,Glycerolipid metabolism,False,YNR008W,s_2970 + s_3193 <=> s_3038 + s_3425
2306,r_2930,"PE (1-18:0, 2-18:1) diacylglycerol (1-16:1, 2-18:1) acyltransferase, ER membrane",-1000.0,1000.0,Glycerolipid metabolism,False,YNR008W,s_2970 + s_3195 <=> s_3038 + s_3426
2307,r_2931,"PE (1-18:1, 2-18:1) diacylglycerol (1-16:1, 2-18:1) acyltransferase, ER membrane",-1000.0,1000.0,Glycerolipid metabolism,False,YNR008W,s_2970 + s_3197 <=> s_3038 + s_3427
2308,r_2932,"PE (1-16:0, 2-16:1) diacylglycerol (1-18:0, 2-18:1) acyltransferase, ER membrane",-1000.0,1000.0,Glycerolipid metabolism,False,YNR008W,s_2972 + s_3181 <=> s_3024 + s_3424
2309,r_2933,"PE (1-16:1, 2-16:1) diacylglycerol (1-18:0, 2-18:1) acyltransferase, ER membrane",-1000.0,1000.0,Glycerolipid metabolism,False,YNR008W,s_2972 + s_3185 <=> s_3024 + s_3425
2310,r_2934,"PE (1-18:0, 2-16:1) diacylglycerol (1-18:0, 2-18:1) acyltransferase, ER membrane",-1000.0,1000.0,Glycerolipid metabolism,False,YNR008W,s_2972 + s_3187 <=> s_3024 + s_3426
2311,r_2935,"PE (1-18:1, 2-16:1) diacylglycerol (1-18:0, 2-18:1) acyltransferase, ER membrane",-1000.0,1000.0,Glycerolipid metabolism,False,YNR008W,s_2972 + s_3189 <=> s_3024 + s_3427
2312,r_2936,"PE (1-16:0, 2-18:1) diacylglycerol (1-18:0, 2-18:1) acyltransferase, ER membrane",-1000.0,1000.0,Glycerolipid metabolism,False,YNR008W,s_2972 + s_3191 <=> s_3040 + s_3424
2313,r_2937,"PE (1-16:1, 2-18:1) diacylglycerol (1-18:0, 2-18:1) acyltransferase, ER membrane",-1000.0,1000.0,Glycerolipid metabolism,False,YNR008W,s_2972 + s_3193 <=> s_3040 + s_3425
2314,r_2938,"PE (1-18:0, 2-18:1) diacylglycerol (1-18:0, 2-18:1) acyltransferase, ER membrane",-1000.0,1000.0,Glycerolipid metabolism,False,YNR008W,s_2972 + s_3195 <=> s_3040 + s_3426
2315,r_2939,"PE (1-18:1, 2-18:1) diacylglycerol (1-18:0, 2-18:1) acyltransferase, ER membrane",-1000.0,1000.0,Glycerolipid metabolism,False,YNR008W,s_2972 + s_3197 <=> s_3040 + s_3427
2316,r_2940,"PE (1-16:0, 2-16:1) diacylglycerol (1-18:1, 2-18:1) acyltransferase, ER membrane",-1000.0,1000.0,Glycerolipid metabolism,False,YNR008W,s_2974 + s_3181 <=> s_3026 + s_3424
2317,r_2941,"PE (1-16:1, 2-16:1) diacylglycerol (1-18:1, 2-18:1) acyltransferase, ER membrane",-1000.0,1000.0,Glycerolipid metabolism,False,YNR008W,s_2974 + s_3185 <=> s_3026 + s_3425
2318,r_2942,"PE (1-18:0, 2-16:1) diacylglycerol (1-18:1, 2-18:1) acyltransferase, ER membrane",-1000.0,1000.0,Glycerolipid metabolism,False,YNR008W,s_2974 + s_3187 <=> s_3026 + s_3426
2319,r_2943,"PE (1-18:1, 2-16:1) diacylglycerol (1-18:1, 2-18:1) acyltransferase, ER membrane",-1000.0,1000.0,Glycerolipid metabolism,False,YNR008W,s_2974 + s_3189 <=> s_3026 + s_3427
2320,r_2944,"PE (1-16:0, 2-18:1) diacylglycerol (1-18:1, 2-18:1) acyltransferase, ER membrane",-1000.0,1000.0,Glycerolipid metabolism,False,YNR008W,s_2974 + s_3191 <=> s_3042 + s_3424
2321,r_2945,"PE (1-16:1, 2-18:1) diacylglycerol (1-18:1, 2-18:1) acyltransferase, ER membrane",-1000.0,1000.0,Glycerolipid metabolism,False,YNR008W,s_2974 + s_3193 <=> s_3042 + s_3425
2322,r_2946,"PE (1-18:0, 2-18:1) diacylglycerol (1-18:1, 2-18:1) acyltransferase, ER membrane",-1000.0,1000.0,Glycerolipid metabolism,False,YNR008W,s_2974 + s_3195 <=> s_3042 + s_3426
2323,r_2947,"PE (1-18:1, 2-18:1) diacylglycerol (1-18:1, 2-18:1) acyltransferase, ER membrane",-1000.0,1000.0,Glycerolipid metabolism,False,YNR008W,s_2974 + s_3197 <=> s_3042 + s_3427
2324,r_2948,"PC (1-16:0, 2-16:1) diacylglycerol (1-16:0, 2-16:1) acyltransferase, ER membrane",-1000.0,1000.0,Glycerolipid metabolism,False,YNR008W,s_2967 + s_3207 <=> s_3019 + s_3428
2325,r_2949,"PC (1-16:1, 2-16:1) diacylglycerol (1-16:0, 2-16:1) acyltransferase, ER membrane",-1000.0,1000.0,Glycerolipid metabolism,False,YNR008W,s_2967 + s_3208 <=> s_3019 + s_3429
2326,r_2950,"PC (1-18:0, 2-16:1) diacylglycerol (1-16:0, 2-16:1) acyltransferase, ER membrane",-1000.0,1000.0,Glycerolipid metabolism,False,YNR008W,s_2967 + s_3209 <=> s_3019 + s_3430
2327,r_2951,"PC (1-18:1, 2-16:1) diacylglycerol (1-16:0, 2-16:1) acyltransferase, ER membrane",-1000.0,1000.0,Glycerolipid metabolism,False,YNR008W,s_2967 + s_3210 <=> s_3019 + s_3431
2328,r_2952,"PC (1-16:0, 2-18:1) diacylglycerol (1-16:0, 2-16:1) acyltransferase, ER membrane",-1000.0,1000.0,Glycerolipid metabolism,False,YNR008W,s_2967 + s_3211 <=> s_3035 + s_3428
2329,r_2953,"PC (1-16:1, 2-18:1) diacylglycerol (1-16:0, 2-16:1) acyltransferase, ER membrane",-1000.0,1000.0,Glycerolipid metabolism,False,YNR008W,s_2967 + s_3212 <=> s_3035 + s_3429
2330,r_2954,"PC (1-18:0, 2-18:1) diacylglycerol (1-16:0, 2-16:1) acyltransferase, ER membrane",-1000.0,1000.0,Glycerolipid metabolism,False,YNR008W,s_2967 + s_3213 <=> s_3035 + s_3430
2331,r_2955,"PC (1-18:1, 2-18:1) diacylglycerol (1-16:0, 2-16:1) acyltransferase, ER membrane",-1000.0,1000.0,Glycerolipid metabolism,False,YNR008W,s_2967 + s_3214 <=> s_3035 + s_3431
2332,r_2956,"PC (1-16:0, 2-16:1) diacylglycerol (1-16:1, 2-16:1) acyltransferase, ER membrane",-1000.0,1000.0,Glycerolipid metabolism,False,YNR008W,s_2969 + s_3207 <=> s_3021 + s_3428
2333,r_2957,"PC (1-16:1, 2-16:1) diacylglycerol (1-16:1, 2-16:1) acyltransferase, ER membrane",-1000.0,1000.0,Glycerolipid metabolism,False,YNR008W,s_2969 + s_3208 <=> s_3021 + s_3429
2334,r_2958,"PC (1-18:0, 2-16:1) diacylglycerol (1-16:1, 2-16:1) acyltransferase, ER membrane",-1000.0,1000.0,Glycerolipid metabolism,False,YNR008W,s_2969 + s_3209 <=> s_3021 + s_3430
2335,r_2959,"PC (1-18:1, 2-16:1) diacylglycerol (1-16:1, 2-16:1) acyltransferase, ER membrane",-1000.0,1000.0,Glycerolipid metabolism,False,YNR008W,s_2969 + s_3210 <=> s_3021 + s_3431
2336,r_2960,"PC (1-16:0, 2-18:1) diacylglycerol (1-16:1, 2-16:1) acyltransferase, ER membrane",-1000.0,1000.0,Glycerolipid metabolism,False,YNR008W,s_2969 + s_3211 <=> s_3037 + s_3428
2337,r_2961,"PC (1-16:1, 2-18:1) diacylglycerol (1-16:1, 2-16:1) acyltransferase, ER membrane",-1000.0,1000.0,Glycerolipid metabolism,False,YNR008W,s_2969 + s_3212 <=> s_3037 + s_3429
2338,r_2962,"PC (1-18:0, 2-18:1) diacylglycerol (1-16:1, 2-16:1) acyltransferase, ER membrane",-1000.0,1000.0,Glycerolipid metabolism,False,YNR008W,s_2969 + s_3213 <=> s_3037 + s_3430
2339,r_2963,"PC (1-18:1, 2-18:1) diacylglycerol (1-16:1, 2-16:1) acyltransferase, ER membrane",-1000.0,1000.0,Glycerolipid metabolism,False,YNR008W,s_2969 + s_3214 <=> s_3037 + s_3431
2340,r_2964,"PC (1-16:0, 2-16:1) diacylglycerol (1-18:0, 2-16:1) acyltransferase, ER membrane",-1000.0,1000.0,Glycerolipid metabolism,False,YNR008W,s_2971 + s_3207 <=> s_3023 + s_3428
2341,r_2965,"PC (1-16:1, 2-16:1) diacylglycerol (1-18:0, 2-16:1) acyltransferase, ER membrane",-1000.0,1000.0,Glycerolipid metabolism,False,YNR008W,s_2971 + s_3208 <=> s_3023 + s_3429
2342,r_2966,"PC (1-18:0, 2-16:1) diacylglycerol (1-18:0, 2-16:1) acyltransferase, ER membrane",-1000.0,1000.0,Glycerolipid metabolism,False,YNR008W,s_2971 + s_3209 <=> s_3023 + s_3430
2343,r_2967,"PC (1-18:1, 2-16:1) diacylglycerol (1-18:0, 2-16:1) acyltransferase, ER membrane",-1000.0,1000.0,Glycerolipid metabolism,False,YNR008W,s_2971 + s_3210 <=> s_3023 + s_3431
2344,r_2968,"PC (1-16:0, 2-18:1) diacylglycerol (1-18:0, 2-16:1) acyltransferase, ER membrane",-1000.0,1000.0,Glycerolipid metabolism,False,YNR008W,s_2971 + s_3211 <=> s_3039 + s_3428
2345,r_2969,"PC (1-16:1, 2-18:1) diacylglycerol (1-18:0, 2-16:1) acyltransferase, ER membrane",-1000.0,1000.0,Glycerolipid metabolism,False,YNR008W,s_2971 + s_3212 <=> s_3039 + s_3429
2346,r_2970,"PC (1-18:0, 2-18:1) diacylglycerol (1-18:0, 2-16:1) acyltransferase, ER membrane",-1000.0,1000.0,Glycerolipid metabolism,False,YNR008W,s_2971 + s_3213 <=> s_3039 + s_3430
2347,r_2971,"PC (1-18:1, 2-18:1) diacylglycerol (1-18:0, 2-16:1) acyltransferase, ER membrane",-1000.0,1000.0,Glycerolipid metabolism,False,YNR008W,s_2971 + s_3214 <=> s_3039 + s_3431
2348,r_2972,"PC (1-16:0, 2-16:1) diacylglycerol (1-18:1, 2-16:1) acyltransferase, ER membrane",-1000.0,1000.0,Glycerolipid metabolism,False,YNR008W,s_2973 + s_3207 <=> s_3025 + s_3428
2349,r_2973,"PC (1-16:1, 2-16:1) diacylglycerol (1-18:1, 2-16:1) acyltransferase, ER membrane",-1000.0,1000.0,Glycerolipid metabolism,False,YNR008W,s_2973 + s_3208 <=> s_3025 + s_3429
2350,r_2974,"PC (1-18:0, 2-16:1) diacylglycerol (1-18:1, 2-16:1) acyltransferase, ER membrane",-1000.0,1000.0,Glycerolipid metabolism,False,YNR008W,s_2973 + s_3209 <=> s_3025 + s_3430
2351,r_2975,"PC (1-18:1, 2-16:1) diacylglycerol (1-18:1, 2-16:1) acyltransferase, ER membrane",-1000.0,1000.0,Glycerolipid metabolism,False,YNR008W,s_2973 + s_3210 <=> s_3025 + s_3431
2352,r_2976,"PC (1-16:0, 2-18:1) diacylglycerol (1-18:1, 2-16:1) acyltransferase, ER membrane",-1000.0,1000.0,Glycerolipid metabolism,False,YNR008W,s_2973 + s_3211 <=> s_3041 + s_3428
2353,r_2977,"PC (1-16:1, 2-18:1) diacylglycerol (1-18:1, 2-16:1) acyltransferase, ER membrane",-1000.0,1000.0,Glycerolipid metabolism,False,YNR008W,s_2973 + s_3212 <=> s_3041 + s_3429
2354,r_2978,"PC (1-18:0, 2-18:1) diacylglycerol (1-18:1, 2-16:1) acyltransferase, ER membrane",-1000.0,1000.0,Glycerolipid metabolism,False,YNR008W,s_2973 + s_3213 <=> s_3041 + s_3430
2355,r_2979,"PC (1-18:1, 2-18:1) diacylglycerol (1-18:1, 2-16:1) acyltransferase, ER membrane",-1000.0,1000.0,Glycerolipid metabolism,False,YNR008W,s_2973 + s_3214 <=> s_3041 + s_3431
2356,r_2980,"PC (1-16:0, 2-16:1) diacylglycerol (1-16:0, 2-18:1) acyltransferase, ER membrane",-1000.0,1000.0,Glycerolipid metabolism,False,YNR008W,s_2968 + s_3207 <=> s_3020 + s_3428
2357,r_2981,"PC (1-16:1, 2-16:1) diacylglycerol (1-16:0, 2-18:1) acyltransferase, ER membrane",-1000.0,1000.0,Glycerolipid metabolism,False,YNR008W,s_2968 + s_3208 <=> s_3020 + s_3429
2358,r_2982,"PC (1-18:0, 2-16:1) diacylglycerol (1-16:0, 2-18:1) acyltransferase, ER membrane",-1000.0,1000.0,Glycerolipid metabolism,False,YNR008W,s_2968 + s_3209 <=> s_3020 + s_3430
2359,r_2983,"PC (1-18:1, 2-16:1) diacylglycerol (1-16:0, 2-18:1) acyltransferase, ER membrane",-1000.0,1000.0,Glycerolipid metabolism,False,YNR008W,s_2968 + s_3210 <=> s_3020 + s_3431
2360,r_2984,"PC (1-16:0, 2-18:1) diacylglycerol (1-16:0, 2-18:1) acyltransferase, ER membrane",-1000.0,1000.0,Glycerolipid metabolism,False,YNR008W,s_2968 + s_3211 <=> s_3036 + s_3428
2361,r_2985,"PC (1-16:1, 2-18:1) diacylglycerol (1-16:0, 2-18:1) acyltransferase, ER membrane",-1000.0,1000.0,Glycerolipid metabolism,False,YNR008W,s_2968 + s_3212 <=> s_3036 + s_3429
2362,r_2986,"PC (1-18:0, 2-18:1) diacylglycerol (1-16:0, 2-18:1) acyltransferase, ER membrane",-1000.0,1000.0,Glycerolipid metabolism,False,YNR008W,s_2968 + s_3213 <=> s_3036 + s_3430
2363,r_2987,"PC (1-18:1, 2-18:1) diacylglycerol (1-16:0, 2-18:1) acyltransferase, ER membrane",-1000.0,1000.0,Glycerolipid metabolism,False,YNR008W,s_2968 + s_3214 <=> s_3036 + s_3431
2364,r_2988,"PC (1-16:0, 2-16:1) diacylglycerol (1-16:1, 2-18:1) acyltransferase, ER membrane",-1000.0,1000.0,Glycerolipid metabolism,False,YNR008W,s_2970 + s_3207 <=> s_3022 + s_3428
2365,r_2989,"PC (1-16:1, 2-16:1) diacylglycerol (1-16:1, 2-18:1) acyltransferase, ER membrane",-1000.0,1000.0,Glycerolipid metabolism,False,YNR008W,s_2970 + s_3208 <=> s_3022 + s_3429
2366,r_2990,"PC (1-18:0, 2-16:1) diacylglycerol (1-16:1, 2-18:1) acyltransferase, ER membrane",-1000.0,1000.0,Glycerolipid metabolism,False,YNR008W,s_2970 + s_3209 <=> s_3022 + s_3430
2367,r_2991,"PC (1-18:1, 2-16:1) diacylglycerol (1-16:1, 2-18:1) acyltransferase, ER membrane",-1000.0,1000.0,Glycerolipid metabolism,False,YNR008W,s_2970 + s_3210 <=> s_3022 + s_3431
2368,r_2992,"PC (1-16:0, 2-18:1) diacylglycerol (1-16:1, 2-18:1) acyltransferase, ER membrane",-1000.0,1000.0,Glycerolipid metabolism,False,YNR008W,s_2970 + s_3211 <=> s_3038 + s_3428
2369,r_2993,"PC (1-16:1, 2-18:1) diacylglycerol (1-16:1, 2-18:1) acyltransferase, ER membrane",-1000.0,1000.0,Glycerolipid metabolism,False,YNR008W,s_2970 + s_3212 <=> s_3038 + s_3429
2370,r_2994,"PC (1-18:0, 2-18:1) diacylglycerol (1-16:1, 2-18:1) acyltransferase, ER membrane",-1000.0,1000.0,Glycerolipid metabolism,False,YNR008W,s_2970 + s_3213 <=> s_3038 + s_3430
2371,r_2995,"PC (1-18:1, 2-18:1) diacylglycerol (1-16:1, 2-18:1) acyltransferase, ER membrane",-1000.0,1000.0,Glycerolipid metabolism,False,YNR008W,s_2970 + s_3214 <=> s_3038 + s_3431
2372,r_2996,"PC (1-16:0, 2-16:1) diacylglycerol (1-18:0, 2-18:1) acyltransferase, ER membrane",-1000.0,1000.0,Glycerolipid metabolism,False,YNR008W,s_2972 + s_3207 <=> s_3024 + s_3428
2373,r_2997,"PC (1-16:1, 2-16:1) diacylglycerol (1-18:0, 2-18:1) acyltransferase, ER membrane",-1000.0,1000.0,Glycerolipid metabolism,False,YNR008W,s_2972 + s_3208 <=> s_3024 + s_3429
2374,r_2998,"PC (1-18:0, 2-16:1) diacylglycerol (1-18:0, 2-18:1) acyltransferase, ER membrane",-1000.0,1000.0,Glycerolipid metabolism,False,YNR008W,s_2972 + s_3209 <=> s_3024 + s_3430
2375,r_2999,"PC (1-18:1, 2-16:1) diacylglycerol (1-18:0, 2-18:1) acyltransferase, ER membrane",-1000.0,1000.0,Glycerolipid metabolism,False,YNR008W,s_2972 + s_3210 <=> s_3024 + s_3431
2376,r_3000,"PC (1-16:0, 2-18:1) diacylglycerol (1-18:0, 2-18:1) acyltransferase, ER membrane",-1000.0,1000.0,Glycerolipid metabolism,False,YNR008W,s_2972 + s_3211 <=> s_3040 + s_3428
2377,r_3001,"PC (1-16:1, 2-18:1) diacylglycerol (1-18:0, 2-18:1) acyltransferase, ER membrane",-1000.0,1000.0,Glycerolipid metabolism,False,YNR008W,s_2972 + s_3212 <=> s_3040 + s_3429
2378,r_3002,"PC (1-18:0, 2-18:1) diacylglycerol (1-18:0, 2-18:1) acyltransferase, ER membrane",-1000.0,1000.0,Glycerolipid metabolism,False,YNR008W,s_2972 + s_3213 <=> s_3040 + s_3430
2379,r_3003,"PC (1-18:1, 2-18:1) diacylglycerol (1-18:0, 2-18:1) acyltransferase, ER membrane",-1000.0,1000.0,Glycerolipid metabolism,False,YNR008W,s_2972 + s_3214 <=> s_3040 + s_3431
2380,r_3004,"PC (1-16:0, 2-16:1) diacylglycerol (1-18:1, 2-18:1) acyltransferase, ER membrane",-1000.0,1000.0,Glycerolipid metabolism,False,YNR008W,s_2974 + s_3207 <=> s_3026 + s_3428
2381,r_3005,"PC (1-16:1, 2-16:1) diacylglycerol (1-18:1, 2-18:1) acyltransferase, ER membrane",-1000.0,1000.0,Glycerolipid metabolism,False,YNR008W,s_2974 + s_3208 <=> s_3026 + s_3429
2382,r_3006,"PC (1-18:0, 2-16:1) diacylglycerol (1-18:1, 2-18:1) acyltransferase, ER membrane",-1000.0,1000.0,Glycerolipid metabolism,False,YNR008W,s_2974 + s_3209 <=> s_3026 + s_3430
2383,r_3007,"PC (1-18:1, 2-16:1) diacylglycerol (1-18:1, 2-18:1) acyltransferase, ER membrane",-1000.0,1000.0,Glycerolipid metabolism,False,YNR008W,s_2974 + s_3210 <=> s_3026 + s_3431
2384,r_3008,"PC (1-16:0, 2-18:1) diacylglycerol (1-18:1, 2-18:1) acyltransferase, ER membrane",-1000.0,1000.0,Glycerolipid metabolism,False,YNR008W,s_2974 + s_3211 <=> s_3042 + s_3428
2385,r_3009,"PC (1-16:1, 2-18:1) diacylglycerol (1-18:1, 2-18:1) acyltransferase, ER membrane",-1000.0,1000.0,Glycerolipid metabolism,False,YNR008W,s_2974 + s_3212 <=> s_3042 + s_3429
2386,r_3010,"PC (1-18:0, 2-18:1) diacylglycerol (1-18:1, 2-18:1) acyltransferase, ER membrane",-1000.0,1000.0,Glycerolipid metabolism,False,YNR008W,s_2974 + s_3213 <=> s_3042 + s_3430
2387,r_3011,"PC (1-18:1, 2-18:1) diacylglycerol (1-18:1, 2-18:1) acyltransferase, ER membrane",-1000.0,1000.0,Glycerolipid metabolism,False,YNR008W,s_2974 + s_3214 <=> s_3042 + s_3431
2388,r_3022,"PC phospholipase B (1-16:0, 2-16:1), ER membrane",0.0,1000.0,Glycerophospholipid metabolism,False,YML059C,s_2808 + s_3207 --> s_2783 + s_2837 + s_3428
2389,r_3023,"PC phospholipase B (1-16:1, 2-16:1), ER membrane",0.0,1000.0,Glycerophospholipid metabolism,False,YML059C,s_2808 + s_3208 --> s_2783 + s_2837 + s_3429
2390,r_3024,"PC phospholipase B (1-18:0, 2-16:1), ER membrane",0.0,1000.0,Glycerophospholipid metabolism,False,YML059C,s_2808 + s_3209 --> s_2783 + s_2837 + s_3430
2391,r_3025,"PC phospholipase B (1-18:1, 2-16:1), ER membrane",0.0,1000.0,Glycerophospholipid metabolism,False,YML059C,s_2808 + s_3210 --> s_2783 + s_2837 + s_3431
2392,r_3026,"PC phospholipase B (1-16:0, 2-18:1), ER membrane",0.0,1000.0,Glycerophospholipid metabolism,False,YML059C,s_2808 + s_3211 --> s_2783 + s_2839 + s_3428
2393,r_3027,"PC phospholipase B (1-16:1, 2-18:1), ER membrane",0.0,1000.0,Glycerophospholipid metabolism,False,YML059C,s_2808 + s_3212 --> s_2783 + s_2839 + s_3429
2394,r_3028,"PC phospholipase B (1-18:0, 2-18:1), ER membrane",0.0,1000.0,Glycerophospholipid metabolism,False,YML059C,s_2808 + s_3213 --> s_2783 + s_2839 + s_3430
2395,r_3029,"PC phospholipase B (1-18:1, 2-18:1), ER membrane",0.0,1000.0,Glycerophospholipid metabolism,False,YML059C,s_2808 + s_3214 --> s_2783 + s_2839 + s_3431
2396,r_3030,"LPC phospholipase B (16:0), ER membrane",0.0,1000.0,Glycerophospholipid metabolism,False,YML059C,s_2808 + s_3428 --> s_2783 + s_2836 + s_3447
2397,r_3031,"LPC phospholipase B (16:1), ER membrane",0.0,1000.0,Glycerophospholipid metabolism,False,YML059C,s_2808 + s_3429 --> s_2783 + s_2837 + s_3447
2398,r_3032,"LPC phospholipase B (18:0), ER membrane",0.0,1000.0,Glycerophospholipid metabolism,False,YML059C,s_2808 + s_3430 --> s_2783 + s_2838 + s_3447
2399,r_3033,"LPC phospholipase B (18:1), ER membrane",0.0,1000.0,Glycerophospholipid metabolism,False,YML059C,s_2808 + s_3431 --> s_2783 + s_2839 + s_3447
2400,r_3034,"PC phospholipase B (1-16:0, 2-16:1), cell envelope",0.0,1000.0,Glycerophospholipid metabolism,False,YMR008C,s_3448 + s_3449 --> s_0793 + s_3450 + s_3451
2401,r_3035,"PC phospholipase B (1-16:1, 2-16:1), cell envelope",0.0,1000.0,Glycerophospholipid metabolism,False,YMR008C,s_3449 + s_3452 --> s_0793 + s_3451 + s_3453
2402,r_3036,"PC phospholipase B (1-18:0, 2-16:1), cell envelope",0.0,1000.0,Glycerophospholipid metabolism,False,YMR008C,s_3449 + s_3454 --> s_0793 + s_3451 + s_3455
2403,r_3037,"PC phospholipase B (1-18:1, 2-16:1), cell envelope",0.0,1000.0,Glycerophospholipid metabolism,False,YMR008C,s_3449 + s_3456 --> s_0793 + s_3451 + s_3457
2404,r_3038,"PC phospholipase B (1-16:0, 2-18:1), cell envelope",0.0,1000.0,Glycerophospholipid metabolism,False,YMR008C,s_3449 + s_3458 --> s_0793 + s_3450 + s_3459
2405,r_3039,"PC phospholipase B (1-16:1, 2-18:1), cell envelope",0.0,1000.0,Glycerophospholipid metabolism,False,YMR008C,s_3449 + s_3460 --> s_0793 + s_3453 + s_3459
2406,r_3040,"PC phospholipase B (1-18:0, 2-18:1), cell envelope",0.0,1000.0,Glycerophospholipid metabolism,False,YMR008C,s_3449 + s_3461 --> s_0793 + s_3455 + s_3459
2407,r_3041,"PC phospholipase B (1-18:1, 2-18:1), cell envelope",0.0,1000.0,Glycerophospholipid metabolism,False,YMR008C,s_3449 + s_3462 --> s_0793 + s_3457 + s_3459
2408,r_3042,"LPC phospholipase B (16:0), cell envelope",0.0,1000.0,Glycerophospholipid metabolism,False,YMR008C,s_3449 + s_3450 --> s_0793 + s_1432 + s_3463
2409,r_3043,"LPC phospholipase B (16:1), cell envelope",0.0,1000.0,Glycerophospholipid metabolism,False,YMR008C,s_3449 + s_3453 --> s_0793 + s_1432 + s_3451
2410,r_3044,"LPC phospholipase B (18:0), cell envelope",0.0,1000.0,Glycerophospholipid metabolism,False,YMR008C,s_3449 + s_3455 --> s_0793 + s_1432 + s_3464
2411,r_3045,"LPC phospholipase B (18:1), cell envelope",0.0,1000.0,Glycerophospholipid metabolism,False,YMR008C,s_3449 + s_3457 --> s_0793 + s_1432 + s_3459
2412,r_3046,"PE phospholipase B (1-16:0, 2-16:1), cell envelope",0.0,1000.0,Glycerophospholipid metabolism,False,YMR006C or YMR008C,s_3449 + s_3465 --> s_0793 + s_3451 + s_3466
2413,r_3047,"PE phospholipase B (1-16:1, 2-16:1), cell envelope",0.0,1000.0,Glycerophospholipid metabolism,False,YMR006C or YMR008C,s_3449 + s_3467 --> s_0793 + s_3451 + s_3468
2414,r_3048,"PE phospholipase B (1-18:0, 2-16:1), cell envelope",0.0,1000.0,Glycerophospholipid metabolism,False,YMR006C or YMR008C,s_3449 + s_3469 --> s_0793 + s_3451 + s_3470
2415,r_3049,"PE phospholipase B (1-18:1, 2-16:1), cell envelope",0.0,1000.0,Glycerophospholipid metabolism,False,YMR006C or YMR008C,s_3449 + s_3471 --> s_0793 + s_3451 + s_3472
2416,r_3050,"PE phospholipase B (1-16:0, 2-18:1), cell envelope",0.0,1000.0,Glycerophospholipid metabolism,False,YMR006C or YMR008C,s_3449 + s_3473 --> s_0793 + s_3459 + s_3466
2417,r_3051,"PE phospholipase B (1-16:1, 2-18:1), cell envelope",0.0,1000.0,Glycerophospholipid metabolism,False,YMR006C or YMR008C,s_3449 + s_3474 --> s_0793 + s_3459 + s_3468
2418,r_3052,"PE phospholipase B (1-18:0, 2-18:1), cell envelope",0.0,1000.0,Glycerophospholipid metabolism,False,YMR006C or YMR008C,s_3449 + s_3475 --> s_0793 + s_3459 + s_3470
2419,r_3053,"PE phospholipase B (1-18:1, 2-18:1), cell envelope",0.0,1000.0,Glycerophospholipid metabolism,False,YMR006C or YMR008C,s_3449 + s_3476 --> s_0793 + s_3459 + s_3472
2420,r_3054,"LPE phospholipase B (16:0), cell envelope",0.0,1000.0,Glycerophospholipid metabolism,False,YMR006C or YMR008C,s_3449 + s_3466 --> s_0793 + s_3463 + s_3477
2421,r_3055,"LPE phospholipase B (16:1), cell envelope",0.0,1000.0,Glycerophospholipid metabolism,False,YMR006C or YMR008C,s_3449 + s_3468 --> s_0793 + s_3451 + s_3477
2422,r_3056,"LPE phospholipase B (18:0), cell envelope",0.0,1000.0,Glycerophospholipid metabolism,False,YMR006C or YMR008C,s_3449 + s_3470 --> s_0793 + s_3464 + s_3477
2423,r_3057,"LPE phospholipase B (18:1), cell envelope",0.0,1000.0,Glycerophospholipid metabolism,False,YMR006C or YMR008C,s_3449 + s_3472 --> s_0793 + s_3459 + s_3477
2424,r_3058,"PS phospholipase B (1-16:0, 2-16:1), cell envelope",0.0,1000.0,Glycerophospholipid metabolism,False,YMR006C or YOL011W,s_3449 + s_3478 --> s_0793 + s_3451 + s_3479
2425,r_3059,"PS phospholipase B (1-16:1, 2-16:1), cell envelope",0.0,1000.0,Glycerophospholipid metabolism,False,YMR006C or YOL011W,s_3449 + s_3480 --> s_0793 + s_3451 + s_3481
2426,r_3060,"PS phospholipase B (1-18:0, 2-16:1), cell envelope",0.0,1000.0,Glycerophospholipid metabolism,False,YMR006C or YOL011W,s_3449 + s_3482 --> s_0793 + s_3451 + s_3483
2427,r_3061,"PS phospholipase B (1-18:1, 2-16:1), cell envelope",0.0,1000.0,Glycerophospholipid metabolism,False,YMR006C or YOL011W,s_3449 + s_3484 --> s_0793 + s_3451 + s_3485
2428,r_3062,"PS phospholipase B (1-16:0, 2-18:1), cell envelope",0.0,1000.0,Glycerophospholipid metabolism,False,YMR006C or YOL011W,s_3449 + s_3486 --> s_0793 + s_3459 + s_3479
2429,r_3063,"PS phospholipase B (1-16:1, 2-18:1), cell envelope",0.0,1000.0,Glycerophospholipid metabolism,False,YMR006C or YOL011W,s_3449 + s_3487 --> s_0793 + s_3459 + s_3481
2430,r_3064,"PS phospholipase B (1-18:0, 2-18:1), cell envelope",0.0,1000.0,Glycerophospholipid metabolism,False,YMR006C or YOL011W,s_3449 + s_3488 --> s_0793 + s_3459 + s_3483
2431,r_3065,"PS phospholipase B (1-18:1, 2-18:1), cell envelope",0.0,1000.0,Glycerophospholipid metabolism,False,YMR006C or YOL011W,s_3449 + s_3489 --> s_0793 + s_3459 + s_3485
2432,r_3066,"LPS phospholipase B (16:0), cell envelope",0.0,1000.0,Glycerophospholipid metabolism,False,YMR006C or YOL011W,s_3449 + s_3479 --> s_0793 + s_3463 + s_3490
2433,r_3067,"LPS phospholipase B (16:1), cell envelope",0.0,1000.0,Glycerophospholipid metabolism,False,YMR006C or YOL011W,s_3449 + s_3481 --> s_0793 + s_3451 + s_3490
2434,r_3068,"LPS phospholipase B (18:0), cell envelope",0.0,1000.0,Glycerophospholipid metabolism,False,YMR006C or YOL011W,s_3449 + s_3483 --> s_0793 + s_3464 + s_3490
2435,r_3069,"LPS phospholipase B (18:1), cell envelope",0.0,1000.0,Glycerophospholipid metabolism,False,YMR006C or YOL011W,s_3449 + s_3485 --> s_0793 + s_3459 + s_3490
2436,r_3070,"PI phospholipase B (1-16:0, 2-16:1), cell envelope",0.0,1000.0,Glycerophospholipid metabolism,False,YOL011W,s_3323 + s_3449 --> s_0793 + s_3451 + s_3491
2437,r_3071,"PI phospholipase B (1-16:1, 2-16:1), cell envelope",0.0,1000.0,Glycerophospholipid metabolism,False,YOL011W,s_3326 + s_3449 --> s_0793 + s_3451 + s_3492
2438,r_3072,"PI phospholipase B (1-18:0, 2-16:1), cell envelope",0.0,1000.0,Glycerophospholipid metabolism,False,YOL011W,s_3328 + s_3449 --> s_0793 + s_3451 + s_3493
2439,r_3073,"PI phospholipase B (1-18:1, 2-16:1), cell envelope",0.0,1000.0,Glycerophospholipid metabolism,False,YOL011W,s_3330 + s_3449 --> s_0793 + s_3451 + s_3494
2440,r_3074,"PI phospholipase B (1-16:0, 2-18:1), cell envelope",0.0,1000.0,Glycerophospholipid metabolism,False,YOL011W,s_3332 + s_3449 --> s_0793 + s_3459 + s_3491
2441,r_3075,"PI phospholipase B (1-16:1, 2-18:1), cell envelope",0.0,1000.0,Glycerophospholipid metabolism,False,YOL011W,s_3334 + s_3449 --> s_0793 + s_3459 + s_3492
2442,r_3076,"PI phospholipase B (1-18:0, 2-18:1), cell envelope",0.0,1000.0,Glycerophospholipid metabolism,False,YOL011W,s_3336 + s_3449 --> s_0793 + s_3459 + s_3493
2443,r_3077,"PI phospholipase B (1-18:1, 2-18:1), cell envelope",0.0,1000.0,Glycerophospholipid metabolism,False,YOL011W,s_3338 + s_3449 --> s_0793 + s_3459 + s_3494
2444,r_3078,"LPI phospholipase B (16:0), cell envelope",0.0,1000.0,Glycerophospholipid metabolism,False,YOL011W,s_3449 + s_3491 --> 2.0 s_0793 + s_3463 + s_3495
2445,r_3079,"LPI phospholipase B (16:1), cell envelope",0.0,1000.0,Glycerophospholipid metabolism,False,YOL011W,s_3449 + s_3492 --> 2.0 s_0793 + s_3451 + s_3495
2446,r_3080,"LPI phospholipase B (18:0), cell envelope",0.0,1000.0,Glycerophospholipid metabolism,False,YOL011W,s_3449 + s_3493 --> 2.0 s_0793 + s_3464 + s_3495
2447,r_3081,"LPI phospholipase B (18:1), cell envelope",0.0,1000.0,Glycerophospholipid metabolism,False,YOL011W,s_3449 + s_3494 --> 2.0 s_0793 + s_3459 + s_3495
2448,r_3082,"PI 4,5-P2 phospholipase C (1-16:0, 2-16:1), cytoplasm",0.0,1000.0,Inositol phosphate metabolism,False,YPL268W,s_0803 + s_3496 --> 6.0 s_0794 + s_3497 + s_3498
2449,r_3083,"PI 4,5-P2 phospholipase C (1-16:1, 2-16:1), cytoplasm",0.0,1000.0,Inositol phosphate metabolism,False,YPL268W,s_0803 + s_3499 --> 6.0 s_0794 + s_3498 + s_3500
2450,r_3084,"PI 4,5-P2 phospholipase C (1-18:0, 2-16:1), cytoplasm",0.0,1000.0,Inositol phosphate metabolism,False,YPL268W,s_0803 + s_3501 --> 6.0 s_0794 + s_3498 + s_3502
2451,r_3085,"PI 4,5-P2 phospholipase C (1-18:1, 2-16:1), cytoplasm",0.0,1000.0,Inositol phosphate metabolism,False,YPL268W,s_0803 + s_3503 --> 6.0 s_0794 + s_3498 + s_3504
2452,r_3086,"PI 4,5-P2 phospholipase C (1-16:0, 2-18:1), cytoplasm",0.0,1000.0,Inositol phosphate metabolism,False,YPL268W,s_0803 + s_3505 --> 6.0 s_0794 + s_3498 + s_3506
2453,r_3087,"PI 4,5-P2 phospholipase C (1-16:1, 2-18:1), cytoplasm",0.0,1000.0,Inositol phosphate metabolism,False,YPL268W,s_0803 + s_3507 --> 6.0 s_0794 + s_3498 + s_3508
2454,r_3088,"PI 4,5-P2 phospholipase C (1-18:0, 2-18:1), cytoplasm",0.0,1000.0,Inositol phosphate metabolism,False,YPL268W,s_0803 + s_3509 --> 6.0 s_0794 + s_3498 + s_3510
2455,r_3089,"PI 4,5-P2 phospholipase C (1-18:1, 2-18:1), cytoplasm",0.0,1000.0,Inositol phosphate metabolism,False,YPL268W,s_0803 + s_3511 --> 6.0 s_0794 + s_3498 + s_3512
2456,r_3090,"PI 4,5-P2 phospholipase C (1-16:0, 2-16:1), nucleus",0.0,1000.0,Inositol phosphate metabolism,False,YPL268W,s_0808 + s_3400 --> s_0125 + 6.0 s_0800 + s_3513
2457,r_3091,"PI 4,5-P2 phospholipase C (1-16:1, 2-16:1), nucleus",0.0,1000.0,Inositol phosphate metabolism,False,YPL268W,s_0808 + s_3401 --> s_0125 + 6.0 s_0800 + s_3514
2458,r_3092,"PI 4,5-P2 phospholipase C (1-18:0, 2-16:1), nucleus",0.0,1000.0,Inositol phosphate metabolism,False,YPL268W,s_0808 + s_3402 --> s_0125 + 6.0 s_0800 + s_3515
2459,r_3093,"PI 4,5-P2 phospholipase C (1-18:1, 2-16:1), nucleus",0.0,1000.0,Inositol phosphate metabolism,False,YPL268W,s_0808 + s_3403 --> s_0125 + 6.0 s_0800 + s_3516
2460,r_3094,"PI 4,5-P2 phospholipase C (1-16:0, 2-18:1), nucleus",0.0,1000.0,Inositol phosphate metabolism,False,YPL268W,s_0808 + s_3404 --> s_0125 + 6.0 s_0800 + s_3517
2461,r_3095,"PI 4,5-P2 phospholipase C (1-16:1, 2-18:1), nucleus",0.0,1000.0,Inositol phosphate metabolism,False,YPL268W,s_0808 + s_3405 --> s_0125 + 6.0 s_0800 + s_3518
2462,r_3096,"PI 4,5-P2 phospholipase C (1-18:0, 2-18:1), nucleus",0.0,1000.0,Inositol phosphate metabolism,False,YPL268W,s_0808 + s_3406 --> s_0125 + 6.0 s_0800 + s_3519
2463,r_3097,"PI 4,5-P2 phospholipase C (1-18:1, 2-18:1), nucleus",0.0,1000.0,Inositol phosphate metabolism,False,YPL268W,s_0808 + s_3407 --> s_0125 + 6.0 s_0800 + s_3520
2464,r_3098,"PG phospholipase C (1-16:0, 2-16:1), mitochondrial membrane",0.0,1000.0,Glycerophospholipid metabolism,False,YPL206C,s_3226 + s_3227 --> 2.0 s_3094 + s_3218 + s_3521
2465,r_3099,"PG phospholipase C (1-16:1, 2-16:1), mitochondrial membrane",0.0,1000.0,Glycerophospholipid metabolism,False,YPL206C,s_3226 + s_3229 --> 2.0 s_3094 + s_3218 + s_3522
2466,r_3100,"PG phospholipase C (1-18:0, 2-16:1), mitochondrial membrane",0.0,1000.0,Glycerophospholipid metabolism,False,YPL206C,s_3226 + s_3230 --> 2.0 s_3094 + s_3218 + s_3523
2467,r_3101,"PG phospholipase C (1-18:1, 2-16:1), mitochondrial membrane",0.0,1000.0,Glycerophospholipid metabolism,False,YPL206C,s_3226 + s_3231 --> 2.0 s_3094 + s_3218 + s_3524
2468,r_3102,"PG phospholipase C (1-16:0, 2-18:1), mitochondrial membrane",0.0,1000.0,Glycerophospholipid metabolism,False,YPL206C,s_3226 + s_3232 --> 2.0 s_3094 + s_3218 + s_3525
2469,r_3103,"PG phospholipase C (1-16:1, 2-18:1), mitochondrial membrane",0.0,1000.0,Glycerophospholipid metabolism,False,YPL206C,s_3226 + s_3233 --> 2.0 s_3094 + s_3218 + s_3526
2470,r_3104,"PC phospholipase D (1-16:0, 2-16:1), cell envelope",0.0,1000.0,Glycerophospholipid metabolism,False,YKR031C,s_0793 + s_3448 + s_3449 --> s_0511 + s_3527
2471,r_3105,"PC phospholipase D (1-16:1, 2-16:1), cell envelope",0.0,1000.0,Glycerophospholipid metabolism,False,YKR031C,s_0793 + s_3449 + s_3452 --> s_0511 + s_3528
2472,r_3106,"PC phospholipase D (1-18:0, 2-16:1), cell envelope",0.0,1000.0,Glycerophospholipid metabolism,False,YKR031C,s_0793 + s_3449 + s_3454 --> s_0511 + s_3529
2473,r_3107,"PC phospholipase D (1-18:1, 2-16:1), cell envelope",0.0,1000.0,Glycerophospholipid metabolism,False,YKR031C,s_0793 + s_3449 + s_3456 --> s_0511 + s_3530
2474,r_3108,"PC phospholipase D (1-16:0, 2-18:1), cell envelope",0.0,1000.0,Glycerophospholipid metabolism,False,YKR031C,s_0793 + s_3449 + s_3458 --> s_0511 + s_3531
2475,r_3109,"PC phospholipase D (1-16:1, 2-18:1), cell envelope",0.0,1000.0,Glycerophospholipid metabolism,False,YKR031C,s_0793 + s_3449 + s_3460 --> s_0511 + s_3532
2476,r_3110,"PC phospholipase D (1-18:0, 2-18:1), cell envelope",0.0,1000.0,Glycerophospholipid metabolism,False,YKR031C,s_0793 + s_3449 + s_3461 --> s_0511 + s_3533
2477,r_3111,"PC phospholipase D (1-18:1, 2-18:1), cell envelope",0.0,1000.0,Glycerophospholipid metabolism,False,YKR031C,s_0793 + s_3449 + s_3462 --> s_0511 + s_3534
2478,r_3112,"PI 3-P phosphatase (1-16:0, 2-16:1), cell envelope",0.0,1000.0,Inositol phosphate metabolism,False,YNL106C or YOR109W,s_3449 + s_3535 --> 2.0 s_0793 + s_3323 + s_3536
2479,r_3113,"PI 3-P phosphatase (1-16:1, 2-16:1), cell envelope",0.0,1000.0,Inositol phosphate metabolism,False,YNL106C or YOR109W,s_3449 + s_3537 --> 2.0 s_0793 + s_3326 + s_3536
2480,r_3114,"PI 3-P phosphatase (1-18:0, 2-16:1), cell envelope",0.0,1000.0,Inositol phosphate metabolism,False,YNL106C or YOR109W,s_3449 + s_3538 --> 2.0 s_0793 + s_3328 + s_3536
2481,r_3115,"PI 3-P phosphatase (1-18:1, 2-16:1), cell envelope",0.0,1000.0,Inositol phosphate metabolism,False,YNL106C or YOR109W,s_3449 + s_3539 --> 2.0 s_0793 + s_3330 + s_3536
2482,r_3116,"PI 3-P phosphatase (1-16:0, 2-18:1), cell envelope",0.0,1000.0,Inositol phosphate metabolism,False,YNL106C or YOR109W,s_3449 + s_3540 --> 2.0 s_0793 + s_3332 + s_3536
2483,r_3117,"PI 3-P phosphatase (1-16:1, 2-18:1), cell envelope",0.0,1000.0,Inositol phosphate metabolism,False,YNL106C or YOR109W,s_3449 + s_3541 --> 2.0 s_0793 + s_3334 + s_3536
2484,r_3118,"PI 3-P phosphatase (1-18:0, 2-18:1), cell envelope",0.0,1000.0,Inositol phosphate metabolism,False,YNL106C or YOR109W,s_3449 + s_3542 --> 2.0 s_0793 + s_3336 + s_3536
2485,r_3119,"PI 3-P phosphatase (1-18:1, 2-18:1), cell envelope",0.0,1000.0,Inositol phosphate metabolism,False,YNL106C or YOR109W,s_3449 + s_3543 --> 2.0 s_0793 + s_3338 + s_3536
2486,r_3120,"PI 3-P phosphatase (1-16:0, 2-16:1), cytoplasm",0.0,1000.0,Inositol phosphate metabolism,False,YJR110W or YNL106C or YOR109W,s_0803 + s_3544 --> 2.0 s_0794 + s_1322 + s_3545
2487,r_3121,"PI 3-P phosphatase (1-16:1, 2-16:1), cytoplasm",0.0,1000.0,Inositol phosphate metabolism,False,YJR110W or YNL106C or YOR109W,s_0803 + s_3546 --> 2.0 s_0794 + s_1322 + s_3547
2488,r_3122,"PI 3-P phosphatase (1-18:0, 2-16:1), cytoplasm",0.0,1000.0,Inositol phosphate metabolism,False,YJR110W or YNL106C or YOR109W,s_0803 + s_3548 --> 2.0 s_0794 + s_1322 + s_3549
2489,r_3123,"PI 3-P phosphatase (1-18:1, 2-16:1), cytoplasm",0.0,1000.0,Inositol phosphate metabolism,False,YJR110W or YNL106C or YOR109W,s_0803 + s_3550 --> 2.0 s_0794 + s_1322 + s_3551
2490,r_3124,"PI 3-P phosphatase (1-16:0, 2-18:1), cytoplasm",0.0,1000.0,Inositol phosphate metabolism,False,YJR110W or YNL106C or YOR109W,s_0803 + s_3552 --> 2.0 s_0794 + s_1322 + s_3553
2491,r_3125,"PI 3-P phosphatase (1-16:1, 2-18:1), cytoplasm",0.0,1000.0,Inositol phosphate metabolism,False,YJR110W or YNL106C or YOR109W,s_0803 + s_3554 --> 2.0 s_0794 + s_1322 + s_3555
2492,r_3126,"PI 3-P phosphatase (1-18:0, 2-18:1), cytoplasm",0.0,1000.0,Inositol phosphate metabolism,False,YJR110W or YNL106C or YOR109W,s_0803 + s_3556 --> 2.0 s_0794 + s_1322 + s_3557
2493,r_3127,"PI 3-P phosphatase (1-18:1, 2-18:1), cytoplasm",0.0,1000.0,Inositol phosphate metabolism,False,YJR110W or YNL106C or YOR109W,s_0803 + s_3558 --> 2.0 s_0794 + s_1322 + s_3559
2494,r_3128,"PI 3-P phosphatase (1-16:0, 2-16:1), ER membrane",0.0,1000.0,Inositol phosphate metabolism,False,YKL212W,s_2808 + s_3560 --> 2.0 s_2783 + s_2966 + s_3118
2495,r_3129,"PI 3-P phosphatase (1-16:1, 2-16:1), ER membrane",0.0,1000.0,Inositol phosphate metabolism,False,YKL212W,s_2808 + s_3561 --> 2.0 s_2783 + s_2966 + s_3119
2496,r_3130,"PI 3-P phosphatase (1-18:0, 2-16:1), ER membrane",0.0,1000.0,Inositol phosphate metabolism,False,YKL212W,s_2808 + s_3562 --> 2.0 s_2783 + s_2966 + s_3120
2497,r_3131,"PI 3-P phosphatase (1-18:1, 2-16:1), ER membrane",0.0,1000.0,Inositol phosphate metabolism,False,YKL212W,s_2808 + s_3563 --> 2.0 s_2783 + s_2966 + s_3121
2498,r_3132,"PI 3-P phosphatase (1-16:0, 2-18:1), ER membrane",0.0,1000.0,Inositol phosphate metabolism,False,YKL212W,s_2808 + s_3564 --> 2.0 s_2783 + s_2966 + s_3122
2499,r_3133,"PI 3-P phosphatase (1-16:1, 2-18:1), ER membrane",0.0,1000.0,Inositol phosphate metabolism,False,YKL212W,s_2808 + s_3565 --> 2.0 s_2783 + s_2966 + s_3123
2500,r_3134,"PI 3-P phosphatase (1-18:0, 2-18:1), ER membrane",0.0,1000.0,Inositol phosphate metabolism,False,YKL212W,s_2808 + s_3566 --> 2.0 s_2783 + s_2966 + s_3124
2501,r_3135,"PI 3-P phosphatase (1-18:1, 2-18:1), ER membrane",0.0,1000.0,Inositol phosphate metabolism,False,YKL212W,s_2808 + s_3567 --> 2.0 s_2783 + s_2966 + s_3125
2502,r_3136,"PI 3-P phosphatase (1-16:0, 2-16:1), Golgi membrane",0.0,1000.0,Inositol phosphate metabolism,False,YKL212W,s_2994 + s_3568 --> s_2995 + 2.0 s_3146 + s_3358
2503,r_3137,"PI 3-P phosphatase (1-16:1, 2-16:1), Golgi membrane",0.0,1000.0,Inositol phosphate metabolism,False,YKL212W,s_2994 + s_3569 --> s_2995 + 2.0 s_3146 + s_3362
2504,r_3138,"PI 3-P phosphatase (1-18:0, 2-16:1), Golgi membrane",0.0,1000.0,Inositol phosphate metabolism,False,YKL212W,s_2994 + s_3570 --> s_2995 + 2.0 s_3146 + s_3364
2505,r_3139,"PI 3-P phosphatase (1-18:1, 2-16:1), Golgi membrane",0.0,1000.0,Inositol phosphate metabolism,False,YKL212W,s_2994 + s_3571 --> s_2995 + 2.0 s_3146 + s_3366
2506,r_3140,"PI 3-P phosphatase (1-16:0, 2-18:1), Golgi membrane",0.0,1000.0,Inositol phosphate metabolism,False,YKL212W,s_2994 + s_3572 --> s_2995 + 2.0 s_3146 + s_3368
2507,r_3141,"PI 3-P phosphatase (1-16:1, 2-18:1), Golgi membrane",0.0,1000.0,Inositol phosphate metabolism,False,YKL212W,s_2994 + s_3573 --> s_2995 + 2.0 s_3146 + s_3370
2508,r_3142,"PI 3-P phosphatase (1-18:0, 2-18:1), Golgi membrane",0.0,1000.0,Inositol phosphate metabolism,False,YKL212W,s_2994 + s_3574 --> s_2995 + 2.0 s_3146 + s_3372
2509,r_3143,"PI 3-P phosphatase (1-18:1, 2-18:1), Golgi membrane",0.0,1000.0,Inositol phosphate metabolism,False,YKL212W,s_2994 + s_3575 --> s_2995 + 2.0 s_3146 + s_3374
2510,r_3144,"PI 4-P phosphatase (1-16:0, 2-16:1), cell envelope",0.0,1000.0,Inositol phosphate metabolism,False,YNL106C or YOR109W,s_3325 + s_3449 --> 2.0 s_0793 + s_3323 + s_3536
2511,r_3145,"PI 4-P phosphatase (1-16:1, 2-16:1), cell envelope",0.0,1000.0,Inositol phosphate metabolism,False,YNL106C or YOR109W,s_3327 + s_3449 --> 2.0 s_0793 + s_3326 + s_3536
2512,r_3146,"PI 4-P phosphatase (1-18:0, 2-16:1), cell envelope",0.0,1000.0,Inositol phosphate metabolism,False,YNL106C or YOR109W,s_3329 + s_3449 --> 2.0 s_0793 + s_3328 + s_3536
2513,r_3147,"PI 4-P phosphatase (1-18:1, 2-16:1), cell envelope",0.0,1000.0,Inositol phosphate metabolism,False,YNL106C or YOR109W,s_3331 + s_3449 --> 2.0 s_0793 + s_3330 + s_3536
2514,r_3148,"PI 4-P phosphatase (1-16:0, 2-18:1), cell envelope",0.0,1000.0,Inositol phosphate metabolism,False,YNL106C or YOR109W,s_3333 + s_3449 --> 2.0 s_0793 + s_3332 + s_3536
2515,r_3149,"PI 4-P phosphatase (1-16:1, 2-18:1), cell envelope",0.0,1000.0,Inositol phosphate metabolism,False,YNL106C or YOR109W,s_3335 + s_3449 --> 2.0 s_0793 + s_3334 + s_3536
2516,r_3150,"PI 4-P phosphatase (1-18:0, 2-18:1), cell envelope",0.0,1000.0,Inositol phosphate metabolism,False,YNL106C or YOR109W,s_3337 + s_3449 --> 2.0 s_0793 + s_3336 + s_3536
2517,r_3151,"PI 4-P phosphatase (1-18:1, 2-18:1), cell envelope",0.0,1000.0,Inositol phosphate metabolism,False,YNL106C or YOR109W,s_3339 + s_3449 --> 2.0 s_0793 + s_3338 + s_3536
2518,r_3152,"PI 4-P phosphatase (1-16:0, 2-16:1), cytoplasm",0.0,1000.0,Inositol phosphate metabolism,False,YNL106C or YOR109W,s_0803 + s_3576 --> 2.0 s_0794 + s_1322 + s_3545
2519,r_3153,"PI 4-P phosphatase (1-16:1, 2-16:1), cytoplasm",0.0,1000.0,Inositol phosphate metabolism,False,YNL106C or YOR109W,s_0803 + s_3577 --> 2.0 s_0794 + s_1322 + s_3547
2520,r_3154,"PI 4-P phosphatase (1-18:0, 2-16:1), cytoplasm",0.0,1000.0,Inositol phosphate metabolism,False,YNL106C or YOR109W,s_0803 + s_3578 --> 2.0 s_0794 + s_1322 + s_3549
2521,r_3155,"PI 4-P phosphatase (1-18:1, 2-16:1), cytoplasm",0.0,1000.0,Inositol phosphate metabolism,False,YNL106C or YOR109W,s_0803 + s_3579 --> 2.0 s_0794 + s_1322 + s_3551
2522,r_3156,"PI 4-P phosphatase (1-16:0, 2-18:1), cytoplasm",0.0,1000.0,Inositol phosphate metabolism,False,YNL106C or YOR109W,s_0803 + s_3580 --> 2.0 s_0794 + s_1322 + s_3553
2523,r_3157,"PI 4-P phosphatase (1-16:1, 2-18:1), cytoplasm",0.0,1000.0,Inositol phosphate metabolism,False,YNL106C or YOR109W,s_0803 + s_3581 --> 2.0 s_0794 + s_1322 + s_3555
2524,r_3158,"PI 4-P phosphatase (1-18:0, 2-18:1), cytoplasm",0.0,1000.0,Inositol phosphate metabolism,False,YNL106C or YOR109W,s_0803 + s_3582 --> 2.0 s_0794 + s_1322 + s_3557
2525,r_3159,"PI 4-P phosphatase (1-18:1, 2-18:1), cytoplasm",0.0,1000.0,Inositol phosphate metabolism,False,YNL106C or YOR109W,s_0803 + s_3583 --> 2.0 s_0794 + s_1322 + s_3559
2526,r_3160,"PI 4-P phosphatase (1-16:0, 2-16:1), ER membrane",0.0,1000.0,Inositol phosphate metabolism,False,YKL212W,s_2808 + s_3584 --> 2.0 s_2783 + s_2966 + s_3118
2527,r_3161,"PI 4-P phosphatase (1-16:1, 2-16:1), ER membrane",0.0,1000.0,Inositol phosphate metabolism,False,YKL212W,s_2808 + s_3585 --> 2.0 s_2783 + s_2966 + s_3119
2528,r_3162,"PI 4-P phosphatase (1-18:0, 2-16:1), ER membrane",0.0,1000.0,Inositol phosphate metabolism,False,YKL212W,s_2808 + s_3586 --> 2.0 s_2783 + s_2966 + s_3120
2529,r_3163,"PI 4-P phosphatase (1-18:1, 2-16:1), ER membrane",0.0,1000.0,Inositol phosphate metabolism,False,YKL212W,s_2808 + s_3587 --> 2.0 s_2783 + s_2966 + s_3121
2530,r_3164,"PI 4-P phosphatase (1-16:0, 2-18:1), ER membrane",0.0,1000.0,Inositol phosphate metabolism,False,YKL212W,s_2808 + s_3588 --> 2.0 s_2783 + s_2966 + s_3122
2531,r_3165,"PI 4-P phosphatase (1-16:1, 2-18:1), ER membrane",0.0,1000.0,Inositol phosphate metabolism,False,YKL212W,s_2808 + s_3589 --> 2.0 s_2783 + s_2966 + s_3123
2532,r_3166,"PI 4-P phosphatase (1-18:0, 2-18:1), ER membrane",0.0,1000.0,Inositol phosphate metabolism,False,YKL212W,s_2808 + s_3590 --> 2.0 s_2783 + s_2966 + s_3124
2533,r_3167,"PI 4-P phosphatase (1-18:1, 2-18:1), ER membrane",0.0,1000.0,Inositol phosphate metabolism,False,YKL212W,s_2808 + s_3591 --> 2.0 s_2783 + s_2966 + s_3125
2534,r_3168,"PI 4-P phosphatase (1-16:0, 2-16:1), Golgi membrane",0.0,1000.0,Inositol phosphate metabolism,False,YKL212W,s_2994 + s_3361 --> s_2995 + 2.0 s_3146 + s_3358
2535,r_3169,"PI 4-P phosphatase (1-16:1, 2-16:1), Golgi membrane",0.0,1000.0,Inositol phosphate metabolism,False,YKL212W,s_2994 + s_3363 --> s_2995 + 2.0 s_3146 + s_3362
2536,r_3170,"PI 4-P phosphatase (1-18:0, 2-16:1), Golgi membrane",0.0,1000.0,Inositol phosphate metabolism,False,YKL212W,s_2994 + s_3365 --> s_2995 + 2.0 s_3146 + s_3364
2537,r_3171,"PI 4-P phosphatase (1-18:1, 2-16:1), Golgi membrane",0.0,1000.0,Inositol phosphate metabolism,False,YKL212W,s_2994 + s_3367 --> s_2995 + 2.0 s_3146 + s_3366
2538,r_3172,"PI 4-P phosphatase (1-16:0, 2-18:1), Golgi membrane",0.0,1000.0,Inositol phosphate metabolism,False,YKL212W,s_2994 + s_3369 --> s_2995 + 2.0 s_3146 + s_3368
2539,r_3173,"PI 4-P phosphatase (1-16:1, 2-18:1), Golgi membrane",0.0,1000.0,Inositol phosphate metabolism,False,YKL212W,s_2994 + s_3371 --> s_2995 + 2.0 s_3146 + s_3370
2540,r_3174,"PI 4-P phosphatase (1-18:0, 2-18:1), Golgi membrane",0.0,1000.0,Inositol phosphate metabolism,False,YKL212W,s_2994 + s_3373 --> s_2995 + 2.0 s_3146 + s_3372
2541,r_3175,"PI 4-P phosphatase (1-18:1, 2-18:1), Golgi membrane",0.0,1000.0,Inositol phosphate metabolism,False,YKL212W,s_2994 + s_3375 --> s_2995 + 2.0 s_3146 + s_3374
2542,r_3176,"PI 3,5-P2 phosphatase (1-16:0, 2-16:1), cell envelope",0.0,1000.0,Inositol phosphate metabolism,False,YNL106C or YOR109W,s_3449 + s_3592 --> 2.0 s_0793 + s_3535 + s_3536
2543,r_3177,"PI 3,5-P2 phosphatase (1-16:1, 2-16:1), cell envelope",0.0,1000.0,Inositol phosphate metabolism,False,YNL106C or YOR109W,s_3449 + s_3593 --> 2.0 s_0793 + s_3536 + s_3537
2544,r_3178,"PI 3,5-P2 phosphatase (1-18:0, 2-16:1), cell envelope",0.0,1000.0,Inositol phosphate metabolism,False,YNL106C or YOR109W,s_3449 + s_3594 --> 2.0 s_0793 + s_3536 + s_3538
2545,r_3179,"PI 3,5-P2 phosphatase (1-18:1, 2-16:1), cell envelope",0.0,1000.0,Inositol phosphate metabolism,False,YNL106C or YOR109W,s_3449 + s_3595 --> 2.0 s_0793 + s_3536 + s_3539
2546,r_3180,"PI 3,5-P2 phosphatase (1-16:0, 2-18:1), cell envelope",0.0,1000.0,Inositol phosphate metabolism,False,YNL106C or YOR109W,s_3449 + s_3596 --> 2.0 s_0793 + s_3536 + s_3540
2547,r_3181,"PI 3,5-P2 phosphatase (1-16:1, 2-18:1), cell envelope",0.0,1000.0,Inositol phosphate metabolism,False,YNL106C or YOR109W,s_3449 + s_3597 --> 2.0 s_0793 + s_3536 + s_3541
2548,r_3182,"PI 3,5-P2 phosphatase (1-18:0, 2-18:1), cell envelope",0.0,1000.0,Inositol phosphate metabolism,False,YNL106C or YOR109W,s_3449 + s_3598 --> 2.0 s_0793 + s_3536 + s_3542
2549,r_3183,"PI 3,5-P2 phosphatase (1-18:1, 2-18:1), cell envelope",0.0,1000.0,Inositol phosphate metabolism,False,YNL106C or YOR109W,s_3449 + s_3599 --> 2.0 s_0793 + s_3536 + s_3543
2550,r_3184,"PI 3,5-P2 phosphatase (1-16:0, 2-16:1), cytoplasm",0.0,1000.0,Inositol phosphate metabolism,False,YNL106C or YOR109W,s_0803 + s_3600 --> 2.0 s_0794 + s_1322 + s_3544
2551,r_3185,"PI 3,5-P2 phosphatase (1-16:1, 2-16:1), cytoplasm",0.0,1000.0,Inositol phosphate metabolism,False,YNL106C or YOR109W,s_0803 + s_3601 --> 2.0 s_0794 + s_1322 + s_3546
2552,r_3186,"PI 3,5-P2 phosphatase (1-18:0, 2-16:1), cytoplasm",0.0,1000.0,Inositol phosphate metabolism,False,YNL106C or YOR109W,s_0803 + s_3602 --> 2.0 s_0794 + s_1322 + s_3548
2553,r_3187,"PI 3,5-P2 phosphatase (1-18:1, 2-16:1), cytoplasm",0.0,1000.0,Inositol phosphate metabolism,False,YNL106C or YOR109W,s_0803 + s_3603 --> 2.0 s_0794 + s_1322 + s_3550
2554,r_3188,"PI 3,5-P2 phosphatase (1-16:0, 2-18:1), cytoplasm",0.0,1000.0,Inositol phosphate metabolism,False,YNL106C or YOR109W,s_0803 + s_3604 --> 2.0 s_0794 + s_1322 + s_3552
2555,r_3189,"PI 3,5-P2 phosphatase (1-16:1, 2-18:1), cytoplasm",0.0,1000.0,Inositol phosphate metabolism,False,YNL106C or YOR109W,s_0803 + s_3605 --> 2.0 s_0794 + s_1322 + s_3554
2556,r_3190,"PI 3,5-P2 phosphatase (1-18:0, 2-18:1), cytoplasm",0.0,1000.0,Inositol phosphate metabolism,False,YNL106C or YOR109W,s_0803 + s_3606 --> 2.0 s_0794 + s_1322 + s_3556
2557,r_3191,"PI 3,5-P2 phosphatase (1-18:1, 2-18:1), cytoplasm",0.0,1000.0,Inositol phosphate metabolism,False,YNL106C or YOR109W,s_0803 + s_3607 --> 2.0 s_0794 + s_1322 + s_3558
2558,r_3192,"PI 4,5-P2 phosphatase (1-16:0, 2-16:1), cell envelope",0.0,1000.0,Inositol phosphate metabolism,False,YIL002C or YNL106C or YOR109W,s_3408 + s_3449 --> 2.0 s_0793 + s_3325 + s_3536
2559,r_3193,"PI 4,5-P2 phosphatase (1-16:1, 2-16:1), cell envelope",0.0,1000.0,Inositol phosphate metabolism,False,YIL002C or YNL106C or YOR109W,s_3409 + s_3449 --> 2.0 s_0793 + s_3327 + s_3536
2560,r_3194,"PI 4,5-P2 phosphatase (1-18:0, 2-16:1), cell envelope",0.0,1000.0,Inositol phosphate metabolism,False,YIL002C or YNL106C or YOR109W,s_3410 + s_3449 --> 2.0 s_0793 + s_3329 + s_3536
2561,r_3195,"PI 4,5-P2 phosphatase (1-18:1, 2-16:1), cell envelope",0.0,1000.0,Inositol phosphate metabolism,False,YIL002C or YNL106C or YOR109W,s_3411 + s_3449 --> 2.0 s_0793 + s_3331 + s_3536
2562,r_3196,"PI 4,5-P2 phosphatase (1-16:0, 2-18:1), cell envelope",0.0,1000.0,Inositol phosphate metabolism,False,YIL002C or YNL106C or YOR109W,s_3412 + s_3449 --> 2.0 s_0793 + s_3333 + s_3536
2563,r_3197,"PI 4,5-P2 phosphatase (1-16:1, 2-18:1), cell envelope",0.0,1000.0,Inositol phosphate metabolism,False,YIL002C or YNL106C or YOR109W,s_3413 + s_3449 --> 2.0 s_0793 + s_3335 + s_3536
2564,r_3198,"PI 4,5-P2 phosphatase (1-18:0, 2-18:1), cell envelope",0.0,1000.0,Inositol phosphate metabolism,False,YIL002C or YNL106C or YOR109W,s_3414 + s_3449 --> 2.0 s_0793 + s_3337 + s_3536
2565,r_3199,"PI 4,5-P2 phosphatase (1-18:1, 2-18:1), cell envelope",0.0,1000.0,Inositol phosphate metabolism,False,YIL002C or YNL106C or YOR109W,s_3415 + s_3449 --> 2.0 s_0793 + s_3339 + s_3536
2566,r_3200,"PI 4,5-P2 phosphatase (1-16:0, 2-16:1), cytoplasm",0.0,1000.0,Inositol phosphate metabolism,False,YIL002C or YNL106C or YOR109W,s_0803 + s_3496 --> 2.0 s_0794 + s_1322 + s_3576
2567,r_3201,"PI 4,5-P2 phosphatase (1-16:1, 2-16:1), cytoplasm",0.0,1000.0,Inositol phosphate metabolism,False,YIL002C or YNL106C or YOR109W,s_0803 + s_3499 --> 2.0 s_0794 + s_1322 + s_3577
2568,r_3202,"PI 4,5-P2 phosphatase (1-18:0, 2-16:1), cytoplasm",0.0,1000.0,Inositol phosphate metabolism,False,YIL002C or YNL106C or YOR109W,s_0803 + s_3501 --> 2.0 s_0794 + s_1322 + s_3578
2569,r_3203,"PI 4,5-P2 phosphatase (1-18:1, 2-16:1), cytoplasm",0.0,1000.0,Inositol phosphate metabolism,False,YIL002C or YNL106C or YOR109W,s_0803 + s_3503 --> 2.0 s_0794 + s_1322 + s_3579
2570,r_3204,"PI 4,5-P2 phosphatase (1-16:0, 2-18:1), cytoplasm",0.0,1000.0,Inositol phosphate metabolism,False,YIL002C or YNL106C or YOR109W,s_0803 + s_3505 --> 2.0 s_0794 + s_1322 + s_3580
2571,r_3205,"PI 4,5-P2 phosphatase (1-16:1, 2-18:1), cytoplasm",0.0,1000.0,Inositol phosphate metabolism,False,YIL002C or YNL106C or YOR109W,s_0803 + s_3507 --> 2.0 s_0794 + s_1322 + s_3581
2572,r_3206,"PI 4,5-P2 phosphatase (1-18:0, 2-18:1), cytoplasm",0.0,1000.0,Inositol phosphate metabolism,False,YIL002C or YNL106C or YOR109W,s_0803 + s_3509 --> 2.0 s_0794 + s_1322 + s_3582
2573,r_3207,"PI 4,5-P2 phosphatase (1-18:1, 2-18:1), cytoplasm",0.0,1000.0,Inositol phosphate metabolism,False,YIL002C or YNL106C or YOR109W,s_0803 + s_3511 --> 2.0 s_0794 + s_1322 + s_3583
2574,r_3208,"PI 4,5-P2 phosphatase (1-16:0, 2-16:1), ER membrane",0.0,1000.0,Inositol phosphate metabolism,False,YOL065C,s_2808 + s_3608 --> 2.0 s_2783 + s_2966 + s_3584
2575,r_3209,"PI 4,5-P2 phosphatase (1-16:1, 2-16:1), ER membrane",0.0,1000.0,Inositol phosphate metabolism,False,YOL065C,s_2808 + s_3609 --> 2.0 s_2783 + s_2966 + s_3585
2576,r_3210,"PI 4,5-P2 phosphatase (1-18:0, 2-16:1), ER membrane",0.0,1000.0,Inositol phosphate metabolism,False,YOL065C,s_2808 + s_3610 --> 2.0 s_2783 + s_2966 + s_3586
2577,r_3211,"PI 4,5-P2 phosphatase (1-18:1, 2-16:1), ER membrane",0.0,1000.0,Inositol phosphate metabolism,False,YOL065C,s_2808 + s_3611 --> 2.0 s_2783 + s_2966 + s_3587
2578,r_3212,"PI 4,5-P2 phosphatase (1-16:0, 2-18:1), ER membrane",0.0,1000.0,Inositol phosphate metabolism,False,YOL065C,s_2808 + s_3612 --> 2.0 s_2783 + s_2966 + s_3588
2579,r_3213,"PI 4,5-P2 phosphatase (1-16:1, 2-18:1), ER membrane",0.0,1000.0,Inositol phosphate metabolism,False,YOL065C,s_2808 + s_3613 --> 2.0 s_2783 + s_2966 + s_3589
2580,r_3214,"PI 4,5-P2 phosphatase (1-18:0, 2-18:1), ER membrane",0.0,1000.0,Inositol phosphate metabolism,False,YOL065C,s_2808 + s_3614 --> 2.0 s_2783 + s_2966 + s_3590
2581,r_3215,"PI 4,5-P2 phosphatase (1-18:1, 2-18:1), ER membrane",0.0,1000.0,Inositol phosphate metabolism,False,YOL065C,s_2808 + s_3615 --> 2.0 s_2783 + s_2966 + s_3591
2582,r_3216,"PI 3,5-P2 phosphatase (1-16:0, 2-16:1), vacuolar membrane",0.0,1000.0,Inositol phosphate metabolism,False,YFR019W and YNL325C and YFR021W and YNL054W and YLR386W,s_2976 + s_3416 --> s_2977 + 2.0 s_3164 + s_3392
2583,r_3217,"PI 3,5-P2 phosphatase (1-16:1, 2-16:1), vacuolar membrane",0.0,1000.0,Inositol phosphate metabolism,False,YFR019W and YNL325C and YFR021W and YNL054W and YLR386W,s_2976 + s_3417 --> s_2977 + 2.0 s_3164 + s_3393
2584,r_3218,"PI 3,5-P2 phosphatase (1-18:0, 2-16:1), vacuolar membrane",0.0,1000.0,Inositol phosphate metabolism,False,YFR019W and YNL325C and YFR021W and YNL054W and YLR386W,s_2976 + s_3418 --> s_2977 + 2.0 s_3164 + s_3394
2585,r_3219,"PI 3,5-P2 phosphatase (1-18:1, 2-16:1), vacuolar membrane",0.0,1000.0,Inositol phosphate metabolism,False,YFR019W and YNL325C and YFR021W and YNL054W and YLR386W,s_2976 + s_3419 --> s_2977 + 2.0 s_3164 + s_3395
2586,r_3220,"PI 3,5-P2 phosphatase (1-16:0, 2-18:1), vacuolar membrane",0.0,1000.0,Inositol phosphate metabolism,False,YFR019W and YNL325C and YFR021W and YNL054W and YLR386W,s_2976 + s_3420 --> s_2977 + 2.0 s_3164 + s_3396
2587,r_3221,"PI 3,5-P2 phosphatase (1-16:1, 2-18:1), vacuolar membrane",0.0,1000.0,Inositol phosphate metabolism,False,YFR019W and YNL325C and YFR021W and YNL054W and YLR386W,s_2976 + s_3421 --> s_2977 + 2.0 s_3164 + s_3397
2588,r_3222,"PI 3,5-P2 phosphatase (1-18:0, 2-18:1), vacuolar membrane",0.0,1000.0,Inositol phosphate metabolism,False,YFR019W and YNL325C and YFR021W and YNL054W and YLR386W,s_2976 + s_3422 --> s_2977 + 2.0 s_3164 + s_3398
2589,r_3223,"PI 3,5-P2 phosphatase (1-18:1, 2-18:1), vacuolar membrane",0.0,1000.0,Inositol phosphate metabolism,False,YFR019W and YNL325C and YFR021W and YNL054W and YLR386W,s_2976 + s_3423 --> s_2977 + 2.0 s_3164 + s_3399
2590,r_3224,"DGPP phosphatase (1-16:0, 2-16:1), vacuolar membrane",0.0,1000.0,Glycerolipid metabolism,False,YDR284C,s_2976 + s_3616 --> s_2975 + s_2977 + 2.0 s_3164
2591,r_3225,"DGPP phosphatase (1-16:1, 2-16:1), vacuolar membrane",0.0,1000.0,Glycerolipid metabolism,False,YDR284C,s_2976 + s_3617 --> s_2977 + s_2981 + 2.0 s_3164
2592,r_3226,"DGPP phosphatase (1-18:0, 2-16:1), vacuolar membrane",0.0,1000.0,Glycerolipid metabolism,False,YDR284C,s_2976 + s_3618 --> s_2977 + s_2985 + 2.0 s_3164
2593,r_3227,"DGPP phosphatase (1-18:1, 2-16:1), vacuolar membrane",0.0,1000.0,Glycerolipid metabolism,False,YDR284C,s_2976 + s_3619 --> s_2977 + s_2989 + 2.0 s_3164
2594,r_3228,"DGPP phosphatase (1-16:0, 2-18:1), vacuolar membrane",0.0,1000.0,Glycerolipid metabolism,False,YDR284C,s_2976 + s_3620 --> s_2977 + s_2979 + 2.0 s_3164
2595,r_3229,"DGPP phosphatase (1-16:1, 2-18:1), vacuolar membrane",0.0,1000.0,Glycerolipid metabolism,False,YDR284C,s_2976 + s_3621 --> s_2977 + s_2983 + 2.0 s_3164
2596,r_3230,"DGPP phosphatase (1-18:0, 2-18:1), vacuolar membrane",0.0,1000.0,Glycerolipid metabolism,False,YDR284C,s_2976 + s_3622 --> s_2977 + s_2987 + 2.0 s_3164
2597,r_3231,"DGPP phosphatase (1-18:1, 2-18:1), vacuolar membrane",0.0,1000.0,Glycerolipid metabolism,False,YDR284C,s_2976 + s_3623 --> s_2977 + s_2991 + 2.0 s_3164
2598,r_3232,"DGPP phosphatase (1-16:0, 2-16:1), Golgi membrane",0.0,1000.0,Glycerolipid metabolism,False,YDR503C,s_2994 + s_3624 --> s_2993 + s_2995 + 2.0 s_3146
2599,r_3233,"DGPP phosphatase (1-16:1, 2-16:1), Golgi membrane",0.0,1000.0,Glycerolipid metabolism,False,YDR503C,s_2994 + s_3625 --> s_2995 + s_2999 + 2.0 s_3146
2600,r_3234,"DGPP phosphatase (1-18:0, 2-16:1), Golgi membrane",0.0,1000.0,Glycerolipid metabolism,False,YDR503C,s_2994 + s_3626 --> s_2995 + s_3003 + 2.0 s_3146
2601,r_3235,"DGPP phosphatase (1-18:1, 2-16:1), Golgi membrane",0.0,1000.0,Glycerolipid metabolism,False,YDR503C,s_2994 + s_3627 --> s_2995 + s_3007 + 2.0 s_3146
2602,r_3236,"DGPP phosphatase (1-16:0, 2-18:1), Golgi membrane",0.0,1000.0,Glycerolipid metabolism,False,YDR503C,s_2994 + s_3628 --> s_2995 + s_2997 + 2.0 s_3146
2603,r_3237,"DGPP phosphatase (1-16:1, 2-18:1), Golgi membrane",0.0,1000.0,Glycerolipid metabolism,False,YDR503C,s_2994 + s_3629 --> s_2995 + s_3001 + 2.0 s_3146
2604,r_3238,"DGPP phosphatase (1-18:0, 2-18:1), Golgi membrane",0.0,1000.0,Glycerolipid metabolism,False,YDR503C,s_2994 + s_3630 --> s_2995 + s_3005 + 2.0 s_3146
2605,r_3239,"DGPP phosphatase (1-18:1, 2-18:1), Golgi membrane",0.0,1000.0,Glycerolipid metabolism,False,YDR503C,s_2994 + s_3631 --> s_2995 + s_3009 + 2.0 s_3146
2606,r_3240,"lysoPA phosphatase (16:0), cytoplasm",0.0,1000.0,Glycerolipid metabolism,False,YER037W,s_0803 + s_3632 --> 2.0 s_0794 + s_1322 + s_3633
2607,r_3241,"lysoPA phosphatase (16:1), cytoplasm",0.0,1000.0,Glycerolipid metabolism,False,YER037W,s_0803 + s_3634 --> 2.0 s_0794 + s_1322 + s_3635
2608,r_3242,"lysoPA phosphatase (18:0), cytoplasm",0.0,1000.0,Glycerolipid metabolism,False,YER037W,s_0803 + s_3636 --> 2.0 s_0794 + s_1322 + s_3637
2609,r_3243,"lysoPA phosphatase (18:1), cytoplasm",0.0,1000.0,Glycerolipid metabolism,False,YER037W,s_0803 + s_3638 --> 2.0 s_0794 + s_1322 + s_3639
2610,r_3244,"lysoPA phosphatase (16:0), vacuolar membrane",0.0,1000.0,Glycerolipid metabolism,False,YDR284C,s_2976 + s_3640 --> s_2977 + 2.0 s_3164 + s_3641
2611,r_3245,"lysoPA phosphatase (16:1), vacuolar membrane",0.0,1000.0,Glycerolipid metabolism,False,YDR284C,s_2976 + s_3642 --> s_2977 + 2.0 s_3164 + s_3643
2612,r_3246,"lysoPA phosphatase (18:0), vacuolar membrane",0.0,1000.0,Glycerolipid metabolism,False,YDR284C,s_2976 + s_3644 --> s_2977 + 2.0 s_3164 + s_3645
2613,r_3247,"lysoPA phosphatase (18:1), vacuolar membrane",0.0,1000.0,Glycerolipid metabolism,False,YDR284C,s_2976 + s_3646 --> s_2977 + 2.0 s_3164 + s_3647
2614,r_3248,"lysoPA phosphatase (16:0), Golgi membrane",0.0,1000.0,Glycerolipid metabolism,False,YDR503C,s_2994 + s_3648 --> s_2995 + 2.0 s_3146 + s_3649
2615,r_3249,"lysoPA phosphatase (16:1), Golgi membrane",0.0,1000.0,Glycerolipid metabolism,False,YDR503C,s_2994 + s_3650 --> s_2995 + 2.0 s_3146 + s_3651
2616,r_3250,"lysoPA phosphatase (18:0), Golgi membrane",0.0,1000.0,Glycerolipid metabolism,False,YDR503C,s_2994 + s_3652 --> s_2995 + 2.0 s_3146 + s_3653
2617,r_3251,"lysoPA phosphatase (18:1), Golgi membrane",0.0,1000.0,Glycerolipid metabolism,False,YDR503C,s_2994 + s_3654 --> s_2995 + 2.0 s_3146 + s_3655
2618,r_3252,"ergosteryl ester hydrolase (16:1), lipid particle",0.0,1000.0,Steroid biosynthesis,False,YKL140W or YLL012W,s_3656 + s_3657 --> s_0669 + s_0798 + s_2848
2619,r_3253,"ergosteryl ester hydrolase (18:1), lipid particle",0.0,1000.0,Steroid biosynthesis,False,YKL140W or YLL012W,s_3657 + s_3658 --> s_0669 + s_0798 + s_2852
2620,r_3254,"episteryl ester hydrolase (16:1), lipid particle",0.0,1000.0,Steroid biosynthesis,False,YLL012W,s_3657 + s_3659 --> s_0798 + s_2848 + s_3660
2621,r_3255,"episteryl ester hydrolase (18:1), lipid particle",0.0,1000.0,Steroid biosynthesis,False,YLL012W,s_3657 + s_3661 --> s_0798 + s_2852 + s_3660
2622,r_3256,"fecosteryl ester hydrolase (16:1), lipid particle",0.0,1000.0,Steroid biosynthesis,False,YLL012W,s_3657 + s_3662 --> s_0703 + s_0798 + s_2848
2623,r_3257,"fecosteryl ester hydrolase (18:1), lipid particle",0.0,1000.0,Steroid biosynthesis,False,YLL012W,s_3657 + s_3663 --> s_0703 + s_0798 + s_2852
2624,r_3258,"lanosteryl ester hydrolase (16:1), lipid particle",0.0,1000.0,Steroid biosynthesis,False,YLL012W,s_3657 + s_3664 --> s_0798 + s_2848 + s_3665
2625,r_3259,"lanosteryl ester hydrolase (18:1), lipid particle",0.0,1000.0,Steroid biosynthesis,False,YLL012W,s_3657 + s_3666 --> s_0798 + s_2852 + s_3665
2626,r_3260,"zymosteryl ester hydrolase (16:1), lipid particle",0.0,1000.0,Steroid biosynthesis,False,YLL012W,s_3657 + s_3667 --> s_0798 + s_1572 + s_2848
2627,r_3261,"zymosteryl ester hydrolase (18:1), lipid particle",0.0,1000.0,Steroid biosynthesis,False,YLL012W,s_3657 + s_3668 --> s_0798 + s_1572 + s_2852
2628,r_3262,"zymosteryl ester hydrolase (16:1), cell envelope",0.0,1000.0,Steroid biosynthesis,False,YLR020C,s_3449 + s_3669 --> s_0793 + s_1568 + s_3451
2629,r_3263,"zymosteryl ester hydrolase (18:1), cell envelope",0.0,1000.0,Steroid biosynthesis,False,YLR020C,s_3449 + s_3670 --> s_0793 + s_1568 + s_3459
2630,r_3264,"TAG lipase (1-16:0, 2-16:1, 3-16:0), lipid particle",0.0,1000.0,Glycerolipid metabolism,False,YBR204C or YKR089C or YMR313C or YOR081C or YCR068W,s_3044 + s_3657 --> s_0798 + s_2846 + s_3043
2631,r_3265,"TAG lipase (1-16:0, 2-16:1, 3-16:1), lipid particle",0.0,1000.0,Glycerolipid metabolism,False,YBR204C or YKR089C or YMR313C or YOR081C,s_3059 + s_3657 --> s_0798 + s_2848 + s_3043
2632,r_3266,"TAG lipase (1-16:0, 2-16:1, 3-18:0), lipid particle",0.0,1000.0,Glycerolipid metabolism,False,YBR204C or YKR089C or YMR313C or YOR081C,s_3067 + s_3657 --> s_0798 + s_2850 + s_3043
2633,r_3267,"TAG lipase (1-16:0, 2-16:1, 3-18:1), lipid particle",0.0,1000.0,Glycerolipid metabolism,False,YBR204C or YKR089C or YMR313C or YOR081C,s_3075 + s_3657 --> s_0798 + s_2852 + s_3043
2634,r_3268,"TAG lipase (1-16:1, 2-16:1, 3-16:0), lipid particle",0.0,1000.0,Glycerolipid metabolism,False,YBR204C or YKR089C or YMR313C or YOR081C,s_3048 + s_3657 --> s_0798 + s_2846 + s_3047
2635,r_3269,"TAG lipase (1-16:1, 2-16:1, 3-16:1), lipid particle",0.0,1000.0,Glycerolipid metabolism,False,YBR204C or YKR089C or YMR313C or YOR081C,s_3061 + s_3657 --> s_0798 + s_2848 + s_3047
2636,r_3270,"TAG lipase (1-16:1, 2-16:1, 3-18:0), lipid particle",0.0,1000.0,Glycerolipid metabolism,False,YBR204C or YKR089C or YMR313C or YOR081C,s_3069 + s_3657 --> s_0798 + s_2850 + s_3047
2637,r_3271,"TAG lipase (1-16:1, 2-16:1, 3-18:1), lipid particle",0.0,1000.0,Glycerolipid metabolism,False,YBR204C or YKR089C or YMR313C or YOR081C,s_3077 + s_3657 --> s_0798 + s_2852 + s_3047
2638,r_3272,"TAG lipase (1-18:0, 2-16:1, 3-16:0), lipid particle",0.0,1000.0,Glycerolipid metabolism,False,YBR204C or YKR089C or YMR313C or YOR081C,s_3052 + s_3657 --> s_0798 + s_2846 + s_3051
2639,r_3273,"TAG lipase (1-18:0, 2-16:1, 3-16:1), lipid particle",0.0,1000.0,Glycerolipid metabolism,False,YBR204C or YKR089C or YMR313C or YOR081C,s_3063 + s_3657 --> s_0798 + s_2848 + s_3051
2640,r_3274,"TAG lipase (1-18:0, 2-16:1, 3-18:0), lipid particle",0.0,1000.0,Glycerolipid metabolism,False,YBR204C or YKR089C or YMR313C or YOR081C,s_3071 + s_3657 --> s_0798 + s_2850 + s_3051
2641,r_3275,"TAG lipase (1-18:0, 2-16:1, 3-18:1), lipid particle",0.0,1000.0,Glycerolipid metabolism,False,YBR204C or YKR089C or YMR313C or YOR081C,s_3079 + s_3657 --> s_0798 + s_2852 + s_3051
2642,r_3276,"TAG lipase (1-18:1, 2-16:1, 3-16:0), lipid particle",0.0,1000.0,Glycerolipid metabolism,False,YBR204C or YKR089C or YMR313C or YOR081C,s_3056 + s_3657 --> s_0798 + s_2846 + s_3055
2643,r_3277,"TAG lipase (1-18:1, 2-16:1, 3-16:1), lipid particle",0.0,1000.0,Glycerolipid metabolism,False,YBR204C or YKR089C or YMR313C or YOR081C,s_3065 + s_3657 --> s_0798 + s_2848 + s_3055
2644,r_3278,"TAG lipase (1-18:1, 2-16:1, 3-18:0), lipid particle",0.0,1000.0,Glycerolipid metabolism,False,YBR204C or YKR089C or YMR313C or YOR081C,s_3073 + s_3657 --> s_0798 + s_2850 + s_3055
2645,r_3279,"TAG lipase (1-18:1, 2-16:1, 3-18:1), lipid particle",0.0,1000.0,Glycerolipid metabolism,False,YBR204C or YKR089C or YMR313C or YOR081C,s_3081 + s_3657 --> s_0798 + s_2852 + s_3055
2646,r_3280,"TAG lipase (1-16:0, 2-18:1, 3-16:0), lipid particle",0.0,1000.0,Glycerolipid metabolism,False,YBR204C or YKR089C or YMR313C or YOR081C,s_3046 + s_3657 --> s_0798 + s_2846 + s_3045
2647,r_3281,"TAG lipase (1-16:0, 2-18:1, 3-16:1), lipid particle",0.0,1000.0,Glycerolipid metabolism,False,YBR204C or YKR089C or YMR313C or YOR081C,s_3060 + s_3657 --> s_0798 + s_2848 + s_3045
2648,r_3282,"TAG lipase (1-16:0, 2-18:1, 3-18:0), lipid particle",0.0,1000.0,Glycerolipid metabolism,False,YBR204C or YKR089C or YMR313C or YOR081C,s_3068 + s_3657 --> s_0798 + s_2850 + s_3045
2649,r_3283,"TAG lipase (1-16:0, 2-18:1, 3-18:1), lipid particle",0.0,1000.0,Glycerolipid metabolism,False,YBR204C or YKR089C or YMR313C or YOR081C,s_3076 + s_3657 --> s_0798 + s_2852 + s_3045
2650,r_3284,"TAG lipase (1-16:1, 2-18:1, 3-16:0), lipid particle",0.0,1000.0,Glycerolipid metabolism,False,YBR204C or YKR089C or YMR313C or YOR081C,s_3050 + s_3657 --> s_0798 + s_2846 + s_3049
2651,r_3285,"TAG lipase (1-16:1, 2-18:1, 3-16:1), lipid particle",0.0,1000.0,Glycerolipid metabolism,False,YBR204C or YKR089C or YMR313C or YOR081C,s_3062 + s_3657 --> s_0798 + s_2848 + s_3049
2652,r_3286,"TAG lipase (1-16:1, 2-18:1, 3-18:0), lipid particle",0.0,1000.0,Glycerolipid metabolism,False,YBR204C or YKR089C or YMR313C or YOR081C,s_3070 + s_3657 --> s_0798 + s_2850 + s_3049
2653,r_3287,"TAG lipase (1-16:1, 2-18:1, 3-18:1), lipid particle",0.0,1000.0,Glycerolipid metabolism,False,YBR204C or YKR089C or YMR313C or YOR081C,s_3078 + s_3657 --> s_0798 + s_2852 + s_3049
2654,r_3288,"TAG lipase (1-18:0, 2-18:1, 3-16:0), lipid particle",0.0,1000.0,Glycerolipid metabolism,False,YBR204C or YKR089C or YMR313C or YOR081C,s_3054 + s_3657 --> s_0798 + s_2846 + s_3053
2655,r_3289,"TAG lipase (1-18:0, 2-18:1, 3-16:1), lipid particle",0.0,1000.0,Glycerolipid metabolism,False,YBR204C or YKR089C or YMR313C or YOR081C,s_3064 + s_3657 --> s_0798 + s_2848 + s_3053
2656,r_3290,"TAG lipase (1-18:0, 2-18:1, 3-18:0), lipid particle",0.0,1000.0,Glycerolipid metabolism,False,YBR204C or YKR089C or YMR313C or YOR081C,s_3072 + s_3657 --> s_0798 + s_2850 + s_3053
2657,r_3291,"TAG lipase (1-18:0, 2-18:1, 3-18:1), lipid particle",0.0,1000.0,Glycerolipid metabolism,False,YBR204C or YKR089C or YMR313C or YOR081C,s_3080 + s_3657 --> s_0798 + s_2852 + s_3053
2658,r_3292,"TAG lipase (1-18:1, 2-18:1, 3-16:0), lipid particle",0.0,1000.0,Glycerolipid metabolism,False,YBR204C or YKR089C or YMR313C or YOR081C,s_3058 + s_3657 --> s_0798 + s_2846 + s_3057
2659,r_3293,"TAG lipase (1-18:1, 2-18:1, 3-16:1), lipid particle",0.0,1000.0,Glycerolipid metabolism,False,YBR204C or YKR089C or YMR313C or YOR081C,s_3066 + s_3657 --> s_0798 + s_2848 + s_3057
2660,r_3294,"TAG lipase (1-18:1, 2-18:1, 3-18:0), lipid particle",0.0,1000.0,Glycerolipid metabolism,False,YBR204C or YKR089C or YMR313C or YOR081C,s_3074 + s_3657 --> s_0798 + s_2850 + s_3057
2661,r_3295,"TAG lipase (1-18:1, 2-18:1, 3-18:1), lipid particle",0.0,1000.0,Glycerolipid metabolism,False,YBR204C or YKR089C or YMR313C or YOR081C,s_3082 + s_3657 --> s_0798 + s_2852 + s_3057
2662,r_3296,"DAG lipase (1-16:0, 2-16:1), lipid particle",0.0,1000.0,Glycerolipid metabolism,False,YMR313C,s_3043 + s_3657 --> s_0798 + s_2848 + s_3671
2663,r_3297,"DAG lipase (1-16:1, 2-16:1), lipid particle",0.0,1000.0,Glycerolipid metabolism,False,YCR068W or YMR313C,s_3047 + s_3657 --> s_0798 + s_2848 + s_3672
2664,r_3298,"DAG lipase (1-18:0, 2-16:1), lipid particle",0.0,1000.0,Glycerolipid metabolism,False,YMR313C,s_3051 + s_3657 --> s_0798 + s_2848 + s_3673
2665,r_3299,"DAG lipase (1-18:1, 2-16:1), lipid particle",0.0,1000.0,Glycerolipid metabolism,False,YMR313C,s_3055 + s_3657 --> s_0798 + s_2848 + s_3674
2666,r_3300,"DAG lipase (1-16:0, 2-18:1), lipid particle",0.0,1000.0,Glycerolipid metabolism,False,YMR313C,s_3045 + s_3657 --> s_0798 + s_2852 + s_3671
2667,r_3301,"DAG lipase (1-16:1, 2-18:1), lipid particle",0.0,1000.0,Glycerolipid metabolism,False,YMR313C,s_3049 + s_3657 --> s_0798 + s_2852 + s_3672
2668,r_3302,"DAG lipase (1-18:0, 2-18:1), lipid particle",0.0,1000.0,Glycerolipid metabolism,False,YMR313C,s_3053 + s_3657 --> s_0798 + s_2852 + s_3673
2669,r_3303,"DAG lipase (1-18:1, 2-18:1), lipid particle",0.0,1000.0,Glycerolipid metabolism,False,YMR313C,s_3057 + s_3657 --> s_0798 + s_2852 + s_3674
2670,r_3304,"DAG lipase (1-16:0, 2-18:1), mitochondrion",0.0,1000.0,Glycerolipid metabolism,False,YDR058C,s_0807 + s_3675 --> s_0799 + s_3676 + s_3677
2671,r_3305,"DAG lipase (1-16:1, 2-18:1), mitochondrion",0.0,1000.0,Glycerolipid metabolism,False,YDR058C,s_0807 + s_3678 --> s_0799 + s_3677 + s_3679
2672,r_3306,"DAG lipase (1-18:0, 2-18:1), mitochondrion",0.0,1000.0,Glycerolipid metabolism,False,YDR058C,s_0807 + s_3680 --> s_0799 + s_3677 + s_3681
2673,r_3307,"DAG lipase (1-18:1, 2-18:1), mitochondrion",0.0,1000.0,Glycerolipid metabolism,False,YDR058C,s_0807 + s_3682 --> s_0799 + s_3677 + s_3683
2674,r_3308,"MAG lipase (1-16:0), lipid particle",0.0,1000.0,Glycerolipid metabolism,False,YKL094W,s_3657 + s_3671 --> s_0798 + s_2846 + s_3684
2675,r_3309,"MAG lipase (1-16:1), lipid particle",0.0,1000.0,Glycerolipid metabolism,False,YKL094W,s_3657 + s_3672 --> s_0798 + s_2848 + s_3684
2676,r_3310,"MAG lipase (1-18:0), lipid particle",0.0,1000.0,Glycerolipid metabolism,False,YKL094W,s_3657 + s_3673 --> s_0798 + s_2850 + s_3684
2677,r_3311,"MAG lipase (1-18:1), lipid particle",0.0,1000.0,Glycerolipid metabolism,False,YKL094W,s_3657 + s_3674 --> s_0798 + s_2852 + s_3684
2678,r_3312,"lysoPE (1-16:0) oleoyl-CoA acyltransferase, lipid particle",0.0,1000.0,Glycerolipid metabolism,False,YMR313C,s_2853 + s_3685 --> s_0531 + s_3686
2679,r_3313,"lysoPE (1-16:1) oleoyl-CoA acyltransferase, lipid particle",0.0,1000.0,Glycerolipid metabolism,False,YMR313C,s_2853 + s_3687 --> s_0531 + s_3688
2680,r_3314,"lysoPE (1-18:0) oleoyl-CoA acyltransferase, lipid particle",0.0,1000.0,Glycerolipid metabolism,False,YMR313C,s_2853 + s_3689 --> s_0531 + s_3690
2681,r_3315,"lysoPE (1-18:1) oleoyl-CoA acyltransferase, lipid particle",0.0,1000.0,Glycerolipid metabolism,False,YMR313C,s_2853 + s_3691 --> s_0531 + s_3692
2682,r_3316,"PC phospholipase A2 (1-16:0, 2-16:1), lipid particle",0.0,1000.0,Glycerolipid metabolism,False,YKR089C,s_3657 + s_3693 --> s_0798 + s_2848 + s_3694
2683,r_3317,"PC phospholipase A2 (1-16:1, 2-16:1), lipid particle",0.0,1000.0,Glycerolipid metabolism,False,YKR089C,s_3657 + s_3695 --> s_0798 + s_2848 + s_3696
2684,r_3318,"PC phospholipase A2 (1-18:0, 2-16:1), lipid particle",0.0,1000.0,Glycerolipid metabolism,False,YKR089C,s_3657 + s_3697 --> s_0798 + s_2848 + s_3698
2685,r_3319,"PC phospholipase A2 (1-18:1, 2-16:1), lipid particle",0.0,1000.0,Glycerolipid metabolism,False,YKR089C,s_3657 + s_3699 --> s_0798 + s_2848 + s_3700
2686,r_3320,"PC phospholipase A2 (1-16:0, 2-18:1), lipid particle",0.0,1000.0,Glycerolipid metabolism,False,YKR089C,s_3657 + s_3701 --> s_0798 + s_2852 + s_3694
2687,r_3321,"PC phospholipase A2 (1-16:1, 2-18:1), lipid particle",0.0,1000.0,Glycerolipid metabolism,False,YKR089C,s_3657 + s_3702 --> s_0798 + s_2852 + s_3696
2688,r_3322,"PC phospholipase A2 (1-18:0, 2-18:1), lipid particle",0.0,1000.0,Glycerolipid metabolism,False,YKR089C,s_3657 + s_3703 --> s_0798 + s_2852 + s_3698
2689,r_3323,"PC phospholipase A2 (1-18:1, 2-18:1), lipid particle",0.0,1000.0,Glycerolipid metabolism,False,YKR089C,s_3657 + s_3704 --> s_0798 + s_2852 + s_3700
2690,r_3324,"PE phospholipase A2 (1-16:0, 2-16:1), lipid particle",0.0,1000.0,Glycerolipid metabolism,False,YKR089C,s_3657 + s_3705 --> s_0798 + s_2848 + s_3685
2691,r_3325,"PE phospholipase A2 (1-16:1, 2-16:1), lipid particle",0.0,1000.0,Glycerolipid metabolism,False,YKR089C,s_3657 + s_3706 --> s_0798 + s_2848 + s_3687
2692,r_3326,"PE phospholipase A2 (1-18:0, 2-16:1), lipid particle",0.0,1000.0,Glycerolipid metabolism,False,YKR089C,s_3657 + s_3707 --> s_0798 + s_2848 + s_3689
2693,r_3327,"PE phospholipase A2 (1-18:1, 2-16:1), lipid particle",0.0,1000.0,Glycerolipid metabolism,False,YKR089C,s_3657 + s_3708 --> s_0798 + s_2848 + s_3691
2694,r_3328,"PE phospholipase A2 (1-16:0, 2-18:1), lipid particle",0.0,1000.0,Glycerolipid metabolism,False,YKR089C,s_3657 + s_3686 --> s_0798 + s_2852 + s_3685
2695,r_3329,"PE phospholipase A2 (1-16:1, 2-18:1), lipid particle",0.0,1000.0,Glycerolipid metabolism,False,YKR089C,s_3657 + s_3688 --> s_0798 + s_2852 + s_3687
2696,r_3330,"PE phospholipase A2 (1-18:0, 2-18:1), lipid particle",0.0,1000.0,Glycerolipid metabolism,False,YKR089C,s_3657 + s_3690 --> s_0798 + s_2852 + s_3689
2697,r_3331,"PE phospholipase A2 (1-18:1, 2-18:1), lipid particle",0.0,1000.0,Glycerolipid metabolism,False,YKR089C,s_3657 + s_3692 --> s_0798 + s_2852 + s_3691
2698,r_3332,"PA kinase (1-16:0, 2-16:1), Golgi membrane",-1000.0,1000.0,Glycerolipid metabolism,False,,s_2993 + s_3146 + s_3359 <=> s_3360 + s_3624
2699,r_3333,"PA kinase (1-16:1, 2-16:1), Golgi membrane",-1000.0,1000.0,Glycerolipid metabolism,False,,s_2999 + s_3146 + s_3359 <=> s_3360 + s_3625
2700,r_3334,"PA kinase (1-18:0, 2-16:1), Golgi membrane",-1000.0,1000.0,Glycerolipid metabolism,False,,s_3003 + s_3146 + s_3359 <=> s_3360 + s_3626
2701,r_3335,"PA kinase (1-18:1, 2-16:1), Golgi membrane",-1000.0,1000.0,Glycerolipid metabolism,False,,s_3007 + s_3146 + s_3359 <=> s_3360 + s_3627
2702,r_3336,"PA kinase (1-16:0, 2-18:1), Golgi membrane",-1000.0,1000.0,Glycerolipid metabolism,False,,s_2997 + s_3146 + s_3359 <=> s_3360 + s_3628
2703,r_3337,"PA kinase (1-16:1, 2-18:1), Golgi membrane",-1000.0,1000.0,Glycerolipid metabolism,False,,s_3001 + s_3146 + s_3359 <=> s_3360 + s_3629
2704,r_3338,"PA kinase (1-18:0, 2-18:1), Golgi membrane",-1000.0,1000.0,Glycerolipid metabolism,False,,s_3005 + s_3146 + s_3359 <=> s_3360 + s_3630
2705,r_3339,"PA kinase (1-18:1, 2-18:1), Golgi membrane",-1000.0,1000.0,Glycerolipid metabolism,False,,s_3009 + s_3146 + s_3359 <=> s_3360 + s_3631
2706,r_3340,"PA kinase (1-16:0, 2-16:1), vacuolar membrane",-1000.0,1000.0,Glycerolipid metabolism,False,,s_2975 + s_3164 + s_3341 <=> s_3342 + s_3616
2707,r_3341,"PA kinase (1-16:1, 2-16:1), vacuolar membrane",-1000.0,1000.0,Glycerolipid metabolism,False,,s_2981 + s_3164 + s_3341 <=> s_3342 + s_3617
2708,r_3342,"PA kinase (1-18:0, 2-16:1), vacuolar membrane",-1000.0,1000.0,Glycerolipid metabolism,False,,s_2985 + s_3164 + s_3341 <=> s_3342 + s_3618
2709,r_3343,"PA kinase (1-18:1, 2-16:1), vacuolar membrane",-1000.0,1000.0,Glycerolipid metabolism,False,,s_2989 + s_3164 + s_3341 <=> s_3342 + s_3619
2710,r_3344,"PA kinase (1-16:0, 2-18:1), vacuolar membrane",-1000.0,1000.0,Glycerolipid metabolism,False,,s_2979 + s_3164 + s_3341 <=> s_3342 + s_3620
2711,r_3345,"PA kinase (1-16:1, 2-18:1), vacuolar membrane",-1000.0,1000.0,Glycerolipid metabolism,False,,s_2983 + s_3164 + s_3341 <=> s_3342 + s_3621
2712,r_3346,"PA kinase (1-18:0, 2-18:1), vacuolar membrane",-1000.0,1000.0,Glycerolipid metabolism,False,,s_2987 + s_3164 + s_3341 <=> s_3342 + s_3622
2713,r_3347,"PA kinase (1-18:1, 2-18:1), vacuolar membrane",-1000.0,1000.0,Glycerolipid metabolism,False,,s_2991 + s_3164 + s_3341 <=> s_3342 + s_3623
2714,r_3348,"inositolphosphotransferase (PI (1-16:0, 2-16:1) MIPC-A (C24))",0.0,1000.0,Sphingoglycolipid metabolism,False,YDR072C,s_1117 + s_3358 --> s_0862 + s_2996
2715,r_3349,"inositolphosphotransferase (PI (1-16:1, 2-16:1) MIPC-A (C24))",0.0,1000.0,Sphingoglycolipid metabolism,False,YDR072C,s_1117 + s_3362 --> s_0862 + s_3000
2716,r_3350,"inositolphosphotransferase (PI (1-18:0, 2-16:1) MIPC-A (C24))",0.0,1000.0,Sphingoglycolipid metabolism,False,YDR072C,s_1117 + s_3364 --> s_0862 + s_3004
2717,r_3351,"inositolphosphotransferase (PI (1-18:1, 2-16:1) MIPC-A (C24))",0.0,1000.0,Sphingoglycolipid metabolism,False,YDR072C,s_1117 + s_3366 --> s_0862 + s_3008
2718,r_3352,"inositolphosphotransferase (PI (1-16:0, 2-18:1) MIPC-A (C24))",0.0,1000.0,Sphingoglycolipid metabolism,False,YDR072C,s_1117 + s_3368 --> s_0862 + s_2998
2719,r_3353,"inositolphosphotransferase (PI (1-16:1, 2-18:1) MIPC-A (C24))",0.0,1000.0,Sphingoglycolipid metabolism,False,YDR072C,s_1117 + s_3370 --> s_0862 + s_3002
2720,r_3354,"inositolphosphotransferase (PI (1-18:0, 2-18:1) MIPC-A (C24))",0.0,1000.0,Sphingoglycolipid metabolism,False,YDR072C,s_1117 + s_3372 --> s_0862 + s_3006
2721,r_3355,"inositolphosphotransferase (PI (1-18:1, 2-18:1) MIPC-A (C24))",0.0,1000.0,Sphingoglycolipid metabolism,False,YDR072C,s_1117 + s_3374 --> s_0862 + s_3010
2722,r_3356,"inositolphosphotransferase (PI (1-16:0, 2-16:1) MIPC-A (C26))",0.0,1000.0,Sphingoglycolipid metabolism,False,YDR072C,s_1120 + s_3358 --> s_0865 + s_2996
2723,r_3357,"inositolphosphotransferase (PI (1-16:1, 2-16:1) MIPC-A (C26))",0.0,1000.0,Sphingoglycolipid metabolism,False,YDR072C,s_1120 + s_3362 --> s_0865 + s_3000
2724,r_3358,"inositolphosphotransferase (PI (1-18:0, 2-16:1) MIPC-A (C26))",0.0,1000.0,Sphingoglycolipid metabolism,False,YDR072C,s_1120 + s_3364 --> s_0865 + s_3004
2725,r_3359,"inositolphosphotransferase (PI (1-18:1, 2-16:1) MIPC-A (C26))",0.0,1000.0,Sphingoglycolipid metabolism,False,YDR072C,s_1120 + s_3366 --> s_0865 + s_3008
2726,r_3360,"inositolphosphotransferase (PI (1-16:0, 2-18:1) MIPC-A (C26))",0.0,1000.0,Sphingoglycolipid metabolism,False,YDR072C,s_1120 + s_3368 --> s_0865 + s_2998
2727,r_3361,"inositolphosphotransferase (PI (1-16:1, 2-18:1) MIPC-A (C26))",0.0,1000.0,Sphingoglycolipid metabolism,False,YDR072C,s_1120 + s_3370 --> s_0865 + s_3002
2728,r_3362,"inositolphosphotransferase (PI (1-18:0, 2-18:1) MIPC-A (C26))",0.0,1000.0,Sphingoglycolipid metabolism,False,YDR072C,s_1120 + s_3372 --> s_0865 + s_3006
2729,r_3363,"inositolphosphotransferase (PI (1-18:1, 2-18:1) MIPC-A (C26))",0.0,1000.0,Sphingoglycolipid metabolism,False,YDR072C,s_1120 + s_3374 --> s_0865 + s_3010
2730,r_3364,"inositolphosphotransferase (PI (1-16:0, 2-16:1) MIPC-B' (C24))",0.0,1000.0,Sphingoglycolipid metabolism,False,YDR072C,s_1129 + s_3358 --> s_0874 + s_2996
2731,r_3365,"inositolphosphotransferase (PI (1-16:1, 2-16:1) MIPC-B' (C24))",0.0,1000.0,Sphingoglycolipid metabolism,False,YDR072C,s_1129 + s_3362 --> s_0874 + s_3000
2732,r_3366,"inositolphosphotransferase (PI (1-18:0, 2-16:1) MIPC-B' (C24))",0.0,1000.0,Sphingoglycolipid metabolism,False,YDR072C,s_1129 + s_3364 --> s_0874 + s_3004
2733,r_3367,"inositolphosphotransferase (PI (1-18:1, 2-16:1) MIPC-B' (C24))",0.0,1000.0,Sphingoglycolipid metabolism,False,YDR072C,s_1129 + s_3366 --> s_0874 + s_3008
2734,r_3368,"inositolphosphotransferase (PI (1-16:0, 2-18:1) MIPC-B' (C24))",0.0,1000.0,Sphingoglycolipid metabolism,False,YDR072C,s_1129 + s_3368 --> s_0874 + s_2998
2735,r_3369,"inositolphosphotransferase (PI (1-16:1, 2-18:1) MIPC-B' (C24))",0.0,1000.0,Sphingoglycolipid metabolism,False,YDR072C,s_1129 + s_3370 --> s_0874 + s_3002
2736,r_3370,"inositolphosphotransferase (PI (1-18:0, 2-18:1) MIPC-B' (C24))",0.0,1000.0,Sphingoglycolipid metabolism,False,YDR072C,s_1129 + s_3372 --> s_0874 + s_3006
2737,r_3371,"inositolphosphotransferase (PI (1-18:1, 2-18:1) MIPC-B' (C24))",0.0,1000.0,Sphingoglycolipid metabolism,False,YDR072C,s_1129 + s_3374 --> s_0874 + s_3010
2738,r_3372,"inositolphosphotransferase (PI (1-16:0, 2-16:1) MIPC-B' (C26))",0.0,1000.0,Sphingoglycolipid metabolism,False,YDR072C,s_1132 + s_3358 --> s_0877 + s_2996
2739,r_3373,"inositolphosphotransferase (PI (1-16:1, 2-16:1) MIPC-B' (C26))",0.0,1000.0,Sphingoglycolipid metabolism,False,YDR072C,s_1132 + s_3362 --> s_0877 + s_3000
2740,r_3374,"inositolphosphotransferase (PI (1-18:0, 2-16:1) MIPC-B' (C26))",0.0,1000.0,Sphingoglycolipid metabolism,False,YDR072C,s_1132 + s_3364 --> s_0877 + s_3004
2741,r_3375,"inositolphosphotransferase (PI (1-18:1, 2-16:1) MIPC-B' (C26))",0.0,1000.0,Sphingoglycolipid metabolism,False,YDR072C,s_1132 + s_3366 --> s_0877 + s_3008
2742,r_3376,"inositolphosphotransferase (PI (1-16:0, 2-18:1) MIPC-B' (C26))",0.0,1000.0,Sphingoglycolipid metabolism,False,YDR072C,s_1132 + s_3368 --> s_0877 + s_2998
2743,r_3377,"inositolphosphotransferase (PI (1-16:1, 2-18:1) MIPC-B' (C26))",0.0,1000.0,Sphingoglycolipid metabolism,False,YDR072C,s_1132 + s_3370 --> s_0877 + s_3002
2744,r_3378,"inositolphosphotransferase (PI (1-18:0, 2-18:1) MIPC-B' (C26))",0.0,1000.0,Sphingoglycolipid metabolism,False,YDR072C,s_1132 + s_3372 --> s_0877 + s_3006
2745,r_3379,"inositolphosphotransferase (PI (1-18:1, 2-18:1) MIPC-B' (C26))",0.0,1000.0,Sphingoglycolipid metabolism,False,YDR072C,s_1132 + s_3374 --> s_0877 + s_3010
2746,r_3380,"inositolphosphotransferase (PI (1-16:0, 2-16:1) MIPC-B (C24))",0.0,1000.0,Sphingoglycolipid metabolism,False,YDR072C,s_1123 + s_3358 --> s_0868 + s_2996
2747,r_3381,"inositolphosphotransferase (PI (1-16:1, 2-16:1) MIPC-B (C24))",0.0,1000.0,Sphingoglycolipid metabolism,False,YDR072C,s_1123 + s_3362 --> s_0868 + s_3000
2748,r_3382,"inositolphosphotransferase (PI (1-18:0, 2-16:1) MIPC-B (C24))",0.0,1000.0,Sphingoglycolipid metabolism,False,YDR072C,s_1123 + s_3364 --> s_0868 + s_3004
2749,r_3383,"inositolphosphotransferase (PI (1-18:1, 2-16:1) MIPC-B (C24))",0.0,1000.0,Sphingoglycolipid metabolism,False,YDR072C,s_1123 + s_3366 --> s_0868 + s_3008
2750,r_3384,"inositolphosphotransferase (PI (1-16:0, 2-18:1) MIPC-B (C24))",0.0,1000.0,Sphingoglycolipid metabolism,False,YDR072C,s_1123 + s_3368 --> s_0868 + s_2998
2751,r_3385,"inositolphosphotransferase (PI (1-16:1, 2-18:1) MIPC-B (C24))",0.0,1000.0,Sphingoglycolipid metabolism,False,YDR072C,s_1123 + s_3370 --> s_0868 + s_3002
2752,r_3386,"inositolphosphotransferase (PI (1-18:0, 2-18:1) MIPC-B (C24))",0.0,1000.0,Sphingoglycolipid metabolism,False,YDR072C,s_1123 + s_3372 --> s_0868 + s_3006
2753,r_3387,"inositolphosphotransferase (PI (1-18:1, 2-18:1) MIPC-B (C24))",0.0,1000.0,Sphingoglycolipid metabolism,False,YDR072C,s_1123 + s_3374 --> s_0868 + s_3010
2754,r_3388,"inositolphosphotransferase (PI (1-16:0, 2-16:1) MIPC-B (C26))",0.0,1000.0,Sphingoglycolipid metabolism,False,YDR072C,s_1126 + s_3358 --> s_0871 + s_2996
2755,r_3389,"inositolphosphotransferase (PI (1-16:1, 2-16:1) MIPC-B (C26))",0.0,1000.0,Sphingoglycolipid metabolism,False,YDR072C,s_1126 + s_3362 --> s_0871 + s_3000
2756,r_3390,"inositolphosphotransferase (PI (1-18:0, 2-16:1) MIPC-B (C26))",0.0,1000.0,Sphingoglycolipid metabolism,False,YDR072C,s_1126 + s_3364 --> s_0871 + s_3004
2757,r_3391,"inositolphosphotransferase (PI (1-18:1, 2-16:1) MIPC-B (C26))",0.0,1000.0,Sphingoglycolipid metabolism,False,YDR072C,s_1126 + s_3366 --> s_0871 + s_3008
2758,r_3392,"inositolphosphotransferase (PI (1-16:0, 2-18:1) MIPC-B (C26))",0.0,1000.0,Sphingoglycolipid metabolism,False,YDR072C,s_1126 + s_3368 --> s_0871 + s_2998
2759,r_3393,"inositolphosphotransferase (PI (1-16:1, 2-18:1) MIPC-B (C26))",0.0,1000.0,Sphingoglycolipid metabolism,False,YDR072C,s_1126 + s_3370 --> s_0871 + s_3002
2760,r_3394,"inositolphosphotransferase (PI (1-18:0, 2-18:1) MIPC-B (C26))",0.0,1000.0,Sphingoglycolipid metabolism,False,YDR072C,s_1126 + s_3372 --> s_0871 + s_3006
2761,r_3395,"inositolphosphotransferase (PI (1-18:1, 2-18:1) MIPC-B (C26))",0.0,1000.0,Sphingoglycolipid metabolism,False,YDR072C,s_1126 + s_3374 --> s_0871 + s_3010
2762,r_3396,"inositolphosphotransferase (PI (1-16:0, 2-16:1) MIPC-C (C24))",0.0,1000.0,Sphingoglycolipid metabolism,False,YDR072C,s_1135 + s_3358 --> s_0880 + s_2996
2763,r_3397,"inositolphosphotransferase (PI (1-16:1, 2-16:1) MIPC-C (C24))",0.0,1000.0,Sphingoglycolipid metabolism,False,YDR072C,s_1135 + s_3362 --> s_0880 + s_3000
2764,r_3398,"inositolphosphotransferase (PI (1-18:0, 2-16:1) MIPC-C (C24))",0.0,1000.0,Sphingoglycolipid metabolism,False,YDR072C,s_1135 + s_3364 --> s_0880 + s_3004
2765,r_3399,"inositolphosphotransferase (PI (1-18:1, 2-16:1) MIPC-C (C24))",0.0,1000.0,Sphingoglycolipid metabolism,False,YDR072C,s_1135 + s_3366 --> s_0880 + s_3008
2766,r_3400,"inositolphosphotransferase (PI (1-16:0, 2-18:1) MIPC-C (C24))",0.0,1000.0,Sphingoglycolipid metabolism,False,YDR072C,s_1135 + s_3368 --> s_0880 + s_2998
2767,r_3401,"inositolphosphotransferase (PI (1-16:1, 2-18:1) MIPC-C (C24))",0.0,1000.0,Sphingoglycolipid metabolism,False,YDR072C,s_1135 + s_3370 --> s_0880 + s_3002
2768,r_3402,"inositolphosphotransferase (PI (1-18:0, 2-18:1) MIPC-C (C24))",0.0,1000.0,Sphingoglycolipid metabolism,False,YDR072C,s_1135 + s_3372 --> s_0880 + s_3006
2769,r_3403,"inositolphosphotransferase (PI (1-18:1, 2-18:1) MIPC-C (C24))",0.0,1000.0,Sphingoglycolipid metabolism,False,YDR072C,s_1135 + s_3374 --> s_0880 + s_3010
2770,r_3404,"inositolphosphotransferase (PI (1-16:0, 2-16:1) MIPC-C (C26))",0.0,1000.0,Sphingoglycolipid metabolism,False,YDR072C,s_1138 + s_3358 --> s_0883 + s_2996
2771,r_3405,"inositolphosphotransferase (PI (1-16:1, 2-16:1) MIPC-C (C26))",0.0,1000.0,Sphingoglycolipid metabolism,False,YDR072C,s_1138 + s_3362 --> s_0883 + s_3000
2772,r_3406,"inositolphosphotransferase (PI (1-18:0, 2-16:1) MIPC-C (C26))",0.0,1000.0,Sphingoglycolipid metabolism,False,YDR072C,s_1138 + s_3364 --> s_0883 + s_3004
2773,r_3407,"inositolphosphotransferase (PI (1-18:1, 2-16:1) MIPC-C (C26))",0.0,1000.0,Sphingoglycolipid metabolism,False,YDR072C,s_1138 + s_3366 --> s_0883 + s_3008
2774,r_3408,"inositolphosphotransferase (PI (1-16:0, 2-18:1) MIPC-C (C26))",0.0,1000.0,Sphingoglycolipid metabolism,False,YDR072C,s_1138 + s_3368 --> s_0883 + s_2998
2775,r_3409,"inositolphosphotransferase (PI (1-16:1, 2-18:1) MIPC-C (C26))",0.0,1000.0,Sphingoglycolipid metabolism,False,YDR072C,s_1138 + s_3370 --> s_0883 + s_3002
2776,r_3410,"inositolphosphotransferase (PI (1-18:0, 2-18:1) MIPC-C (C26))",0.0,1000.0,Sphingoglycolipid metabolism,False,YDR072C,s_1138 + s_3372 --> s_0883 + s_3006
2777,r_3411,"inositolphosphotransferase (PI (1-18:1, 2-18:1) MIPC-C (C26))",0.0,1000.0,Sphingoglycolipid metabolism,False,YDR072C,s_1138 + s_3374 --> s_0883 + s_3010
2778,r_3412,"inositolphosphotransferase (PI (1-16:0, 2-16:1) MIPC-D (C24))",0.0,1000.0,Sphingoglycolipid metabolism,False,YDR072C,s_1141 + s_3358 --> s_0886 + s_2996
2779,r_3413,"inositolphosphotransferase (PI (1-16:1, 2-16:1) MIPC-D (C24))",0.0,1000.0,Sphingoglycolipid metabolism,False,YDR072C,s_1141 + s_3362 --> s_0886 + s_3000
2780,r_3414,"inositolphosphotransferase (PI (1-18:0, 2-16:1) MIPC-D (C24))",0.0,1000.0,Sphingoglycolipid metabolism,False,YDR072C,s_1141 + s_3364 --> s_0886 + s_3004
2781,r_3415,"inositolphosphotransferase (PI (1-18:1, 2-16:1) MIPC-D (C24))",0.0,1000.0,Sphingoglycolipid metabolism,False,YDR072C,s_1141 + s_3366 --> s_0886 + s_3008
2782,r_3416,"inositolphosphotransferase (PI (1-16:0, 2-18:1) MIPC-D (C24))",0.0,1000.0,Sphingoglycolipid metabolism,False,YDR072C,s_1141 + s_3368 --> s_0886 + s_2998
2783,r_3417,"inositolphosphotransferase (PI (1-16:1, 2-18:1) MIPC-D (C24))",0.0,1000.0,Sphingoglycolipid metabolism,False,YDR072C,s_1141 + s_3370 --> s_0886 + s_3002
2784,r_3418,"inositolphosphotransferase (PI (1-18:0, 2-18:1) MIPC-D (C24))",0.0,1000.0,Sphingoglycolipid metabolism,False,YDR072C,s_1141 + s_3372 --> s_0886 + s_3006
2785,r_3419,"inositolphosphotransferase (PI (1-18:1, 2-18:1) MIPC-D (C24))",0.0,1000.0,Sphingoglycolipid metabolism,False,YDR072C,s_1141 + s_3374 --> s_0886 + s_3010
2786,r_3420,"inositolphosphotransferase (PI (1-16:0, 2-16:1) MIPC-D (C26))",0.0,1000.0,Sphingoglycolipid metabolism,False,YDR072C,s_1144 + s_3358 --> s_0889 + s_2996
2787,r_3421,"inositolphosphotransferase (PI (1-16:1, 2-16:1) MIPC-D (C26))",0.0,1000.0,Sphingoglycolipid metabolism,False,YDR072C,s_1144 + s_3362 --> s_0889 + s_3000
2788,r_3422,"inositolphosphotransferase (PI (1-18:0, 2-16:1) MIPC-D (C26))",0.0,1000.0,Sphingoglycolipid metabolism,False,YDR072C,s_1144 + s_3364 --> s_0889 + s_3004
2789,r_3423,"inositolphosphotransferase (PI (1-18:1, 2-16:1) MIPC-D (C26))",0.0,1000.0,Sphingoglycolipid metabolism,False,YDR072C,s_1144 + s_3366 --> s_0889 + s_3008
2790,r_3424,"inositolphosphotransferase (PI (1-16:0, 2-18:1) MIPC-D (C26))",0.0,1000.0,Sphingoglycolipid metabolism,False,YDR072C,s_1144 + s_3368 --> s_0889 + s_2998
2791,r_3425,"inositolphosphotransferase (PI (1-16:1, 2-18:1) MIPC-D (C26))",0.0,1000.0,Sphingoglycolipid metabolism,False,YDR072C,s_1144 + s_3370 --> s_0889 + s_3002
2792,r_3426,"inositolphosphotransferase (PI (1-18:0, 2-18:1) MIPC-D (C26))",0.0,1000.0,Sphingoglycolipid metabolism,False,YDR072C,s_1144 + s_3372 --> s_0889 + s_3006
2793,r_3427,"inositolphosphotransferase (PI (1-18:1, 2-18:1) MIPC-D (C26))",0.0,1000.0,Sphingoglycolipid metabolism,False,YDR072C,s_1144 + s_3374 --> s_0889 + s_3010
2794,r_3428,"IPC synthase (PI (1-16:0, 2-16:1) ceramide-1 (C24))",0.0,1000.0,Sphingoglycolipid metabolism,False,YDR367W and YKL004W,s_0476 + s_3358 --> s_0895 + s_2996
2795,r_3429,"IPC synthase (PI (1-16:1, 2-16:1) ceramide-1 (C24))",0.0,1000.0,Sphingoglycolipid metabolism,False,YDR367W and YKL004W,s_0476 + s_3362 --> s_0895 + s_3000
2796,r_3430,"IPC synthase (PI (1-18:0, 2-16:1) ceramide-1 (C24))",0.0,1000.0,Sphingoglycolipid metabolism,False,YDR367W and YKL004W,s_0476 + s_3364 --> s_0895 + s_3004
2797,r_3431,"IPC synthase (PI (1-18:1, 2-16:1) ceramide-1 (C24))",0.0,1000.0,Sphingoglycolipid metabolism,False,YDR367W and YKL004W,s_0476 + s_3366 --> s_0895 + s_3008
2798,r_3432,"IPC synthase (PI (1-16:0, 2-18:1) ceramide-1 (C24))",0.0,1000.0,Sphingoglycolipid metabolism,False,YDR367W and YKL004W,s_0476 + s_3368 --> s_0895 + s_2998
2799,r_3433,"IPC synthase (PI (1-16:1, 2-18:1) ceramide-1 (C24))",0.0,1000.0,Sphingoglycolipid metabolism,False,YDR367W and YKL004W,s_0476 + s_3370 --> s_0895 + s_3002
2800,r_3434,"IPC synthase (PI (1-18:0, 2-18:1) ceramide-1 (C24))",0.0,1000.0,Sphingoglycolipid metabolism,False,YDR367W and YKL004W,s_0476 + s_3372 --> s_0895 + s_3006
2801,r_3435,"IPC synthase (PI (1-18:1, 2-18:1) ceramide-1 (C24))",0.0,1000.0,Sphingoglycolipid metabolism,False,YDR367W and YKL004W,s_0476 + s_3374 --> s_0895 + s_3010
2802,r_3436,"IPC synthase (PI (1-16:0, 2-16:1) ceramide-1 (C26))",0.0,1000.0,Sphingoglycolipid metabolism,False,YDR367W and YKL004W,s_0479 + s_3358 --> s_0898 + s_2996
2803,r_3437,"IPC synthase (PI (1-16:1, 2-16:1) ceramide-1 (C26))",0.0,1000.0,Sphingoglycolipid metabolism,False,YDR367W and YKL004W,s_0479 + s_3362 --> s_0898 + s_3000
2804,r_3438,"IPC synthase (PI (1-18:0, 2-16:1) ceramide-1 (C26))",0.0,1000.0,Sphingoglycolipid metabolism,False,YDR367W and YKL004W,s_0479 + s_3364 --> s_0898 + s_3004
2805,r_3439,"IPC synthase (PI (1-18:1, 2-16:1) ceramide-1 (C26))",0.0,1000.0,Sphingoglycolipid metabolism,False,YDR367W and YKL004W,s_0479 + s_3366 --> s_0898 + s_3008
2806,r_3440,"IPC synthase (PI (1-16:0, 2-18:1) ceramide-1 (C26))",0.0,1000.0,Sphingoglycolipid metabolism,False,YDR367W and YKL004W,s_0479 + s_3368 --> s_0898 + s_2998
2807,r_3441,"IPC synthase (PI (1-16:1, 2-18:1) ceramide-1 (C26))",0.0,1000.0,Sphingoglycolipid metabolism,False,YDR367W and YKL004W,s_0479 + s_3370 --> s_0898 + s_3002
2808,r_3442,"IPC synthase (PI (1-18:0, 2-18:1) ceramide-1 (C26))",0.0,1000.0,Sphingoglycolipid metabolism,False,YDR367W and YKL004W,s_0479 + s_3372 --> s_0898 + s_3006
2809,r_3443,"IPC synthase (PI (1-18:1, 2-18:1) ceramide-1 (C26))",0.0,1000.0,Sphingoglycolipid metabolism,False,YDR367W and YKL004W,s_0479 + s_3374 --> s_0898 + s_3010
2810,r_3444,"IPC synthase (PI (1-16:0, 2-16:1) ceramide-2' (C24))",0.0,1000.0,Sphingoglycolipid metabolism,False,YDR367W and YKL004W,s_0488 + s_3358 --> s_0907 + s_2996
2811,r_3445,"IPC synthase (PI (1-16:1, 2-16:1) ceramide-2' (C24))",0.0,1000.0,Sphingoglycolipid metabolism,False,YDR367W and YKL004W,s_0488 + s_3362 --> s_0907 + s_3000
2812,r_3446,"IPC synthase (PI (1-18:0, 2-16:1) ceramide-2' (C24))",0.0,1000.0,Sphingoglycolipid metabolism,False,YDR367W and YKL004W,s_0488 + s_3364 --> s_0907 + s_3004
2813,r_3447,"IPC synthase (PI (1-18:1, 2-16:1) ceramide-2' (C24))",0.0,1000.0,Sphingoglycolipid metabolism,False,YDR367W and YKL004W,s_0488 + s_3366 --> s_0907 + s_3008
2814,r_3448,"IPC synthase (PI (1-16:0, 2-18:1) ceramide-2' (C24))",0.0,1000.0,Sphingoglycolipid metabolism,False,YDR367W and YKL004W,s_0488 + s_3368 --> s_0907 + s_2998
2815,r_3449,"IPC synthase (PI (1-16:1, 2-18:1) ceramide-2' (C24))",0.0,1000.0,Sphingoglycolipid metabolism,False,YDR367W and YKL004W,s_0488 + s_3370 --> s_0907 + s_3002
2816,r_3450,"IPC synthase (PI (1-18:0, 2-18:1) ceramide-2' (C24))",0.0,1000.0,Sphingoglycolipid metabolism,False,YDR367W and YKL004W,s_0488 + s_3372 --> s_0907 + s_3006
2817,r_3451,"IPC synthase (PI (1-18:1, 2-18:1) ceramide-2' (C24))",0.0,1000.0,Sphingoglycolipid metabolism,False,YDR367W and YKL004W,s_0488 + s_3374 --> s_0907 + s_3010
2818,r_3452,"IPC synthase (PI (1-16:0, 2-16:1) ceramide-2' (C26))",0.0,1000.0,Sphingoglycolipid metabolism,False,YDR367W and YKL004W,s_0491 + s_3358 --> s_0910 + s_2996
2819,r_3453,"IPC synthase (PI (1-16:1, 2-16:1) ceramide-2' (C26))",0.0,1000.0,Sphingoglycolipid metabolism,False,YDR367W and YKL004W,s_0491 + s_3362 --> s_0910 + s_3000
2820,r_3454,"IPC synthase (PI (1-18:0, 2-16:1) ceramide-2' (C26))",0.0,1000.0,Sphingoglycolipid metabolism,False,YDR367W and YKL004W,s_0491 + s_3364 --> s_0910 + s_3004
2821,r_3455,"IPC synthase (PI (1-18:1, 2-16:1) ceramide-2' (C26))",0.0,1000.0,Sphingoglycolipid metabolism,False,YDR367W and YKL004W,s_0491 + s_3366 --> s_0910 + s_3008
2822,r_3456,"IPC synthase (PI (1-16:0, 2-18:1) ceramide-2' (C26))",0.0,1000.0,Sphingoglycolipid metabolism,False,YDR367W and YKL004W,s_0491 + s_3368 --> s_0910 + s_2998
2823,r_3457,"IPC synthase (PI (1-16:1, 2-18:1) ceramide-2' (C26))",0.0,1000.0,Sphingoglycolipid metabolism,False,YDR367W and YKL004W,s_0491 + s_3370 --> s_0910 + s_3002
2824,r_3458,"IPC synthase (PI (1-18:0, 2-18:1) ceramide-2' (C26))",0.0,1000.0,Sphingoglycolipid metabolism,False,YDR367W and YKL004W,s_0491 + s_3372 --> s_0910 + s_3006
2825,r_3459,"IPC synthase (PI (1-18:1, 2-18:1) ceramide-2' (C26))",0.0,1000.0,Sphingoglycolipid metabolism,False,YDR367W and YKL004W,s_0491 + s_3374 --> s_0910 + s_3010
2826,r_3460,"IPC synthase (PI (1-16:0, 2-16:1) ceramide-2 (C24))",0.0,1000.0,Sphingoglycolipid metabolism,False,YDR367W and YKL004W,s_0482 + s_3358 --> s_0901 + s_2996
2827,r_3461,"IPC synthase (PI (1-16:1, 2-16:1) ceramide-2 (C24))",0.0,1000.0,Sphingoglycolipid metabolism,False,YDR367W and YKL004W,s_0482 + s_3362 --> s_0901 + s_3000
2828,r_3462,"IPC synthase (PI (1-18:0, 2-16:1) ceramide-2 (C24))",0.0,1000.0,Sphingoglycolipid metabolism,False,YDR367W and YKL004W,s_0482 + s_3364 --> s_0901 + s_3004
2829,r_3463,"IPC synthase (PI (1-18:1, 2-16:1) ceramide-2 (C24))",0.0,1000.0,Sphingoglycolipid metabolism,False,YDR367W and YKL004W,s_0482 + s_3366 --> s_0901 + s_3008
2830,r_3464,"IPC synthase (PI (1-16:0, 2-18:1) ceramide-2 (C24))",0.0,1000.0,Sphingoglycolipid metabolism,False,YDR367W and YKL004W,s_0482 + s_3368 --> s_0901 + s_2998
2831,r_3465,"IPC synthase (PI (1-16:1, 2-18:1) ceramide-2 (C24))",0.0,1000.0,Sphingoglycolipid metabolism,False,YDR367W and YKL004W,s_0482 + s_3370 --> s_0901 + s_3002
2832,r_3466,"IPC synthase (PI (1-18:0, 2-18:1) ceramide-2 (C24))",0.0,1000.0,Sphingoglycolipid metabolism,False,YDR367W and YKL004W,s_0482 + s_3372 --> s_0901 + s_3006
2833,r_3467,"IPC synthase (PI (1-18:1, 2-18:1) ceramide-2 (C24))",0.0,1000.0,Sphingoglycolipid metabolism,False,YDR367W and YKL004W,s_0482 + s_3374 --> s_0901 + s_3010
2834,r_3468,"IPC synthase (PI (1-16:0, 2-16:1) ceramide-2 (C26))",0.0,1000.0,Sphingoglycolipid metabolism,False,YDR367W and YKL004W,s_0485 + s_3358 --> s_0904 + s_2996
2835,r_3469,"IPC synthase (PI (1-16:1, 2-16:1) ceramide-2 (C26))",0.0,1000.0,Sphingoglycolipid metabolism,False,YDR367W and YKL004W,s_0485 + s_3362 --> s_0904 + s_3000
2836,r_3470,"IPC synthase (PI (1-18:0, 2-16:1) ceramide-2 (C26))",0.0,1000.0,Sphingoglycolipid metabolism,False,YDR367W and YKL004W,s_0485 + s_3364 --> s_0904 + s_3004
2837,r_3471,"IPC synthase (PI (1-18:1, 2-16:1) ceramide-2 (C26))",0.0,1000.0,Sphingoglycolipid metabolism,False,YDR367W and YKL004W,s_0485 + s_3366 --> s_0904 + s_3008
2838,r_3472,"IPC synthase (PI (1-16:0, 2-18:1) ceramide-2 (C26))",0.0,1000.0,Sphingoglycolipid metabolism,False,YDR367W and YKL004W,s_0485 + s_3368 --> s_0904 + s_2998
2839,r_3473,"IPC synthase (PI (1-16:1, 2-18:1) ceramide-2 (C26))",0.0,1000.0,Sphingoglycolipid metabolism,False,YDR367W and YKL004W,s_0485 + s_3370 --> s_0904 + s_3002
2840,r_3474,"IPC synthase (PI (1-18:0, 2-18:1) ceramide-2 (C26))",0.0,1000.0,Sphingoglycolipid metabolism,False,YDR367W and YKL004W,s_0485 + s_3372 --> s_0904 + s_3006
2841,r_3475,"IPC synthase (PI (1-18:1, 2-18:1) ceramide-2 (C26))",0.0,1000.0,Sphingoglycolipid metabolism,False,YDR367W and YKL004W,s_0485 + s_3374 --> s_0904 + s_3010
2842,r_3476,"IPC synthase (PI (1-16:0, 2-16:1) ceramide-3 (C24))",0.0,1000.0,Sphingoglycolipid metabolism,False,YDR367W and YKL004W,s_0494 + s_3358 --> s_0913 + s_2996
2843,r_3477,"IPC synthase (PI (1-16:1, 2-16:1) ceramide-3 (C24))",0.0,1000.0,Sphingoglycolipid metabolism,False,YDR367W and YKL004W,s_0494 + s_3362 --> s_0913 + s_3000
2844,r_3478,"IPC synthase (PI (1-18:0, 2-16:1) ceramide-3 (C24))",0.0,1000.0,Sphingoglycolipid metabolism,False,YDR367W and YKL004W,s_0494 + s_3364 --> s_0913 + s_3004
2845,r_3479,"IPC synthase (PI (1-18:1, 2-16:1) ceramide-3 (C24))",0.0,1000.0,Sphingoglycolipid metabolism,False,YDR367W and YKL004W,s_0494 + s_3366 --> s_0913 + s_3008
2846,r_3480,"IPC synthase (PI (1-16:0, 2-18:1) ceramide-3 (C24))",0.0,1000.0,Sphingoglycolipid metabolism,False,YDR367W and YKL004W,s_0494 + s_3368 --> s_0913 + s_2998
2847,r_3481,"IPC synthase (PI (1-16:1, 2-18:1) ceramide-3 (C24))",0.0,1000.0,Sphingoglycolipid metabolism,False,YDR367W and YKL004W,s_0494 + s_3370 --> s_0913 + s_3002
2848,r_3482,"IPC synthase (PI (1-18:0, 2-18:1) ceramide-3 (C24))",0.0,1000.0,Sphingoglycolipid metabolism,False,YDR367W and YKL004W,s_0494 + s_3372 --> s_0913 + s_3006
2849,r_3483,"IPC synthase (PI (1-18:1, 2-18:1) ceramide-3 (C24))",0.0,1000.0,Sphingoglycolipid metabolism,False,YDR367W and YKL004W,s_0494 + s_3374 --> s_0913 + s_3010
2850,r_3484,"IPC synthase (PI (1-16:0, 2-16:1) ceramide-3 (C26))",0.0,1000.0,Sphingoglycolipid metabolism,False,YDR367W and YKL004W,s_0497 + s_3358 --> s_0916 + s_2996
2851,r_3485,"IPC synthase (PI (1-16:1, 2-16:1) ceramide-3 (C26))",0.0,1000.0,Sphingoglycolipid metabolism,False,YDR367W and YKL004W,s_0497 + s_3362 --> s_0916 + s_3000
2852,r_3486,"IPC synthase (PI (1-18:0, 2-16:1) ceramide-3 (C26))",0.0,1000.0,Sphingoglycolipid metabolism,False,YDR367W and YKL004W,s_0497 + s_3364 --> s_0916 + s_3004
2853,r_3487,"IPC synthase (PI (1-18:1, 2-16:1) ceramide-3 (C26))",0.0,1000.0,Sphingoglycolipid metabolism,False,YDR367W and YKL004W,s_0497 + s_3366 --> s_0916 + s_3008
2854,r_3488,"IPC synthase (PI (1-16:0, 2-18:1) ceramide-3 (C26))",0.0,1000.0,Sphingoglycolipid metabolism,False,YDR367W and YKL004W,s_0497 + s_3368 --> s_0916 + s_2998
2855,r_3489,"IPC synthase (PI (1-16:1, 2-18:1) ceramide-3 (C26))",0.0,1000.0,Sphingoglycolipid metabolism,False,YDR367W and YKL004W,s_0497 + s_3370 --> s_0916 + s_3002
2856,r_3490,"IPC synthase (PI (1-18:0, 2-18:1) ceramide-3 (C26))",0.0,1000.0,Sphingoglycolipid metabolism,False,YDR367W and YKL004W,s_0497 + s_3372 --> s_0916 + s_3006
2857,r_3491,"IPC synthase (PI (1-18:1, 2-18:1) ceramide-3 (C26))",0.0,1000.0,Sphingoglycolipid metabolism,False,YDR367W and YKL004W,s_0497 + s_3374 --> s_0916 + s_3010
2858,r_3492,"IPC synthase (PI (1-16:0, 2-16:1) ceramide-4 (C24))",0.0,1000.0,Sphingoglycolipid metabolism,False,YDR367W and YKL004W,s_0500 + s_3358 --> s_0919 + s_2996
2859,r_3493,"IPC synthase (PI (1-16:1, 2-16:1) ceramide-4 (C24))",0.0,1000.0,Sphingoglycolipid metabolism,False,YDR367W and YKL004W,s_0500 + s_3362 --> s_0919 + s_3000
2860,r_3494,"IPC synthase (PI (1-18:0, 2-16:1) ceramide-4 (C24))",0.0,1000.0,Sphingoglycolipid metabolism,False,YDR367W and YKL004W,s_0500 + s_3364 --> s_0919 + s_3004
2861,r_3495,"IPC synthase (PI (1-18:1, 2-16:1) ceramide-4 (C24))",0.0,1000.0,Sphingoglycolipid metabolism,False,YDR367W and YKL004W,s_0500 + s_3366 --> s_0919 + s_3008
2862,r_3496,"IPC synthase (PI (1-16:0, 2-18:1) ceramide-4 (C24))",0.0,1000.0,Sphingoglycolipid metabolism,False,YDR367W and YKL004W,s_0500 + s_3368 --> s_0919 + s_2998
2863,r_3497,"IPC synthase (PI (1-16:1, 2-18:1) ceramide-4 (C24))",0.0,1000.0,Sphingoglycolipid metabolism,False,YDR367W and YKL004W,s_0500 + s_3370 --> s_0919 + s_3002
2864,r_3498,"IPC synthase (PI (1-18:0, 2-18:1) ceramide-4 (C24))",0.0,1000.0,Sphingoglycolipid metabolism,False,YDR367W and YKL004W,s_0500 + s_3372 --> s_0919 + s_3006
2865,r_3499,"IPC synthase (PI (1-18:1, 2-18:1) ceramide-4 (C24))",0.0,1000.0,Sphingoglycolipid metabolism,False,YDR367W and YKL004W,s_0500 + s_3374 --> s_0919 + s_3010
2866,r_3500,"IPC synthase (PI (1-16:0, 2-16:1) ceramide-4 (C26))",0.0,1000.0,Sphingoglycolipid metabolism,False,YDR367W and YKL004W,s_0503 + s_3358 --> s_0922 + s_2996
2867,r_3501,"IPC synthase (PI (1-16:1, 2-16:1) ceramide-4 (C26))",0.0,1000.0,Sphingoglycolipid metabolism,False,YDR367W and YKL004W,s_0503 + s_3362 --> s_0922 + s_3000
2868,r_3502,"IPC synthase (PI (1-18:0, 2-16:1) ceramide-4 (C26))",0.0,1000.0,Sphingoglycolipid metabolism,False,YDR367W and YKL004W,s_0503 + s_3364 --> s_0922 + s_3004
2869,r_3503,"IPC synthase (PI (1-18:1, 2-16:1) ceramide-4 (C26))",0.0,1000.0,Sphingoglycolipid metabolism,False,YDR367W and YKL004W,s_0503 + s_3366 --> s_0922 + s_3008
2870,r_3504,"IPC synthase (PI (1-16:0, 2-18:1) ceramide-4 (C26))",0.0,1000.0,Sphingoglycolipid metabolism,False,YDR367W and YKL004W,s_0503 + s_3368 --> s_0922 + s_2998
2871,r_3505,"IPC synthase (PI (1-16:1, 2-18:1) ceramide-4 (C26))",0.0,1000.0,Sphingoglycolipid metabolism,False,YDR367W and YKL004W,s_0503 + s_3370 --> s_0922 + s_3002
2872,r_3506,"IPC synthase (PI (1-18:0, 2-18:1) ceramide-4 (C26))",0.0,1000.0,Sphingoglycolipid metabolism,False,YDR367W and YKL004W,s_0503 + s_3372 --> s_0922 + s_3006
2873,r_3507,"IPC synthase (PI (1-18:1, 2-18:1) ceramide-4 (C26))",0.0,1000.0,Sphingoglycolipid metabolism,False,YDR367W and YKL004W,s_0503 + s_3374 --> s_0922 + s_3010
2874,r_3508,"laurate transport, cytoplasm-ER membrane",-1000.0,1000.0,"Transport [c, erm]",False,,s_1065 <=> s_2832
2875,r_3509,"myristate transport, cytoplasm-ER membrane",-1000.0,1000.0,"Transport [c, erm]",False,,s_1161 <=> s_2835
2876,r_3510,"palmitate transport, cytoplasm-ER membrane",-1000.0,1000.0,"Transport [c, erm]",False,,s_1286 <=> s_2836
2877,r_3511,"palmitoleate transport, cytoplasm-ER membrane",-1000.0,1000.0,"Transport [c, erm]",False,,s_1293 <=> s_2837
2878,r_3512,"stearate transport, cytoplasm-ER membrane",-1000.0,1000.0,"Transport [c, erm]",False,,s_1449 <=> s_2838
2879,r_3513,"oleate transport, cytoplasm-ER membrane",-1000.0,1000.0,"Transport [c, erm]",False,,s_1260 <=> s_2839
2880,r_3514,"malonyl-CoA transport, cytoplasm-ER membrane",-1000.0,1000.0,"Transport [c, erm]",False,,s_1101 <=> s_2782
2881,r_3515,"lauroyl-CoA transport, cytoplasm-ER membrane",-1000.0,1000.0,"Transport [c, erm]",False,,s_1073 <=> s_2781
2882,r_3516,"myristoyl-CoA transport, cytoplasm-ER membrane",-1000.0,1000.0,"Transport [c, erm]",False,,s_1176 <=> s_2787
2883,r_3517,"palmitoyl-CoA transport, cytoplasm-ER membrane",-1000.0,1000.0,"Transport [c, erm]",False,,s_1302 <=> s_2789
2884,r_3518,"palmitoleoyl-CoA transport, cytoplasm-ER membrane",-1000.0,1000.0,"Transport [c, erm]",False,,s_2877 <=> s_2819
2885,r_3519,"stearoyl-CoA transport, cytoplasm-ER membrane",-1000.0,1000.0,"Transport [c, erm]",False,,s_1454 <=> s_2791
2886,r_3520,"oleoyl-CoA transport, cytoplasm-ER membrane",-1000.0,1000.0,"Transport [c, erm]",False,,s_1262 <=> s_2821
2887,r_3521,"icosanoyl-CoA transport, cytoplasm-ER membrane",-1000.0,1000.0,"Transport [c, erm]",False,,s_2878 <=> s_2793
2888,r_3522,"docosanoyl-CoA transport, cytoplasm-ER membrane",-1000.0,1000.0,"Transport [c, erm]",False,,s_2880 <=> s_2795
2889,r_3523,"tetracosanoyl-CoA transport, cytoplasm-ER membrane",-1000.0,1000.0,"Transport [c, erm]",False,,s_1479 <=> s_2797
2890,r_3524,"hexacosanoyl-CoA transport, cytoplasm-ER membrane",-1000.0,1000.0,"Transport [c, erm]",False,,s_0816 <=> s_2816
2891,r_3525,"H+ transport, cytoplasm-ER membrane",-1000.0,1000.0,"Transport [c, erm]",False,,s_0794 <=> s_2783
2892,r_3526,"H2O transport, cytoplasm-ER membrane",-1000.0,1000.0,"Transport [c, erm]",False,YLL052C or YPR192W,s_0803 <=> s_2808
2893,r_3527,"CO2 transport, cytoplasm-ER membrane",-1000.0,1000.0,"Transport [c, erm]",False,,s_0456 <=> s_2784
2894,r_3528,"coenzyme A transport, cytoplasm-ER membrane",-1000.0,1000.0,"Transport [c, erm]",False,,s_0529 <=> s_2785
2895,r_3529,"NADPH transport, cytoplasm-ER membrane",-1000.0,1000.0,"Transport [c, erm]",False,,s_1212 <=> s_2799
2896,r_3530,"NADP(+) transport, cytoplasm-ER membrane",-1000.0,1000.0,"Transport [c, erm]",False,,s_1207 <=> s_2800
2897,r_3531,"O2 transport, cytoplasm-ER membrane",-1000.0,1000.0,"Transport [c, erm]",False,,s_1275 <=> s_2817
2898,r_3532,"NADH transport, cytoplasm-ER membrane",-1000.0,1000.0,"Transport [c, erm]",False,,s_1203 <=> s_2818
2899,r_3533,"NAD transport, cytoplasm-ER membrane",-1000.0,1000.0,"Transport [c, erm]",False,,s_1198 <=> s_2820
2900,r_3534,"glycerol 3-phosphate transport, cytoplasm-ER membrane",-1000.0,1000.0,"Transport [c, erm]",False,,s_0767 <=> s_2934
2901,r_3535,"dihydroxyacetone phosphate transport, cytoplasm-ER membrane",-1000.0,1000.0,"Transport [c, erm]",False,,s_0629 <=> s_2939
2902,r_3536,"diphosphate transport, cytoplasm-ER membrane",-1000.0,1000.0,"Transport [c, erm]",False,,s_0633 <=> s_2834
2903,r_3537,"phosphate transport, cytoplasm-ER membrane",-1000.0,1000.0,"Transport [c, erm]",False,,s_1322 <=> s_2966
2904,r_3538,"CTP transport, cytoplasm-ER membrane",-1000.0,1000.0,"Transport [c, erm]",False,,s_0539 <=> s_3083
2905,r_3539,"CDP transport, cytoplasm-ER membrane",-1000.0,1000.0,"Transport [c, erm]",False,,s_0467 <=> s_3215
2906,r_3540,"CMP transport, cytoplasm-ER membrane",-1000.0,1000.0,"Transport [c, erm]",False,,s_0526 <=> s_3108
2907,r_3541,"CDP-ethanolamine transport, cytoplasm-ER membrane",-1000.0,1000.0,"Transport [c, erm]",False,,s_0474 <=> s_3216
2908,r_3542,"CDP-choline transport, cytoplasm-ER membrane",-1000.0,1000.0,"Transport [c, erm]",False,,s_0469 <=> s_3217
2909,r_3543,"ATP transport, cytoplasm-ER membrane",-1000.0,1000.0,"Transport [c, erm]",False,,s_0434 <=> s_2831
2910,r_3544,"AMP transport, cytoplasm-ER membrane",-1000.0,1000.0,"Transport [c, erm]",False,,s_0423 <=> s_2833
2911,r_3545,"L-serine transport, cytoplasm-ER membrane",-1000.0,1000.0,"Transport [c, erm]",False,YKR039W,s_1039 <=> s_3107
2912,r_3546,"myo-inositol transport, cytoplasm-ER membrane",-1000.0,1000.0,"Transport [c, erm]",False,,s_1153 <=> s_3117
2913,r_3547,"S-adenosyl-L-methionine transport, cytoplasm-ER membrane",-1000.0,1000.0,"Transport [c, erm]",False,,s_1416 <=> s_3182
2914,r_3548,"S-adenosyl-L-homocysteine transport, cytoplasm-ER membrane",-1000.0,1000.0,"Transport [c, erm]",False,,s_1413 <=> s_3183
2915,r_3549,"episterol transport, cytoplasm-ER membrane",-1000.0,1000.0,"Transport [c, erm]",False,,s_0657 <=> s_3432
2916,r_3550,"fecosterol transport, cytoplasm-ER membrane",-1000.0,1000.0,"Transport [c, erm]",False,,s_0700 <=> s_3435
2917,r_3551,"lanosterol transport, cytoplasm-ER membrane",-1000.0,1000.0,"Transport [c, erm]",False,,s_1059 <=> s_3438
2918,r_3552,"ergosterol transport, cytoplasm-ER membrane",-1000.0,1000.0,"Transport [c, erm]",False,,s_0666 <=> s_3441
2919,r_3553,"zymosterol transport, cytoplasm-ER membrane",-1000.0,1000.0,"Transport [c, erm]",False,,s_1569 <=> s_3444
2920,r_3554,"diglyceride (1-16:0, 2-16:1) transport, cytoplasm-ER membrane",-1000.0,1000.0,"Transport [c, erm]",False,,s_3497 <=> s_2967
2921,r_3555,"diglyceride (1-16:1, 2-16:1) transport, cytoplasm-ER membrane",-1000.0,1000.0,"Transport [c, erm]",False,,s_3500 <=> s_2969
2922,r_3556,"diglyceride (1-18:0, 2-16:1) transport, cytoplasm-ER membrane",-1000.0,1000.0,"Transport [c, erm]",False,,s_3502 <=> s_2971
2923,r_3557,"diglyceride (1-18:1, 2-16:1) transport, cytoplasm-ER membrane",-1000.0,1000.0,"Transport [c, erm]",False,,s_3504 <=> s_2973
2924,r_3558,"diglyceride (1-16:0, 2-18:1) transport, cytoplasm-ER membrane",-1000.0,1000.0,"Transport [c, erm]",False,,s_3506 <=> s_2968
2925,r_3559,"diglyceride (1-16:1, 2-18:1) transport, cytoplasm-ER membrane",-1000.0,1000.0,"Transport [c, erm]",False,,s_3508 <=> s_2970
2926,r_3560,"diglyceride (1-18:0, 2-18:1) transport, cytoplasm-ER membrane",-1000.0,1000.0,"Transport [c, erm]",False,,s_3510 <=> s_2972
2927,r_3561,"diglyceride (1-18:1, 2-18:1) transport, cytoplasm-ER membrane",-1000.0,1000.0,"Transport [c, erm]",False,,s_3512 <=> s_2974
2928,r_3562,"1-phosphatidyl-1D-myo-inositol (1-16:0, 2-16:1) transport, cytoplasm-ER membrane",-1000.0,1000.0,"Transport [c, erm]",False,,s_3545 <=> s_3118
2929,r_3563,"1-phosphatidyl-1D-myo-inositol (1-16:1, 2-16:1) transport, cytoplasm-ER membrane",-1000.0,1000.0,"Transport [c, erm]",False,,s_3547 <=> s_3119
2930,r_3564,"1-phosphatidyl-1D-myo-inositol (1-18:0, 2-16:1) transport, cytoplasm-ER membrane",-1000.0,1000.0,"Transport [c, erm]",False,,s_3549 <=> s_3120
2931,r_3565,"1-phosphatidyl-1D-myo-inositol (1-18:1, 2-16:1) transport, cytoplasm-ER membrane",-1000.0,1000.0,"Transport [c, erm]",False,,s_3551 <=> s_3121
2932,r_3566,"1-phosphatidyl-1D-myo-inositol (1-16:0, 2-18:1) transport, cytoplasm-ER membrane",-1000.0,1000.0,"Transport [c, erm]",False,,s_3553 <=> s_3122
2933,r_3567,"1-phosphatidyl-1D-myo-inositol (1-16:1, 2-18:1) transport, cytoplasm-ER membrane",-1000.0,1000.0,"Transport [c, erm]",False,,s_3555 <=> s_3123
2934,r_3568,"1-phosphatidyl-1D-myo-inositol (1-18:0, 2-18:1) transport, cytoplasm-ER membrane",-1000.0,1000.0,"Transport [c, erm]",False,,s_3557 <=> s_3124
2935,r_3569,"1-phosphatidyl-1D-myo-inositol (1-18:1, 2-18:1) transport, cytoplasm-ER membrane",-1000.0,1000.0,"Transport [c, erm]",False,,s_3559 <=> s_3125
2936,r_3570,"sn-glycero-3-phosphocholine transport, ER membrane-cytoplasm",-1000.0,1000.0,"Transport [c, erm]",False,,s_3447 <=> s_1433
2937,r_3571,"hexadecanoate (n-C16:0) transport, cytoplasm-lipid particle",-1000.0,1000.0,"Transport [c, lp]",False,,s_1286 <=> s_2846
2938,r_3572,"hexadecenoate (n-C16:1) transport, cytoplasm-lipid particle",-1000.0,1000.0,"Transport [c, lp]",False,,s_1293 <=> s_2848
2939,r_3573,"octadecanoate (n-C18:0) transport, cytoplasm-lipid particle",-1000.0,1000.0,"Transport [c, lp]",False,,s_1449 <=> s_2850
2940,r_3574,"octadecenoate (n-C18:1) transport, cytoplasm-lipid particle",-1000.0,1000.0,"Transport [c, lp]",False,,s_1260 <=> s_2852
2941,r_3575,"lauroyl-CoA transport, cytoplasm-lipid particle",-1000.0,1000.0,"Transport [c, lp]",False,,s_1073 <=> s_2843
2942,r_3576,"myristoyl-CoA transport, cytoplasm-lipid particle",-1000.0,1000.0,"Transport [c, lp]",False,,s_1176 <=> s_2845
2943,r_3577,"palmitoyl-CoA transport, cytoplasm-lipid particle",-1000.0,1000.0,"Transport [c, lp]",False,,s_1302 <=> s_2847
2944,r_3578,"palmitoleoyl-CoA transport, cytoplasm-lipid particle",-1000.0,1000.0,"Transport [c, lp]",False,,s_2877 <=> s_2849
2945,r_3579,"stearoyl-CoA transport, cytoplasm-lipid particle",-1000.0,1000.0,"Transport [c, lp]",False,,s_1454 <=> s_2851
2946,r_3580,"oleoyl-CoA transport, cytoplasm-lipid particle",-1000.0,1000.0,"Transport [c, lp]",False,,s_1262 <=> s_2853
2947,r_3581,"glycerol 3-phosphate transport, cytoplasm-lipid particle",-1000.0,1000.0,"Transport [c, lp]",False,,s_0767 <=> s_0769
2948,r_3582,"dihydroxyacetone phosphate transport, cytoplasm-lipid particle",-1000.0,1000.0,"Transport [c, lp]",False,,s_0629 <=> s_0631
2949,r_3583,"NADPH transport, cytoplasm-lipid particle",-1000.0,1000.0,"Transport [c, lp]",False,,s_1212 <=> s_2952
2950,r_3584,"NADP(+) transport, cytoplasm-lipid particle",-1000.0,1000.0,"Transport [c, lp]",False,,s_1207 <=> s_2953
2951,r_3585,"ATP transport, cytoplasm-lipid particle",-1000.0,1000.0,"Transport [c, lp]",False,,s_0434 <=> s_2840
2952,r_3586,"AMP transport, cytoplasm-lipid particle",-1000.0,1000.0,"Transport [c, lp]",False,,s_0423 <=> s_2842
2953,r_3587,"diphosphate transport, cytoplasm-lipid particle",-1000.0,1000.0,"Transport [c, lp]",False,,s_0633 <=> s_0635
2954,r_3588,"diglyceride (1-16:0, 2-16:1) transport, cytoplasm-lipid particle",-1000.0,1000.0,"Transport [c, lp]",False,,s_3497 <=> s_3043
2955,r_3589,"diglyceride (1-16:1, 2-16:1) transport, cytoplasm-lipid particle",-1000.0,1000.0,"Transport [c, lp]",False,,s_3500 <=> s_3047
2956,r_3590,"diglyceride (1-18:0, 2-16:1) transport, cytoplasm-lipid particle",-1000.0,1000.0,"Transport [c, lp]",False,,s_3502 <=> s_3051
2957,r_3591,"diglyceride (1-18:1, 2-16:1) transport, cytoplasm-lipid particle",-1000.0,1000.0,"Transport [c, lp]",False,,s_3504 <=> s_3055
2958,r_3592,"diglyceride (1-16:0, 2-18:1) transport, cytoplasm-lipid particle",-1000.0,1000.0,"Transport [c, lp]",False,,s_3506 <=> s_3045
2959,r_3593,"diglyceride (1-16:1, 2-18:1) transport, cytoplasm-lipid particle",-1000.0,1000.0,"Transport [c, lp]",False,,s_3508 <=> s_3049
2960,r_3594,"diglyceride (1-18:0, 2-18:1) transport, cytoplasm-lipid particle",-1000.0,1000.0,"Transport [c, lp]",False,,s_3510 <=> s_3053
2961,r_3595,"diglyceride (1-18:1, 2-18:1) transport, cytoplasm-lipid particle",-1000.0,1000.0,"Transport [c, lp]",False,,s_3512 <=> s_3057
2962,r_3596,"H2O transport, cytoplasm-lipid particle",-1000.0,1000.0,"Transport [c, lp]",False,,s_0803 <=> s_3657
2963,r_3597,"glycerol transport, lipid particle-cytoplasm",-1000.0,1000.0,"Transport [c, lp]",False,,s_3684 <=> s_0765
2964,r_3598,"docosanoyl-CoA transport, lipid particle-cytoplasm",-1000.0,1000.0,"Transport [c, lp]",False,,s_2872 <=> s_2880
2965,r_3599,"tetracosanoyl-CoA transport, lipid particle-cytoplasm",-1000.0,1000.0,"Transport [c, lp]",False,,s_2874 <=> s_1479
2966,r_3600,"hexacosanoyl-CoA transport, lipid particle-cytoplasm",-1000.0,1000.0,"Transport [c, lp]",False,,s_2876 <=> s_0816
2967,r_3601,"ATP transport, cytoplasm-cell envelope",-1000.0,1000.0,"Transport [c, ce]",False,,s_0434 <=> s_2856
2968,r_3602,"ADP transport, cytoplasm-cell envelope",-1000.0,1000.0,"Transport [c, ce]",False,,s_0394 <=> s_3324
2969,r_3603,"H+ transport, cytoplasm-cell envelope",-1000.0,1000.0,"Transport [c, ce]",False,,s_0794 <=> s_0793
2970,r_3604,"H2O transport, cytoplasm-cell envelope",-1000.0,1000.0,"Transport [c, ce]",False,YLL052C or YLL053C or YPR192W,s_0803 <=> s_3449
2971,r_3605,"phosphate transport, cytoplasm-cell envelope",-1000.0,1000.0,"Transport [c, ce]",False,YCR037C or YJL198W or YML123C,s_1322 <=> s_3536
2972,r_3606,"sn-glycero-3-phosphocholine transport, cell envelope-cytoplasm",-1000.0,1000.0,"Transport [c, ce]",False,YCR098C,s_1432 <=> s_1433
2973,r_3607,"1-(sn-glycero-3-phospho)-1D-myo-inositol transport, cell envelope-cytoplasm",-1000.0,1000.0,"Transport [c, ce]",False,YCR098C,s_3495 <=> s_0079
2974,r_3608,"palmitate transport, cell envelope-cytoplasm",-1000.0,1000.0,"Transport [c, ce]",False,,s_3463 <=> s_1286
2975,r_3609,"palmitoleate transport, cell envelope-cytoplasm",-1000.0,1000.0,"Transport [c, ce]",False,,s_3451 <=> s_1293
2976,r_3610,"stearate transport, cell envelope-cytoplasm",-1000.0,1000.0,"Transport [c, ce]",False,,s_3464 <=> s_1449
2977,r_3611,"oleate transport, cell envelope-cytoplasm",-1000.0,1000.0,"Transport [c, ce]",False,,s_3459 <=> s_1260
2978,r_3612,"icosanoyl-CoA transport, cell envelope-cytoplasm",-1000.0,1000.0,"Transport [c, ce]",False,,s_2861 <=> s_2878
2979,r_3613,"docosanoyl-CoA transport, cell envelope-cytoplasm",-1000.0,1000.0,"Transport [c, ce]",False,,s_2863 <=> s_2880
2980,r_3614,"tetracosanoyl-CoA transport, cell envelope-cytoplasm",-1000.0,1000.0,"Transport [c, ce]",False,,s_2865 <=> s_1479
2981,r_3615,"hexacosanoyl-CoA transport, cell envelope-cytoplasm",-1000.0,1000.0,"Transport [c, ce]",False,,s_2867 <=> s_0816
2982,r_3616,"1-phosphatidyl-1D-myo-inositol 4,5-bisphosphate (1-16:0, 2-16:1) transport, cell envelope-cytoplasm",-1000.0,1000.0,"Transport [c, ce]",False,,s_3408 <=> s_3496
2983,r_3617,"1-phosphatidyl-1D-myo-inositol 4,5-bisphosphate (1-16:1, 2-16:1) transport, cell envelope-cytoplasm",-1000.0,1000.0,"Transport [c, ce]",False,,s_3409 <=> s_3499
2984,r_3618,"1-phosphatidyl-1D-myo-inositol 4,5-bisphosphate (1-18:0, 2-16:1) transport, cell envelope-cytoplasm",-1000.0,1000.0,"Transport [c, ce]",False,,s_3410 <=> s_3501
2985,r_3619,"1-phosphatidyl-1D-myo-inositol 4,5-bisphosphate (1-18:1, 2-16:1) transport, cell envelope-cytoplasm",-1000.0,1000.0,"Transport [c, ce]",False,,s_3411 <=> s_3503
2986,r_3620,"1-phosphatidyl-1D-myo-inositol 4,5-bisphosphate (1-16:0, 2-18:1) transport, cell envelope-cytoplasm",-1000.0,1000.0,"Transport [c, ce]",False,,s_3412 <=> s_3505
2987,r_3621,"1-phosphatidyl-1D-myo-inositol 4,5-bisphosphate (1-16:1, 2-18:1) transport, cell envelope-cytoplasm",-1000.0,1000.0,"Transport [c, ce]",False,,s_3413 <=> s_3507
2988,r_3622,"1-phosphatidyl-1D-myo-inositol 4,5-bisphosphate (1-18:0, 2-18:1) transport, cell envelope-cytoplasm",-1000.0,1000.0,"Transport [c, ce]",False,,s_3414 <=> s_3509
2989,r_3623,"1-phosphatidyl-1D-myo-inositol 4,5-bisphosphate (1-18:1, 2-18:1) transport, cell envelope-cytoplasm",-1000.0,1000.0,"Transport [c, ce]",False,,s_3415 <=> s_3511
2990,r_3624,"1-phosphatidyl-1D-myo-inositol 4-phosphate (1-16:0, 2-16:1) transport, cell envelope-cytoplasm",-1000.0,1000.0,"Transport [c, ce]",False,,s_3325 <=> s_3576
2991,r_3625,"1-phosphatidyl-1D-myo-inositol 4-phosphate (1-16:1, 2-16:1) transport, cell envelope-cytoplasm",-1000.0,1000.0,"Transport [c, ce]",False,,s_3327 <=> s_3577
2992,r_3626,"1-phosphatidyl-1D-myo-inositol 4-phosphate (1-18:0, 2-16:1) transport, cell envelope-cytoplasm",-1000.0,1000.0,"Transport [c, ce]",False,,s_3329 <=> s_3578
2993,r_3627,"1-phosphatidyl-1D-myo-inositol 4-phosphate (1-18:1, 2-16:1) transport, cell envelope-cytoplasm",-1000.0,1000.0,"Transport [c, ce]",False,,s_3331 <=> s_3579
2994,r_3628,"1-phosphatidyl-1D-myo-inositol 4-phosphate (1-16:0, 2-18:1) transport, cell envelope-cytoplasm",-1000.0,1000.0,"Transport [c, ce]",False,,s_3333 <=> s_3580
2995,r_3629,"1-phosphatidyl-1D-myo-inositol 4-phosphate (1-16:1, 2-18:1) transport, cell envelope-cytoplasm",-1000.0,1000.0,"Transport [c, ce]",False,,s_3335 <=> s_3581
2996,r_3630,"1-phosphatidyl-1D-myo-inositol 4-phosphate (1-18:0, 2-18:1) transport, cell envelope-cytoplasm",-1000.0,1000.0,"Transport [c, ce]",False,,s_3337 <=> s_3582
2997,r_3631,"1-phosphatidyl-1D-myo-inositol 4-phosphate (1-18:1, 2-18:1) transport, cell envelope-cytoplasm",-1000.0,1000.0,"Transport [c, ce]",False,,s_3339 <=> s_3583
2998,r_3632,"1-phosphatidyl-1D-myo-inositol 4,5-bisphosphate (1-16:0, 2-16:1) transport, nucleus-cytoplasm",-1000.0,1000.0,"Transport [c, n]",False,,s_3400 <=> s_3496
2999,r_3633,"1-phosphatidyl-1D-myo-inositol 4,5-bisphosphate (1-16:1, 2-16:1) transport, nucleus-cytoplasm",-1000.0,1000.0,"Transport [c, n]",False,,s_3401 <=> s_3499
3000,r_3634,"1-phosphatidyl-1D-myo-inositol 4,5-bisphosphate (1-18:0, 2-16:1) transport, nucleus-cytoplasm",-1000.0,1000.0,"Transport [c, n]",False,,s_3402 <=> s_3501
3001,r_3635,"1-phosphatidyl-1D-myo-inositol 4,5-bisphosphate (1-18:1, 2-16:1) transport, nucleus-cytoplasm",-1000.0,1000.0,"Transport [c, n]",False,,s_3403 <=> s_3503
3002,r_3636,"1-phosphatidyl-1D-myo-inositol 4,5-bisphosphate (1-16:0, 2-18:1) transport, nucleus-cytoplasm",-1000.0,1000.0,"Transport [c, n]",False,,s_3404 <=> s_3505
3003,r_3637,"1-phosphatidyl-1D-myo-inositol 4,5-bisphosphate (1-16:1, 2-18:1) transport, nucleus-cytoplasm",-1000.0,1000.0,"Transport [c, n]",False,,s_3405 <=> s_3507
3004,r_3638,"1-phosphatidyl-1D-myo-inositol 4,5-bisphosphate (1-18:0, 2-18:1) transport, nucleus-cytoplasm",-1000.0,1000.0,"Transport [c, n]",False,,s_3406 <=> s_3509
3005,r_3639,"1-phosphatidyl-1D-myo-inositol 4,5-bisphosphate (1-18:1, 2-18:1) transport, nucleus-cytoplasm",-1000.0,1000.0,"Transport [c, n]",False,,s_3407 <=> s_3511
3006,r_3640,"diglyceride (1-16:0, 2-16:1) transport, nucleus-cytoplasm",-1000.0,1000.0,"Transport [c, n]",False,,s_3513 <=> s_3497
3007,r_3641,"diglyceride (1-16:1, 2-16:1) transport, nucleus-cytoplasm",-1000.0,1000.0,"Transport [c, n]",False,,s_3514 <=> s_3500
3008,r_3642,"diglyceride (1-18:0, 2-16:1) transport, nucleus-cytoplasm",-1000.0,1000.0,"Transport [c, n]",False,,s_3515 <=> s_3502
3009,r_3643,"diglyceride (1-18:1, 2-16:1) transport, nucleus-cytoplasm",-1000.0,1000.0,"Transport [c, n]",False,,s_3516 <=> s_3504
3010,r_3644,"diglyceride (1-16:0, 2-18:1) transport, nucleus-cytoplasm",-1000.0,1000.0,"Transport [c, n]",False,,s_3517 <=> s_3506
3011,r_3645,"diglyceride (1-16:1, 2-18:1) transport, nucleus-cytoplasm",-1000.0,1000.0,"Transport [c, n]",False,,s_3518 <=> s_3508
3012,r_3646,"diglyceride (1-18:0, 2-18:1) transport, nucleus-cytoplasm",-1000.0,1000.0,"Transport [c, n]",False,,s_3519 <=> s_3510
3013,r_3647,"diglyceride (1-18:1, 2-18:1) transport, nucleus-cytoplasm",-1000.0,1000.0,"Transport [c, n]",False,,s_3520 <=> s_3512
3014,r_3648,"H2O transport, cytoplasm-vacuolar membrane",-1000.0,1000.0,"Transport [c, vm]",False,,s_0803 <=> s_2976
3015,r_3649,"phosphate transport, cytoplasm-vacuolar membrane",-1000.0,1000.0,"Transport [c, vm]",False,YNR013C,s_1322 <=> s_2977
3016,r_3650,"H+ transport, cytoplasm-vacuolar membrane",-1000.0,1000.0,"Transport [c, vm]",False,,s_0794 <=> s_3164
3017,r_3651,"ATP transport, cytoplasm-vacuolar membrane",-1000.0,1000.0,"Transport [c, vm]",False,,s_0434 <=> s_3341
3018,r_3652,"ADP transport, cytoplasm-vacuolar membrane",-1000.0,1000.0,"Transport [c, vm]",False,,s_0394 <=> s_3342
3019,r_3653,"carbon dioxide transport, cytoplasm-vacuolar membrane",-1000.0,1000.0,"Transport [c, vm]",False,,s_0456 <=> s_3165
3020,r_3654,"1-phosphatidyl-1D-myo-inositol 3,5-bisphosphate (1-16:0, 2-16:1) transport, vacuolar membrane-cytoplasm",-1000.0,1000.0,"Transport [c, vm]",False,,s_3416 <=> s_3600
3021,r_3655,"1-phosphatidyl-1D-myo-inositol 3,5-bisphosphate (1-16:1, 2-16:1) transport, vacuolar membrane-cytoplasm",-1000.0,1000.0,"Transport [c, vm]",False,,s_3417 <=> s_3601
3022,r_3656,"1-phosphatidyl-1D-myo-inositol 3,5-bisphosphate (1-18:0, 2-16:1) transport, vacuolar membrane-cytoplasm",-1000.0,1000.0,"Transport [c, vm]",False,,s_3418 <=> s_3602
3023,r_3657,"1-phosphatidyl-1D-myo-inositol 3,5-bisphosphate (1-18:1, 2-16:1) transport, vacuolar membrane-cytoplasm",-1000.0,1000.0,"Transport [c, vm]",False,,s_3419 <=> s_3603
3024,r_3658,"1-phosphatidyl-1D-myo-inositol 3,5-bisphosphate (1-16:0, 2-18:1) transport, vacuolar membrane-cytoplasm",-1000.0,1000.0,"Transport [c, vm]",False,,s_3420 <=> s_3604
3025,r_3659,"1-phosphatidyl-1D-myo-inositol 3,5-bisphosphate (1-16:1, 2-18:1) transport, vacuolar membrane-cytoplasm",-1000.0,1000.0,"Transport [c, vm]",False,,s_3421 <=> s_3605
3026,r_3660,"1-phosphatidyl-1D-myo-inositol 3,5-bisphosphate (1-18:0, 2-18:1) transport, vacuolar membrane-cytoplasm",-1000.0,1000.0,"Transport [c, vm]",False,,s_3422 <=> s_3606
3027,r_3661,"1-phosphatidyl-1D-myo-inositol 3,5-bisphosphate (1-18:1, 2-18:1) transport, vacuolar membrane-cytoplasm",-1000.0,1000.0,"Transport [c, vm]",False,,s_3423 <=> s_3607
3028,r_3662,"H2O transport, cytoplasm-Golgi membrane",-1000.0,1000.0,"Transport [c, gm]",False,,s_0803 <=> s_2994
3029,r_3663,"phosphate transport, cytoplasm-Golgi membrane",-1000.0,1000.0,"Transport [c, gm]",False,,s_1322 <=> s_2995
3030,r_3664,"H+ transport, cytoplasm-Golgi membrane",-1000.0,1000.0,"Transport [c, gm]",False,,s_0794 <=> s_3146
3031,r_3665,"carbon dioxide transport, cytoplasm-Golgi membrane",-1000.0,1000.0,"Transport [c, gm]",False,,s_0456 <=> s_3147
3032,r_3666,"ATP transport, cytoplasm-Golgi membrane",-1000.0,1000.0,"Transport [c, gm]",False,,s_0434 <=> s_3359
3033,r_3667,"ADP transport, cytoplasm-Golgi membrane",-1000.0,1000.0,"Transport [c, gm]",False,,s_0394 <=> s_3360
3034,r_3668,"H2O transport, cytoplasm-mitochondrial membrane",-1000.0,1000.0,"Transport [c, mm]",False,,s_0803 <=> s_3226
3035,r_3669,"carbon dioxide transport, cytoplasm-mitochondrial membrane",-1000.0,1000.0,"Transport [c, mm]",False,,s_0456 <=> s_3129
3036,r_3670,"palmitoleoyl-CoA transport, cytoplasm-mitochondrial membrane",-1000.0,1000.0,"Transport [c, mm]",False,,s_2877 <=> s_3320
3037,r_3671,"oleoyl-CoA transport, cytoplasm-mitochondrial membrane",-1000.0,1000.0,"Transport [c, mm]",False,,s_1262 <=> s_3322
3038,r_3672,"diglyceride (1-16:0, 2-16:1) transport, mitochondrial membrane-cytoplasm",-1000.0,1000.0,"Transport [c, mm]",False,,s_3521 <=> s_3497
3039,r_3673,"diglyceride (1-16:1, 2-16:1) transport, mitochondrial membrane-cytoplasm",-1000.0,1000.0,"Transport [c, mm]",False,,s_3522 <=> s_3500
3040,r_3674,"diglyceride (1-18:0, 2-16:1) transport, mitochondrial membrane-cytoplasm",-1000.0,1000.0,"Transport [c, mm]",False,,s_3523 <=> s_3502
3041,r_3675,"diglyceride (1-18:1, 2-16:1) transport, mitochondrial membrane-cytoplasm",-1000.0,1000.0,"Transport [c, mm]",False,,s_3524 <=> s_3504
3042,r_3676,"diglyceride (1-16:0, 2-18:1) transport, mitochondrial membrane-cytoplasm",-1000.0,1000.0,"Transport [c, mm]",False,,s_3525 <=> s_3506
3043,r_3677,"diglyceride (1-16:1, 2-18:1) transport, mitochondrial membrane-cytoplasm",-1000.0,1000.0,"Transport [c, mm]",False,,s_3526 <=> s_3508
3044,r_3678,"palmitate transport, mitochondrial membrane-cytoplasm",-1000.0,1000.0,"Transport [c, mm]",False,,s_3271 <=> s_1286
3045,r_3679,"stearate transport, mitochondrial membrane-cytoplasm",-1000.0,1000.0,"Transport [c, mm]",False,,s_3277 <=> s_1449
3046,r_3680,"coenzyme A transport, mitochondrial membrane-cytoplasm",-1000.0,1000.0,"Transport [c, mm]",False,YHR002W,s_3321 <=> s_0529
3047,r_3681,"laurate transport, ER membrane-lipid particle",-1000.0,1000.0,"Transport [erm, lp]",False,,s_2832 <=> s_2841
3048,r_3682,"myristate transport, ER membrane-lipid particle",-1000.0,1000.0,"Transport [erm, lp]",False,,s_2835 <=> s_2844
3049,r_3683,"lignoceric acid transport, ER membrane-lipid particle",-1000.0,1000.0,"Transport [erm, lp]",False,,s_2869 <=> s_2873
3050,r_3684,"cerotic acid transport, ER membrane-lipid particle",-1000.0,1000.0,"Transport [erm, lp]",False,,s_2870 <=> s_2875
3051,r_3685,"TAG (1-16:0, 2-16:1, 3-16:0) transport, ER membrane-lipid particle",-1000.0,1000.0,"Transport [erm, lp]",False,,s_3011 <=> s_3044
3052,r_3686,"TAG (1-16:0, 2-16:1, 3-16:1) transport, ER membrane-lipid particle",-1000.0,1000.0,"Transport [erm, lp]",False,,s_3019 <=> s_3059
3053,r_3687,"TAG (1-16:0, 2-16:1, 3-18:0) transport, ER membrane-lipid particle",-1000.0,1000.0,"Transport [erm, lp]",False,,s_3027 <=> s_3067
3054,r_3688,"TAG (1-16:0, 2-16:1, 3-18:1) transport, ER membrane-lipid particle",-1000.0,1000.0,"Transport [erm, lp]",False,,s_3035 <=> s_3075
3055,r_3689,"TAG (1-16:1, 2-16:1, 3-16:0) transport, ER membrane-lipid particle",-1000.0,1000.0,"Transport [erm, lp]",False,,s_3013 <=> s_3048
3056,r_3690,"TAG (1-16:1, 2-16:1, 3-16:1) transport, ER membrane-lipid particle",-1000.0,1000.0,"Transport [erm, lp]",False,,s_3021 <=> s_3061
3057,r_3691,"TAG (1-16:1, 2-16:1, 3-18:0) transport, ER membrane-lipid particle",-1000.0,1000.0,"Transport [erm, lp]",False,,s_3029 <=> s_3069
3058,r_3692,"TAG (1-16:1, 2-16:1, 3-18:1) transport, ER membrane-lipid particle",-1000.0,1000.0,"Transport [erm, lp]",False,,s_3037 <=> s_3077
3059,r_3693,"TAG (1-18:0, 2-16:1, 3-16:0) transport, ER membrane-lipid particle",-1000.0,1000.0,"Transport [erm, lp]",False,,s_3015 <=> s_3052
3060,r_3694,"TAG (1-18:0, 2-16:1, 3-16:1) transport, ER membrane-lipid particle",-1000.0,1000.0,"Transport [erm, lp]",False,,s_3023 <=> s_3063
3061,r_3695,"TAG (1-18:0, 2-16:1, 3-18:0) transport, ER membrane-lipid particle",-1000.0,1000.0,"Transport [erm, lp]",False,,s_3031 <=> s_3071
3062,r_3696,"TAG (1-18:0, 2-16:1, 3-18:1) transport, ER membrane-lipid particle",-1000.0,1000.0,"Transport [erm, lp]",False,,s_3039 <=> s_3079
3063,r_3697,"TAG (1-18:1, 2-16:1, 3-16:0) transport, ER membrane-lipid particle",-1000.0,1000.0,"Transport [erm, lp]",False,,s_3017 <=> s_3056
3064,r_3698,"TAG (1-18:1, 2-16:1, 3-16:1) transport, ER membrane-lipid particle",-1000.0,1000.0,"Transport [erm, lp]",False,,s_3025 <=> s_3065
3065,r_3699,"TAG (1-18:1, 2-16:1, 3-18:0) transport, ER membrane-lipid particle",-1000.0,1000.0,"Transport [erm, lp]",False,,s_3033 <=> s_3073
3066,r_3700,"TAG (1-18:1, 2-16:1, 3-18:1) transport, ER membrane-lipid particle",-1000.0,1000.0,"Transport [erm, lp]",False,,s_3041 <=> s_3081
3067,r_3701,"TAG (1-16:0, 2-18:1, 3-16:0) transport, ER membrane-lipid particle",-1000.0,1000.0,"Transport [erm, lp]",False,,s_3012 <=> s_3046
3068,r_3702,"TAG (1-16:0, 2-18:1, 3-16:1) transport, ER membrane-lipid particle",-1000.0,1000.0,"Transport [erm, lp]",False,,s_3020 <=> s_3060
3069,r_3703,"TAG (1-16:0, 2-18:1, 3-18:0) transport, ER membrane-lipid particle",-1000.0,1000.0,"Transport [erm, lp]",False,,s_3028 <=> s_3068
3070,r_3704,"TAG (1-16:0, 2-18:1, 3-18:1) transport, ER membrane-lipid particle",-1000.0,1000.0,"Transport [erm, lp]",False,,s_3036 <=> s_3076
3071,r_3705,"TAG (1-16:1, 2-18:1, 3-16:0) transport, ER membrane-lipid particle",-1000.0,1000.0,"Transport [erm, lp]",False,,s_3014 <=> s_3050
3072,r_3706,"TAG (1-16:1, 2-18:1, 3-16:1) transport, ER membrane-lipid particle",-1000.0,1000.0,"Transport [erm, lp]",False,,s_3022 <=> s_3062
3073,r_3707,"TAG (1-16:1, 2-18:1, 3-18:0) transport, ER membrane-lipid particle",-1000.0,1000.0,"Transport [erm, lp]",False,,s_3030 <=> s_3070
3074,r_3708,"TAG (1-16:1, 2-18:1, 3-18:1) transport, ER membrane-lipid particle",-1000.0,1000.0,"Transport [erm, lp]",False,,s_3038 <=> s_3078
3075,r_3709,"TAG (1-18:0, 2-18:1, 3-16:0) transport, ER membrane-lipid particle",-1000.0,1000.0,"Transport [erm, lp]",False,,s_3016 <=> s_3054
3076,r_3710,"TAG (1-18:0, 2-18:1, 3-16:1) transport, ER membrane-lipid particle",-1000.0,1000.0,"Transport [erm, lp]",False,,s_3024 <=> s_3064
3077,r_3711,"TAG (1-18:0, 2-18:1, 3-18:0) transport, ER membrane-lipid particle",-1000.0,1000.0,"Transport [erm, lp]",False,,s_3032 <=> s_3072
3078,r_3712,"TAG (1-18:0, 2-18:1, 3-18:1) transport, ER membrane-lipid particle",-1000.0,1000.0,"Transport [erm, lp]",False,,s_3040 <=> s_3080
3079,r_3713,"TAG (1-18:1, 2-18:1, 3-16:0) transport, ER membrane-lipid particle",-1000.0,1000.0,"Transport [erm, lp]",False,,s_3018 <=> s_3058
3080,r_3714,"TAG (1-18:1, 2-18:1, 3-16:1) transport, ER membrane-lipid particle",-1000.0,1000.0,"Transport [erm, lp]",False,,s_3026 <=> s_3066
3081,r_3715,"TAG (1-18:1, 2-18:1, 3-18:0) transport, ER membrane-lipid particle",-1000.0,1000.0,"Transport [erm, lp]",False,,s_3034 <=> s_3074
3082,r_3716,"TAG (1-18:1, 2-18:1, 3-18:1) transport, ER membrane-lipid particle",-1000.0,1000.0,"Transport [erm, lp]",False,,s_3042 <=> s_3082
3083,r_3717,"episterol transport, ER membrane-lipid particle",-1000.0,1000.0,"Transport [erm, lp]",False,,s_3432 <=> s_3660
3084,r_3718,"fecosterol transport, ER membrane-lipid particle",-1000.0,1000.0,"Transport [erm, lp]",False,,s_3435 <=> s_0703
3085,r_3719,"lanosterol transport, ER membrane-lipid particle",-1000.0,1000.0,"Transport [erm, lp]",False,,s_3438 <=> s_3665
3086,r_3720,"zymosterol transport, ER membrane-lipid particle",-1000.0,1000.0,"Transport [erm, lp]",False,,s_3444 <=> s_1572
3087,r_3721,"ergosteryl palmitoleate transport, ER membrane-lipid particle",-1000.0,1000.0,"Transport [erm, lp]",False,,s_3443 <=> s_3656
3088,r_3722,"ergosteryl oleate transport, ER membrane-lipid particle",-1000.0,1000.0,"Transport [erm, lp]",False,,s_3442 <=> s_3658
3089,r_3723,"episteryl palmitoleate transport, ER membrane-lipid particle",-1000.0,1000.0,"Transport [erm, lp]",False,,s_3434 <=> s_3659
3090,r_3724,"episteryl oleate transport, ER membrane-lipid particle",-1000.0,1000.0,"Transport [erm, lp]",False,,s_3433 <=> s_3661
3091,r_3725,"fecosteryl palmitoleate transport, ER membrane-lipid particle",-1000.0,1000.0,"Transport [erm, lp]",False,,s_3437 <=> s_3662
3092,r_3726,"fecosteryl oleate transport, ER membrane-lipid particle",-1000.0,1000.0,"Transport [erm, lp]",False,,s_3436 <=> s_3663
3093,r_3727,"lanosteryl palmitoleate transport, ER membrane-lipid particle",-1000.0,1000.0,"Transport [erm, lp]",False,,s_3440 <=> s_3664
3094,r_3728,"lanosteryl oleate transport, ER membrane-lipid particle",-1000.0,1000.0,"Transport [erm, lp]",False,,s_3439 <=> s_3666
3095,r_3729,"zymosteryl palmitoleate transport, ER membrane-lipid particle",-1000.0,1000.0,"Transport [erm, lp]",False,,s_3446 <=> s_3667
3096,r_3730,"zymosteryl oleate transport, ER membrane-lipid particle",-1000.0,1000.0,"Transport [erm, lp]",False,,s_3445 <=> s_3668
3097,r_3731,"phosphatidylcholine (1-16:0, 2-16:1) transport, ER membrane-lipid particle",-1000.0,1000.0,"Transport [erm, lp]",False,,s_3207 <=> s_3693
3098,r_3732,"phosphatidylcholine (1-16:1, 2-16:1) transport, ER membrane-lipid particle",-1000.0,1000.0,"Transport [erm, lp]",False,,s_3208 <=> s_3695
3099,r_3733,"phosphatidylcholine (1-18:0, 2-16:1) transport, ER membrane-lipid particle",-1000.0,1000.0,"Transport [erm, lp]",False,,s_3209 <=> s_3697
3100,r_3734,"phosphatidylcholine (1-18:1, 2-16:1) transport, ER membrane-lipid particle",-1000.0,1000.0,"Transport [erm, lp]",False,,s_3210 <=> s_3699
3101,r_3735,"phosphatidylcholine (1-16:0, 2-18:1) transport, ER membrane-lipid particle",-1000.0,1000.0,"Transport [erm, lp]",False,,s_3211 <=> s_3701
3102,r_3736,"phosphatidylcholine (1-16:1, 2-18:1) transport, ER membrane-lipid particle",-1000.0,1000.0,"Transport [erm, lp]",False,,s_3212 <=> s_3702
3103,r_3737,"phosphatidylcholine (1-18:0, 2-18:1) transport, ER membrane-lipid particle",-1000.0,1000.0,"Transport [erm, lp]",False,,s_3213 <=> s_3703
3104,r_3738,"phosphatidylcholine (1-18:1, 2-18:1) transport, ER membrane-lipid particle",-1000.0,1000.0,"Transport [erm, lp]",False,,s_3214 <=> s_3704
3105,r_3739,"phosphatidylethanolamine (1-16:0, 2-16:1) transport, ER membrane-lipid particle",-1000.0,1000.0,"Transport [erm, lp]",False,,s_3181 <=> s_3705
3106,r_3740,"phosphatidylethanolamine (1-16:1, 2-16:1) transport, ER membrane-lipid particle",-1000.0,1000.0,"Transport [erm, lp]",False,,s_3185 <=> s_3706
3107,r_3741,"phosphatidylethanolamine (1-18:0, 2-16:1) transport, ER membrane-lipid particle",-1000.0,1000.0,"Transport [erm, lp]",False,,s_3187 <=> s_3707
3108,r_3742,"phosphatidylethanolamine (1-18:1, 2-16:1) transport, ER membrane-lipid particle",-1000.0,1000.0,"Transport [erm, lp]",False,,s_3189 <=> s_3708
3109,r_3743,"phosphatidylethanolamine (1-16:0, 2-18:1) transport, ER membrane-lipid particle",-1000.0,1000.0,"Transport [erm, lp]",False,,s_3191 <=> s_3686
3110,r_3744,"phosphatidylethanolamine (1-16:1, 2-18:1) transport, ER membrane-lipid particle",-1000.0,1000.0,"Transport [erm, lp]",False,,s_3193 <=> s_3688
3111,r_3745,"phosphatidylethanolamine (1-18:0, 2-18:1) transport, ER membrane-lipid particle",-1000.0,1000.0,"Transport [erm, lp]",False,,s_3195 <=> s_3690
3112,r_3746,"phosphatidylethanolamine (1-18:1, 2-18:1) transport, ER membrane-lipid particle",-1000.0,1000.0,"Transport [erm, lp]",False,,s_3197 <=> s_3692
3113,r_3747,"1-acylglycerophosphocholine (16:0) transport, ER membrane-lipid particle",-1000.0,1000.0,"Transport [erm, lp]",False,,s_3428 <=> s_3694
3114,r_3748,"1-acylglycerophosphocholine (16:1) transport, ER membrane-lipid particle",-1000.0,1000.0,"Transport [erm, lp]",False,,s_3429 <=> s_3696
3115,r_3749,"1-acylglycerophosphocholine (18:0) transport, ER membrane-lipid particle",-1000.0,1000.0,"Transport [erm, lp]",False,,s_3430 <=> s_3698
3116,r_3750,"1-acylglycerophosphocholine (18:1) transport, ER membrane-lipid particle",-1000.0,1000.0,"Transport [erm, lp]",False,,s_3431 <=> s_3700
3117,r_3751,"1-acylglycerophosphoethanolamine (16:0) transport, ER membrane-lipid particle",-1000.0,1000.0,"Transport [erm, lp]",False,,s_3424 <=> s_3685
3118,r_3752,"1-acylglycerophosphoethanolamine (16:1) transport, ER membrane-lipid particle",-1000.0,1000.0,"Transport [erm, lp]",False,,s_3425 <=> s_3687
3119,r_3753,"1-acylglycerophosphoethanolamine (18:0) transport, ER membrane-lipid particle",-1000.0,1000.0,"Transport [erm, lp]",False,,s_3426 <=> s_3689
3120,r_3754,"1-acylglycerophosphoethanolamine (18:1) transport, ER membrane-lipid particle",-1000.0,1000.0,"Transport [erm, lp]",False,,s_3427 <=> s_3691
3121,r_3755,"phosphatidate (1-16:0, 2-18:1) transport, lipid particle-ER membrane",-1000.0,1000.0,"Transport [erm, lp]",False,,s_2962 <=> s_2955
3122,r_3756,"phosphatidate (1-16:1, 2-18:1) transport, lipid particle-ER membrane",-1000.0,1000.0,"Transport [erm, lp]",False,,s_2963 <=> s_2957
3123,r_3757,"phosphatidate (1-18:0, 2-18:1) transport, lipid particle-ER membrane",-1000.0,1000.0,"Transport [erm, lp]",False,,s_2964 <=> s_2959
3124,r_3758,"phosphatidate (1-18:1, 2-18:1) transport, lipid particle-ER membrane",-1000.0,1000.0,"Transport [erm, lp]",False,,s_2965 <=> s_2961
3125,r_3759,"phosphatidate (1-16:0, 2-16:1) transport, ER membrane-mitochondrial membrane",-1000.0,1000.0,"Transport [erm, mm]",False,,s_2954 <=> s_3092
3126,r_3760,"phosphatidate (1-16:1, 2-16:1) transport, ER membrane-mitochondrial membrane",-1000.0,1000.0,"Transport [erm, mm]",False,,s_2956 <=> s_3097
3127,r_3761,"phosphatidate (1-18:0, 2-16:1) transport, ER membrane-mitochondrial membrane",-1000.0,1000.0,"Transport [erm, mm]",False,,s_2958 <=> s_3099
3128,r_3762,"phosphatidate (1-18:1, 2-16:1) transport, ER membrane-mitochondrial membrane",-1000.0,1000.0,"Transport [erm, mm]",False,,s_2960 <=> s_3101
3129,r_3763,"phosphatidate (1-16:0, 2-18:1) transport, ER membrane-mitochondrial membrane",-1000.0,1000.0,"Transport [erm, mm]",False,,s_2955 <=> s_3103
3130,r_3764,"phosphatidate (1-16:1, 2-18:1) transport, ER membrane-mitochondrial membrane",-1000.0,1000.0,"Transport [erm, mm]",False,,s_2957 <=> s_3105
3131,r_3765,"phosphatidyl-L-serine (1-16:0, 2-16:1) transport, ER membrane-mitochondrial membrane",-1000.0,1000.0,"Transport [erm, mm]",False,,s_3109 <=> s_3128
3132,r_3766,"phosphatidyl-L-serine (1-16:1, 2-16:1) transport, ER membrane-mitochondrial membrane",-1000.0,1000.0,"Transport [erm, mm]",False,,s_3110 <=> s_3131
3133,r_3767,"phosphatidyl-L-serine (1-18:0, 2-16:1) transport, ER membrane-mitochondrial membrane",-1000.0,1000.0,"Transport [erm, mm]",False,,s_3111 <=> s_3133
3134,r_3768,"phosphatidyl-L-serine (1-18:1, 2-16:1) transport, ER membrane-mitochondrial membrane",-1000.0,1000.0,"Transport [erm, mm]",False,,s_3112 <=> s_3135
3135,r_3769,"phosphatidyl-L-serine (1-16:0, 2-18:1) transport, ER membrane-mitochondrial membrane",-1000.0,1000.0,"Transport [erm, mm]",False,,s_3113 <=> s_3137
3136,r_3770,"phosphatidyl-L-serine (1-16:1, 2-18:1) transport, ER membrane-mitochondrial membrane",-1000.0,1000.0,"Transport [erm, mm]",False,,s_3114 <=> s_3139
3137,r_3771,"phosphatidyl-L-serine (1-18:0, 2-18:1) transport, ER membrane-mitochondrial membrane",-1000.0,1000.0,"Transport [erm, mm]",False,,s_3115 <=> s_3141
3138,r_3772,"phosphatidyl-L-serine (1-18:1, 2-18:1) transport, ER membrane-mitochondrial membrane",-1000.0,1000.0,"Transport [erm, mm]",False,,s_3116 <=> s_3143
3139,r_3773,"phosphatidylethanolamine (1-16:0, 2-16:1) transport, mitochondrial membrane-ER membrane",-1000.0,1000.0,"Transport [erm, mm]",False,,s_3130 <=> s_3181
3140,r_3774,"phosphatidylethanolamine (1-16:1, 2-16:1) transport, mitochondrial membrane-ER membrane",-1000.0,1000.0,"Transport [erm, mm]",False,,s_3132 <=> s_3185
3141,r_3775,"phosphatidylethanolamine (1-18:0, 2-16:1) transport, mitochondrial membrane-ER membrane",-1000.0,1000.0,"Transport [erm, mm]",False,,s_3134 <=> s_3187
3142,r_3776,"phosphatidylethanolamine (1-18:1, 2-16:1) transport, mitochondrial membrane-ER membrane",-1000.0,1000.0,"Transport [erm, mm]",False,,s_3136 <=> s_3189
3143,r_3777,"phosphatidylethanolamine (1-16:0, 2-18:1) transport, mitochondrial membrane-ER membrane",-1000.0,1000.0,"Transport [erm, mm]",False,,s_3138 <=> s_3191
3144,r_3778,"phosphatidylethanolamine (1-16:1, 2-18:1) transport, mitochondrial membrane-ER membrane",-1000.0,1000.0,"Transport [erm, mm]",False,,s_3140 <=> s_3193
3145,r_3779,"phosphatidylethanolamine (1-18:0, 2-18:1) transport, mitochondrial membrane-ER membrane",-1000.0,1000.0,"Transport [erm, mm]",False,,s_3142 <=> s_3195
3146,r_3780,"phosphatidylethanolamine (1-18:1, 2-18:1) transport, mitochondrial membrane-ER membrane",-1000.0,1000.0,"Transport [erm, mm]",False,,s_3144 <=> s_3197
3147,r_3781,"phosphatidylcholine (1-16:0, 2-16:1) transport, ER membrane-mitochondrial membrane",-1000.0,1000.0,"Transport [erm, mm]",False,,s_3207 <=> s_3296
3148,r_3782,"phosphatidylcholine (1-16:1, 2-16:1) transport, ER membrane-mitochondrial membrane",-1000.0,1000.0,"Transport [erm, mm]",False,,s_3208 <=> s_3298
3149,r_3783,"phosphatidylcholine (1-18:0, 2-16:1) transport, ER membrane-mitochondrial membrane",-1000.0,1000.0,"Transport [erm, mm]",False,,s_3209 <=> s_3300
3150,r_3784,"phosphatidylcholine (1-18:1, 2-16:1) transport, ER membrane-mitochondrial membrane",-1000.0,1000.0,"Transport [erm, mm]",False,,s_3210 <=> s_3302
3151,r_3785,"phosphatidylcholine (1-16:0, 2-18:1) transport, ER membrane-mitochondrial membrane",-1000.0,1000.0,"Transport [erm, mm]",False,,s_3211 <=> s_3304
3152,r_3786,"phosphatidylcholine (1-16:1, 2-18:1) transport, ER membrane-mitochondrial membrane",-1000.0,1000.0,"Transport [erm, mm]",False,,s_3212 <=> s_3305
3153,r_3787,"phosphatidylcholine (1-18:0, 2-18:1) transport, ER membrane-mitochondrial membrane",-1000.0,1000.0,"Transport [erm, mm]",False,,s_3213 <=> s_3306
3154,r_3788,"phosphatidylcholine (1-18:1, 2-18:1) transport, ER membrane-mitochondrial membrane",-1000.0,1000.0,"Transport [erm, mm]",False,,s_3214 <=> s_3307
3155,r_3789,"diglyceride (1-16:0, 2-16:1) transport, ER membrane-Golgi membrane",-1000.0,1000.0,"Transport [erm, gm]",False,,s_2967 <=> s_2996
3156,r_3790,"diglyceride (1-16:1, 2-16:1) transport, ER membrane-Golgi membrane",-1000.0,1000.0,"Transport [erm, gm]",False,,s_2969 <=> s_3000
3157,r_3791,"diglyceride (1-18:0, 2-16:1) transport, ER membrane-Golgi membrane",-1000.0,1000.0,"Transport [erm, gm]",False,,s_2971 <=> s_3004
3158,r_3792,"diglyceride (1-18:1, 2-16:1) transport, ER membrane-Golgi membrane",-1000.0,1000.0,"Transport [erm, gm]",False,,s_2973 <=> s_3008
3159,r_3793,"diglyceride (1-16:0, 2-18:1) transport, ER membrane-Golgi membrane",-1000.0,1000.0,"Transport [erm, gm]",False,,s_2968 <=> s_2998
3160,r_3794,"diglyceride (1-16:1, 2-18:1) transport, ER membrane-Golgi membrane",-1000.0,1000.0,"Transport [erm, gm]",False,,s_2970 <=> s_3002
3161,r_3795,"diglyceride (1-18:0, 2-18:1) transport, ER membrane-Golgi membrane",-1000.0,1000.0,"Transport [erm, gm]",False,,s_2972 <=> s_3006
3162,r_3796,"diglyceride (1-18:1, 2-18:1) transport, ER membrane-Golgi membrane",-1000.0,1000.0,"Transport [erm, gm]",False,,s_2974 <=> s_3010
3163,r_3797,"phosphatidate (1-16:0, 2-16:1) transport, ER membrane-Golgi membrane",-1000.0,1000.0,"Transport [erm, gm]",False,,s_2954 <=> s_2993
3164,r_3798,"phosphatidate (1-16:1, 2-16:1) transport, ER membrane-Golgi membrane",-1000.0,1000.0,"Transport [erm, gm]",False,,s_2956 <=> s_2999
3165,r_3799,"phosphatidate (1-18:0, 2-16:1) transport, ER membrane-Golgi membrane",-1000.0,1000.0,"Transport [erm, gm]",False,,s_2958 <=> s_3003
3166,r_3800,"phosphatidate (1-18:1, 2-16:1) transport, ER membrane-Golgi membrane",-1000.0,1000.0,"Transport [erm, gm]",False,,s_2960 <=> s_3007
3167,r_3801,"phosphatidate (1-16:0, 2-18:1) transport, ER membrane-Golgi membrane",-1000.0,1000.0,"Transport [erm, gm]",False,,s_2955 <=> s_2997
3168,r_3802,"phosphatidate (1-16:1, 2-18:1) transport, ER membrane-Golgi membrane",-1000.0,1000.0,"Transport [erm, gm]",False,,s_2957 <=> s_3001
3169,r_3803,"phosphatidate (1-18:0, 2-18:1) transport, ER membrane-Golgi membrane",-1000.0,1000.0,"Transport [erm, gm]",False,,s_2959 <=> s_3005
3170,r_3804,"phosphatidate (1-18:1, 2-18:1) transport, ER membrane-Golgi membrane",-1000.0,1000.0,"Transport [erm, gm]",False,,s_2961 <=> s_3009
3171,r_3805,"1-phosphatidyl-1D-myo-inositol (1-16:0, 2-16:1) transport, ER membrane-Golgi membrane",-1000.0,1000.0,"Transport [erm, gm]",False,,s_3118 <=> s_3358
3172,r_3806,"1-phosphatidyl-1D-myo-inositol (1-16:1, 2-16:1) transport, ER membrane-Golgi membrane",-1000.0,1000.0,"Transport [erm, gm]",False,,s_3119 <=> s_3362
3173,r_3807,"1-phosphatidyl-1D-myo-inositol (1-18:0, 2-16:1) transport, ER membrane-Golgi membrane",-1000.0,1000.0,"Transport [erm, gm]",False,,s_3120 <=> s_3364
3174,r_3808,"1-phosphatidyl-1D-myo-inositol (1-18:1, 2-16:1) transport, ER membrane-Golgi membrane",-1000.0,1000.0,"Transport [erm, gm]",False,,s_3121 <=> s_3366
3175,r_3809,"1-phosphatidyl-1D-myo-inositol (1-16:0, 2-18:1) transport, ER membrane-Golgi membrane",-1000.0,1000.0,"Transport [erm, gm]",False,,s_3122 <=> s_3368
3176,r_3810,"1-phosphatidyl-1D-myo-inositol (1-16:1, 2-18:1) transport, ER membrane-Golgi membrane",-1000.0,1000.0,"Transport [erm, gm]",False,,s_3123 <=> s_3370
3177,r_3811,"1-phosphatidyl-1D-myo-inositol (1-18:0, 2-18:1) transport, ER membrane-Golgi membrane",-1000.0,1000.0,"Transport [erm, gm]",False,,s_3124 <=> s_3372
3178,r_3812,"1-phosphatidyl-1D-myo-inositol (1-18:1, 2-18:1) transport, ER membrane-Golgi membrane",-1000.0,1000.0,"Transport [erm, gm]",False,,s_3125 <=> s_3374
3179,r_3813,"phosphatidyl-L-serine (1-16:0, 2-16:1) transport, ER membrane-Golgi membrane",-1000.0,1000.0,"Transport [erm, gm]",False,YIL048W or YMR162C,s_3109 <=> s_3145
3180,r_3814,"phosphatidyl-L-serine (1-16:1, 2-16:1) transport, ER membrane-Golgi membrane",-1000.0,1000.0,"Transport [erm, gm]",False,YIL048W or YMR162C,s_3110 <=> s_3149
3181,r_3815,"phosphatidyl-L-serine (1-18:0, 2-16:1) transport, ER membrane-Golgi membrane",-1000.0,1000.0,"Transport [erm, gm]",False,YIL048W or YMR162C,s_3111 <=> s_3151
3182,r_3816,"phosphatidyl-L-serine (1-18:1, 2-16:1) transport, ER membrane-Golgi membrane",-1000.0,1000.0,"Transport [erm, gm]",False,YIL048W or YMR162C,s_3112 <=> s_3153
3183,r_3817,"phosphatidyl-L-serine (1-16:0, 2-18:1) transport, ER membrane-Golgi membrane",-1000.0,1000.0,"Transport [erm, gm]",False,YIL048W or YMR162C,s_3113 <=> s_3155
3184,r_3818,"phosphatidyl-L-serine (1-16:1, 2-18:1) transport, ER membrane-Golgi membrane",-1000.0,1000.0,"Transport [erm, gm]",False,YIL048W or YMR162C,s_3114 <=> s_3157
3185,r_3819,"phosphatidyl-L-serine (1-18:0, 2-18:1) transport, ER membrane-Golgi membrane",-1000.0,1000.0,"Transport [erm, gm]",False,YIL048W or YMR162C,s_3115 <=> s_3159
3186,r_3820,"phosphatidyl-L-serine (1-18:1, 2-18:1) transport, ER membrane-Golgi membrane",-1000.0,1000.0,"Transport [erm, gm]",False,YIL048W or YMR162C,s_3116 <=> s_3161
3187,r_3821,"phosphatidylethanolamine (1-16:0, 2-16:1) transport, Golgi membrane-ER membrane",-1000.0,1000.0,"Transport [erm, gm]",False,YAL026C,s_3148 <=> s_3181
3188,r_3822,"phosphatidylethanolamine (1-16:1, 2-16:1) transport, Golgi membrane-ER membrane",-1000.0,1000.0,"Transport [erm, gm]",False,YAL026C,s_3150 <=> s_3185
3189,r_3823,"phosphatidylethanolamine (1-18:0, 2-16:1) transport, Golgi membrane-ER membrane",-1000.0,1000.0,"Transport [erm, gm]",False,YAL026C,s_3152 <=> s_3187
3190,r_3824,"phosphatidylethanolamine (1-18:1, 2-16:1) transport, Golgi membrane-ER membrane",-1000.0,1000.0,"Transport [erm, gm]",False,YAL026C,s_3154 <=> s_3189
3191,r_3825,"phosphatidylethanolamine (1-16:0, 2-18:1) transport, Golgi membrane-ER membrane",-1000.0,1000.0,"Transport [erm, gm]",False,YAL026C,s_3156 <=> s_3191
3192,r_3826,"phosphatidylethanolamine (1-16:1, 2-18:1) transport, Golgi membrane-ER membrane",-1000.0,1000.0,"Transport [erm, gm]",False,YAL026C,s_3158 <=> s_3193
3193,r_3827,"phosphatidylethanolamine (1-18:0, 2-18:1) transport, Golgi membrane-ER membrane",-1000.0,1000.0,"Transport [erm, gm]",False,YAL026C,s_3160 <=> s_3195
3194,r_3828,"phosphatidylethanolamine (1-18:1, 2-18:1) transport, Golgi membrane-ER membrane",-1000.0,1000.0,"Transport [erm, gm]",False,YAL026C,s_3162 <=> s_3197
3195,r_3829,"phosphatidate (1-16:0, 2-16:1) transport, ER membrane-vacuolar membrane",-1000.0,1000.0,"Transport [erm, vm]",False,,s_2954 <=> s_2975
3196,r_3830,"phosphatidate (1-16:1, 2-16:1) transport, ER membrane-vacuolar membrane",-1000.0,1000.0,"Transport [erm, vm]",False,,s_2956 <=> s_2981
3197,r_3831,"phosphatidate (1-18:0, 2-16:1) transport, ER membrane-vacuolar membrane",-1000.0,1000.0,"Transport [erm, vm]",False,,s_2958 <=> s_2985
3198,r_3832,"phosphatidate (1-18:1, 2-16:1) transport, ER membrane-vacuolar membrane",-1000.0,1000.0,"Transport [erm, vm]",False,,s_2960 <=> s_2989
3199,r_3833,"phosphatidate (1-16:0, 2-18:1) transport, ER membrane-vacuolar membrane",-1000.0,1000.0,"Transport [erm, vm]",False,,s_2955 <=> s_2979
3200,r_3834,"phosphatidate (1-16:1, 2-18:1) transport, ER membrane-vacuolar membrane",-1000.0,1000.0,"Transport [erm, vm]",False,,s_2957 <=> s_2983
3201,r_3835,"phosphatidate (1-18:0, 2-18:1) transport, ER membrane-vacuolar membrane",-1000.0,1000.0,"Transport [erm, vm]",False,,s_2959 <=> s_2987
3202,r_3836,"phosphatidate (1-18:1, 2-18:1) transport, ER membrane-vacuolar membrane",-1000.0,1000.0,"Transport [erm, vm]",False,,s_2961 <=> s_2991
3203,r_3837,"1-phosphatidyl-1D-myo-inositol (1-16:0, 2-16:1) transport, ER membrane-vacuolar membrane",-1000.0,1000.0,"Transport [erm, vm]",False,,s_3118 <=> s_3340
3204,r_3838,"1-phosphatidyl-1D-myo-inositol (1-16:1, 2-16:1) transport, ER membrane-vacuolar membrane",-1000.0,1000.0,"Transport [erm, vm]",False,,s_3119 <=> s_3344
3205,r_3839,"1-phosphatidyl-1D-myo-inositol (1-18:0, 2-16:1) transport, ER membrane-vacuolar membrane",-1000.0,1000.0,"Transport [erm, vm]",False,,s_3120 <=> s_3346
3206,r_3840,"1-phosphatidyl-1D-myo-inositol (1-18:1, 2-16:1) transport, ER membrane-vacuolar membrane",-1000.0,1000.0,"Transport [erm, vm]",False,,s_3121 <=> s_3348
3207,r_3841,"1-phosphatidyl-1D-myo-inositol (1-16:0, 2-18:1) transport, ER membrane-vacuolar membrane",-1000.0,1000.0,"Transport [erm, vm]",False,,s_3122 <=> s_3350
3208,r_3842,"1-phosphatidyl-1D-myo-inositol (1-16:1, 2-18:1) transport, ER membrane-vacuolar membrane",-1000.0,1000.0,"Transport [erm, vm]",False,,s_3123 <=> s_3352
3209,r_3843,"1-phosphatidyl-1D-myo-inositol (1-18:0, 2-18:1) transport, ER membrane-vacuolar membrane",-1000.0,1000.0,"Transport [erm, vm]",False,,s_3124 <=> s_3354
3210,r_3844,"1-phosphatidyl-1D-myo-inositol (1-18:1, 2-18:1) transport, ER membrane-vacuolar membrane",-1000.0,1000.0,"Transport [erm, vm]",False,,s_3125 <=> s_3356
3211,r_3845,"phosphatidyl-L-serine (1-16:0, 2-16:1) transport, ER membrane-vacuolar membrane",-1000.0,1000.0,"Transport [erm, vm]",False,,s_3109 <=> s_3163
3212,r_3846,"phosphatidyl-L-serine (1-16:1, 2-16:1) transport, ER membrane-vacuolar membrane",-1000.0,1000.0,"Transport [erm, vm]",False,,s_3110 <=> s_3167
3213,r_3847,"phosphatidyl-L-serine (1-18:0, 2-16:1) transport, ER membrane-vacuolar membrane",-1000.0,1000.0,"Transport [erm, vm]",False,,s_3111 <=> s_3169
3214,r_3848,"phosphatidyl-L-serine (1-18:1, 2-16:1) transport, ER membrane-vacuolar membrane",-1000.0,1000.0,"Transport [erm, vm]",False,,s_3112 <=> s_3171
3215,r_3849,"phosphatidyl-L-serine (1-16:0, 2-18:1) transport, ER membrane-vacuolar membrane",-1000.0,1000.0,"Transport [erm, vm]",False,,s_3113 <=> s_3173
3216,r_3850,"phosphatidyl-L-serine (1-16:1, 2-18:1) transport, ER membrane-vacuolar membrane",-1000.0,1000.0,"Transport [erm, vm]",False,,s_3114 <=> s_3175
3217,r_3851,"phosphatidyl-L-serine (1-18:0, 2-18:1) transport, ER membrane-vacuolar membrane",-1000.0,1000.0,"Transport [erm, vm]",False,,s_3115 <=> s_3177
3218,r_3852,"phosphatidyl-L-serine (1-18:1, 2-18:1) transport, ER membrane-vacuolar membrane",-1000.0,1000.0,"Transport [erm, vm]",False,,s_3116 <=> s_3179
3219,r_3853,"phosphatidylethanolamine (1-16:0, 2-16:1) transport, vacuolar membrane-ER membrane",-1000.0,1000.0,"Transport [erm, vm]",False,,s_3166 <=> s_3181
3220,r_3854,"phosphatidylethanolamine (1-16:1, 2-16:1) transport, vacuolar membrane-ER membrane",-1000.0,1000.0,"Transport [erm, vm]",False,,s_3168 <=> s_3185
3221,r_3855,"phosphatidylethanolamine (1-18:0, 2-16:1) transport, vacuolar membrane-ER membrane",-1000.0,1000.0,"Transport [erm, vm]",False,,s_3170 <=> s_3187
3222,r_3856,"phosphatidylethanolamine (1-18:1, 2-16:1) transport, vacuolar membrane-ER membrane",-1000.0,1000.0,"Transport [erm, vm]",False,,s_3172 <=> s_3189
3223,r_3857,"phosphatidylethanolamine (1-16:0, 2-18:1) transport, vacuolar membrane-ER membrane",-1000.0,1000.0,"Transport [erm, vm]",False,,s_3174 <=> s_3191
3224,r_3858,"phosphatidylethanolamine (1-16:1, 2-18:1) transport, vacuolar membrane-ER membrane",-1000.0,1000.0,"Transport [erm, vm]",False,,s_3176 <=> s_3193
3225,r_3859,"phosphatidylethanolamine (1-18:0, 2-18:1) transport, vacuolar membrane-ER membrane",-1000.0,1000.0,"Transport [erm, vm]",False,,s_3178 <=> s_3195
3226,r_3860,"phosphatidylethanolamine (1-18:1, 2-18:1) transport, vacuolar membrane-ER membrane",-1000.0,1000.0,"Transport [erm, vm]",False,,s_3180 <=> s_3197
3227,r_3861,"1-phosphatidyl-1D-myo-inositol 3-phosphate (1-16:0, 2-16:1) transport, vacuolar membrane-ER membrane",-1000.0,1000.0,"Transport [erm, vm]",False,,s_3392 <=> s_3560
3228,r_3862,"1-phosphatidyl-1D-myo-inositol 3-phosphate (1-16:1, 2-16:1) transport, vacuolar membrane-ER membrane",-1000.0,1000.0,"Transport [erm, vm]",False,,s_3393 <=> s_3561
3229,r_3863,"1-phosphatidyl-1D-myo-inositol 3-phosphate (1-18:0, 2-16:1) transport, vacuolar membrane-ER membrane",-1000.0,1000.0,"Transport [erm, vm]",False,,s_3394 <=> s_3562
3230,r_3864,"1-phosphatidyl-1D-myo-inositol 3-phosphate (1-18:1, 2-16:1) transport, vacuolar membrane-ER membrane",-1000.0,1000.0,"Transport [erm, vm]",False,,s_3395 <=> s_3563
3231,r_3865,"1-phosphatidyl-1D-myo-inositol 3-phosphate (1-16:0, 2-18:1) transport, vacuolar membrane-ER membrane",-1000.0,1000.0,"Transport [erm, vm]",False,,s_3396 <=> s_3564
3232,r_3866,"1-phosphatidyl-1D-myo-inositol 3-phosphate (1-16:1, 2-18:1) transport, vacuolar membrane-ER membrane",-1000.0,1000.0,"Transport [erm, vm]",False,,s_3397 <=> s_3565
3233,r_3867,"1-phosphatidyl-1D-myo-inositol 3-phosphate (1-18:0, 2-18:1) transport, vacuolar membrane-ER membrane",-1000.0,1000.0,"Transport [erm, vm]",False,,s_3398 <=> s_3566
3234,r_3868,"1-phosphatidyl-1D-myo-inositol 3-phosphate (1-18:1, 2-18:1) transport, vacuolar membrane-ER membrane",-1000.0,1000.0,"Transport [erm, vm]",False,,s_3399 <=> s_3567
3235,r_3869,"1-phosphatidyl-1D-myo-inositol (1-16:0, 2-16:1) transport, ER membrane-cell envelope",-1000.0,1000.0,"Transport [ce, erm]",False,,s_3118 <=> s_3323
3236,r_3870,"1-phosphatidyl-1D-myo-inositol (1-16:1, 2-16:1) transport, ER membrane-cell envelope",-1000.0,1000.0,"Transport [ce, erm]",False,,s_3119 <=> s_3326
3237,r_3871,"1-phosphatidyl-1D-myo-inositol (1-18:0, 2-16:1) transport, ER membrane-cell envelope",-1000.0,1000.0,"Transport [ce, erm]",False,,s_3120 <=> s_3328
3238,r_3872,"1-phosphatidyl-1D-myo-inositol (1-18:1, 2-16:1) transport, ER membrane-cell envelope",-1000.0,1000.0,"Transport [ce, erm]",False,,s_3121 <=> s_3330
3239,r_3873,"1-phosphatidyl-1D-myo-inositol (1-16:0, 2-18:1) transport, ER membrane-cell envelope",-1000.0,1000.0,"Transport [ce, erm]",False,,s_3122 <=> s_3332
3240,r_3874,"1-phosphatidyl-1D-myo-inositol (1-16:1, 2-18:1) transport, ER membrane-cell envelope",-1000.0,1000.0,"Transport [ce, erm]",False,,s_3123 <=> s_3334
3241,r_3875,"1-phosphatidyl-1D-myo-inositol (1-18:0, 2-18:1) transport, ER membrane-cell envelope",-1000.0,1000.0,"Transport [ce, erm]",False,,s_3124 <=> s_3336
3242,r_3876,"1-phosphatidyl-1D-myo-inositol (1-18:1, 2-18:1) transport, ER membrane-cell envelope",-1000.0,1000.0,"Transport [ce, erm]",False,,s_3125 <=> s_3338
3243,r_3877,"phosphatidylcholine (1-16:0, 2-16:1) transport, ER membrane-cell envelope",-1000.0,1000.0,"Transport [ce, erm]",False,,s_3207 <=> s_3448
3244,r_3878,"phosphatidylcholine (1-16:1, 2-16:1) transport, ER membrane-cell envelope",-1000.0,1000.0,"Transport [ce, erm]",False,,s_3208 <=> s_3452
3245,r_3879,"phosphatidylcholine (1-18:0, 2-16:1) transport, ER membrane-cell envelope",-1000.0,1000.0,"Transport [ce, erm]",False,,s_3209 <=> s_3454
3246,r_3880,"phosphatidylcholine (1-18:1, 2-16:1) transport, ER membrane-cell envelope",-1000.0,1000.0,"Transport [ce, erm]",False,,s_3210 <=> s_3456
3247,r_3881,"phosphatidylcholine (1-16:0, 2-18:1) transport, ER membrane-cell envelope",-1000.0,1000.0,"Transport [ce, erm]",False,,s_3211 <=> s_3458
3248,r_3882,"phosphatidylcholine (1-16:1, 2-18:1) transport, ER membrane-cell envelope",-1000.0,1000.0,"Transport [ce, erm]",False,,s_3212 <=> s_3460
3249,r_3883,"phosphatidylcholine (1-18:0, 2-18:1) transport, ER membrane-cell envelope",-1000.0,1000.0,"Transport [ce, erm]",False,,s_3213 <=> s_3461
3250,r_3884,"phosphatidylcholine (1-18:1, 2-18:1) transport, ER membrane-cell envelope",-1000.0,1000.0,"Transport [ce, erm]",False,,s_3214 <=> s_3462
3251,r_3885,"phosphatidylethanolamine (1-16:0, 2-16:1) transport, ER membrane-cell envelope",-1000.0,1000.0,"Transport [ce, erm]",False,YAL026C,s_3181 <=> s_3465
3252,r_3886,"phosphatidylethanolamine (1-16:1, 2-16:1) transport, ER membrane-cell envelope",-1000.0,1000.0,"Transport [ce, erm]",False,YAL026C,s_3185 <=> s_3467
3253,r_3887,"phosphatidylethanolamine (1-18:0, 2-16:1) transport, ER membrane-cell envelope",-1000.0,1000.0,"Transport [ce, erm]",False,YAL026C,s_3187 <=> s_3469
3254,r_3888,"phosphatidylethanolamine (1-18:1, 2-16:1) transport, ER membrane-cell envelope",-1000.0,1000.0,"Transport [ce, erm]",False,YAL026C,s_3189 <=> s_3471
3255,r_3889,"phosphatidylethanolamine (1-16:0, 2-18:1) transport, ER membrane-cell envelope",-1000.0,1000.0,"Transport [ce, erm]",False,YAL026C,s_3191 <=> s_3473
3256,r_3890,"phosphatidylethanolamine (1-16:1, 2-18:1) transport, ER membrane-cell envelope",-1000.0,1000.0,"Transport [ce, erm]",False,YAL026C,s_3193 <=> s_3474
3257,r_3891,"phosphatidylethanolamine (1-18:0, 2-18:1) transport, ER membrane-cell envelope",-1000.0,1000.0,"Transport [ce, erm]",False,YAL026C,s_3195 <=> s_3475
3258,r_3892,"phosphatidylethanolamine (1-18:1, 2-18:1) transport, ER membrane-cell envelope",-1000.0,1000.0,"Transport [ce, erm]",False,YAL026C,s_3197 <=> s_3476
3259,r_3893,"phosphatidyl-L-serine (1-16:0, 2-16:1) transport, ER membrane-cell envelope",-1000.0,1000.0,"Transport [ce, erm]",False,YIL048W,s_3109 <=> s_3478
3260,r_3894,"phosphatidyl-L-serine (1-16:1, 2-16:1) transport, ER membrane-cell envelope",-1000.0,1000.0,"Transport [ce, erm]",False,YIL048W,s_3110 <=> s_3480
3261,r_3895,"phosphatidyl-L-serine (1-18:0, 2-16:1) transport, ER membrane-cell envelope",-1000.0,1000.0,"Transport [ce, erm]",False,YIL048W,s_3111 <=> s_3482
3262,r_3896,"phosphatidyl-L-serine (1-18:1, 2-16:1) transport, ER membrane-cell envelope",-1000.0,1000.0,"Transport [ce, erm]",False,YIL048W,s_3112 <=> s_3484
3263,r_3897,"phosphatidyl-L-serine (1-16:0, 2-18:1) transport, ER membrane-cell envelope",-1000.0,1000.0,"Transport [ce, erm]",False,YIL048W,s_3113 <=> s_3486
3264,r_3898,"phosphatidyl-L-serine (1-16:1, 2-18:1) transport, ER membrane-cell envelope",-1000.0,1000.0,"Transport [ce, erm]",False,YIL048W,s_3114 <=> s_3487
3265,r_3899,"phosphatidyl-L-serine (1-18:0, 2-18:1) transport, ER membrane-cell envelope",-1000.0,1000.0,"Transport [ce, erm]",False,YIL048W,s_3115 <=> s_3488
3266,r_3900,"phosphatidyl-L-serine (1-18:1, 2-18:1) transport, ER membrane-cell envelope",-1000.0,1000.0,"Transport [ce, erm]",False,YIL048W,s_3116 <=> s_3489
3267,r_3901,"lignoceric acid transport, cell envelope-ER membrane",-1000.0,1000.0,"Transport [ce, erm]",False,,s_2864 <=> s_2869
3268,r_3902,"cerotic acid transport, cell envelope-ER membrane",-1000.0,1000.0,"Transport [ce, erm]",False,,s_2866 <=> s_2870
3269,r_3903,"phosphatidate (1-16:0, 2-16:1) transport, cell envelope-ER membrane",-1000.0,1000.0,"Transport [ce, erm]",False,,s_3527 <=> s_2954
3270,r_3904,"phosphatidate (1-16:1, 2-16:1) transport, cell envelope-ER membrane",-1000.0,1000.0,"Transport [ce, erm]",False,,s_3528 <=> s_2956
3271,r_3905,"phosphatidate (1-18:0, 2-16:1) transport, cell envelope-ER membrane",-1000.0,1000.0,"Transport [ce, erm]",False,,s_3529 <=> s_2958
3272,r_3906,"phosphatidate (1-18:1, 2-16:1) transport, cell envelope-ER membrane",-1000.0,1000.0,"Transport [ce, erm]",False,,s_3530 <=> s_2960
3273,r_3907,"phosphatidate (1-16:0, 2-18:1) transport, cell envelope-ER membrane",-1000.0,1000.0,"Transport [ce, erm]",False,,s_3531 <=> s_2955
3274,r_3908,"phosphatidate (1-16:1, 2-18:1) transport, cell envelope-ER membrane",-1000.0,1000.0,"Transport [ce, erm]",False,,s_3532 <=> s_2957
3275,r_3909,"phosphatidate (1-18:0, 2-18:1) transport, cell envelope-ER membrane",-1000.0,1000.0,"Transport [ce, erm]",False,,s_3533 <=> s_2959
3276,r_3910,"phosphatidate (1-18:1, 2-18:1) transport, cell envelope-ER membrane",-1000.0,1000.0,"Transport [ce, erm]",False,,s_3534 <=> s_2961
3277,r_3911,"1-phosphatidyl-1D-myo-inositol 4-phosphate (1-16:0, 2-16:1) transport, cell envelope-ER membrane",-1000.0,1000.0,"Transport [ce, erm]",False,,s_3325 <=> s_3584
3278,r_3912,"1-phosphatidyl-1D-myo-inositol 4-phosphate (1-16:1, 2-16:1) transport, cell envelope-ER membrane",-1000.0,1000.0,"Transport [ce, erm]",False,,s_3327 <=> s_3585
3279,r_3913,"1-phosphatidyl-1D-myo-inositol 4-phosphate (1-18:0, 2-16:1) transport, cell envelope-ER membrane",-1000.0,1000.0,"Transport [ce, erm]",False,,s_3329 <=> s_3586
3280,r_3914,"1-phosphatidyl-1D-myo-inositol 4-phosphate (1-18:1, 2-16:1) transport, cell envelope-ER membrane",-1000.0,1000.0,"Transport [ce, erm]",False,,s_3331 <=> s_3587
3281,r_3915,"1-phosphatidyl-1D-myo-inositol 4-phosphate (1-16:0, 2-18:1) transport, cell envelope-ER membrane",-1000.0,1000.0,"Transport [ce, erm]",False,,s_3333 <=> s_3588
3282,r_3916,"1-phosphatidyl-1D-myo-inositol 4-phosphate (1-16:1, 2-18:1) transport, cell envelope-ER membrane",-1000.0,1000.0,"Transport [ce, erm]",False,,s_3335 <=> s_3589
3283,r_3917,"1-phosphatidyl-1D-myo-inositol 4-phosphate (1-18:0, 2-18:1) transport, cell envelope-ER membrane",-1000.0,1000.0,"Transport [ce, erm]",False,,s_3337 <=> s_3590
3284,r_3918,"1-phosphatidyl-1D-myo-inositol 4-phosphate (1-18:1, 2-18:1) transport, cell envelope-ER membrane",-1000.0,1000.0,"Transport [ce, erm]",False,,s_3339 <=> s_3591
3285,r_3919,"1-phosphatidyl-1D-myo-inositol 4,5-bisphosphate (1-16:0, 2-16:1) transport, cell envelope-ER membrane",-1000.0,1000.0,"Transport [ce, erm]",False,,s_3408 <=> s_3608
3286,r_3920,"1-phosphatidyl-1D-myo-inositol 4,5-bisphosphate (1-16:1, 2-16:1) transport, cell envelope-ER membrane",-1000.0,1000.0,"Transport [ce, erm]",False,,s_3409 <=> s_3609
3287,r_3921,"1-phosphatidyl-1D-myo-inositol 4,5-bisphosphate (1-18:0, 2-16:1) transport, cell envelope-ER membrane",-1000.0,1000.0,"Transport [ce, erm]",False,,s_3410 <=> s_3610
3288,r_3922,"1-phosphatidyl-1D-myo-inositol 4,5-bisphosphate (1-18:1, 2-16:1) transport, cell envelope-ER membrane",-1000.0,1000.0,"Transport [ce, erm]",False,,s_3411 <=> s_3611
3289,r_3923,"1-phosphatidyl-1D-myo-inositol 4,5-bisphosphate (1-16:0, 2-18:1) transport, cell envelope-ER membrane",-1000.0,1000.0,"Transport [ce, erm]",False,,s_3412 <=> s_3612
3290,r_3924,"1-phosphatidyl-1D-myo-inositol 4,5-bisphosphate (1-16:1, 2-18:1) transport, cell envelope-ER membrane",-1000.0,1000.0,"Transport [ce, erm]",False,,s_3413 <=> s_3613
3291,r_3925,"1-phosphatidyl-1D-myo-inositol 4,5-bisphosphate (1-18:0, 2-18:1) transport, cell envelope-ER membrane",-1000.0,1000.0,"Transport [ce, erm]",False,,s_3414 <=> s_3614
3292,r_3926,"1-phosphatidyl-1D-myo-inositol 4,5-bisphosphate (1-18:1, 2-18:1) transport, cell envelope-ER membrane",-1000.0,1000.0,"Transport [ce, erm]",False,,s_3415 <=> s_3615
3293,r_3927,"zymosteryl palmitoleate transport, ER membrane-cell envelope",-1000.0,1000.0,"Transport [ce, erm]",False,,s_3446 <=> s_3669
3294,r_3928,"zymosteryl oleate transport, ER membrane-cell envelope",-1000.0,1000.0,"Transport [ce, erm]",False,,s_3445 <=> s_3670
3295,r_3929,"1-phosphatidyl-1D-myo-inositol (1-16:0, 2-16:1) transport, ER membrane-nucleus",-1000.0,1000.0,"Transport [erm, n]",False,,s_3118 <=> s_3376
3296,r_3930,"1-phosphatidyl-1D-myo-inositol (1-16:1, 2-16:1) transport, ER membrane-nucleus",-1000.0,1000.0,"Transport [erm, n]",False,,s_3119 <=> s_3378
3297,r_3931,"1-phosphatidyl-1D-myo-inositol (1-18:0, 2-16:1) transport, ER membrane-nucleus",-1000.0,1000.0,"Transport [erm, n]",False,,s_3120 <=> s_3380
3298,r_3932,"1-phosphatidyl-1D-myo-inositol (1-18:1, 2-16:1) transport, ER membrane-nucleus",-1000.0,1000.0,"Transport [erm, n]",False,,s_3121 <=> s_3382
3299,r_3933,"1-phosphatidyl-1D-myo-inositol (1-16:0, 2-18:1) transport, ER membrane-nucleus",-1000.0,1000.0,"Transport [erm, n]",False,,s_3122 <=> s_3384
3300,r_3934,"1-phosphatidyl-1D-myo-inositol (1-16:1, 2-18:1) transport, ER membrane-nucleus",-1000.0,1000.0,"Transport [erm, n]",False,,s_3123 <=> s_3386
3301,r_3935,"1-phosphatidyl-1D-myo-inositol (1-18:0, 2-18:1) transport, ER membrane-nucleus",-1000.0,1000.0,"Transport [erm, n]",False,,s_3124 <=> s_3388
3302,r_3936,"1-phosphatidyl-1D-myo-inositol (1-18:1, 2-18:1) transport, ER membrane-nucleus",-1000.0,1000.0,"Transport [erm, n]",False,,s_3125 <=> s_3390
3303,r_3937,"lignoceric acid transport, ER membrane-ER",-1000.0,1000.0,"Transport [erm, er]",False,,s_2869 <=> s_1085
3304,r_3938,"cerotic acid transport, ER membrane-ER",-1000.0,1000.0,"Transport [erm, er]",False,,s_2870 <=> s_0507
3305,r_3939,"ergosterol transport, ER-ER membrane",-1000.0,1000.0,"Transport [erm, er]",False,,s_0667 <=> s_3441
3306,r_3940,"phosphate transport, ER-ER membrane",0.0,1000.0,"Transport [erm, er]",False,,s_1323 --> s_2966
3307,r_3941,"1-phosphatidyl-1D-myo-inositol 3-phosphate (1-16:0, 2-16:1) transport, vacuolar membrane-Golgi membrane",-1000.0,1000.0,"Transport [vm, gm]",False,,s_3392 <=> s_3568
3308,r_3942,"1-phosphatidyl-1D-myo-inositol 3-phosphate (1-16:1, 2-16:1) transport, vacuolar membrane-Golgi membrane",-1000.0,1000.0,"Transport [vm, gm]",False,,s_3393 <=> s_3569
3309,r_3943,"1-phosphatidyl-1D-myo-inositol 3-phosphate (1-18:0, 2-16:1) transport, vacuolar membrane-Golgi membrane",-1000.0,1000.0,"Transport [vm, gm]",False,,s_3394 <=> s_3570
3310,r_3944,"1-phosphatidyl-1D-myo-inositol 3-phosphate (1-18:1, 2-16:1) transport, vacuolar membrane-Golgi membrane",-1000.0,1000.0,"Transport [vm, gm]",False,,s_3395 <=> s_3571
3311,r_3945,"1-phosphatidyl-1D-myo-inositol 3-phosphate (1-16:0, 2-18:1) transport, vacuolar membrane-Golgi membrane",-1000.0,1000.0,"Transport [vm, gm]",False,,s_3396 <=> s_3572
3312,r_3946,"1-phosphatidyl-1D-myo-inositol 3-phosphate (1-16:1, 2-18:1) transport, vacuolar membrane-Golgi membrane",-1000.0,1000.0,"Transport [vm, gm]",False,,s_3397 <=> s_3573
3313,r_3947,"1-phosphatidyl-1D-myo-inositol 3-phosphate (1-18:0, 2-18:1) transport, vacuolar membrane-Golgi membrane",-1000.0,1000.0,"Transport [vm, gm]",False,,s_3398 <=> s_3574
3314,r_3948,"1-phosphatidyl-1D-myo-inositol 3-phosphate (1-18:1, 2-18:1) transport, vacuolar membrane-Golgi membrane",-1000.0,1000.0,"Transport [vm, gm]",False,,s_3399 <=> s_3575
3315,r_3949,"1-phosphatidyl-1D-myo-inositol 3,5-bisphosphate (1-16:0, 2-16:1) transport, vacuolar membrane-cell envelope",-1000.0,1000.0,"Transport [vm, ce]",False,,s_3416 <=> s_3592
3316,r_3950,"1-phosphatidyl-1D-myo-inositol 3,5-bisphosphate (1-16:1, 2-16:1) transport, vacuolar membrane-cell envelope",-1000.0,1000.0,"Transport [vm, ce]",False,,s_3417 <=> s_3593
3317,r_3951,"1-phosphatidyl-1D-myo-inositol 3,5-bisphosphate (1-18:0, 2-16:1) transport, vacuolar membrane-cell envelope",-1000.0,1000.0,"Transport [vm, ce]",False,,s_3418 <=> s_3594
3318,r_3952,"1-phosphatidyl-1D-myo-inositol 3,5-bisphosphate (1-18:1, 2-16:1) transport, vacuolar membrane-cell envelope",-1000.0,1000.0,"Transport [vm, ce]",False,,s_3419 <=> s_3595
3319,r_3953,"1-phosphatidyl-1D-myo-inositol 3,5-bisphosphate (1-16:0, 2-18:1) transport, vacuolar membrane-cell envelope",-1000.0,1000.0,"Transport [vm, ce]",False,,s_3420 <=> s_3596
3320,r_3954,"1-phosphatidyl-1D-myo-inositol 3,5-bisphosphate (1-16:1, 2-18:1) transport, vacuolar membrane-cell envelope",-1000.0,1000.0,"Transport [vm, ce]",False,,s_3421 <=> s_3597
3321,r_3955,"1-phosphatidyl-1D-myo-inositol 3,5-bisphosphate (1-18:0, 2-18:1) transport, vacuolar membrane-cell envelope",-1000.0,1000.0,"Transport [vm, ce]",False,,s_3422 <=> s_3598
3322,r_3956,"1-phosphatidyl-1D-myo-inositol 3,5-bisphosphate (1-18:1, 2-18:1) transport, vacuolar membrane-cell envelope",-1000.0,1000.0,"Transport [vm, ce]",False,,s_3423 <=> s_3599
3323,r_3957,"H+ transport, mitochondrion-mitochondrial membrane",-1000.0,1000.0,"Transport [m, mm]",False,,s_0799 <=> s_3094
3324,r_3958,"glycerol 3-phosphate transport, mitochondrion-mitochondrial membrane",-1000.0,1000.0,"Transport [m, mm]",False,,s_0770 <=> s_3218
3325,r_3959,"CMP transport, mitochondrion-mitochondrial membrane",-1000.0,1000.0,"Transport [m, mm]",False,YBR192W,s_0528 <=> s_3219
3326,r_3960,"CTP transport, mitochondrion-mitochondrial membrane",-1000.0,1000.0,"Transport [m, mm]",False,YBR192W,s_0541 <=> s_3093
3327,r_3961,"phosphate transport, mitochondrion-mitochondrial membrane",-1000.0,1000.0,"Transport [m, mm]",False,YER053C or YJR077C,s_1326 <=> s_3228
3328,r_3962,"diphosphate transport, mitochondrion-mitochondrial membrane",-1000.0,1000.0,"Transport [m, mm]",False,,s_0636 <=> s_3095
3329,r_3963,"1-phosphatidyl-1D-myo-inositol (1-16:0, 2-16:1) [cytoplasm] SLIME rxn",0.0,1000.0,SLIME reaction,False,,s_3545 --> 0.809028342 s_0089 + 0.25642888 s_3740 + 0.254413 s_3741
3330,r_3964,"1-phosphatidyl-1D-myo-inositol (1-16:1, 2-16:1) [cytoplasm] SLIME rxn",0.0,1000.0,SLIME reaction,False,,s_3547 --> 0.807012462 s_0089 + 0.508826 s_3741
3331,r_3965,"1-phosphatidyl-1D-myo-inositol (1-18:0, 2-16:1) [cytoplasm] SLIME rxn",0.0,1000.0,SLIME reaction,False,,s_3549 --> 0.837082102 s_0089 + 0.254413 s_3741 + 0.28448264 s_3742
3332,r_3966,"1-phosphatidyl-1D-myo-inositol (1-18:1, 2-16:1) [cytoplasm] SLIME rxn",0.0,1000.0,SLIME reaction,False,,s_3551 --> 0.835066222 s_0089 + 0.254413 s_3741 + 0.28246676 s_3743
3333,r_3967,"1-phosphatidyl-1D-myo-inositol (1-16:0, 2-18:1) [cytoplasm] SLIME rxn",0.0,1000.0,SLIME reaction,False,,s_3553 --> 0.837082102 s_0089 + 0.25642888 s_3740 + 0.28246676 s_3743
3334,r_3968,"1-phosphatidyl-1D-myo-inositol (1-16:1, 2-18:1) [cytoplasm] SLIME rxn",0.0,1000.0,SLIME reaction,False,,s_3555 --> 0.835066222 s_0089 + 0.254413 s_3741 + 0.28246676 s_3743
3335,r_3969,"1-phosphatidyl-1D-myo-inositol (1-18:0, 2-18:1) [cytoplasm] SLIME rxn",0.0,1000.0,SLIME reaction,False,,s_3557 --> 0.865135862 s_0089 + 0.28448264 s_3742 + 0.28246676 s_3743
3336,r_3970,"1-phosphatidyl-1D-myo-inositol (1-18:1, 2-18:1) [cytoplasm] SLIME rxn",0.0,1000.0,SLIME reaction,False,,s_3559 --> 0.863119982 s_0089 + 0.56493352 s_3743
3337,r_3971,ergosteryl palmitoleate [endoplasmic reticulum membrane] SLIME rxn,0.0,1000.0,SLIME reaction,False,,s_3443 --> 0.63305448 s_3709 + 0.254413 s_3741
3338,r_3972,ergosteryl oleate [endoplasmic reticulum membrane] SLIME rxn,0.0,1000.0,SLIME reaction,False,,s_3442 --> 0.66110824 s_3709 + 0.28246676 s_3743
3339,r_3973,"ergosterol ester transport, ER membrane-cytoplasm",-1000.0,1000.0,"Transport [c, erm]",False,,s_3709 <=> s_0672
3340,r_3975,palmitate [cytoplasm] SLIME rxn,0.0,1000.0,SLIME reaction,False,,s_1286 --> 0.25542094 s_0694 + 0.25642888 s_3740
3341,r_3976,palmitoleate [cytoplasm] SLIME rxn,0.0,1000.0,SLIME reaction,False,,s_1293 --> 0.25340506 s_0694 + 0.254413 s_3741
3342,r_3977,stearate [cytoplasm] SLIME rxn,0.0,1000.0,SLIME reaction,False,,s_1449 --> 0.2834747 s_0694 + 0.28448264 s_3742
3343,r_3978,oleate [cytoplasm] SLIME rxn,0.0,1000.0,SLIME reaction,False,,s_1260 --> 0.28145882 s_0694 + 0.28246676 s_3743
3344,r_3979,"phosphatidyl-L-serine (1-16:0, 2-16:1) [endoplasmic reticulum membrane] SLIME rxn",0.0,1000.0,SLIME reaction,False,,s_3109 --> 0.733964182 s_3710 + 0.25642888 s_3740 + 0.254413 s_3741
3345,r_3980,"phosphatidyl-L-serine (1-16:1, 2-16:1) [endoplasmic reticulum membrane] SLIME rxn",0.0,1000.0,SLIME reaction,False,,s_3110 --> 0.731948302 s_3710 + 0.508826 s_3741
3346,r_3981,"phosphatidyl-L-serine (1-18:0, 2-16:1) [endoplasmic reticulum membrane] SLIME rxn",0.0,1000.0,SLIME reaction,False,,s_3111 --> 0.762017942 s_3710 + 0.254413 s_3741 + 0.28448264 s_3742
3347,r_3982,"phosphatidyl-L-serine (1-18:1, 2-16:1) [endoplasmic reticulum membrane] SLIME rxn",0.0,1000.0,SLIME reaction,False,,s_3112 --> 0.760002062 s_3710 + 0.254413 s_3741 + 0.28246676 s_3743
3348,r_3983,"phosphatidyl-L-serine (1-16:0, 2-18:1) [endoplasmic reticulum membrane] SLIME rxn",0.0,1000.0,SLIME reaction,False,,s_3113 --> 0.762017942 s_3710 + 0.25642888 s_3740 + 0.28246676 s_3743
3349,r_3984,"phosphatidyl-L-serine (1-16:1, 2-18:1) [endoplasmic reticulum membrane] SLIME rxn",0.0,1000.0,SLIME reaction,False,,s_3114 --> 0.760002062 s_3710 + 0.254413 s_3741 + 0.28246676 s_3743
3350,r_3985,"phosphatidyl-L-serine (1-18:0, 2-18:1) [endoplasmic reticulum membrane] SLIME rxn",0.0,1000.0,SLIME reaction,False,,s_3115 --> 0.790071702 s_3710 + 0.28448264 s_3742 + 0.28246676 s_3743
3351,r_3986,"phosphatidyl-L-serine (1-18:1, 2-18:1) [endoplasmic reticulum membrane] SLIME rxn",0.0,1000.0,SLIME reaction,False,,s_3116 --> 0.788055822 s_3710 + 0.56493352 s_3743
3352,r_3987,"phosphatidyl-L-serine transport, ER membrane-cytoplasm",-1000.0,1000.0,"Transport [c, erm]",False,,s_3710 <=> s_1337
3353,r_3988,"phosphatidylcholine (1-16:0, 2-16:1) [endoplasmic reticulum membrane] SLIME rxn",0.0,1000.0,SLIME reaction,False,,s_3207 --> 0.732035022 s_3711 + 0.25642888 s_3740 + 0.254413 s_3741
3354,r_3989,"phosphatidylcholine (1-16:1, 2-16:1) [endoplasmic reticulum membrane] SLIME rxn",0.0,1000.0,SLIME reaction,False,,s_3208 --> 0.730019142 s_3711 + 0.508826 s_3741
3355,r_3990,"phosphatidylcholine (1-18:0, 2-16:1) [endoplasmic reticulum membrane] SLIME rxn",0.0,1000.0,SLIME reaction,False,,s_3209 --> 0.744089382 s_3711 + 0.254413 s_3741 + 0.28448264 s_3742
3356,r_3991,"phosphatidylcholine (1-18:1, 2-16:1) [endoplasmic reticulum membrane] SLIME rxn",0.0,1000.0,SLIME reaction,False,,s_3210 --> 0.742073502 s_3711 + 0.254413 s_3741 + 0.28246676 s_3743
3357,r_3992,"phosphatidylcholine (1-16:0, 2-18:1) [endoplasmic reticulum membrane] SLIME rxn",0.0,1000.0,SLIME reaction,False,,s_3211 --> 0.760088782 s_3711 + 0.25642888 s_3740 + 0.28246676 s_3743
3358,r_3993,"phosphatidylcholine (1-16:1, 2-18:1) [endoplasmic reticulum membrane] SLIME rxn",0.0,1000.0,SLIME reaction,False,,s_3212 --> 0.758072902 s_3711 + 0.254413 s_3741 + 0.28246676 s_3743
3359,r_3994,"phosphatidylcholine (1-18:0, 2-18:1) [endoplasmic reticulum membrane] SLIME rxn",0.0,1000.0,SLIME reaction,False,,s_3213 --> 0.772143142 s_3711 + 0.28448264 s_3742 + 0.28246676 s_3743
3360,r_3995,"phosphatidylcholine (1-18:1, 2-18:1) [endoplasmic reticulum membrane] SLIME rxn",0.0,1000.0,SLIME reaction,False,,s_3214 --> 0.770127262 s_3711 + 0.56493352 s_3743
3361,r_3996,"phosphatidylcholine transport, ER membrane-cytoplasm",-1000.0,1000.0,"Transport [c, erm]",False,,s_3711 <=> s_1346
3362,r_3997,"phosphatidylethanolamine (1-16:0, 2-16:1) [endoplasmic reticulum membrane] SLIME rxn",0.0,1000.0,SLIME reaction,False,,s_3181 --> 0.689954382 s_3712 + 0.25642888 s_3740 + 0.254413 s_3741
3363,r_3998,"phosphatidylethanolamine (1-16:1, 2-16:1) [endoplasmic reticulum membrane] SLIME rxn",0.0,1000.0,SLIME reaction,False,,s_3185 --> 0.687938502 s_3712 + 0.508826 s_3741
3364,r_3999,"phosphatidylethanolamine (1-18:0, 2-16:1) [endoplasmic reticulum membrane] SLIME rxn",0.0,1000.0,SLIME reaction,False,,s_3187 --> 0.718008142 s_3712 + 0.254413 s_3741 + 0.28448264 s_3742
3365,r_4000,"phosphatidylethanolamine (1-18:1, 2-16:1) [endoplasmic reticulum membrane] SLIME rxn",0.0,1000.0,SLIME reaction,False,,s_3189 --> 0.715992262 s_3712 + 0.254413 s_3741 + 0.28246676 s_3743
3366,r_4001,"phosphatidylethanolamine (1-16:0, 2-18:1) [endoplasmic reticulum membrane] SLIME rxn",0.0,1000.0,SLIME reaction,False,,s_3191 --> 0.718008142 s_3712 + 0.25642888 s_3740 + 0.28246676 s_3743
3367,r_4002,"phosphatidylethanolamine (1-16:1, 2-18:1) [endoplasmic reticulum membrane] SLIME rxn",0.0,1000.0,SLIME reaction,False,,s_3193 --> 0.715992262 s_3712 + 0.254413 s_3741 + 0.28246676 s_3743
3368,r_4003,"phosphatidylethanolamine (1-18:0, 2-18:1) [endoplasmic reticulum membrane] SLIME rxn",0.0,1000.0,SLIME reaction,False,,s_3195 --> 0.746061902 s_3712 + 0.28448264 s_3742 + 0.28246676 s_3743
3369,r_4004,"phosphatidylethanolamine (1-18:1, 2-18:1) [endoplasmic reticulum membrane] SLIME rxn",0.0,1000.0,SLIME reaction,False,,s_3197 --> 0.744046022 s_3712 + 0.56493352 s_3743
3370,r_4005,"phosphatidylethanolamine transport, ER membrane-cytoplasm",-1000.0,1000.0,"Transport [c, erm]",False,,s_3712 <=> s_1351
3371,r_4006,"triglyceride (1-16:0, 2-16:1, 3-16:0) [endoplasmic reticulum membrane] SLIME rxn",0.0,1000.0,SLIME reaction,False,,s_3011 --> 0.80531964 s_3713 + 0.51285776 s_3740 + 0.254413 s_3741
3372,r_4007,"triglyceride (1-16:0, 2-18:1, 3-16:0) [endoplasmic reticulum membrane] SLIME rxn",0.0,1000.0,SLIME reaction,False,,s_3012 --> 0.8333734 s_3713 + 0.51285776 s_3740 + 0.28246676 s_3743
3373,r_4008,"triglyceride (1-16:1, 2-16:1, 3-16:0) [endoplasmic reticulum membrane] SLIME rxn",0.0,1000.0,SLIME reaction,False,,s_3013 --> 0.80330376 s_3713 + 0.25642888 s_3740 + 0.508826 s_3741
3374,r_4009,"triglyceride (1-16:1, 2-18:1, 3-16:0) [endoplasmic reticulum membrane] SLIME rxn",0.0,1000.0,SLIME reaction,False,,s_3014 --> 0.83135752 s_3713 + 0.25642888 s_3740 + 0.254413 s_3741 + 0.28246676 s_3743
3375,r_4010,"triglyceride (1-18:0, 2-16:1, 3-16:0) [endoplasmic reticulum membrane] SLIME rxn",0.0,1000.0,SLIME reaction,False,,s_3015 --> 0.8333734 s_3713 + 0.25642888 s_3740 + 0.254413 s_3741 + 0.28448264 s_3742
3376,r_4011,"triglyceride (1-18:0, 2-18:1, 3-16:0) [endoplasmic reticulum membrane] SLIME rxn",0.0,1000.0,SLIME reaction,False,,s_3016 --> 0.86142716 s_3713 + 0.25642888 s_3740 + 0.28448264 s_3742 + 0.28246676 s_3743
3377,r_4012,"triglyceride (1-18:1, 2-16:1, 3-16:0) [endoplasmic reticulum membrane] SLIME rxn",0.0,1000.0,SLIME reaction,False,,s_3017 --> 0.83135752 s_3713 + 0.25642888 s_3740 + 0.254413 s_3741 + 0.28246676 s_3743
3378,r_4013,"triglyceride (1-18:1, 2-18:1, 3-16:0) [endoplasmic reticulum membrane] SLIME rxn",0.0,1000.0,SLIME reaction,False,,s_3018 --> 0.85941128 s_3713 + 0.25642888 s_3740 + 0.56493352 s_3743
3379,r_4014,"triglyceride (1-16:0, 2-16:1, 3-16:1) [endoplasmic reticulum membrane] SLIME rxn",0.0,1000.0,SLIME reaction,False,,s_3019 --> 0.80330376 s_3713 + 0.25642888 s_3740 + 0.508826 s_3741
3380,r_4015,"triglyceride (1-16:0, 2-18:1, 3-16:1) [endoplasmic reticulum membrane] SLIME rxn",0.0,1000.0,SLIME reaction,False,,s_3020 --> 0.83135752 s_3713 + 0.25642888 s_3740 + 0.254413 s_3741 + 0.28246676 s_3743
3381,r_4016,"triglyceride (1-16:1, 2-16:1, 3-16:1) [endoplasmic reticulum membrane] SLIME rxn",0.0,1000.0,SLIME reaction,False,,s_3021 --> 0.80128788 s_3713 + 0.763239 s_3741
3382,r_4017,"triglyceride (1-16:1, 2-18:1, 3-16:1) [endoplasmic reticulum membrane] SLIME rxn",0.0,1000.0,SLIME reaction,False,,s_3022 --> 0.82934164 s_3713 + 0.508826 s_3741 + 0.28246676 s_3743
3383,r_4018,"triglyceride (1-18:0, 2-16:1, 3-16:1) [endoplasmic reticulum membrane] SLIME rxn",0.0,1000.0,SLIME reaction,False,,s_3023 --> 0.83135752 s_3713 + 0.508826 s_3741 + 0.28448264 s_3742
3384,r_4019,"triglyceride (1-18:0, 2-18:1, 3-16:1) [endoplasmic reticulum membrane] SLIME rxn",0.0,1000.0,SLIME reaction,False,,s_3024 --> 0.85941128 s_3713 + 0.254413 s_3741 + 0.28448264 s_3742 + 0.28246676 s_3743
3385,r_4020,"triglyceride (1-18:1, 2-16:1, 3-16:1) [endoplasmic reticulum membrane] SLIME rxn",0.0,1000.0,SLIME reaction,False,,s_3025 --> 0.82934164 s_3713 + 0.508826 s_3741 + 0.28246676 s_3743
3386,r_4021,"triglyceride (1-18:1, 2-18:1, 3-16:1) [endoplasmic reticulum membrane] SLIME rxn",0.0,1000.0,SLIME reaction,False,,s_3026 --> 0.8573954 s_3713 + 0.254413 s_3741 + 0.56493352 s_3743
3387,r_4022,"triglyceride (1-16:0, 2-16:1, 3-18:0) [endoplasmic reticulum membrane] SLIME rxn",0.0,1000.0,SLIME reaction,False,,s_3027 --> 0.8333734 s_3713 + 0.25642888 s_3740 + 0.254413 s_3741 + 0.28448264 s_3742
3388,r_4023,"triglyceride (1-16:0, 2-18:1, 3-18:0) [endoplasmic reticulum membrane] SLIME rxn",0.0,1000.0,SLIME reaction,False,,s_3028 --> 0.86142716 s_3713 + 0.25642888 s_3740 + 0.28448264 s_3742 + 0.28246676 s_3743
3389,r_4024,"triglyceride (1-16:1, 2-16:1, 3-18:0) [endoplasmic reticulum membrane] SLIME rxn",0.0,1000.0,SLIME reaction,False,,s_3029 --> 0.83135752 s_3713 + 0.508826 s_3741 + 0.28448264 s_3742
3390,r_4025,"triglyceride (1-16:1, 2-18:1, 3-18:0) [endoplasmic reticulum membrane] SLIME rxn",0.0,1000.0,SLIME reaction,False,,s_3030 --> 0.85941128 s_3713 + 0.254413 s_3741 + 0.28448264 s_3742 + 0.28246676 s_3743
3391,r_4026,"triglyceride (1-18:0, 2-16:1, 3-18:0) [endoplasmic reticulum membrane] SLIME rxn",0.0,1000.0,SLIME reaction,False,,s_3031 --> 0.86142716 s_3713 + 0.254413 s_3741 + 0.56896528 s_3742
3392,r_4027,"triglyceride (1-18:0, 2-18:1, 3-18:0) [endoplasmic reticulum membrane] SLIME rxn",0.0,1000.0,SLIME reaction,False,,s_3032 --> 0.88948092 s_3713 + 0.56896528 s_3742 + 0.28246676 s_3743
3393,r_4028,"triglyceride (1-18:1, 2-16:1, 3-18:0) [endoplasmic reticulum membrane] SLIME rxn",0.0,1000.0,SLIME reaction,False,,s_3033 --> 0.85941128 s_3713 + 0.254413 s_3741 + 0.28448264 s_3742 + 0.28246676 s_3743
3394,r_4029,"triglyceride (1-18:1, 2-18:1, 3-18:0) [endoplasmic reticulum membrane] SLIME rxn",0.0,1000.0,SLIME reaction,False,,s_3034 --> 0.88746504 s_3713 + 0.28448264 s_3742 + 0.56493352 s_3743
3395,r_4030,"triglyceride (1-16:0, 2-16:1, 3-18:1) [endoplasmic reticulum membrane] SLIME rxn",0.0,1000.0,SLIME reaction,False,,s_3035 --> 0.83135752 s_3713 + 0.25642888 s_3740 + 0.254413 s_3741 + 0.28246676 s_3743
3396,r_4031,"triglyceride (1-16:0, 2-18:1, 3-18:1) [endoplasmic reticulum membrane] SLIME rxn",0.0,1000.0,SLIME reaction,False,,s_3036 --> 0.85941128 s_3713 + 0.25642888 s_3740 + 0.56493352 s_3743
3397,r_4032,"triglyceride (1-16:1, 2-16:1, 3-18:1) [endoplasmic reticulum membrane] SLIME rxn",0.0,1000.0,SLIME reaction,False,,s_3037 --> 0.82934164 s_3713 + 0.508826 s_3741 + 0.28246676 s_3743
3398,r_4033,"triglyceride (1-16:1, 2-18:1, 3-18:1) [endoplasmic reticulum membrane] SLIME rxn",0.0,1000.0,SLIME reaction,False,,s_3038 --> 0.8573954 s_3713 + 0.254413 s_3741 + 0.56493352 s_3743
3399,r_4034,"triglyceride (1-18:0, 2-16:1, 3-18:1) [endoplasmic reticulum membrane] SLIME rxn",0.0,1000.0,SLIME reaction,False,,s_3039 --> 0.85941128 s_3713 + 0.254413 s_3741 + 0.28448264 s_3742 + 0.28246676 s_3743
3400,r_4035,"triglyceride (1-18:0, 2-18:1, 3-18:1) [endoplasmic reticulum membrane] SLIME rxn",0.0,1000.0,SLIME reaction,False,,s_3040 --> 0.88746504 s_3713 + 0.28448264 s_3742 + 0.56493352 s_3743
3401,r_4036,"triglyceride (1-18:1, 2-16:1, 3-18:1) [endoplasmic reticulum membrane] SLIME rxn",0.0,1000.0,SLIME reaction,False,,s_3041 --> 0.8573954 s_3713 + 0.254413 s_3741 + 0.56493352 s_3743
3402,r_4037,"triglyceride (1-18:1, 2-18:1, 3-18:1) [endoplasmic reticulum membrane] SLIME rxn",0.0,1000.0,SLIME reaction,False,,s_3042 --> 0.88544916 s_3713 + 0.84740028 s_3743
3403,r_4038,"triglyceride transport, ER membrane-cytoplasm",-1000.0,1000.0,"Transport [c, erm]",False,,s_3713 <=> s_1524
3404,r_4039,succinyl-CoA:acetate CoA transferase,-1000.0,1000.0,Pyruvate metabolism,False,YBL015W,s_0365 + s_1464 <=> s_0376 + s_1460
3405,r_4040,heme a transport,-1000.0,1000.0,"Transport [c, m]",False,,s_0811 <=> s_3714
3406,r_4041,biomass pseudoreaction,0.0,1000.0,Growth,False,,55.3 s_0434 + 55.3 s_0803 + s_1096 + s_3717 + s_3718 + s_3719 + s_3720 + s_4205 + s_4206 --> 55.3 s_0394 + s_0450 + 55.3 s_0794 + 55.3 s_1322
3407,r_4042,raffinose invertase,0.0,1000.0,Histidine metabolism,False,,s_0805 + s_3715 --> s_0554 + s_3716
3408,r_4043,raffinose exchange,0.0,1000.0,Exchange reaction,True,,s_3715 --> 
3409,r_4044,melibiose exchange,0.0,1000.0,Exchange reaction,True,,s_3716 --> 
3410,r_4045,uridine hydrolase,0.0,1000.0,Pyrimidine metabolism,False,YDR400W,s_0803 + s_1556 --> s_0575 + s_1550
3411,r_4046,non-growth associated maintenance reaction,0.7,0.7,Growth,False,,s_0434 + s_0803 --> s_0394 + s_0794 + s_1322
3412,r_4047,protein pseudoreaction,0.0,1000.0,Growth,False,,0.527012401964609 s_0404 + 0.184592178971158 s_0428 + 0.116820320233205 s_0430 + 0.341731040134025 s_0432 + 0.00758125964441183 s_0542 + 0.121070423838014 s_0747 + 0.346670343714861 s_0748 + 0.33357542435412 s_0757 + 0.0761571964321321 s_0832 + 0.221349807713738 s_0847 + 0.340467492580805 s_1077 + 0.328750973172121 s_1099 + 0.0582378601225956 s_1148 + 0.15380767944836 s_1314 + 0.189186891122282 s_1379 + 0.212964470019559 s_1428 + 0.219856538246244 s_1491 + 0.0326223903740585 s_1527 + 0.117164920221219 s_1533 + 0.303939602869103 s_1561 --> 0.527012401964609 s_1582 + 0.184592178971158 s_1583 + 0.116820320233205 s_1585 + 0.341731040134025 s_1587 + 0.00758125964441183 s_1589 + 0.121070423838014 s_1590 + 0.346670343714861 s_1591 + 0.33357542435412 s_1593 + 0.0761571964321321 s_1594 + 0.221349807713738 s_1596 + 0.340467492580805 s_1598 + 0.328750973172121 s_1600 + 0.0582378601225956 s_1602 + 0.15380767944836 s_1604 + 0.189186891122282 s_1606 + 0.212964470019559 s_1607 + 0.219856538246244 s_1608 + 0.0326223903740585 s_1610 + 0.117164920221219 s_1612 + 0.303939602869103 s_1614 + s_3717
3413,r_4048,carbohydrate pseudoreaction,0.0,1000.0,Growth,False,,0.73914 s_0001 + 0.24696 s_0004 + 0.02361 s_0509 + 0.35689 s_0773 + 0.70204 s_1107 + 0.13655 s_1520 --> s_3718
3414,r_4049,RNA pseudoreaction,0.0,1000.0,Growth,False,,0.0445348319234424 s_0423 + 0.043276239184487 s_0526 + 0.0445348319234424 s_0782 + 0.0579920969091588 s_1545 --> s_3719
3415,r_4050,DNA pseudoreaction,0.0,1000.0,Growth,False,,0.00359999993816018 s_0584 + 0.00240000011399388 s_0589 + 0.00240000011399388 s_0615 + 0.00359999993816018 s_0649 --> s_3720
3416,r_4051,ceramide transport,0.0,1000.0,"Transport [c, g]",False,,s_3721 --> s_3722
3417,r_4052,inositol phosphomannosylinositol phosphoceramide transport,0.0,1000.0,"Transport [c, g]",False,,s_0859 --> s_3723
3418,r_4053,inositol-P-ceramide transport,0.0,1000.0,"Transport [c, g]",False,,s_0892 --> s_3724
3419,r_4054,mannosylinositol phosphorylceramide transport,0.0,1000.0,"Transport [c, g]",False,,s_1114 --> s_3725
3420,r_4055,long-chain base transport,0.0,1000.0,"Transport [c, er]",False,,s_3726 --> s_3727
3421,r_4056,long-chain base phosphate transport,0.0,1000.0,"Transport [c, er]",False,,s_3728 --> s_3729
3422,r_4057,phosphatidate transport,0.0,1000.0,"Transport [c, erm]",False,,s_3730 --> s_3731
3423,r_4058,diglyceride transport,0.0,1000.0,"Transport [c, erm]",False,,s_3732 --> s_3733
3424,r_4059,sn-2-acyl-1-lysophosphatidylinositol transport,0.0,1000.0,"Transport [c, erm]",False,,s_3734 --> s_3735
3425,r_4060,phosphatidylglycerol transport,0.0,1000.0,"Transport [c, mm]",False,,s_3736 --> s_3737
3426,r_4061,cardiolipin transport,0.0,1000.0,"Transport [c, mm]",False,,s_3738 --> s_3739
3427,r_4062,lipid backbone exchange,0.0,0.0,Exchange reaction,False,,s_3746 --> 
3428,r_4063,lipid backbone pseudoreaction,0.0,1000.0,SLIME reaction,False,,0.00691029997542501 s_0089 + 0.026582900248468 s_0666 + 0.0068058000644669 s_0672 + 0.00148009998956695 s_0694 + 0.00595080018974841 s_1337 + 0.025783000793308 s_1346 + 0.00692930012010039 s_1351 + 0.00685710001271219 s_1524 --> s_3746
3429,r_4064,lipid chain exchange,0.0,0.0,Exchange reaction,False,,s_3747 --> 
3430,r_4065,lipid chain pseudoreaction,0.0,1000.0,SLIME reaction,False,,0.00808584038168192 s_3740 + 0.0237302090972662 s_3741 + 0.00226631597615778 s_3742 + 0.00870663858950138 s_3743 --> s_3747
3431,r_4066,ceramide-1 (C24) [Golgi] SLIME rxn,0.0,1000.0,SLIME reaction,False,,s_0476 --> 0.65214184 s_3721 + 0.28448264 s_3742 + 0.36864392 s_3744
3432,r_4067,ceramide-1 (C26) [Golgi] SLIME rxn,0.0,1000.0,SLIME reaction,False,,s_0479 --> 0.6801956 s_3721 + 0.28448264 s_3742 + 0.39669768 s_3745
3433,r_4068,ceramide-2 (C24) [Golgi] SLIME rxn,0.0,1000.0,SLIME reaction,False,,s_0482 --> 0.66814124 s_3721 + 0.28448264 s_3742 + 0.36864392 s_3744
3434,r_4069,ceramide-2 (C26) [Golgi] SLIME rxn,0.0,1000.0,SLIME reaction,False,,s_0485 --> 0.696195 s_3721 + 0.28448264 s_3742 + 0.39669768 s_3745
3435,r_4070,ceramide-2' (C24) [Golgi] SLIME rxn,0.0,1000.0,SLIME reaction,False,,s_0488 --> 0.66814124 s_3721 + 0.28448264 s_3742 + 0.36864392 s_3744
3436,r_4071,ceramide-2' (C26) [Golgi] SLIME rxn,0.0,1000.0,SLIME reaction,False,,s_0491 --> 0.696195 s_3721 + 0.28448264 s_3742 + 0.39669768 s_3745
3437,r_4072,ceramide-3 (C24) [Golgi] SLIME rxn,0.0,1000.0,SLIME reaction,False,,s_0494 --> 0.68414064 s_3721 + 0.28448264 s_3742 + 0.36864392 s_3744
3438,r_4073,ceramide-3 (C26) [Golgi] SLIME rxn,0.0,1000.0,SLIME reaction,False,,s_0497 --> 0.7121944 s_3721 + 0.28448264 s_3742 + 0.39669768 s_3745
3439,r_4074,ceramide-4 (C24) [Golgi] SLIME rxn,0.0,1000.0,SLIME reaction,False,,s_0500 --> 0.70014004 s_3721 + 0.28448264 s_3742 + 0.36864392 s_3744
3440,r_4075,ceramide-4 (C26) [Golgi] SLIME rxn,0.0,1000.0,SLIME reaction,False,,s_0503 --> 0.7281938 s_3721 + 0.28448264 s_3742 + 0.39669768 s_3745
3441,r_4076,phytosphingosine [endoplasmic reticulum] SLIME rxn,0.0,1000.0,SLIME reaction,False,,s_1366 --> 0.3175126 s_3726 + 0.28448264 s_3742
3442,r_4077,phytosphingosine 1-phosphate [endoplasmic reticulum] SLIME rxn,0.0,1000.0,SLIME reaction,False,,s_1367 --> 0.397492502 s_3728 + 0.28448264 s_3742
3443,r_4078,sphinganine [endoplasmic reticulum] SLIME rxn,0.0,1000.0,SLIME reaction,False,,s_1445 --> 0.30252114 s_3726 + 0.28448264 s_3742
3444,r_4079,sphinganine 1-phosphate [endoplasmic reticulum] SLIME rxn,0.0,1000.0,SLIME reaction,False,,s_1446 --> 0.380485162 s_3728 + 0.28448264 s_3742
3445,r_4080,"phosphatidate (1-16:0, 2-16:1) [endoplasmic reticulum membrane] SLIME rxn",0.0,1000.0,SLIME reaction,False,,s_2954 --> 0.644870062 s_3730 + 0.25642888 s_3740 + 0.254413 s_3741
3446,r_4081,"phosphatidate (1-16:0, 2-18:1) [endoplasmic reticulum membrane] SLIME rxn",0.0,1000.0,SLIME reaction,False,,s_2955 --> 0.674939702 s_3730 + 0.25642888 s_3740 + 0.28246676 s_3743
3447,r_4082,"phosphatidate (1-16:1, 2-16:1) [endoplasmic reticulum membrane] SLIME rxn",0.0,1000.0,SLIME reaction,False,,s_2956 --> 0.644870062 s_3730 + 0.508826 s_3741
3448,r_4083,"phosphatidate (1-16:1, 2-18:1) [endoplasmic reticulum membrane] SLIME rxn",0.0,1000.0,SLIME reaction,False,,s_2957 --> 0.672923822 s_3730 + 0.254413 s_3741 + 0.28246676 s_3743
3449,r_4084,"phosphatidate (1-18:0, 2-16:1) [endoplasmic reticulum membrane] SLIME rxn",0.0,1000.0,SLIME reaction,False,,s_2958 --> 0.674939702 s_3730 + 0.254413 s_3741 + 0.28448264 s_3742
3450,r_4085,"phosphatidate (1-18:0, 2-18:1) [endoplasmic reticulum membrane] SLIME rxn",0.0,1000.0,SLIME reaction,False,,s_2959 --> 0.702993462 s_3730 + 0.28448264 s_3742 + 0.28246676 s_3743
3451,r_4086,"phosphatidate (1-18:1, 2-16:1) [endoplasmic reticulum membrane] SLIME rxn",0.0,1000.0,SLIME reaction,False,,s_2960 --> 0.672923822 s_3730 + 0.254413 s_3741 + 0.28246676 s_3743
3452,r_4087,"phosphatidate (1-18:1, 2-18:1) [endoplasmic reticulum membrane] SLIME rxn",0.0,1000.0,SLIME reaction,False,,s_2961 --> 0.700977582 s_3730 + 0.56493352 s_3743
3453,r_4088,"diglyceride (1-16:0, 2-16:1) [endoplasmic reticulum membrane] SLIME rxn",0.0,1000.0,SLIME reaction,False,,s_2967 --> 0.56892192 s_3732 + 0.25642888 s_3740 + 0.254413 s_3741
3454,r_4089,"diglyceride (1-16:0, 2-18:1) [endoplasmic reticulum membrane] SLIME rxn",0.0,1000.0,SLIME reaction,False,,s_2968 --> 0.5949598 s_3732 + 0.25642888 s_3740 + 0.28246676 s_3743
3455,r_4090,"diglyceride (1-16:1, 2-16:1) [endoplasmic reticulum membrane] SLIME rxn",0.0,1000.0,SLIME reaction,False,,s_2969 --> 0.56489016 s_3732 + 0.508826 s_3741
3456,r_4091,"diglyceride (1-16:1, 2-18:1) [endoplasmic reticulum membrane] SLIME rxn",0.0,1000.0,SLIME reaction,False,,s_2970 --> 0.59294392 s_3732 + 0.254413 s_3741 + 0.28246676 s_3743
3457,r_4092,"diglyceride (1-18:0, 2-16:1) [endoplasmic reticulum membrane] SLIME rxn",0.0,1000.0,SLIME reaction,False,,s_2971 --> 0.5949598 s_3732 + 0.254413 s_3741 + 0.28448264 s_3742
3458,r_4093,"diglyceride (1-18:0, 2-18:1) [endoplasmic reticulum membrane] SLIME rxn",0.0,1000.0,SLIME reaction,False,,s_2972 --> 0.62301356 s_3732 + 0.28448264 s_3742 + 0.28246676 s_3743
3459,r_4094,"diglyceride (1-18:1, 2-16:1) [endoplasmic reticulum membrane] SLIME rxn",0.0,1000.0,SLIME reaction,False,,s_2973 --> 0.59294392 s_3732 + 0.254413 s_3741 + 0.28246676 s_3743
3460,r_4095,"diglyceride (1-18:1, 2-18:1) [endoplasmic reticulum membrane] SLIME rxn",0.0,1000.0,SLIME reaction,False,,s_2974 --> 0.62099768 s_3732 + 0.56493352 s_3743
3461,r_4096,sn-2-acyl-1-lysophosphatidylinositol (16:1) [endoplasmic reticulum membrane] SLIME rxn,0.0,1000.0,SLIME reaction,False,,s_3126 --> 0.564567102 s_3734 + 0.254413 s_3741
3462,r_4097,sn-2-acyl-1-lysophosphatidylinositol (18:1) [endoplasmic reticulum membrane] SLIME rxn,0.0,1000.0,SLIME reaction,False,,s_3127 --> 0.592620862 s_3734 + 0.28246676 s_3743
3463,r_4098,"phosphatidylglycerol (1-16:0, 2-16:1) [mitochondrial membrane] SLIME rxn",0.0,1000.0,SLIME reaction,False,,s_3227 --> 0.720965382 s_3736 + 0.25642888 s_3740 + 0.254413 s_3741
3464,r_4099,"phosphatidylglycerol (1-16:1, 2-16:1) [mitochondrial membrane] SLIME rxn",0.0,1000.0,SLIME reaction,False,,s_3229 --> 0.718949502 s_3736 + 0.508826 s_3741
3465,r_4100,"phosphatidylglycerol (1-18:0, 2-16:1) [mitochondrial membrane] SLIME rxn",0.0,1000.0,SLIME reaction,False,,s_3230 --> 0.749019142 s_3736 + 0.254413 s_3741 + 0.28448264 s_3742
3466,r_4101,"phosphatidylglycerol (1-18:1, 2-16:1) [mitochondrial membrane] SLIME rxn",0.0,1000.0,SLIME reaction,False,,s_3231 --> 0.747003262 s_3736 + 0.254413 s_3741 + 0.28246676 s_3743
3467,r_4102,"phosphatidylglycerol (1-16:0, 2-18:1) [mitochondrial membrane] SLIME rxn",0.0,1000.0,SLIME reaction,False,,s_3232 --> 0.749019142 s_3736 + 0.25642888 s_3740 + 0.28246676 s_3743
3468,r_4103,"phosphatidylglycerol (1-16:1, 2-18:1) [mitochondrial membrane] SLIME rxn",0.0,1000.0,SLIME reaction,False,,s_3233 --> 0.747003262 s_3736 + 0.254413 s_3741 + 0.28246676 s_3743
3469,r_4104,"cardiolipin (1-16:0, 2-16:1, 3-16:0, 4-16:1) [mitochondrial membrane] SLIME rxn",0.0,1000.0,SLIME reaction,False,,s_3234 --> 1.351851924 s_3738 + 0.51285776 s_3740 + 0.508826 s_3741
3470,r_4105,"cardiolipin (1-16:0, 2-16:1, 3-16:1, 4-16:1) [mitochondrial membrane] SLIME rxn",0.0,1000.0,SLIME reaction,False,,s_3235 --> 1.347820164 s_3738 + 0.25642888 s_3740 + 0.763239 s_3741
3471,r_4106,"cardiolipin (1-16:0, 2-16:1, 3-18:0, 4-16:1) [mitochondrial membrane] SLIME rxn",0.0,1000.0,SLIME reaction,False,,s_3236 --> 1.379905684 s_3738 + 0.25642888 s_3740 + 0.508826 s_3741 + 0.28448264 s_3742
3472,r_4107,"cardiolipin (1-16:0, 2-16:1, 3-18:1, 4-16:1) [mitochondrial membrane] SLIME rxn",0.0,1000.0,SLIME reaction,False,,s_3237 --> 1.375873924 s_3738 + 0.25642888 s_3740 + 0.508826 s_3741 + 0.28246676 s_3743
3473,r_4108,"cardiolipin (1-16:0, 2-16:1, 3-16:0, 4-18:1) [mitochondrial membrane] SLIME rxn",0.0,1000.0,SLIME reaction,False,,s_3238 --> 1.379905684 s_3738 + 0.51285776 s_3740 + 0.254413 s_3741 + 0.28246676 s_3743
3474,r_4109,"cardiolipin (1-16:0, 2-16:1, 3-16:1, 4-18:1) [mitochondrial membrane] SLIME rxn",0.0,1000.0,SLIME reaction,False,,s_3239 --> 1.375873924 s_3738 + 0.25642888 s_3740 + 0.508826 s_3741 + 0.28246676 s_3743
3475,r_4110,"cardiolipin (1-16:1, 2-16:1, 3-16:0, 4-16:1) [mitochondrial membrane] SLIME rxn",0.0,1000.0,SLIME reaction,False,,s_3240 --> 1.349836044 s_3738 + 0.25642888 s_3740 + 0.763239 s_3741
3476,r_4111,"cardiolipin (1-16:1, 2-16:1, 3-16:1, 4-16:1) [mitochondrial membrane] SLIME rxn",0.0,1000.0,SLIME reaction,False,,s_3241 --> 1.345804284 s_3738 + 1.017652 s_3741
3477,r_4112,"cardiolipin (1-16:1, 2-16:1, 3-18:0, 4-16:1) [mitochondrial membrane] SLIME rxn",0.0,1000.0,SLIME reaction,False,,s_3242 --> 1.377889804 s_3738 + 0.763239 s_3741 + 0.28448264 s_3742
3478,r_4113,"cardiolipin (1-16:1, 2-16:1, 3-18:1, 4-16:1) [mitochondrial membrane] SLIME rxn",0.0,1000.0,SLIME reaction,False,,s_3243 --> 1.373858044 s_3738 + 0.763239 s_3741 + 0.28246676 s_3743
3479,r_4114,"cardiolipin (1-16:1, 2-16:1, 3-16:0, 4-18:1) [mitochondrial membrane] SLIME rxn",0.0,1000.0,SLIME reaction,False,,s_3244 --> 1.377889804 s_3738 + 0.25642888 s_3740 + 0.508826 s_3741 + 0.28246676 s_3743
3480,r_4115,"cardiolipin (1-16:1, 2-16:1, 3-16:1, 4-18:1) [mitochondrial membrane] SLIME rxn",0.0,1000.0,SLIME reaction,False,,s_3245 --> 1.373858044 s_3738 + 0.763239 s_3741 + 0.28246676 s_3743
3481,r_4116,"cardiolipin (1-18:0, 2-16:1, 3-16:0, 4-16:1) [mitochondrial membrane] SLIME rxn",0.0,1000.0,SLIME reaction,False,,s_3246 --> 1.379905684 s_3738 + 0.25642888 s_3740 + 0.508826 s_3741 + 0.28448264 s_3742
3482,r_4117,"cardiolipin (1-18:0, 2-16:1, 3-16:1, 4-16:1) [mitochondrial membrane] SLIME rxn",0.0,1000.0,SLIME reaction,False,,s_3247 --> 1.375873924 s_3738 + 0.763239 s_3741 + 0.28448264 s_3742
3483,r_4118,"cardiolipin (1-18:0, 2-16:1, 3-18:0, 4-16:1) [mitochondrial membrane] SLIME rxn",0.0,1000.0,SLIME reaction,False,,s_3248 --> 1.407959444 s_3738 + 0.508826 s_3741 + 0.56896528 s_3742
3484,r_4119,"cardiolipin (1-18:0, 2-16:1, 3-18:1, 4-16:1) [mitochondrial membrane] SLIME rxn",0.0,1000.0,SLIME reaction,False,,s_3249 --> 1.403927684 s_3738 + 0.508826 s_3741 + 0.28448264 s_3742 + 0.28246676 s_3743
3485,r_4120,"cardiolipin (1-18:0, 2-16:1, 3-16:0, 4-18:1) [mitochondrial membrane] SLIME rxn",0.0,1000.0,SLIME reaction,False,,s_3250 --> 1.407959444 s_3738 + 0.25642888 s_3740 + 0.254413 s_3741 + 0.28448264 s_3742 + 0.28246676 s_3743
3486,r_4121,"cardiolipin (1-18:0, 2-16:1, 3-16:1, 4-18:1) [mitochondrial membrane] SLIME rxn",0.0,1000.0,SLIME reaction,False,,s_3251 --> 1.403927684 s_3738 + 0.508826 s_3741 + 0.28448264 s_3742 + 0.28246676 s_3743
3487,r_4122,"cardiolipin (1-18:1, 2-16:1, 3-16:0, 4-16:1) [mitochondrial membrane] SLIME rxn",0.0,1000.0,SLIME reaction,False,,s_3252 --> 1.377889804 s_3738 + 0.25642888 s_3740 + 0.508826 s_3741 + 0.28246676 s_3743
3488,r_4123,"cardiolipin (1-18:1, 2-16:1, 3-16:1, 4-16:1) [mitochondrial membrane] SLIME rxn",0.0,1000.0,SLIME reaction,False,,s_3253 --> 1.373858044 s_3738 + 0.763239 s_3741 + 0.28246676 s_3743
3489,r_4124,"cardiolipin (1-18:1, 2-16:1, 3-18:0, 4-16:1) [mitochondrial membrane] SLIME rxn",0.0,1000.0,SLIME reaction,False,,s_3254 --> 1.405943564 s_3738 + 0.508826 s_3741 + 0.28448264 s_3742 + 0.28246676 s_3743
3490,r_4125,"cardiolipin (1-18:1, 2-16:1, 3-18:1, 4-16:1) [mitochondrial membrane] SLIME rxn",0.0,1000.0,SLIME reaction,False,,s_3255 --> 1.401911804 s_3738 + 0.508826 s_3741 + 0.56493352 s_3743
3491,r_4126,"cardiolipin (1-18:1, 2-16:1, 3-16:0, 4-18:1) [mitochondrial membrane] SLIME rxn",0.0,1000.0,SLIME reaction,False,,s_3256 --> 1.405943564 s_3738 + 0.25642888 s_3740 + 0.254413 s_3741 + 0.56493352 s_3743
3492,r_4127,"cardiolipin (1-18:1, 2-16:1, 3-16:1, 4-18:1) [mitochondrial membrane] SLIME rxn",0.0,1000.0,SLIME reaction,False,,s_3257 --> 1.401911804 s_3738 + 0.508826 s_3741 + 0.56493352 s_3743
3493,r_4128,"cardiolipin (1-16:0, 2-18:1, 3-16:0, 4-16:1) [mitochondrial membrane] SLIME rxn",0.0,1000.0,SLIME reaction,False,,s_3258 --> 1.379905684 s_3738 + 0.51285776 s_3740 + 0.254413 s_3741 + 0.28246676 s_3743
3494,r_4129,"cardiolipin (1-16:0, 2-18:1, 3-16:1, 4-16:1) [mitochondrial membrane] SLIME rxn",0.0,1000.0,SLIME reaction,False,,s_3259 --> 1.375873924 s_3738 + 0.25642888 s_3740 + 0.508826 s_3741 + 0.28246676 s_3743
3495,r_4130,"cardiolipin (1-16:0, 2-18:1, 3-18:0, 4-16:1) [mitochondrial membrane] SLIME rxn",0.0,1000.0,SLIME reaction,False,,s_3260 --> 1.407959444 s_3738 + 0.25642888 s_3740 + 0.254413 s_3741 + 0.28448264 s_3742 + 0.28246676 s_3743
3496,r_4131,"cardiolipin (1-16:0, 2-18:1, 3-18:1, 4-16:1) [mitochondrial membrane] SLIME rxn",0.0,1000.0,SLIME reaction,False,,s_3261 --> 1.403927684 s_3738 + 0.25642888 s_3740 + 0.254413 s_3741 + 0.56493352 s_3743
3497,r_4132,"cardiolipin (1-16:0, 2-18:1, 3-16:0, 4-18:1) [mitochondrial membrane] SLIME rxn",0.0,1000.0,SLIME reaction,False,,s_3262 --> 1.407959444 s_3738 + 0.51285776 s_3740 + 0.56493352 s_3743
3498,r_4133,"cardiolipin (1-16:0, 2-18:1, 3-16:1, 4-18:1) [mitochondrial membrane] SLIME rxn",0.0,1000.0,SLIME reaction,False,,s_3263 --> 1.403927684 s_3738 + 0.25642888 s_3740 + 0.254413 s_3741 + 0.56493352 s_3743
3499,r_4134,"cardiolipin (1-16:1, 2-18:1, 3-16:0, 4-16:1) [mitochondrial membrane] SLIME rxn",0.0,1000.0,SLIME reaction,False,,s_3264 --> 1.377889804 s_3738 + 0.25642888 s_3740 + 0.508826 s_3741 + 0.28246676 s_3743
3500,r_4135,"cardiolipin (1-16:1, 2-18:1, 3-16:1, 4-16:1) [mitochondrial membrane] SLIME rxn",0.0,1000.0,SLIME reaction,False,,s_3265 --> 1.373858044 s_3738 + 0.763239 s_3741 + 0.28246676 s_3743
3501,r_4136,"cardiolipin (1-16:1, 2-18:1, 3-18:0, 4-16:1) [mitochondrial membrane] SLIME rxn",0.0,1000.0,SLIME reaction,False,,s_3266 --> 1.405943564 s_3738 + 0.508826 s_3741 + 0.28448264 s_3742 + 0.28246676 s_3743
3502,r_4137,"cardiolipin (1-16:1, 2-18:1, 3-18:1, 4-16:1) [mitochondrial membrane] SLIME rxn",0.0,1000.0,SLIME reaction,False,,s_3267 --> 1.401911804 s_3738 + 0.508826 s_3741 + 0.56493352 s_3743
3503,r_4138,"cardiolipin (1-16:1, 2-18:1, 3-16:0, 4-18:1) [mitochondrial membrane] SLIME rxn",0.0,1000.0,SLIME reaction,False,,s_3268 --> 1.405943564 s_3738 + 0.25642888 s_3740 + 0.254413 s_3741 + 0.56493352 s_3743
3504,r_4139,"cardiolipin (1-16:1, 2-18:1, 3-16:1, 4-18:1) [mitochondrial membrane] SLIME rxn",0.0,1000.0,SLIME reaction,False,,s_3269 --> 1.401911804 s_3738 + 0.508826 s_3741 + 0.56493352 s_3743
3505,r_4140,"cardiolipin (1-18:1, 2-18:1, 3-16:0, 4-16:1) [mitochondrial membrane] SLIME rxn",0.0,1000.0,SLIME reaction,False,,s_3308 --> 1.405943564 s_3738 + 0.25642888 s_3740 + 0.254413 s_3741 + 0.56493352 s_3743
3506,r_4141,"cardiolipin (1-18:1, 2-18:1, 3-16:1, 4-16:1) [mitochondrial membrane] SLIME rxn",0.0,1000.0,SLIME reaction,False,,s_3309 --> 1.401911804 s_3738 + 0.508826 s_3741 + 0.56493352 s_3743
3507,r_4142,"cardiolipin (1-18:1, 2-18:1, 3-18:0, 4-16:1) [mitochondrial membrane] SLIME rxn",0.0,1000.0,SLIME reaction,False,,s_3310 --> 1.433997324 s_3738 + 0.254413 s_3741 + 0.28448264 s_3742 + 0.56493352 s_3743
3508,r_4143,"cardiolipin (1-18:1, 2-18:1, 3-18:1, 4-16:1) [mitochondrial membrane] SLIME rxn",0.0,1000.0,SLIME reaction,False,,s_3311 --> 1.429965564 s_3738 + 0.254413 s_3741 + 0.84740028 s_3743
3509,r_4144,"cardiolipin (1-18:1, 2-18:1, 3-16:0, 4-18:1) [mitochondrial membrane] SLIME rxn",0.0,1000.0,SLIME reaction,False,,s_3312 --> 1.433997324 s_3738 + 0.25642888 s_3740 + 0.84740028 s_3743
3510,r_4145,"cardiolipin (1-18:1, 2-18:1, 3-16:1, 4-18:1) [mitochondrial membrane] SLIME rxn",0.0,1000.0,SLIME reaction,False,,s_3313 --> 1.429965564 s_3738 + 0.254413 s_3741 + 0.84740028 s_3743
3511,r_4146,"cardiolipin (1-16:0, 2-16:1, 3-18:1, 4-18:1) [mitochondrial membrane] SLIME rxn",0.0,1000.0,SLIME reaction,False,,s_3314 --> 1.403927684 s_3738 + 0.25642888 s_3740 + 0.254413 s_3741 + 0.56493352 s_3743
3512,r_4147,"cardiolipin (1-16:1, 2-16:1, 3-18:1, 4-18:1) [mitochondrial membrane] SLIME rxn",0.0,1000.0,SLIME reaction,False,,s_3315 --> 1.401911804 s_3738 + 0.508826 s_3741 + 0.56493352 s_3743
3513,r_4148,"cardiolipin (1-18:0, 2-16:1, 3-18:1, 4-18:1) [mitochondrial membrane] SLIME rxn",0.0,1000.0,SLIME reaction,False,,s_3316 --> 1.431981444 s_3738 + 0.254413 s_3741 + 0.28448264 s_3742 + 0.56493352 s_3743
3514,r_4149,"cardiolipin (1-18:1, 2-16:1, 3-18:1, 4-18:1) [mitochondrial membrane] SLIME rxn",0.0,1000.0,SLIME reaction,False,,s_3317 --> 1.429965564 s_3738 + 0.254413 s_3741 + 0.84740028 s_3743
3515,r_4150,"cardiolipin (1-16:0, 2-18:1, 3-18:1, 4-18:1) [mitochondrial membrane] SLIME rxn",0.0,1000.0,SLIME reaction,False,,s_3318 --> 1.431981444 s_3738 + 0.25642888 s_3740 + 0.84740028 s_3743
3516,r_4151,"cardiolipin (1-16:1, 2-18:1, 3-18:1, 4-18:1) [mitochondrial membrane] SLIME rxn",0.0,1000.0,SLIME reaction,False,,s_3319 --> 1.429965564 s_3738 + 0.254413 s_3741 + 0.84740028 s_3743
3517,r_4152,Cytochrome c apocytochrome-c-lyase,-1000.0,1000.0,Porphyrin and chlorophyll metabolism,False,YAL039C or YKL087C,s_3748 <=> s_0712 + s_3749
3518,r_4153,(R)-Acetoin:NAD+ oxidoreductase,0.0,1000.0,Butanoate metabolism,False,YAL061W,s_0794 + s_1203 + s_3750 --> s_0020 + s_1198
3519,r_4154,Probable diacetyl reductase [(R)-acetoin forming] 2 (EC 1.1.1.303),-1000.0,1000.0,Butanoate metabolism,False,YAL061W,s_1201 + s_3751 <=> s_0794 + s_3752 + s_3753
3520,r_4155,"Glutamyl-tRNA(Gln) amidotransferase subunit B, mitochondrial (Glu-AdT subunit B) (EC 6.3.5.-) (Cytochrome c oxidase assembly factor PET112)",0.0,1000.0,tRNA metabolism,False,YBL080C,s_0437 + s_0807 + s_3754 + s_3755 --> s_0397 + s_0799 + s_0993 + s_1326 + s_3756
3521,r_4156,Methionine aminopeptidase 2 (MAP 2) (MetAP 2) (EC 3.4.11.18) (Peptidase M),-1000.0,1000.0,Dipeptidases,False,YBL091C or YLR244C,s_0810 + s_3757 <=> s_3758 + s_3759
3522,r_4157,ADP-ribose 1''-phosphate phosphatase (EC 3.1.3.84) (EC 3.2.2.-) ([Protein ADP-ribosylglutamate] hydrolase),-1000.0,1000.0,Purine metabolism,False,YBR022W or YMR087W,s_0803 + s_3760 <=> s_1322 + s_3761
3523,r_4158,NADPH2:quinone oxidoreductase,-1000.0,1000.0,Ubiquinone and other terpenoid-quinone biosynthesis,False,YBR046C,s_0794 + s_1212 + 2.0 s_3762 <=> s_1207 + 2.0 s_3763
3524,r_4159,UDP-N-acetylglucosamine transferase subunit ALG14 (Asparagine-linked glycosylation protein 14),-1000.0,1000.0,N-glycan biosynthesis,False,YBR070C and YGL047W,s_3764 + s_3765 <=> s_0795 + s_3766 + s_3767
3525,r_4160,ADP-ribose pyrophosphatase (EC 3.6.1.13) (ADP-ribose diphosphatase) (ADP-ribose phosphohydrolase) (Adenosine diphosphoribose pyrophosphatase) (ADPR-PPase),-1000.0,1000.0,Purine metabolism,False,YBR111C,s_0803 + s_3761 <=> s_0423 + 2.0 s_0794 + s_3768
3526,r_4161,Probable vacuolar amino acid transporter YPQ3 (PQ-loop repeat-containing protein 3) (Protein RTC2) (Restriction of telomere capping protein 2),-1000.0,1000.0,"Transport [c, v]",False,YBR147W or YDR352W,s_0968 <=> s_0965
3527,r_4162,Probable vacuolar amino acid transporter YPQ3 (PQ-loop repeat-containing protein 3) (Protein RTC2) (Restriction of telomere capping protein 2),-1000.0,1000.0,"Transport [c, v]",False,YBR147W or YDR352W,s_1009 <=> s_1006
3528,r_4163,Probable vacuolar amino acid transporter YPQ3 (PQ-loop repeat-containing protein 3) (Protein RTC2) (Restriction of telomere capping protein 2),-1000.0,1000.0,"Transport [c, v]",False,YBR147W or YDR352W,s_1028 <=> s_1025
3529,r_4164,oxalate:CoA ligase (AMP-forming),-1000.0,1000.0,Glyoxylate and dicarboxylate metabolism,False,YBR222C,s_0439 + s_0534 + s_3769 <=> s_0426 + s_0638 + s_3770
3530,r_4165,Glucosidase 2 subunit alpha (EC 3.2.1.84) (Alpha-glucosidase II subunit alpha) (Glucosidase II subunit alpha) (Reversal of TOR2 lethality protein 2),-1000.0,1000.0,N-glycan biosynthesis,False,YBR229C,s_0804 + s_3771 <=> s_3772 + s_3773
3531,r_4166,Glucosidase 2 subunit alpha (EC 3.2.1.84) (Alpha-glucosidase II subunit alpha) (Glucosidase II subunit alpha) (Reversal of TOR2 lethality protein 2),-1000.0,1000.0,N-glycan biosynthesis,False,YBR229C,s_0804 + s_3773 <=> s_3772 + s_3774
3532,r_4167,Vacuolar cation-chloride cotransporter 1 (Vacuolar homolog of CCC family protein 1),-1000.0,1000.0,"Transport [c, v]",False,YBR235W,s_3775 + s_3776 + s_3777 <=> s_1373 + s_1437 + s_3778
3533,r_4168,Probable metabolite transport protein YBR241C,-1000.0,1000.0,"Transport [c, v]",False,YBR241C,s_0553 <=> s_3779
3534,r_4169,Probable metabolite transport protein YBR241C,-1000.0,1000.0,"Transport [c, v]",False,YBR241C,s_0558 <=> s_3780
3535,r_4170,UDP-N-acetyl-D-glucosamine:dolichyl-phosphate N-acetyl-D-glucosamine phosphotransferase,-1000.0,1000.0,N-glycan biosynthesis,False,YBR243C,s_0646 + s_3764 <=> s_3765 + s_3781
3536,r_4171,(5-glutamyl)-peptide:amino-acid 5-glutamyltransferase,0.0,1000.0,Glutathione metabolism,False,YBR281C and YNL191W,s_0750 + s_0803 --> s_0983 + s_0991
3537,r_4172,P-type cation-transporting ATPase (EC 3.6.3.3) (Cadmium resistance protein 2) (Cadmium-translocating P-type ATPase) (Cd(2+)-exporting ATPase),0.0,1000.0,"Transport [c, e]",False,YBR295W,s_0434 + s_0803 + s_3782 --> s_0394 + s_0794 + s_1322 + s_3783
3538,r_4173,L-cysteine:sulfur-acceptor sulfurtransferase,-1000.0,1000.0,Thiamine metabolism,False,YCL017C,s_3784 + s_3785 <=> s_0957 + s_3786
3539,r_4174,Probable ATP-dependent permease,-1000.0,1000.0,"Transport [erm, er]",False,YCR011C,s_3787 <=> s_3788
3540,r_4175,Putative aryl-alcohol dehydrogenase AAD3 (EC 1.1.1.-),-1000.0,1000.0,Methylglyoxal metabolism,False,YCR107W or YDL243C or YJR155W or YNL331C or YOL165C or YPL088W,s_1198 + s_3789 <=> s_0794 + s_1203 + s_3790
3541,r_4176,Putative aryl-alcohol dehydrogenase AAD3 (EC 1.1.1.-),-1000.0,1000.0,Methylglyoxal metabolism,False,YCR107W or YDL243C or YJR155W or YNL331C or YOL165C or YPL088W,s_1198 + s_3791 <=> s_0794 + s_1203 + s_3792
3542,r_4177,Putative aryl-alcohol dehydrogenase AAD3 (EC 1.1.1.-),-1000.0,1000.0,Methylglyoxal metabolism,False,YCR107W or YDL243C or YJR155W or YNL331C or YOL165C or YPL088W,s_1198 + s_3793 <=> s_0794 + s_1203 + s_3794
3543,r_4178,Putative aryl-alcohol dehydrogenase AAD3 (EC 1.1.1.-),-1000.0,1000.0,Methylglyoxal metabolism,False,YCR107W or YDL243C or YJR155W or YNL331C or YOL165C or YPL088W,s_1198 + s_3795 <=> s_0794 + s_1203 + s_3796
3544,r_4179,Putative aryl-alcohol dehydrogenase AAD3 (EC 1.1.1.-),-1000.0,1000.0,Methylglyoxal metabolism,False,YCR107W or YDL243C or YJR155W or YNL331C or YOL165C or YPL088W,s_1198 + s_3797 <=> s_0794 + s_1203 + s_3798
3545,r_4180,Benzyl alcohol:NAD+ oxidoreductase,-1000.0,1000.0,Methylglyoxal metabolism,False,YCR107W or YDL243C or YJR155W or YNL331C or YOL165C or YPL088W,s_1198 + s_3799 <=> s_0794 + s_1203 + s_3800
3546,r_4181,Manganese-transporting ATPase 1 (EC 3.6.3.-),-1000.0,1000.0,"Transport [c, er]",False,YEL031W,s_0434 + s_0803 + s_3801 <=> s_0394 + s_0794 + s_1322 + s_3802
3547,r_4183,D-Mannitol:NAD+ 2-oxidoreductase,-1000.0,1000.0,Fructose and mannose metabolism,False,YEL070W or YNR073C,s_1198 + s_3805 <=> s_0553 + s_0794 + s_1203
3548,r_4184,4-hydroxy-4-methyl-2-oxoglutarate pyruvate-lyase (pyruvate-forming),-1000.0,1000.0,C5-branched dibasic acid metabolism,False,YER010C,s_3806 <=> 2.0 s_1399
3549,r_4185,oxaloacetate carboxy-lyase (pyruvate-forming),0.0,1000.0,Pyruvate metabolism,False,YER010C,s_0794 + s_1271 --> s_0456 + s_1399
3550,r_4186,L-methionine:thioredoxin-disulfide S-oxidoreductase,-1000.0,1000.0,Cysteine and methionine metabolism,False,YER042W,s_0803 + s_1029 + s_1620 <=> s_0794 + s_1616 + s_3807
3551,r_4187,L-proline:tRNA(Pro) ligase (AMP-forming),0.0,1000.0,tRNA metabolism,False,YER087W,s_0437 + s_1037 + s_3808 --> s_0424 + s_0636 + s_3809
3552,r_4188,Glutathione-specific gamma-glutamylcyclotransferase (Gamma-GCG) (EC 4.3.2.-),0.0,1000.0,Glutathione metabolism,False,YER163C,s_0750 --> s_0983 + s_3810
3553,r_4189,4a-hydroxytetrahydrobiopterin hydro-lyase,-1000.0,1000.0,Folate biosynthesis,False,YHL018W,s_3811 <=> s_0807 + s_3812
3554,r_4190,superoxide:superoxide oxidoreductase,0.0,1000.0,Superoxide metabolism,False,YHR008C,2.0 s_0799 + 2.0 s_3813 --> s_0838 + s_1278
3555,r_4191,2-Deoxy-D-glucose 6-phosphate phosphohydrolase,-1000.0,1000.0,Alternate carbon metabolism,False,YHR043C or YHR044C,s_0803 + s_3814 <=> s_1322 + s_3815
3556,r_4192,Cytochrome c lysine N-methyltransferase 1 (EC 2.1.1.59),-1000.0,1000.0,Lysine metabolism,False,YHR109W,s_1416 + s_3816 <=> s_0794 + s_1413 + s_3817
3557,r_4193,S-Adenosyl-L-methionine:histone-L-lysine N6-methyltransferase,-1000.0,1000.0,Lysine metabolism,False,YHR119W or YDR440W or YJL168C,s_3818 + s_3819 <=> s_0800 + s_3820 + s_3821
3558,r_4194,Zinc transporter YKE4,-1000.0,1000.0,"Transport [c, er]",False,YIL023C,s_3822 <=> s_3823
3559,r_4195,Zinc transporter YKE4,-1000.0,1000.0,"Transport [m, v]",False,YMR243C or YOR316C,s_4026 <=> s_4027
3560,r_4196,NADH:ferricytochrome-b5 oxidoreductase,-1000.0,1000.0,Amino sugar and nucleotide sugar metabolism,False,YIL043C or YML125C,s_2818 + 2.0 s_4210 <=> s_2783 + s_2820 + 2.0 s_4209
3561,r_4197,NADH-cytochrome b5 reductase 1 (EC 1.6.2.2) (Microsomal cytochrome b reductase) (P35),-1000.0,1000.0,Amino sugar and nucleotide sugar metabolism,False,YIL043C or YKL150W or YML125C,s_1205 + 2.0 s_3826 <=> s_0799 + s_1200 + 2.0 s_3827
3562,r_4198,Benzil reductase ((S)-benzoin forming) IRC24 (EC 1.1.1.320) (Increased recombination centers protein 24),-1000.0,1000.0,Other,False,YIR036C,s_1207 + s_3828 <=> s_0794 + s_1212 + s_3829
3563,r_4199,Glutathione S-transferase 1 (EC 2.5.1.18) (GST-I),-1000.0,1000.0,Glutathione metabolism,False,YIR038C,s_3830 + s_3831 <=> s_3832 + s_3833
3564,r_4200,Glutathione S-transferase 1 (EC 2.5.1.18) (GST-I),-1000.0,1000.0,Glutathione metabolism,False,YMR251W or YKR076W,s_0750 + s_3834 <=> s_3835 + s_3836
3565,r_4201,Glutathione S-transferase 1 (EC 2.5.1.18) (GST-I),-1000.0,1000.0,Glutathione metabolism,False,YLL060C,s_0752 + s_4028 <=> s_4029 + s_4030
3566,r_4202,L-methionine:oxidized-thioredoxin S-oxidoreductase,-1000.0,1000.0,Cysteine and methionine metabolism,False,YKL069W,s_0803 + s_1029 + s_1620 <=> s_0794 + s_1616 + s_3837
3567,r_4203,Vacuolar aminopeptidase 1 (EC 3.4.11.22) (Aminopeptidase yscI) (Leucine aminopeptidase IV) (LAPIV) (Lysosomal aminopeptidase III) (Polypeptidase) (Vacuolar aminopeptidase I),-1000.0,1000.0,Dipeptidases,False,YKL103C,s_0810 + s_3838 <=> s_3759 + s_3839
3568,r_4204,Vacuolar aminopeptidase 1 (EC 3.4.11.22) (Aminopeptidase yscI) (Leucine aminopeptidase IV) (LAPIV) (Lysosomal aminopeptidase III) (Polypeptidase) (Vacuolar aminopeptidase I),-1000.0,1000.0,Dipeptidases,False,YKL103C,s_0810 + s_3840 <=> s_1024 + s_3759
3569,r_4205,5-oxo-L-proline amidohydrolase (ATP-hydrolysing),0.0,1000.0,Glutathione metabolism,False,YKL215C,s_0434 + 2.0 s_0803 + s_3810 --> s_0394 + s_0794 + s_0991 + s_1322
3570,r_4206,threo-3-hydroxy-L-aspartate ammonia-lyase,-1000.0,1000.0,"Alanine, aspartate and glutamate metabolism",False,YKL218C,s_3841 <=> s_0419 + s_1271
3571,r_4207,Glutathione S-transferase omega-like 2 (EC 2.5.1.18) (Extracellular mutant protein 4) (Glutathione-dependent dehydroascorbate reductase) (EC 1.8.5.1),-1000.0,1000.0,Glutathione metabolism,False,YGR154C,s_3842 + s_3843 <=> s_3844 + s_3845
3572,r_4208,glutathione:dehydroascorbate oxidoreductase,-1000.0,1000.0,Glutathione metabolism,False,YKR076W,2.0 s_0750 + s_3846 <=> s_0754 + s_3847
3573,r_4209,Glutathione S-transferase omega-like 2 (EC 2.5.1.18) (Extracellular mutant protein 4) (Glutathione-dependent dehydroascorbate reductase) (EC 1.8.5.1),-1000.0,1000.0,Glutathione metabolism,False,YGR154C,2.0 s_3843 + s_3848 <=> s_3849 + s_3850
3574,r_4210,urea hydro-lyase (cyanamide-forming),-1000.0,1000.0,Alternate carbon metabolism,False,YFL061W or YNL335W,s_1552 <=> s_0803 + s_3851
3575,r_4211,"D-ribose 5-phosphate,D-glyceraldehyde 3-phosphate pyridoxal 5-phosphate-lyase (glutamine-hydrolyzing)",-1000.0,1000.0,Vitamin b6 metabolism,False,YFL060C or YNL334C,s_0764 + s_0999 + s_3852 <=> s_0794 + 3.0 s_0803 + s_0991 + s_1322 + s_1393
3576,r_4212,"D-ribulose 5-phosphate,D-glyceraldehyde 3-phosphate pyridoxal 5-phosphate-lyase",-1000.0,1000.0,Vitamin b6 metabolism,False,YFL059W or YNL333W,s_0577 + s_0764 + s_0999 <=> s_0794 + 3.0 s_0803 + s_0991 + s_1322 + s_1393
3577,r_4214,L-cysteinylglycine dipeptidase,-1000.0,1000.0,Glutathione metabolism,False,YFR044C,s_0803 + s_0983 <=> s_0981 + s_1003
3578,r_4215,Cys-Gly metallodipeptidase DUG1 (EC 3.4.13.-) (Deficient in utilization of glutathione protein 1) (GSH degradosomal complex subunit DUG1),-1000.0,1000.0,Glutathione metabolism,False,YFR044C,s_0803 + s_3853 <=> s_1003 + s_3854
3579,r_4216,riboflavin-5-phosphate phosphohydrolase,-1000.0,1000.0,Riboflavin metabolism,False,YDL024C,s_0714 + s_0803 <=> s_1322 + s_1405
3580,r_4217,Fe(II):oxygen oxidoreductase; Fe2+:oxygen oxidoreductase,-1000.0,1000.0,Porphyrin and chlorophyll metabolism,False,YDL120W,4.0 s_0799 + 4.0 s_0926 + s_1278 <=> 2.0 s_0807 + 4.0 s_3855
3581,r_4218,D-aminoacyl-tRNA deacylase (DTD) (EC 3.1.1.96) (D-tyrosyl-tRNA(Tyr) deacylase) (Gly-tRNA(Ala) deacylase) (EC 3.1.1.-),-1000.0,1000.0,tRNA metabolism,False,YDL219W,s_0803 + s_3856 <=> s_0794 + s_1003 + s_1582
3582,r_4219,D-aminoacyl-tRNA deacylase (DTD) (EC 3.1.1.96) (D-tyrosyl-tRNA(Tyr) deacylase) (Gly-tRNA(Ala) deacylase) (EC 3.1.1.-),-1000.0,1000.0,tRNA metabolism,False,YDL219W,s_0803 + s_3857 <=> s_0794 + s_1612 + s_3858
3583,r_4220,4-nitrophenyl phosphate phosphohydrolase,-1000.0,1000.0,Alternate carbon metabolism,False,YDL236W,s_0803 + s_3859 <=> s_0794 + s_1322 + s_3860
3584,r_4221,D-Iditol:NAD+ 2-oxidoreductase,-1000.0,1000.0,Pentose and glucuronate interconversions,False,YDL246C,s_1198 + s_3861 <=> s_0794 + s_1043 + s_1203
3585,r_4222,ATP:alpha-D-galactose 1-phosphotransferase,0.0,1000.0,Galactose metabolism,False,YDR009W,s_0434 + s_3862 --> s_0394 + s_0410 + s_0794
3586,r_4223,3-Hydroxy-2-methylpropanoyl-CoA hydrolase,0.0,1000.0,"Valine, leucine and isoleucine metabolism",False,YDR036C,s_0807 + s_3863 --> s_0532 + s_0799 + s_3864
3587,r_4224,Sodium transport ATPase 5 (EC 3.6.3.7),0.0,1000.0,"Transport [c, e]",False,YDR038C or YDR039C or YDR040C,s_0434 + s_0803 + s_1437 --> s_0394 + s_0794 + s_1322 + s_1438
3588,r_4225,Broad-range acid phosphatase DET1 (EC 3.1.3.-) (Decreased ergosterol transport protein 1),-1000.0,1000.0,"Transport [c, e]",False,YDR051C or YOL075C,s_0434 + s_0803 + s_3865 <=> s_0394 + s_0794 + s_1322 + s_3866
3589,r_4226,L-Alanine:2-oxoglutarate aminotransferase,-1000.0,1000.0,"Alanine, aspartate and glutamate metabolism",False,YDR111C,s_0180 + s_0955 <=> s_0991 + s_1399
3590,r_4227,2-phenylacetamide amidohydrolase,-1000.0,1000.0,Phenylalanine metabolism,False,YDR242W,s_0803 + s_3867 <=> s_0419 + s_1321
3591,r_4228,Indole-3-acetamide amidohydrolase,0.0,1000.0,Tryptophan metabolism,False,YDR242W,s_0803 + s_3868 --> s_0419 + s_0853
3592,r_4230,Probable amidase (EC 3.5.1.4),-1000.0,1000.0,Alternate carbon metabolism,False,YDR242W,s_0419 + s_3871 <=> s_0803 + s_3872
3593,r_4231,Acylamide aminohydrolase,-1000.0,1000.0,Other,False,YDR242W,s_0803 + s_3873 <=> s_0419 + s_3874
3594,r_4232,ATP:D-Gluconate 6-phosphotransferase,-1000.0,1000.0,Pentose phosphate pathway,False,YDR248C,s_0434 + s_3875 <=> s_0340 + s_0394 + s_0794
3595,r_4233,S-Adenosyl-L-methionine:protein-C-terminal-S-farnesyl-L-cysteine O-methyltransferase,-1000.0,1000.0,Terpenoid backbone biosynthesis,False,YDR410C,s_1416 + s_3876 <=> s_1413 + s_3877
3596,r_4234,Phosphatidylinositol N-acetylglucosaminyltransferase subunit GPI19 (GPI-GlcNAc transferase complex subunit GPI19) (GPI-GnT subunit GPI19) (EC 2.4.1.198),-1000.0,1000.0,Glycosylphosphatidylinositol (gpi)-anchor biosynthesis,False,YDR437W and YGR216C and YNL038W and YPL076W and YPL175W and YPL096C-A,s_3764 + s_3878 <=> s_0795 + s_3766 + s_3879
3597,r_4236,(R)-lactate hydro-lyase,-1000.0,1000.0,Pyruvate metabolism,False,YDR533C or YMR322C or YOR391C or YPL280W,s_0025 + s_0794 <=> s_0803 + s_1151
3598,r_4237,Calcium-transporting ATPase 2 (EC 3.6.3.8) (Vacuolar Ca(2+)-ATPase),0.0,1000.0,"Transport [c, v]",False,YGL006W,s_0810 + s_3880 + s_3881 --> s_0802 + s_1329 + s_3882 + s_3883
3599,r_4238,Calcium-transporting ATPase 2 (EC 3.6.3.8) (Golgi Ca(2+)-ATPase),0.0,1000.0,"Transport [c, g]",False,YGL167C,s_0806 + s_3880 + s_4196 --> s_0797 + s_1325 + s_4197 + s_4198
3600,r_4239,L-arginyl-tRNA(Arg):protein arginyltransferase,-1000.0,1000.0,tRNA metabolism,False,YGL017W,s_0428 + s_3884 <=> s_0794 + s_1583 + s_3885
3601,r_4241,Mannosyl-oligosaccharide glucosidase (EC 3.2.1.106) (Processing A-glucosidase I) (Glucosidase I),-1000.0,1000.0,N-glycan biosynthesis,False,YGL027C,s_0804 + s_3889 <=> s_3771 + s_3772
3602,r_4242,"Initiation-specific alpha-1,6-mannosyltransferase (EC 2.4.1.232) (Outer chain elongation protein 1)",-1000.0,1000.0,N-glycan biosynthesis,False,YGL038C,s_3890 + s_3891 <=> s_0795 + s_3892 + s_3893
3603,r_4243,"Alpha-1,3/1,6-mannosyltransferase ALG2 (EC 2.4.1.132) (EC 2.4.1.257) (Asparagine-linked glycosylation protein 2) (GDP-Man:Man(1)GlcNAc(2)-PP-Dol alpha-1,3-mannosyltransferase) (GDP-Man:Man(1)GlcNAc(2)-PP-dolichol mannosyltransferase) (GDP-Man:Man(2)GlcNAc(2)-PP-Dol alpha-1,6-mannosyltransferase)",-1000.0,1000.0,N-glycan biosynthesis,False,YGL065C,s_3890 + s_3894 <=> s_0795 + s_3892 + s_3895
3604,r_4244,GDP-D-mannose:D-Man-alpha-(1->3)-D-Man-beta-(1->4)-D-GlcNAc-beta-(1->4)-D-GlcNAc-diphosphodolichol alpha-6-mannosyltransferase,-1000.0,1000.0,N-glycan biosynthesis,False,YGL065C,s_3890 + s_3895 <=> s_0795 + s_3892 + s_3896
3605,r_4245,2-O-(6-phospho-alpha-D-mannosyl)-D-glycerate 6-phosphomannohydrolase,0.0,1000.0,Fructose and mannose metabolism,False,YGL156W,s_0810 + s_3897 --> s_3898 + s_3899
3606,r_4246,Alpha-mannosidase (EC 3.2.1.24) (Alpha-D-mannoside mannohydrolase),0.0,1000.0,Fructose and mannose metabolism,False,YGL156W,s_0810 + s_3900 --> s_3901 + s_3902
3607,r_4247,"ATP:L-threonyl,bicarbonate adenylyltransferase",0.0,1000.0,Threonylcarbamoyladenosine metabolism,False,YGL169W,s_0434 + s_0445 + s_1045 --> s_0633 + s_0803 + s_3903
3608,r_4248,D-serine ammonia-lyase,0.0,1000.0,"Glycine, serine and threonine metabolism",False,YGL196W,s_3904 --> s_0419 + s_1399
3609,r_4249,O3-acetyl-L-serine:hydrogen-sulfide 2-amino-2-carboxyethyltransferase; O3-acetyl-L-serine acetate-lyase (adding hydrogen sulfide),-1000.0,1000.0,Cysteine and methionine metabolism,False,YGR012W,s_3905 + s_3906 <=> s_0365 + s_3785
3610,r_4250,Dolichyl-diphosphate phosphohydrolase,-1000.0,1000.0,N-glycan biosynthesis,False,YGR036C,s_0795 + s_0804 + s_3888 <=> s_0646 + s_1323
3611,r_4251,CTP:phosphatidate cytidyltransferase,-1000.0,1000.0,Glycerophospholipid metabolism,False,YGR046W,s_0541 + s_0799 + s_3907 <=> s_0636 + s_3908
3612,r_4252,Thiamine thiazole synthase (Thiazole biosynthetic enzyme),-1000.0,1000.0,Thiamine metabolism,False,YGR144W,s_1003 + s_1198 + s_3909 <=> 3.0 s_0803 + s_1216 + s_3910
3613,r_4253,"dolichyl beta-D-glucosyl phosphate:D-Glc-alpha-(1->3)-D-Glc-alpha-(1->3)-D-Man-alpha-(1->2)-D-Man-alpha-(1->2)-D-Man-alpha-(1->3)-[D-Man-alpha-(1->2)-D-Man-alpha-(1->3)-[D-Man-alpha-(1->2)-D-Man-alpha-(1->6)]-D-Man-alpha-(1->6)]-D-Man-beta-(1->4)-D-GlcNAc-beta-(1->4)-D-GlcNAc-diphosphodolichol alpha-1,2-glucosyltransferase",-1000.0,1000.0,N-glycan biosynthesis,False,YGR227W,s_0795 + s_3911 + s_3912 <=> s_0646 + s_3887
3614,r_4254,"nitric oxide, NADH2:oxygen oxidoreductase",0.0,1000.0,Nitrogen metabolism,False,YGR234W,s_1203 + 2.0 s_1275 + 2.0 s_3913 --> s_0794 + s_1198 + 2.0 s_3914
3615,r_4255,"nitric oxide, NADPH2:oxygen oxidoreductase",0.0,1000.0,Nitrogen metabolism,False,YGR234W,s_1212 + 2.0 s_1275 + 2.0 s_3913 --> s_0794 + s_1207 + 2.0 s_3914
3616,r_4256,Putative lipoate-protein ligase A (EC 6.3.1.20) (Altered inheritance rate of mitochondria protein 22),0.0,1000.0,Lipoic acid metabolism,False,YJL046W,s_0434 + s_0794 + s_3915 --> s_0633 + s_3916
3617,r_4258,[lipoyl-carrier protein]-L-lysine:lipoate ligase (AMP-forming),0.0,1000.0,Lipoic acid metabolism,False,YJL046W,s_0434 + s_3915 + s_3917 --> s_0423 + s_0633 + s_3918
3618,r_4260,Deaminated glutathione amidase (dGSH amidase) (EC 3.5.1.-) (Nitrilase homolog 1),-1000.0,1000.0,Glutathione metabolism,False,YJL126W,s_0803 + s_3923 <=> s_0180 + s_0983
3619,r_4261,Deaminated glutathione amidase (dGSH amidase) (EC 3.5.1.-) (Nitrilase homolog 1),-1000.0,1000.0,Glutathione metabolism,False,YJL126W,s_0807 + s_3924 <=> s_0182 + s_3925
3620,r_4262,citrate hydroxymutase,-1000.0,1000.0,Lysine metabolism,False,YJL200C,s_0524 <=> s_0941
3621,r_4263,Anion/proton exchange transporter GEF1 (CLC protein GEF1) (ClC-A) (ClC-Y1) (Voltage-gated chloride channel) [Cleaved into: GEF1 N-terminal; GEF1 C-terminal],-1000.0,1000.0,"Transport [c, g]",False,YJR040W,s_3926 <=> s_3778
3622,r_4264,succinate:NAD+ oxidoreductase,0.0,1000.0,Cellular response to anaerobic conditions,False,YJR051W,s_0727 + s_0799 + s_1205 --> s_1200 + s_1460
3623,r_4265,nucleoside-triphosphate diphosphohydrolase,0.0,1000.0,Purine metabolism,False,YJR069C,s_0803 + s_3927 --> s_0633 + s_0794 + s_3928
3624,r_4266,Inosine triphosphate pyrophosphatase (ITPase) (Inosine triphosphatase) (EC 3.6.1.9) (Hydroxylaminopurine sensitivity protein 1) (Non-canonical purine NTP pyrophosphatase) (Non-standard purine NTP pyrophosphatase) (Nucleoside-triphosphate diphosphatase) (Nucleoside-triphosphate pyrophosphatase) (NTPase),0.0,1000.0,Purine metabolism,False,YJR069C,s_0586 + s_0803 --> s_0584 + s_0633 + s_0794
3625,r_4267,2'-Deoxyguanosine 5'-triphosphate diphosphohydrolase,0.0,1000.0,Purine metabolism,False,YJR069C,s_0617 + s_0803 --> s_0615 + s_0633 + s_0794
3626,r_4268,dTTP diphosphohydrolase,0.0,1000.0,Purine metabolism,False,YJR069C,s_0650 + s_0803 --> s_0633 + s_0649 + s_0794
3627,r_4269,Inosine triphosphate pyrophosphatase (ITPase) (Inosine triphosphatase) (EC 3.6.1.9) (Hydroxylaminopurine sensitivity protein 1) (Non-canonical purine NTP pyrophosphatase) (Non-standard purine NTP pyrophosphatase) (Nucleoside-triphosphate diphosphatase) (Nucleoside-triphosphate pyrophosphatase) (NTPase),-1000.0,1000.0,Purine metabolism,False,YJR069C,s_0803 + s_3929 <=> s_0633 + s_0794 + s_3930
3628,r_4270,superoxide:superoxide oxidoreductase,0.0,1000.0,Superoxide metabolism,False,YJR104C,2.0 s_0794 + 2.0 s_3931 --> s_0837 + s_1275
3629,r_4271,"Endoplasmic reticulum mannosyl-oligosaccharide 1,2-alpha-mannosidase (EC 3.2.1.113) (ER alpha-1,2-mannosidase) (Man(9)-alpha-mannosidase)",-1000.0,1000.0,N-glycan biosynthesis,False,YJR131W or YLR057W,4.0 s_0804 + s_3774 <=> s_3932 + 4.0 s_3933
3630,r_4272,"alpha 1,2-mannosyloligosaccharide alpha-D-mannohydrolase",-1000.0,1000.0,N-glycan biosynthesis,False,YJR131W or YLR057W,s_0804 + s_3774 <=> s_3891 + s_3933
3631,r_4273,ethylnitronate:oxygen 2-oxidoreductase (nitrite-forming),-1000.0,1000.0,Nitrogen metabolism,False,YJR149W,s_0717 + s_1275 + s_3934 <=> s_0359 + s_0714 + 2.0 s_0794 + s_0803 + s_3935
3632,r_4274,O-Succinyl-L-homoserine succinate-lyase (deaminating; 2-oxobutanoate-forming),0.0,1000.0,Cysteine and methionine metabolism,False,YLL058W or YML082W,s_0803 + s_1241 --> s_0178 + s_0419 + s_0794 + s_1458
3633,r_4275,Fe(II):NADP+ oxidoreductase,-1000.0,1000.0,Porphyrin and chlorophyll metabolism,False,YLR047C or YKL220C or YLR214W or YNR060W or YOL152W or YOR381W or YOR384W,s_1212 + 2.0 s_3936 <=> s_0794 + 2.0 s_0924 + s_1207
3634,r_4276,Fe(II):NADP+ oxidoreductase,-1000.0,1000.0,Porphyrin and chlorophyll metabolism,False,YLL051C,s_1212 + 2.0 s_4031 <=> s_0794 + 2.0 s_0924 + s_1207
3635,r_4277,acyl-CoA:sn-glycerol-3-phosphate 1-O-acyltransferase,-1000.0,1000.0,Glycerolipid metabolism,False,YLR099C or YPR139C,s_3937 + s_3938 <=> s_0530 + s_3939
3636,r_4278,diphthine:ammonia ligase (AMP-forming),0.0,1000.0,Peptidyl-diphthamide biosynthetic process,False,YLR143W,s_0419 + s_0434 + s_3940 --> s_0423 + s_0633 + s_0794 + s_3941
3637,r_4279,8-oxo-dGTP diphosphohydrolase,0.0,1000.0,DNA repair,False,YLR151C,s_0809 + s_3942 --> s_0638 + s_0801 + s_3943
3638,r_4280,octanoyl-[acp]:protein N6-octanoyltransferase,-1000.0,1000.0,Lipoic acid metabolism,False,YLR239C,s_1254 + s_3944 <=> s_1845 + s_3945
3639,r_4281,lipoyl-[acp]:protein N6-lipoyltransferase,-1000.0,1000.0,Lipoic acid metabolism,False,YLR239C,s_3944 + s_3946 <=> s_1845 + s_3947
3640,r_4282,ATP:D-fructose-6-phosphate 2-phosphotransferase,0.0,1000.0,Fructose and mannose metabolism,False,YLR345W,s_0434 + s_3948 --> s_0394 + s_0442 + s_0794
3641,r_4283,ATP:D-fructose 6-phosphotransferase,0.0,1000.0,Glycolysis / gluconeogenesis,False,YLR446W,s_0434 + s_0553 --> s_0394 + s_0794 + s_3948
3642,r_4284,ATP:beta-D-glucose 6-phosphotransferase,0.0,1000.0,Glycolysis / gluconeogenesis,False,YLR446W,s_0434 + s_3949 --> s_0394 + s_0794 + s_3950
3643,r_4285,ATP:alpha-D-glucose 6-phosphotransferase,0.0,1000.0,Glycolysis / gluconeogenesis,False,YLR446W,s_0434 + s_3951 --> s_0394 + s_0794 + s_3952
3644,r_4286,ATP:D-glucosamine 6-phosphotransferase,0.0,1000.0,Glycolysis / gluconeogenesis,False,YLR446W,s_0434 + s_3953 --> s_0394 + s_0412 + s_0794
3645,r_4287,ATP:D-fructose 6-phosphotransferase,0.0,1000.0,Glycolysis / gluconeogenesis,False,YLR446W,s_0434 + s_3954 --> s_0394 + s_0794 + s_3948
3646,r_4288,alpha-D-Glucose 6-phosphate ketol-isomerase,-1000.0,1000.0,Glycolysis / gluconeogenesis,False,YMR099C,s_3952 <=> s_3950
3647,r_4291,D-Glyceraldehyde:NAD+ oxidoreductase,-1000.0,1000.0,Glycerolipid metabolism,False,YMR110C,s_0570 + s_0803 + s_1198 <=> 2.0 s_0794 + s_1203 + s_3958
3648,r_4292,4-Aminobutyraldehyde:NAD+ oxidoreductase,-1000.0,1000.0,Arginine and proline metabolism,False,YMR110C,s_0274 + s_0803 + s_1207 <=> s_0734 + 2.0 s_0794 + s_1212
3649,r_4293,4-aminobutanal:NAD+ 1-oxidoreductase; 4-aminobutyraldehyde:NAD+ oxidoreductase,0.0,1000.0,Arginine and proline metabolism,False,YMR110C,s_0274 + s_0803 + s_1198 --> s_0734 + 2.0 s_0794 + s_1203
3650,r_4294,Indole-3-acetaldehyde:NAD+ oxidoreductase,0.0,1000.0,Tryptophan metabolism,False,YMR110C,s_0803 + s_0850 + s_1198 --> 2.0 s_0794 + s_0853 + s_1203
3651,r_4295,2-Propyn-1-al:NAD+ oxidoreductase,-1000.0,1000.0,Sphingolipid metabolism,False,YMR110C,s_0803 + s_1198 + s_3959 <=> 2.0 s_0794 + s_1203 + s_3960
3652,r_4296,D-Glucuronolactone:NAD+ oxidoreductase,0.0,1000.0,Ascorbate and aldarate metabolism,False,YMR110C,2.0 s_0803 + s_1198 + s_3961 --> 3.0 s_0794 + s_1203 + s_3962
3653,r_4297,4-Trimethylammoniobutanal:NAD+ 1-oxidoreductase; 4-Trimethylammoniobutanal:NAD+ oxidoreductase,-1000.0,1000.0,Ascorbate and aldarate metabolism,False,YMR110C,s_0803 + s_1198 + s_3963 <=> 2.0 s_0794 + s_1203 + s_3964
3654,r_4298,(S)-Methylmalonate semialdehyde:NAD+ oxidoreductase,-1000.0,1000.0,"Valine, leucine and isoleucine metabolism",False,YMR110C,s_0803 + s_1198 + s_3965 <=> 2.0 s_0794 + s_1203 + s_3966
3655,r_4299,Imidazole acetaldehyde:NAD+ oxidoreductase,-1000.0,1000.0,Histidine metabolism,False,YMR110C,s_0803 + s_1198 + s_3967 <=> 2.0 s_0794 + s_1203 + s_3968
3656,r_4300,"3alpha,7alpha-Dihydroxy-5beta-cholestan-26-al:NAD+ oxidoreductase",-1000.0,1000.0,Sphingolipid metabolism,False,YMR110C,s_0803 + s_1198 + s_3969 <=> 2.0 s_0794 + s_1203 + s_3970
3657,r_4301,5-Hydroxyindoleacetaldehyde:NAD+ oxidoreductase,-1000.0,1000.0,Tryptophan metabolism,False,YMR110C,s_0803 + s_1198 + s_3971 <=> 2.0 s_0794 + s_1203 + s_3972
3658,r_4302,N4-Acetylaminobutanal:NAD+ oxidoreductase,-1000.0,1000.0,Arginine and proline metabolism,False,YMR110C,s_0803 + s_1198 + s_3973 <=> 2.0 s_0794 + s_1203 + s_3974
3659,r_4303,Fatty aldehyde dehydrogenase HFD1 (EC 1.2.1.3),-1000.0,1000.0,Alternate carbon metabolism,False,YMR110C,s_0803 + s_1198 + s_3975 <=> 2.0 s_0794 + s_1203 + s_3976
3660,r_4304,Fatty aldehyde dehydrogenase HFD1 (EC 1.2.1.3),-1000.0,1000.0,Alternate carbon metabolism,False,YMR110C,s_0803 + s_1198 + s_3977 <=> 2.0 s_0794 + s_1203 + s_3978
3661,r_4305,Chloroacetaldehyde:NAD+ oxidoreductase,-1000.0,1000.0,Alternate carbon metabolism,False,YMR110C,s_0803 + s_1198 + s_3979 <=> 2.0 s_0794 + s_1203 + s_3980
3662,r_4306,Aldehyde:NAD+ oxidoreductase,-1000.0,1000.0,Alternate carbon metabolism,False,YMR110C,s_0803 + s_1198 + s_3981 <=> 2.0 s_0794 + s_1203 + s_3982
3663,r_4307,farnesal:NAD+ oxidoreductase,-1000.0,1000.0,Insect hormone biosynthesis,False,YMR110C,s_0803 + s_1198 + s_3983 <=> 2.0 s_0794 + s_1203 + s_3984
3664,r_4308,Probable phospholipid-transporting ATPase DNF3 (EC 3.6.3.1) (Aminophospholipid translocase) (APT) (Phospholipid translocase) (PLT),0.0,1000.0,"Transport [erm, gm]",False,YMR162C,s_2808 + s_2831 + s_3985 --> s_2783 + s_2966 + s_3986 + s_3987
3665,r_4309,Putative esterase YMR210W (EC 3.1.1.-),0.0,1000.0,Glycerophospholipid metabolism,False,YMR210W,s_0803 + s_3988 --> s_0765 + s_0794 + s_1260
3666,r_4310,"GDP-mannose:glycolipid 1,2-alpha-D-mannosyltransferase",-1000.0,1000.0,N-glycan biosynthesis,False,YNL048W,2.0 s_3890 + s_3896 <=> 2.0 s_0795 + 2.0 s_3892 + s_3989
3667,r_4311,"GDP-mannose:glycolipid 1,2-alpha-D-mannosyltransferase",-1000.0,1000.0,N-glycan biosynthesis,False,YNL048W,2.0 s_3890 + s_3989 <=> 2.0 s_0795 + 2.0 s_3892 + s_3990
3668,r_4312,S-adenosyl-L-methionine:carnosine N-methyltransferase,-1000.0,1000.0,Histidine metabolism,False,YNL092W,s_1416 + s_3991 <=> s_0794 + s_1413 + s_3992
3669,r_4313,"Alpha-1,2-mannosyltransferase ALG9 (EC 2.4.1.259) (EC 2.4.1.261) (Asparagine-linked glycosylation protein 9) (Dol-P-Man:Man(6)GlcNAc(2)-PP-Dol alpha-1,2-mannosyltransferase) (Dol-P-Man:Man(8)GlcNAc(2)-PP-Dol alpha-1,2-mannosyltransferase)",-1000.0,1000.0,N-glycan biosynthesis,False,YNL219C,s_0644 + s_3993 <=> s_0646 + s_3994
3670,r_4314,"Alpha-1,2-mannosyltransferase ALG9 (EC 2.4.1.259) (EC 2.4.1.261) (Asparagine-linked glycosylation protein 9) (Dol-P-Man:Man(6)GlcNAc(2)-PP-Dol alpha-1,2-mannosyltransferase) (Dol-P-Man:Man(8)GlcNAc(2)-PP-Dol alpha-1,2-mannosyltransferase)",-1000.0,1000.0,N-glycan biosynthesis,False,YNL219C,s_0644 + s_3995 <=> s_0646 + s_3996
3671,r_4315,Glycolate:NAD+ oxidoreductase,-1000.0,1000.0,Glyoxylate and dicarboxylate metabolism,False,YNL274C,s_1198 + s_3997 <=> s_0779 + s_0794 + s_1203
3672,r_4316,"Dol-P-Man:Man(7)GlcNAc(2)-PP-Dol alpha-1,6-mannosyltransferase (EC 2.4.1.260) (Asparagine-linked glycosylation protein 12) (Dolichyl-P-Man:Man(7)GlcNAc(2)-PP-dolichyl-alpha-1,6-mannosyltransferase) (Extracellular mutant protein 39) (Mannosyltransferase ALG12)",-1000.0,1000.0,N-glycan biosynthesis,False,YNR030W,s_0644 + s_3994 <=> s_0646 + s_3995
3673,r_4317,sucrose glucohydrolase,-1000.0,1000.0,Starch and sucrose metabolism,False,YOL157C,s_0803 + s_3998 <=> s_0553 + s_0563
3674,r_4318,Isomaltose 6-alpha-D-glucanohydrolase,-1000.0,1000.0,Starch and sucrose metabolism,False,YOL157C,s_0803 + s_3999 <=> s_0563 + s_3951
3675,r_4319,Dextrin 6-alpha-D-glucanohydrolase,-1000.0,1000.0,Starch and sucrose metabolism,False,YOL157C,2.0 s_0803 + s_4000 <=> 2.0 s_0563
3676,r_4320,"dolichyl beta-D-glucosyl phosphate:D-Man-alpha-(1->2)-D-Man-alpha-(1->2)-D-Man-alpha-(1->3)-[D-Man-alpha-(1->2)-D-Man-alpha-(1->3)-[D-Man-alpha-(1->2)-D-Man-alpha-(1->6)]-D-Man-alpha-(1->6)]-D-Man-beta-(1->4)-D-GlcNAc-beta-(1->4)-D-GlcNAc-diphosphodolichol alpha-1,3-glucosyltransferase",-1000.0,1000.0,N-glycan biosynthesis,False,YOR002W,s_0795 + s_3911 + s_3996 <=> s_0646 + s_4001
3677,r_4321,"dolichyl beta-D-glucosyl phosphate:D-Glc-alpha-(1->3)-D-Man-alpha-(1->2)-D-Man-alpha-(1->2)-D-Man-alpha-(1->3)-[D-Man-alpha-(1->2)-D-Man-alpha-(1->3)-[D-Man-alpha-(1->2)-D-Man-alpha-(1->6)]-D-Man-alpha-(1->6)]-D-Man-beta-(1->4)-D-GlcNAc-beta-(1->4)-D-GlcNAc-diphosphodolichol alpha-1,3-glucosyltransferase",-1000.0,1000.0,N-glycan biosynthesis,False,YOR067C,s_0795 + s_3911 + s_4001 <=> s_0646 + s_3912
3678,r_4322,GPI mannosyltransferase 4 (EC 2.4.1.-) (GPI mannosyltransferase IV) (GPI-MT-IV),-1000.0,1000.0,Glycosylphosphatidylinositol (gpi)-anchor biosynthesis,False,YOR149C,s_0644 + s_4002 <=> s_0646 + s_0795 + s_4003
3679,r_4323,protein N6-(octanoyl)lysine:sulfur sulfurtransferase,-1000.0,1000.0,Lipoic acid metabolism,False,YOR196C,2.0 s_1419 + s_3945 + 2.0 s_4004 <=> 2.0 s_1031 + s_3947 + 2.0 s_4005
3680,r_4324,octanoyl-[acp]:sulfur sulfurtransferase,-1000.0,1000.0,Lipoic acid metabolism,False,YOR196C,s_1254 + 2.0 s_1419 + 2.0 s_4004 <=> 2.0 s_1031 + s_3946 + 2.0 s_4005
3681,r_4325,"Iron sulfur cluster assembly protein 2, mitochondrial (Iron sulfur cluster scaffold protein 2)",0.0,1000.0,Cysteine and methionine metabolism,False,YOR226C or YPL135W,s_4006 + s_4007 --> s_4008
3682,r_4326,thiosulfate:cyanide sulfurtranserase,-1000.0,1000.0,Sulfur metabolism,False,YOR251C or YOR285W or YOR286W,s_4009 + s_4010 <=> 2.0 s_0799 + s_4011 + s_4012
3683,r_4327,"Magnesium transporter MRS2, mitochondrial (RNA-splicing protein MRS2)",-1000.0,1000.0,"Transport [c, m]",False,YOR334W or YPL060W,s_4013 <=> s_4014
3684,r_4328,UDPglucose:dolichyl-phosphate beta-D-glucosyltransferase,-1000.0,1000.0,N-glycan biosynthesis,False,YPL227C,s_0646 + s_4015 <=> 2.0 s_0795 + s_3766 + s_3911
3685,r_4329,Putative sulfate transporter YPR003C,-1000.0,1000.0,"Transport [c, er]",False,YPR003C,s_1467 <=> s_4016
3686,r_4330,Pyridoxine:NADP+ 4-oxidoreductase,-1000.0,1000.0,Vitamin b6 metabolism,False,YPR127W,s_1207 + s_1396 <=> s_0794 + s_1212 + s_1392
3687,r_4331,"[1,4-(N-Acetyl-beta-D-glucosaminyl)]n glycanohydrolase",-1000.0,1000.0,Amino sugar and nucleotide sugar metabolism,False,YDR371W or YLR286C,s_0509 + s_0803 <=> s_4017
3688,r_4332,Protein PNS1 (pH nine-sensitive protein 1),-1000.0,1000.0,"Transport [c, e]",False,YOR161C,s_0512 <=> s_0513
3689,r_4333,Polyphosphate phosphohydrolase,-1000.0,1000.0,Purine metabolism,False,YHR201C or YDR452W,s_0803 + s_4018 <=> s_0794 + 2.0 s_1322
3690,r_4334,Copper-transporting ATPase (EC 3.6.3.54) (Cu(2+)-ATPase),0.0,1000.0,"Transport [c, g]",False,YDR270W,s_0434 + s_0803 + s_4019 --> s_0394 + s_0794 + s_1322 + s_4020
3691,r_4335,Endopolyphosphatase (EC 3.6.1.10) (Deoxyadenosine triphosphate phosphohydrolase) (dATP phosphohydrolase) (EC 3.6.1.-) (Exopolyphosphatase) (EC 3.6.1.11) (Phosphate metabolism protein 5),0.0,1000.0,Purine metabolism,False,YDR452W,s_0586 + s_0803 --> s_0582 + s_0794 + s_1322
3692,r_4336,Monoamide of a dicarboxylic acid amidohydrolase,-1000.0,1000.0,"Alanine, aspartate and glutamate metabolism",False,YLR351C,s_0803 + s_4021 <=> s_0180 + s_0419
3693,r_4337,"Iron-sulfur clusters transporter ATM1, mitochondrial",-1000.0,1000.0,"Transport [c, m]",False,YMR301C,s_0437 + s_0807 + s_4022 <=> s_0397 + s_0799 + s_1326 + s_4023
3694,r_4338,"Oligo-1,6-glucosidase IMA2 (EC 3.2.1.10) (Alpha-glucosidase) (Isomaltase 2)",-1000.0,1000.0,Starch and sucrose metabolism,False,YOL157C,s_0803 + s_4024 <=> 2.0 s_3951
3695,r_4339,UDP-N-acetylglucosamine transporter YEA4,-1000.0,1000.0,"Transport [er, g]",False,YEL004W,s_3764 <=> s_4025
3696,r_4340,D-amino-acid N-acetyltransferase HPA3 (DNT) (EC 2.3.1.36) (EC 2.3.1.48) (Histone and other protein acetyltransferase 3),-1000.0,1000.0,Phenylalanine metabolism,False,YEL066W,s_0373 + s_4032 <=> s_0529 + s_0794 + s_4033
3697,r_4341,glycerol 2-phosphate(2-) transport,-1000.0,1000.0,"Transport [c, e]",False,,s_4063 <=> s_4062
3698,r_4342,Glycerol-2-phosphate phosphohydrolase,0.0,1000.0,Glycerolipid metabolism,False,,s_0803 + s_4062 --> s_0765 + s_1322
3699,r_4343,L-Threonine phosphate transport in via proton symport,-1000.0,1000.0,"Transport [c, e]",False,,s_0796 + s_4065 <=> s_0794 + s_4064
3700,r_4344,acid phosphatase / phosphotransferase,0.0,1000.0,"Glycine, serine and threonine metabolism",False,,s_0803 + s_4064 --> s_1045 + s_1322
3701,r_4345,alkaline phosphatase,0.0,1000.0,Purine metabolism,False,,s_0803 + s_4066 --> s_0790 + s_1322
3702,r_4346,Guanosine transport via proton symport,-1000.0,1000.0,"Transport [c, e]",False,,s_0796 + s_4067 <=> s_0794 + s_4066
3703,r_4347,Guanosine 3'-phosphate phosphohydrolase,0.0,1000.0,Purine metabolism,False,,s_0803 + s_4068 --> s_0790 + s_1322
3704,r_4348,Guanosine transport via proton symport(for 3'-GMP),-1000.0,1000.0,"Transport [c, e]",False,,s_0796 + s_4069 <=> s_0794 + s_4068
3705,r_4349,2-Phosphoglycolate transport in/out via proton symport,-1000.0,1000.0,"Transport [c, e]",False,,s_0796 + s_4070 <=> s_0794 + s_4071
3706,r_4350,2-phosphoglycolate phosphohydrolase,0.0,1000.0,Glyoxylate and dicarboxylate metabolism,False,,s_0803 + s_4071 --> s_1322 + s_3997
3707,r_4351,alkaline phosphatase,0.0,1000.0,Taurine and hypotaurine metabolism,False,,s_0803 + s_4072 --> s_1322 + s_4073
3708,r_4352,cysteamine S-phosphate transport via proton symport,-1000.0,1000.0,"Transport [c, e]",False,,s_4075 <=> s_4072
3709,r_4353,Cysteamine:oxygen oxidoreductase,0.0,1000.0,Taurine and hypotaurine metabolism,False,,s_1275 + s_4073 --> s_0794 + s_4076
3710,r_4354,hypotaurine:NAD+ oxidoreductase,0.0,1000.0,Sulfur metabolism,False,,s_0803 + s_1198 + s_4076 --> s_0794 + s_1203 + s_1471
3711,r_4355,2-aminobutanoate:2-oxoglutarate aminotransferase,-1000.0,1000.0,Cysteine and methionine metabolism,False,,s_0178 + s_0991 <=> s_0180 + s_4079
3712,r_4356,2-aminobutyrate transport,-1000.0,1000.0,"Transport [c, e]",False,,s_0796 + s_4080 <=> s_0794 + s_4079
3713,r_4357,alkaline phosphatase,0.0,1000.0,Pyrimidine metabolism,False,,s_0803 + s_4081 --> s_1322 + s_1556
3714,r_4358,Uridine 2'-phosphate transport in via proton symport,-1000.0,1000.0,"Transport [c, e]",False,,s_0796 + s_4082 <=> s_0794 + s_4081
3715,r_4359,Uridine 3'-monophosphate phosphohydrolase,0.0,1000.0,Pyrimidine metabolism,False,,s_0803 + s_4083 --> s_1322 + s_1556
3716,r_4360,3'-UMP transport in via proton symport,-1000.0,1000.0,"Transport [c, e]",False,,s_0796 + s_4084 <=> s_0794 + s_4083
3717,r_4361,Gly-Met transport via proton symport,-1000.0,1000.0,"Transport [c, e]",False,YJR152W or YKR093W,s_0796 + s_4085 <=> s_0794 + s_4086
3718,r_4362,dipeptidase,0.0,1000.0,Dipeptidases,False,,s_0810 + s_4087 --> s_3758 + s_3839
3719,r_4363,R07420,0.0,1000.0,Arginine and proline metabolism,False,,s_4088 --> s_1322 + s_4089
3720,r_4364,N-phosphocreatine transport,-1000.0,1000.0,"Transport [c, e]",False,,s_0796 + s_4090 <=> s_0794 + s_4088
3721,r_4365,creatinine transport,-1000.0,1000.0,"Transport [c, e]",False,,s_0796 + s_4091 <=> s_0794 + s_4089
3722,r_4366,ATP:L-arginine Nomega-phosphotransferase,-1000.0,1000.0,Arginine and proline metabolism,False,,s_0394 + s_0794 + s_4092 <=> s_0434 + s_0965
3723,r_4367,L-arginine phosphate transport in/out via proton symport,-1000.0,1000.0,"Transport [c, e]",False,,s_0796 + s_4093 <=> s_0794 + s_4092
3724,r_4368,acid phosphatase / phosphotransferase,0.0,1000.0,Tyrosine metabolism,False,,s_0803 + s_4096 --> s_1051 + s_1322
3725,r_4369,Tripolyphosphate transport in via proton symport,-1000.0,1000.0,"Transport [c, e]",False,,s_0796 + s_4099 <=> s_0794 + s_4098
3726,r_4370,alkaline phosphatase,0.0,1000.0,Pyrimidine metabolism,False,,s_0803 + s_4100 --> s_0543 + s_1322
3727,r_4371,Cytidine- 2'- Monophosphate transport in via proton symport,-1000.0,1000.0,"Transport [c, e]",False,,s_0796 + s_4101 <=> s_0794 + s_4100
3728,r_4372,cyclic phosphodiesterase,0.0,1000.0,Cyclic nucleotide metabolism,False,YGR247W,s_0803 + s_4102 --> s_0794 + s_4081
3729,r_4373,"2',3'-Cyclic UMP transport in via proton symport",-1000.0,1000.0,"Transport [c, e]",False,,s_0796 + s_4103 <=> s_0794 + s_4102
3730,r_4374,3-Sulfino-L-alanine 4-carboxy-lyase,0.0,1000.0,Cysteine and methionine metabolism,False,,s_0803 + s_4104 --> s_0794 + s_0955 + s_1469
3731,r_4375,3-Sulfino-L-alanine transport via proton antiport,-1000.0,1000.0,"Transport [c, e]",False,,s_0796 + s_4105 <=> s_0794 + s_4104
3732,r_4376,adenosine 3'-phosphate phosphohydrolase,0.0,1000.0,Purine metabolism,False,,s_0803 + s_4106 --> s_0386 + s_1322
3733,r_4377,3AMP transport via diffusion (extracellular to periplasm),-1000.0,1000.0,"Transport [c, e]",False,,s_4107 <=> s_4106
3734,r_4378,alpha-glucosidase,0.0,1000.0,Starch and sucrose metabolism,False,,s_0803 + s_4108 --> s_0553 + s_0563
3735,r_4379,Palatinose transport in via proton symport,-1000.0,1000.0,"Transport [c, e]",False,,s_0796 + s_4109 <=> s_0794 + s_4108
3736,r_4380,Amino-Acid N-Acetyltransferase,-1000.0,1000.0,Cysteine and methionine metabolism,False,,s_0529 + s_0794 + s_4110 <=> s_0373 + s_0981
3737,r_4381,Acetylcysteine transport via proton symport,-1000.0,1000.0,"Transport [c, e]",False,,s_0796 + s_4111 <=> s_0794 + s_4110
3738,r_4382,thiosulfate:ferricytochrome-c oxidoreductase,-1000.0,1000.0,Oxidative phosphorylation,False,,2.0 s_0709 + 2.0 s_4113 <=> 2.0 s_0710 + s_4112
3739,r_4383,etrathionate transport via diffusion,-1000.0,1000.0,"Transport [c, e]",False,,s_4114 <=> s_4112
3740,r_4384,D-Gluconate:NADP+ 5-oxidoreductase,0.0,1000.0,Pentose phosphate pathway,False,,s_0794 + s_1212 + s_4117 --> s_1207 + s_3875
3741,r_4385,5-Dehydro-D-gluconate transport via proton symport,-1000.0,1000.0,"Transport [c, e]",False,,s_0796 + s_4118 <=> s_0794 + s_4117
3742,r_4386,dipeptidase,0.0,1000.0,Dipeptidases,False,,s_0810 + s_4121 --> s_0977 + s_3759
3743,r_4387,ala-L-asp-L transport via proton symport,-1000.0,1000.0,"Transport [c, e]",False,YJR152W or YKR093W,s_0796 + s_4119 <=> s_0794 + s_4120
3744,r_4388,cyclic phosphodiesterase,0.0,1000.0,Cyclic nucleotide metabolism,False,YGR247W,s_0803 + s_4126 --> s_0794 + s_4100
3745,r_4389,"2',3'-Cyclic CMP transport in via proton symport",-1000.0,1000.0,"Transport [c, e]",False,,s_0796 + s_4127 <=> s_0794 + s_4126
3746,r_4390,beta-glucosidase (methyl-alpha-D-glucoside),-1000.0,1000.0,Alternate carbon metabolism,False,,s_0803 + s_4122 <=> s_0563 + s_4123
3747,r_4391,Methanol diffusion,0.0,1000.0,"Transport [c, e]",False,,s_4123 --> s_4124
3748,r_4392,alpha-Methyl-D-glucoside transport via proton symport,-1000.0,1000.0,"Transport [c, e]",False,,s_0796 + s_4125 <=> s_0794 + s_4122
3749,r_4393,ATP:D-tagatose 6-phosphotransferase,0.0,1000.0,Galactose metabolism,False,,s_0434 + s_4128 --> s_0394 + s_0794 + s_4129
3750,r_4394,D-tagatose 6-phosphate 4-epimerase,-1000.0,1000.0,Galactose metabolism,False,,s_4129 <=> s_0557
3751,r_4395,D-tagatose uptake via diffusion,-1000.0,1000.0,"Transport [c, e]",False,YDL245C or YDR342C or YDR343C or YDR345C or YEL069C or YFL011W or YHR092C or YHR094C or YHR096C or YJL214W or YJL219W or YJR158W or YMR011W or YNR072W or YOL156W,s_4130 <=> s_4128
3752,r_4396,Acetoacetate:CoA ligase (AMP-forming),0.0,1000.0,Butanoate metabolism,False,,s_0434 + s_0529 + s_4132 --> s_0367 + s_0423 + s_0633
3753,r_4397,N-Acyl-Aliphatic-L-Amino Acid Amidohydrolase,-1000.0,1000.0,Cysteine and methionine metabolism,False,,s_0803 + s_4134 <=> s_0362 + s_1029
3754,r_4398,Ala-Gln transport via proton symport,-1000.0,1000.0,"Transport [c, e]",False,YJR152W or YKR093W,s_0796 + s_4034 <=> s_0794 + s_4035
3755,r_4399,L-alanyl-L-glutamate transport in via proton symport,-1000.0,1000.0,"Transport [c, v]",False,,s_0794 + s_4038 <=> s_0802 + s_4039
3756,r_4400,Maltodextrin glucosidase (maltotriose),0.0,1000.0,Starch and sucrose metabolism,False,YBR299W or YGR292W,s_0805 + s_4140 --> s_0565 + s_1106
3757,r_4401,Ala-Thr transport via proton symport,-1000.0,1000.0,"Transport [c, v]",False,,s_0794 + s_4041 <=> s_0802 + s_4042
3758,r_4402,Ala-Thr transport via proton symport (extracellular to cytosol),-1000.0,1000.0,"Transport [c, e]",False,YJR152W or YKR093W,s_0796 + s_4040 <=> s_0794 + s_4041
3759,r_4403,Triphosphate phosphohydrolase,0.0,1000.0,Purine metabolism,False,YHR201C or YDR452W,s_0803 + s_4098 --> s_0633 + s_1322
3760,r_4404,Gly-Asn transport via proton symport (extracellular to cytosol),-1000.0,1000.0,"Transport [c, e]",False,YJR152W or YKR093W,s_0796 + s_4053 <=> s_0794 + s_4054
3761,r_4405,glycerol 1-phosphate transport,-1000.0,1000.0,"Transport [c, e]",False,,s_4049 <=> s_4048
3762,r_4406,D-O-Phosphoserine transport in/out via proton symport,-1000.0,1000.0,"Transport [c, e]",False,,s_0796 + s_4078 <=> s_0794 + s_4077
3763,r_4407,D-O-Phosphoserine phosphohydrolase,-1000.0,1000.0,"Glycine, serine and threonine metabolism",False,,s_0803 + s_4077 <=> s_1322 + s_3904
3764,r_4408,L-alanyl-L-glutamate transport in via proton symport,-1000.0,1000.0,"Transport [c, e]",False,YJR152W or YKR093W,s_0796 + s_4037 <=> s_0794 + s_4038
3765,r_4409,L-alanyl-gamma-L-glutamate peptidase,0.0,1000.0,Dipeptidases,False,,s_0810 + s_4039 --> s_0996 + s_3759
3766,r_4410,3-oxalomalate glyoxylate-lyase (oxaloacetate-forming),-1000.0,1000.0,Glyoxylate and dicarboxylate metabolism,False,,s_4136 <=> s_0779 + s_1271
3767,r_4411,L-cysteate bisulfite-lyase (deaminating),0.0,1000.0,Cysteine and methionine metabolism,False,,s_0803 + s_4138 --> s_0419 + s_0794 + s_1399 + s_1469
3768,r_4412,cyclic phosphodiesterase,0.0,1000.0,Purine metabolism,False,YGR247W,s_0803 + s_4094 --> s_0794 + s_4066
3769,r_4413,deoxynucleotide 3'-phosphatase,0.0,1000.0,Pyrimidine metabolism,False,,s_0803 + s_4044 --> s_1322 + s_1493
3770,r_4414,cytosol nonspecific dipeptidase,0.0,1000.0,Dipeptidases,False,,s_0810 + s_4036 --> s_1002 + s_3759
3771,r_4415,Cytosol non-specific dipeptidase,0.0,1000.0,Dipeptidases,False,,s_0810 + s_4052 --> s_1009 + s_3759
3772,r_4416,Cytosol non-specific dipeptidase,0.0,1000.0,Dipeptidases,False,,s_0810 + s_4042 --> s_3759 + s_4043
3773,r_4417,Cytosol non-specific dipeptidase,0.0,1000.0,Dipeptidases,False,,s_0810 + s_4055 --> s_0972 + s_3839
3774,r_4418,Cytosol non-specific dipeptidase,0.0,1000.0,Dipeptidases,False,,s_0810 + s_4058 --> s_1002 + s_3839
3775,r_4419,L-Cysteate transport via proton symport,-1000.0,1000.0,"Transport [c, e]",False,,s_0796 + s_4139 <=> s_0794 + s_4138
3776,r_4420,alpha-glucosidase,-1000.0,1000.0,Starch and sucrose metabolism,False,YBR299W or YGR292W,s_0805 + s_4131 <=> s_0554 + s_0565
3777,r_4421,2-Hydroxyethanesulfonate transport via proton symport,-1000.0,1000.0,"Transport [c, e]",False,,s_0796 + s_4116 <=> s_0794 + s_4115
3778,r_4422,3-Oxalomalate transport via proton symport,-1000.0,1000.0,"Transport [c, e]",False,,s_0796 + s_4137 <=> s_0794 + s_4136
3779,r_4423,Gly-Met transport via proton symport,-1000.0,1000.0,"Transport [c, v]",False,,s_0794 + s_4086 <=> s_0802 + s_4087
3780,r_4424,Gly-Gln transport via proton symport,-1000.0,1000.0,"Transport [c, e]",False,YJR152W or YKR093W,s_0796 + s_4056 <=> s_0794 + s_4057
3781,r_4425,Gly-Gln transport via proton symport,-1000.0,1000.0,"Transport [c, v]",False,,s_0794 + s_4057 <=> s_0802 + s_4058
3782,r_4426,Ala-Gln transport via proton symport,-1000.0,1000.0,"Transport [c, v]",False,,s_0794 + s_4035 <=> s_0802 + s_4036
3783,r_4427,N-Acetylmethionine transport via proton symport,-1000.0,1000.0,"Transport [c, e]",False,,s_0796 + s_4135 <=> s_0794 + s_4134
3784,r_4428,Phosphotyrosine transport via proton symport,-1000.0,1000.0,"Transport [c, e]",False,,s_0796 + s_4097 <=> s_0794 + s_4096
3785,r_4429,Ala-His transport via proton symport,-1000.0,1000.0,"Transport [c, e]",False,YJR152W or YKR093W,s_0796 + s_4050 <=> s_0794 + s_4051
3786,r_4430,Ala-His transport via proton symport,-1000.0,1000.0,"Transport [c, v]",False,,s_0794 + s_4051 <=> s_0802 + s_4052
3787,r_4431,ala-L-asp-L transport via proton symport,-1000.0,1000.0,"Transport [c, v]",False,,s_0794 + s_4120 <=> s_0802 + s_4121
3788,r_4432,FMNH2-dependent alkanesulfonate monooxygenase,0.0,1000.0,Sulfur metabolism,False,,s_0717 + s_1275 + s_4115 --> s_0714 + s_0775 + 2.0 s_0794 + s_0803 + s_1469
3789,r_4433,thymidine 3-monophosphate transport,-1000.0,1000.0,"Transport [c, e]",False,,s_4045 <=> s_4044
3790,r_4434,thymidine 5-monophosphate transport,-1000.0,1000.0,"Transport [c, e]",False,,s_4047 <=> s_4046
3791,r_4435,glycerol-1-phosphate phosphohydrolase,0.0,1000.0,Glycerolipid metabolism,False,YIL053W or YER062C,s_0803 + s_4048 --> s_0765 + s_1322
3792,r_4436,nucleotide-specific phosphatase (thymidine 5'-monophosphate),0.0,1000.0,Pyrimidine metabolism,False,,s_0803 + s_4046 --> s_1322 + s_1493
3793,r_4437,Gly-Glu transport via proton symport (extracellular to cytosol),-1000.0,1000.0,"Transport [c, e]",False,YJR152W or YKR093W,s_0796 + s_4059 <=> s_0794 + s_4060
3794,r_4438,Gly-Glu transport via proton symport (cytosol to vacuole),-1000.0,1000.0,"Transport [c, v]",False,,s_0794 + s_4060 <=> s_0802 + s_4061
3795,r_4439,cytosol nonspecific dipeptidase,0.0,1000.0,Dipeptidases,False,,s_0810 + s_4061 --> s_0996 + s_3839
3796,r_4440,"L-methionine transport, vacuoluar",-1000.0,1000.0,"Transport [c, v]",False,,s_1029 <=> s_3758
3797,r_4441,"L-threonine transport, vacuoluar",-1000.0,1000.0,"Transport [c, v]",False,,s_1045 <=> s_4043
3798,r_4442,cysteamine exchange,0.0,1000.0,Exchange reaction,True,,s_4074 --> 
3799,r_4443,23cGMP transport via diffusion (extracellular to periplasm),-1000.0,1000.0,"Transport [c, e]",False,,s_4095 <=> s_4094
3800,r_4444,D-Glycerate 2-phosphate transport in/out via proton symport,-1000.0,1000.0,"Transport [c, e]",False,,s_0796 + s_4141 <=> s_0188 + s_0794
3801,r_4445,3-Phospho-D-glycerate transport in/out via proton symport,-1000.0,1000.0,"Transport [c, e]",False,,s_0796 + s_4142 <=> s_0260 + s_0794
3802,r_4446,D-glucose 1-phosphate transport via diffusion,-1000.0,1000.0,"Transport [c, e]",False,,s_4145 <=> s_0567
3803,r_4447,carbamoyl phosphate nuclear transport via diffusion,-1000.0,1000.0,"Transport [c, e]",False,,s_4146 <=> s_0455
3804,r_4448,Met-Ala transport via proton symport (extracellular to cytosol),-1000.0,1000.0,"Transport [c, e]",False,YJR152W or YKR093W,s_0796 + s_4143 <=> s_0794 + s_4144
3805,r_4449,Met-Ala transport via proton symport (cytosol to vacuole),-1000.0,1000.0,"Transport [c, v]",False,,s_0794 + s_4144 <=> s_0802 + s_3757
3806,r_4450,O-Phospho-L-serine transport in via proton symport,-1000.0,1000.0,"Transport [c, e]",False,,s_0796 + s_4147 <=> s_0259 + s_0794
3807,r_4451,GMP transport via proton symport,-1000.0,1000.0,"Transport [c, e]",False,,s_0796 + s_4148 <=> s_0782 + s_0794
3808,r_4452,myo-inositol phosphate transport via diffusion (extracellular to periplasm),-1000.0,1000.0,"Transport [c, e]",False,,s_4149 <=> s_1158
3809,r_4453,D-glucose 6-phosphate transport,-1000.0,1000.0,"Transport [c, e]",False,,s_4150 <=> s_0568
3810,r_4454,UMP transport,-1000.0,1000.0,"Transport [c, e]",False,,s_4151 <=> s_1545
3811,r_4455,Phosphoenolpyruvate transport in via proton symport,-1000.0,1000.0,"Transport [c, e]",False,,s_0796 + s_4152 <=> s_0794 + s_1360
3812,r_4456,Mannose 6-phosphate transport via diffusion (extracellular to periplasm),-1000.0,1000.0,"Transport [c, e]",False,,s_4153 <=> s_0574
3813,r_4457,O-Phosphoryl-Ethanolamine transport in via proton symport,-1000.0,1000.0,"Transport [c, e]",False,YDR093W,s_0796 + s_4154 <=> s_0794 + s_1239
3814,r_4458,6-Phospho-D-gluconate transport in/out via proton symport,-1000.0,1000.0,"Transport [c, e]",False,,s_0796 + s_4155 <=> s_0340 + s_0794
3815,r_4459,MAN1P transport in/out via proton symport,-1000.0,1000.0,"Transport [c, e]",False,,s_0796 + s_4156 <=> s_0573 + s_0794
3816,r_4460,Pyrophosphate transport in via proton symport,-1000.0,1000.0,"Transport [c, e]",False,,2.0 s_0796 + s_4157 <=> s_0633 + 2.0 s_0794
3817,r_4461,Choline phosphate intracellular transport,-1000.0,1000.0,"Transport [c, e]",False,,s_4158 <=> s_0514
3818,r_4462,thiosulfate transport,-1000.0,1000.0,"Transport [c, e]",False,,s_4159 <=> s_4113
3819,r_4463,AMP transport in/out via proton symport,-1000.0,1000.0,"Transport [c, e]",False,,s_0796 + s_4160 <=> s_0423 + s_0794
3820,r_4464,23cAMP transport via diffusion (extracellular to periplasm),-1000.0,1000.0,"Transport [c, e]",False,,s_4161 <=> s_0131
3821,r_4465,Adenosine- 2'-Monophosphate transport in via proton symport,-1000.0,1000.0,"Transport [c, e]",False,,s_0796 + s_4162 <=> s_0389 + s_0794
3822,r_4466,CMP transport in/out via proton symport,-1000.0,1000.0,"Transport [c, e]",False,,s_0796 + s_4163 <=> s_0526 + s_0794
3823,r_4467,D-glucosamine transport via diffusion (extracellular to periplasm),-1000.0,1000.0,"Transport [c, e]",False,,s_4164 <=> s_3953
3824,r_4468,2-deoxy-D-ribose transport,-1000.0,1000.0,"Transport [c, e]",False,YDR342C or YHR092C,s_4165 <=> s_0152
3825,r_4469,L-Citrulline transport in via proton symport,-1000.0,1000.0,"Transport [c, e]",False,YKR039W,s_0796 + s_4166 <=> s_0794 + s_0979
3826,r_4470,Dihydroxyacetone transport via facilitated diffusion,-1000.0,1000.0,"Transport [c, e]",False,,s_4167 <=> s_0771
3827,r_4471,Ala-Leu transport via proton symport (extracellular to cytosol),-1000.0,1000.0,"Transport [c, e]",False,YJR152W or YKR093W,s_0796 + s_4168 <=> s_0794 + s_4169
3828,r_4472,Ala-Leu transport via proton symport (cytosol to vacuole),-1000.0,1000.0,"Transport [c, v]",False,,s_0794 + s_4169 <=> s_0802 + s_3840
3829,r_4473,L-alanylglycine transport via proton antiport,-1000.0,1000.0,"Transport [c, e]",False,YJR152W or YKR093W,s_0796 + s_4170 <=> s_0794 + s_4171
3830,r_4474,L-alanylglycine transport via proton antiport,-1000.0,1000.0,"Transport [c, v]",False,,s_0794 + s_4171 <=> s_0802 + s_3838
3831,r_4475,N-acetyl-L-glutamate transport,-1000.0,1000.0,"Transport [c, e]",False,,s_4172 <=> s_4173
3832,r_4476,N-acetyl-L-glutamate transport,-1000.0,1000.0,"Transport [c, m]",False,,s_4173 <=> s_1192
3833,r_4477,Lipoamide transport via proton symport,-1000.0,1000.0,"Transport [c, e]",False,,s_0796 + s_4174 <=> s_0794 + s_4175
3834,r_4478,L-methionine S-oxide transport via diffusion (extracellular),-1000.0,1000.0,"Transport [c, e]",False,,s_4176 <=> s_3837
3835,r_4479,Gly-Asn transport via proton symport,-1000.0,1000.0,"Transport [c, v]",False,,s_0794 + s_4054 <=> s_0802 + s_4055
3836,r_4480,Cysteamine transport via proton antiport,-1000.0,1000.0,"Transport [c, e]",False,,s_0796 + s_4074 <=> s_0794 + s_4073
3837,r_4481,Hydrogen sulfide oxidation,0.0,1000.0,Sulfur metabolism,False,,s_0841 + 2.0 s_1275 --> s_0794 + s_1467
3838,r_4482,L-alanine transport in via proton symport,-1000.0,1000.0,"Transport [c, v]",False,,s_0794 + s_0955 <=> s_0802 + s_3759
3839,r_4483,Glycine transport (vacuole),-1000.0,1000.0,"Transport [c, v]",False,,s_0794 + s_1003 <=> s_0802 + s_3839
3840,r_4484,O4-succinyl-L-homoserine:hydrogen sulfide S-(3-amino-3-carboxypropyl)transferase; O-succinyl-L-homoserine succinate-lyase (adding hydrogen sulfide),-1000.0,1000.0,Cysteine and methionine metabolism,False,YJR130C or YLL058W or YML082W,s_0841 + s_1241 <=> s_1012 + s_1458
3841,r_4485,"4-Hydroxyphenylpyruvate:oxygen oxidoreductase (hydroxylating,decarboxylating)",0.0,1000.0,Tyrosine metabolism,False,,s_0204 + s_1275 --> s_0456 + s_4177
3842,r_4486,"Homogentisate:oxygen 1,2-oxidoreductase (decyclizing)",0.0,1000.0,Tyrosine metabolism,False,,s_1275 + s_4177 --> s_0794 + s_4178
3843,r_4487,4-Maleylacetoacetate cis-trans-isomerase,0.0,1000.0,Tyrosine metabolism,False,,s_4178 --> s_4179
3844,r_4488,4-fumarylacetoacetate fumarylhydrolase,0.0,1000.0,Tyrosine metabolism,False,,s_0803 + s_4179 --> s_0725 + s_0794 + s_4132
3845,r_4489,L-arabinitol:NAD+ 4-oxidoreductase (L-xylulose-forming),0.0,1000.0,Pentose and glucuronate interconversions,False,,s_0961 + s_1198 --> s_0794 + s_1203 + s_4180
3846,r_4490,Xylitol:NADP+ 4-oxidoreductase (L-xylulose-forming),-1000.0,1000.0,Pentose and glucuronate interconversions,False,,s_0794 + s_1212 + s_4180 <=> s_1207 + s_1566
3847,r_4491,arabinose reductase (D-arabinose),0.0,1000.0,Alternate carbon metabolism,False,,s_0548 + s_0794 + s_1212 --> s_1207 + s_4181
3848,r_4492,D-arabinitol:NAT 4-oxidoreductase,0.0,1000.0,Pentose and glucuronate interconversions,False,,s_1198 + s_4181 --> s_0580 + s_0794 + s_1203
3849,r_4493,Acetoacetate transport via diffusion,-1000.0,1000.0,"Transport [c, e]",False,YNL065W,s_4133 <=> s_4132
3850,r_4494,methanol exchange,0.0,1000.0,Exchange reaction,True,,s_4124 --> 
3851,r_4495,alkaline phosphatase,0.0,1000.0,Purine metabolism,False,,s_0389 + s_0803 --> s_0386 + s_1322
3852,r_4496,Ala-Gly exchange,0.0,1000.0,Exchange reaction,True,,s_4170 --> 
3853,r_4497,3-oxalomalate(3-) exchange,0.0,1000.0,Exchange reaction,True,,s_4137 --> 
3854,r_4498,6-O-alpha-D-glucopyranosyl-D-fructofuranose exchange,0.0,1000.0,Exchange reaction,True,,s_4109 --> 
3855,r_4499,5-dehydro-D-gluconate exchange,0.0,1000.0,Exchange reaction,True,,s_4118 --> 
3856,r_4500,D-tagatose exchange,0.0,1000.0,Exchange reaction,True,,s_4130 --> 
3857,r_4501,turanose exchange,0.0,1000.0,Exchange reaction,True,,s_4131 --> 
3858,r_4502,D-glucose 6-phosphate exchange,0.0,1000.0,Exchange reaction,True,,s_4150 --> 
3859,r_4503,alpha-maltotriose exchange,0.0,1000.0,Exchange reaction,True,,s_4140 --> 
3860,r_4504,D-glucose 1-phosphate exchange,0.0,1000.0,Exchange reaction,True,,s_4145 --> 
3861,r_4505,methyl alpha-D-glucopyranoside exchange,0.0,1000.0,Exchange reaction,True,,s_4125 --> 
3862,r_4506,D-Glucosamine exchange,0.0,1000.0,Exchange reaction,True,,s_4164 --> 
3863,r_4507,glycerone exchange,0.0,1000.0,Exchange reaction,True,,s_4167 --> 
3864,r_4508,Ala-Gln exchange,0.0,1000.0,Exchange reaction,True,,s_4034 --> 
3865,r_4509,Ala-Leu exchange,0.0,1000.0,Exchange reaction,True,,s_4168 --> 
3866,r_4510,Gly-Gln exchange,0.0,1000.0,Exchange reaction,True,,s_4056 --> 
3867,r_4511,Ala-His exchange,0.0,1000.0,Exchange reaction,True,,s_4050 --> 
3868,r_4512,Gly-Asn exchange,0.0,1000.0,Exchange reaction,True,,s_4053 --> 
3869,r_4513,Ala-Glu exchange,0.0,1000.0,Exchange reaction,True,,s_4037 --> 
3870,r_4514,Gly-Met exchange,0.0,1000.0,Exchange reaction,True,,s_4085 --> 
3871,r_4515,Ala-Asp exchange,0.0,1000.0,Exchange reaction,True,,s_4119 --> 
3872,r_4516,Gly-Glu exchange,0.0,1000.0,Exchange reaction,True,,s_4059 --> 
3873,r_4517,Ala-Thr exchange,0.0,1000.0,Exchange reaction,True,,s_4040 --> 
3874,r_4518,Met-Ala exchange,0.0,1000.0,Exchange reaction,True,,s_4143 --> 
3875,r_4519,L-citrulline exchange,0.0,1000.0,Exchange reaction,True,,s_4166 --> 
3876,r_4520,2-aminobutanoate exchange,0.0,1000.0,Exchange reaction,True,,s_4080 --> 
3877,r_4521,choline phosphate exchange,0.0,1000.0,Exchange reaction,True,,s_4158 --> 
3878,r_4522,glycerol 1-phosphate exchange,0.0,1000.0,Exchange reaction,True,,s_4049 --> 
3879,r_4523,2-phospho-D-glyceric acid exchange,0.0,1000.0,Exchange reaction,True,,s_4141 --> 
3880,r_4524,GMP exchange,0.0,1000.0,Exchange reaction,True,,s_4148 --> 
3881,r_4525,3-phospho-serine exchange,0.0,1000.0,Exchange reaction,True,,s_4147 --> 
3882,r_4526,O-phosphonatooxy-D-serine(2-) exchange,0.0,1000.0,Exchange reaction,True,,s_4078 --> 
3883,r_4527,diphosphate exchange,0.0,1000.0,Exchange reaction,True,,s_4157 --> 
3884,r_4528,triphosphate exchange,0.0,1000.0,Exchange reaction,True,,s_4099 --> 
3885,r_4529,phosphoenolpyruvate exchange,0.0,1000.0,Exchange reaction,True,,s_4152 --> 
3886,r_4530,N(omega)-phospho-L-arginine exchange,0.0,1000.0,Exchange reaction,True,,s_4093 --> 
3887,r_4531,carbamoyl phosphate exchange,0.0,1000.0,Exchange reaction,True,,s_4146 --> 
3888,r_4532,O-phosphoethanolamine exchange,0.0,1000.0,Exchange reaction,True,,s_4154 --> 
3889,r_4533,cysteamine S-phosphate exchange,0.0,1000.0,Exchange reaction,True,,s_4075 --> 
3890,r_4534,guanosine 2'-monophosphate exchange,0.0,1000.0,Exchange reaction,True,,s_4067 --> 
3891,r_4535,glycerol 2-phosphate(2-) exchange,0.0,1000.0,Exchange reaction,True,,s_4063 --> 
3892,r_4536,3'-GMP exchange,0.0,1000.0,Exchange reaction,True,,s_4069 --> 
3893,r_4537,2-phosphoglycolate exchange,0.0,1000.0,Exchange reaction,True,,s_4070 --> 
3894,r_4538,6-phospho-D-gluconate exchange,0.0,1000.0,Exchange reaction,True,,s_4155 --> 
3895,r_4539,D-mannose 6-phosphate exchange,0.0,1000.0,Exchange reaction,True,,s_4153 --> 
3896,r_4540,"2',3'-cyclic GMP exchange",0.0,1000.0,Exchange reaction,True,,s_4095 --> 
3897,r_4541,O(4)-phospho-L-tyrosine exchange,0.0,1000.0,Exchange reaction,True,,s_4097 --> 
3898,r_4542,O-phospho-L-threonine exchange,0.0,1000.0,Exchange reaction,True,,s_4065 --> 
3899,r_4543,3-phosphonato-D-glycerate(3-) exchange,0.0,1000.0,Exchange reaction,True,,s_4142 --> 
3900,r_4544,adenosine 2'-phosphate exchange,0.0,1000.0,Exchange reaction,True,,s_4162 --> 
3901,r_4545,3'-AMP exchange,0.0,1000.0,Exchange reaction,True,,s_4107 --> 
3902,r_4546,"2',3'-cyclic AMP exchange",0.0,1000.0,Exchange reaction,True,,s_4161 --> 
3903,r_4547,D-mannose 1-phosphate exchange,0.0,1000.0,Exchange reaction,True,,s_4156 --> 
3904,r_4548,AMP exchange,0.0,1000.0,Exchange reaction,True,,s_4160 --> 
3905,r_4549,N(alpha)-acetyl-L-methionine exchange,0.0,1000.0,Exchange reaction,True,,s_4135 --> 
3906,r_4550,L-Methionine S-oxide exchange,0.0,1000.0,Exchange reaction,True,,s_4176 --> 
3907,r_4551,3-sulfino-L-alanine exchange,0.0,1000.0,Exchange reaction,True,,s_4105 --> 
3908,r_4552,N-acetyl-L-cysteine exchange,0.0,1000.0,Exchange reaction,True,,s_4111 --> 
3909,r_4553,L-cysteate exchange,0.0,1000.0,Exchange reaction,True,,s_4139 --> 
3910,r_4554,2-hydroxyethane-1-sulfonate exchange,0.0,1000.0,Exchange reaction,True,,s_4116 --> 
3911,r_4555,acetoacetate exchange,0.0,1000.0,Exchange reaction,True,,s_4133 --> 
3912,r_4556,N-acetyl-L-glutamate exchange,0.0,1000.0,Exchange reaction,True,,s_4172 --> 
3913,r_4557,UMP exchange,0.0,1000.0,Exchange reaction,True,,s_4151 --> 
3914,r_4558,CMP exchange,0.0,1000.0,Exchange reaction,True,,s_4163 --> 
3915,r_4559,thymidine 5'-monophosphate exchange,0.0,1000.0,Exchange reaction,True,,s_4047 --> 
3916,r_4560,thymidine 3'-monophosphate exchange,0.0,1000.0,Exchange reaction,True,,s_4045 --> 
3917,r_4561,cytidine 2'-phosphate exchange,0.0,1000.0,Exchange reaction,True,,s_4101 --> 
3918,r_4562,uridine 2'-phosphate exchange,0.0,1000.0,Exchange reaction,True,,s_4082 --> 
3919,r_4563,3'-UMP exchange,0.0,1000.0,Exchange reaction,True,,s_4084 --> 
3920,r_4564,"2',3'-cyclic CMP exchange",0.0,1000.0,Exchange reaction,True,,s_4127 --> 
3921,r_4565,"2',3'-cyclic UMP exchange",0.0,1000.0,Exchange reaction,True,,s_4103 --> 
3922,r_4567,6-phosphogluconate phosphatase,0.0,1000.0,Pentose phosphate pathway,False,,s_0340 + s_0803 --> s_1322 + s_3875
3923,r_4568,R06790,0.0,1000.0,Phenylalanine metabolism,False,,s_0794 + s_1321 --> s_4194
3924,r_4569,Carboxylic ester hydrolases,0.0,1000.0,Alternate carbon metabolism,False,,s_0362 + s_0794 + s_4195 --> s_0803 + s_4194
3925,r_4570,phosphoglycerate dehydrogenase,-1000.0,1000.0,"Glycine, serine and threonine metabolism",False,YIL074C or YER081W,s_1198 + s_4182 <=> s_0180 + s_0794 + s_1203
3926,r_4571,seed:rxn00681,-1000.0,1000.0,Glyoxylate and dicarboxylate metabolism,False,,s_0529 + s_0794 + s_4182 <=> s_0779 + s_0803 + s_4183
3927,r_4572,beta-alanine:2-oxoglutarate aminotransferase,-1000.0,1000.0,Beta-alanine metabolism,False,,s_0180 + s_0441 <=> s_0991 + s_4184
3928,r_4573,"3-Oxopropanoate:NAD+ oxidoreductase (decarboxylating, CoA-acetylating)",0.0,1000.0,Beta-alanine metabolism,False,,s_0529 + s_1198 + s_4184 --> s_0373 + s_0456 + s_1203
3929,r_4574,"3-Oxopropanoate:NADP+ oxidoreductase (decarboxylating, CoA-acetylating)",0.0,1000.0,Beta-alanine metabolism,False,,s_0529 + s_1207 + s_4184 --> s_0373 + s_0456 + s_1212
3930,r_4575,3-oxopropanoate carboxy-lyase,0.0,1000.0,Alternate carbon metabolism,False,,s_0794 + s_4184 --> s_0359 + s_0456
3931,r_4581,"(2R,3S)-3-methylmalate:NAD+ oxidoreductase",0.0,1000.0,"Valine, leucine and isoleucine metabolism",False,,s_1198 + s_4189 --> s_0178 + s_0456 + s_1203
3932,r_4582,malate/beta-methylmalate synthase,0.0,1000.0,Glyoxylate and dicarboxylate metabolism,False,,s_0779 + s_0803 + s_4183 --> s_0529 + s_0794 + s_4189
3933,r_4583,palmitoyl-CoA hydrolase,0.0,1000.0,Biosynthesis of unsaturated fatty acids,False,,s_0803 + s_4190 --> s_0529 + s_0794 + s_4191
3934,r_4584,long-chain-fatty-acid---CoA ligase,0.0,1000.0,Fatty acid biosynthesis,False,YOR317W or YER015W or YMR246W or YIL009W,s_0434 + s_0529 + s_4191 --> s_0423 + s_0633 + s_4190
3935,r_4585,a-galactosidase (stachyose),0.0,1000.0,Galactose metabolism,False,,s_0803 + s_4192 --> s_0558 + s_4193
3936,r_4586,stachyose synthase,0.0,1000.0,Galactose metabolism,False,,s_3998 + s_4192 --> 2.0 s_4193
3937,r_4587,Ca(2+) transport,-1000.0,1000.0,"Transport [c, e]",False,YOL122C,s_0796 + s_4199 <=> s_0794 + s_3880
3938,r_4588,chloride transport,-1000.0,1000.0,"Transport [c, e]",False,YNL275W,s_4200 <=> s_3778
3939,r_4589,Cu2(+) transport,-1000.0,1000.0,"Transport [c, e]",False,YOL122C,s_0796 + s_4201 <=> s_0794 + s_4019
3940,r_4590,Mn(2+) transport,-1000.0,1000.0,"Transport [c, e]",False,YOL130W,s_0796 + s_4202 <=> s_0794 + s_3801
3941,r_4591,Zn(2+) transport,-1000.0,1000.0,"Transport [c, e]",False,YGL255W or YLR130C,s_0796 + s_4203 <=> s_0794 + s_3822
3942,r_4592,Mg(2+) transport,-1000.0,1000.0,"Transport [c, e]",False,YGR191W or YOL130W,s_0796 + s_4204 <=> s_0794 + s_4013
3943,r_4593,chloride exchange,-0.001,0.0,Exchange reaction,True,,s_4200 <-- 
3944,r_4594,Cu2(+) exchange,-0.001,0.0,Exchange reaction,True,,s_4201 <-- 
3945,r_4595,Mn(2+) exchange,-0.001,0.0,Exchange reaction,True,,s_4202 <-- 
3946,r_4596,Zn(2+) exchange,-0.001,0.0,Exchange reaction,True,,s_4203 <-- 
3947,r_4597,Mg(2+) exchange,-0.001,0.0,Exchange reaction,True,,s_4204 <-- 
3948,r_4598,cofactor pseudoreaction,0.0,1000.0,Growth,False,,9.99999974737875e-06 s_0687 + 1e-06 s_0750 + 0.000989999971352518 s_1405 + 1.20000004244503e-06 s_1475 + 6.34000025456771e-05 s_1487 --> s_4205
3949,r_4599,ion pseudoreaction,0.0,1000.0,Growth,False,,3.04000004689442e-05 s_0924 + 0.00362999993376434 s_1373 + 0.003969999961555 s_1437 + 0.0199999995529652 s_1467 + 0.00129000004380941 s_3778 + 0.00273000006563962 s_3801 + 0.000747999991290271 s_3822 + 0.000216999993426725 s_3880 + 0.0012425429886207 s_4013 + 0.000659000012092292 s_4019 --> s_4206
3950,r_4600,Ca(2+) exchange,-0.001,0.0,Exchange reaction,True,,s_4199 <-- 
3951,r_4601,3-(4-hydroxyphenyl)pyruvate transport,-1000.0,1000.0,"Transport [c, p]",False,,s_0204 + s_0794 <=> s_0206 + s_0801
3952,r_4602,acetate transport,-1000.0,1000.0,"Transport [c, er]",False,,s_0362 <=> s_0363
3953,r_4603,ADP-ribose transport,-1000.0,1000.0,"Transport [c, n]",False,,s_3761 <=> s_0402
3954,r_4604,farnesyl diphosphate transport,-1000.0,1000.0,"Transport [c, lp]",False,,s_0190 <=> s_0692
3955,r_4605,nicotinate transport,-1000.0,1000.0,"Transport [c, m]",False,,s_0794 + s_1219 <=> s_0799 + s_1221
3956,r_4606,O-phosphoethanolamine transport,-1000.0,1000.0,"Transport [c, er]",False,,s_0794 + s_1239 <=> s_0795 + s_1240
3957,r_4607,phosphate transport,-1000.0,1000.0,"Transport [c, g]",False,,s_1322 <=> s_1325
3958,r_4608,propionyl-CoA transport,0.0,1000.0,"Transport [c, m]",False,,s_0434 + s_0803 + s_4183 --> s_0397 + s_0799 + s_1326 + s_1382
3959,r_4609,UDP transport,-1000.0,1000.0,"Transport [c, g]",False,,s_1538 <=> s_1539
3960,r_4610,UDP transport,-1000.0,1000.0,"Transport [c, n]",False,,s_1538 <=> s_1540
3961,r_4611,UMP transport,-1000.0,1000.0,"Transport [c, g]",False,,s_1545 <=> s_1546
3962,r_4612,TRX1 disulphide transport,-1000.0,1000.0,"Transport [c, n]",False,,s_1620 <=> s_1622
3963,r_4613,oleate transport,-1000.0,1000.0,"Transport [c, m]",False,,s_1260 <=> s_3677
3964,r_4614,(R)-acetoin transport,-1000.0,1000.0,"Transport [c, n]",False,,s_0020 + s_0794 <=> s_0800 + s_3751
3965,r_4615,L-glutamine transport,-1000.0,1000.0,"Transport [c, m]",False,,s_0999 <=> s_3755
3966,r_4616,UMP transport,-1000.0,1000.0,"Transport [c, er]",False,,s_1545 <=> s_3781
3967,r_4617,S-adenosyl-L-methionine transport,-1000.0,1000.0,"Transport [c, n]",False,,s_1416 <=> s_3818
3968,r_4618,glutathione transport,-1000.0,1000.0,"Transport [c, er]",False,,s_0750 <=> s_3831
3969,r_4619,ATP transport,-1000.0,1000.0,"Transport [c, v]",False,,s_0434 + s_3883 <=> s_0394 + s_3881
3970,r_4620,D-mannose 6-phosphate transport,-1000.0,1000.0,"Transport [c, v]",False,,s_0574 <=> s_3898
3971,r_4621,O-acetyl-L-serine transport,-1000.0,1000.0,"Transport [c, m]",False,,s_1234 <=> s_3905
3972,r_4622,hydrogen sulfide transport,-1000.0,1000.0,"Transport [c, m]",False,,s_0841 <=> s_3906
3973,r_4623,L-cysteinylglycine transport,-1000.0,1000.0,"Transport [c, m]",False,,s_0794 + s_0983 <=> s_0799 + s_3925
3974,r_4624,ATP transport,-1000.0,1000.0,"Transport [c, erm]",False,,s_0434 + s_3987 <=> s_0394 + s_2831
3975,r_4625,thiosulfate transport,-1000.0,1000.0,"Transport [c, m]",False,,s_4113 <=> s_4010
3976,r_4626,sulphite transport,-1000.0,1000.0,"Transport [c, m]",False,,s_1469 <=> s_4011
3977,r_4627,UDP-D-glucose transport,-1000.0,1000.0,"Transport [c, er]",False,,s_1543 <=> s_4015
3978,r_4628,UDP-N-acetyl-alpha-D-glucosamine transport,-1000.0,1000.0,"Transport [c, g]",False,,s_1544 <=> s_4025
3979,r_4629,alcohol acyltransferase (hexanoyl-CoA),-1000.0,1000.0,Fatty acid ester pathway,False,YBR177C or YPL095C,s_0682 + s_4211 <=> s_0532 + s_4212
3980,r_4630,alcohol acyltransferase (octanoyl-CoA),-1000.0,1000.0,Fatty acid ester pathway,False,YBR177C or YPL095C,s_0682 + s_4213 <=> s_0532 + s_4214
3981,r_4631,alcohol acyltransferase (butyryl-CoA),-1000.0,1000.0,Fatty acid ester pathway,False,YBR177C or YPL095C,s_0682 + s_4215 <=> s_0532 + s_4216
3982,r_4632,alcohol acetyltransferase (hexanol),-1000.0,1000.0,Fatty acid ester pathway,False,YGR177C or YOR377W or YGR015C,s_0376 + s_4217 <=> s_0532 + s_4218
3983,r_4633,alcohol acyltransferase (decanoyl-CoA),-1000.0,1000.0,Fatty acid ester pathway,False,YBR177C or YPL095C,s_0682 + s_4219 <=> s_0532 + s_4220
3984,r_4634,"ethyl hexanoate transport, mitochondrial",-1000.0,1000.0,"Transport [c, m]",False,,s_4212 <=> s_4221
3985,r_4635,"ethyl octanoate transport, mitochondrial",-1000.0,1000.0,"Transport [c, m]",False,,s_4214 <=> s_4222
3986,r_4636,"ethyl butanoate transport, mitochondrial",-1000.0,1000.0,"Transport [c, m]",False,,s_4216 <=> s_4223
3987,r_4637,"hexyl acetate transport, mitochondrial",0.0,1000.0,"Transport [c, m]",False,,s_4218 --> s_4224
3988,r_4638,"ethyl decanoate transport, mitochondrial",0.0,1000.0,"Transport [c, m]",False,,s_4220 --> s_4225
3989,r_4639,ethyl hexanoate transport,-1000.0,1000.0,"Transport [c, e]",False,,s_4221 <=> s_4226
3990,r_4640,ethyl octanoate transport,-1000.0,1000.0,"Transport [c, e]",False,,s_4222 <=> s_4227
3991,r_4641,ethyl butanoate transport,-1000.0,1000.0,"Transport [c, e]",False,,s_4223 <=> s_4228
3992,r_4642,hexyl acetate transport,0.0,1000.0,"Transport [c, e]",False,,s_4224 --> s_4229
3993,r_4643,ethyl decanoate transport,0.0,1000.0,"Transport [c, e]",False,,s_4225 --> s_4230
3994,r_4644,ethyl hexanoate exchange,0.0,1000.0,Exchange reaction,True,,s_4226 --> 
3995,r_4645,ethyl octanoate exchange,0.0,1000.0,Exchange reaction,True,,s_4227 --> 
3996,r_4646,ethyl butanoate exchange,0.0,1000.0,Exchange reaction,True,,s_4228 --> 
3997,r_4647,hexyl acetate exchange,0.0,1000.0,Exchange reaction,True,,s_4229 --> 
3998,r_4648,ethyl decanoate exchange,0.0,1000.0,Exchange reaction,True,,s_4230 --> 
3999,r_4649,mitochondrial ethanol O-acetyltransferase,0.0,1000.0,Fatty acid ester pathway,False,YGR015C,s_0376 + s_0682 --> s_0532 + s_4231
4000,r_4650,"ethyl acetate transport, mitochondrial",0.0,1000.0,"Transport [c, m]",False,,s_4231 --> s_0685
4001,r_4651,pyruvate decarboxylase (aldedyde-forming),0.0,1000.0,Fatty acid ester pathway,False,YGR087C or YLR044C or YLR134W,s_0178 + s_0794 --> s_0456 + s_4232
4002,r_4652,"aldehyde dehydrogenase (1-propanol, NAD)",0.0,1000.0,Fatty acid ester pathway,False,YBR145W or YDL168W or YOL086C,s_0794 + s_1203 + s_4232 --> s_1198 + s_4233
4003,r_4653,"aldehyde dehydrogenase (1-propanol, NAD)",0.0,1000.0,Fatty acid ester pathway,False,YGL256W or YMR083W,s_0799 + s_1205 + s_4234 --> s_1200 + s_4235
4004,r_4654,"aldehyde dehydrogenase (1-propanol, NADP)",0.0,1000.0,Fatty acid ester pathway,False,YCR105W or YDR368W or YMR318C,s_0794 + s_1212 + s_4232 --> s_1207 + s_4233
4005,r_4655,"1-propyl alcohol transport, mitochondrial",-1000.0,1000.0,"Transport [c, m]",False,,s_4235 <=> s_4233
4006,r_4656,"propanal transport, cytosol",-1000.0,1000.0,"Transport [c, e]",False,,s_4232 <=> s_4236
4007,r_4657,"1-propyl alcohol transport, cytosol",-1000.0,1000.0,"Transport [c, e]",False,,s_4233 <=> s_4237
4008,r_4658,propanal exchange,0.0,1000.0,Exchange reaction,True,,s_4236 --> 
4009,r_4659,propanol exchange,0.0,1000.0,Exchange reaction,True,,s_4237 --> 
4010,r_4660,2-oxo acid decarboxylase,-1000.0,1000.0,Fatty acid ester pathway,False,YHR137W,s_0294 + s_0794 <=> s_0456 + s_4238
4011,r_4661,"aldehyde dehydrogenase (methionol, NAD)",0.0,1000.0,Fatty acid ester pathway,False,YBR145W or YDL168W or YOL086C,s_0794 + s_1203 + s_4238 --> s_1198 + s_4239
4012,r_4662,"aldehyde dehydrogenase (methionol, NAD)",0.0,1000.0,Fatty acid ester pathway,False,YGL256W or YMR083W,s_0799 + s_1205 + s_4240 --> s_1200 + s_4241
4013,r_4663,"aldehyde dehydrogenase (methionol, NADP)",0.0,1000.0,Fatty acid ester pathway,False,YCR105W or YDR368W or YMR318C,s_0794 + s_1212 + s_4238 --> s_1207 + s_4239
4014,r_4664,"methionol transport, mitochondrial",-1000.0,1000.0,"Transport [c, m]",False,,s_4241 <=> s_4239
4015,r_4665,"methional transport, cytosol",-1000.0,1000.0,"Transport [c, e]",False,,s_4238 <=> s_4242
4016,r_4666,"methionol transport, cytosol",-1000.0,1000.0,"Transport [c, e]",False,,s_4239 <=> s_4243
4017,r_4667,methional exchange,0.0,1000.0,Exchange reaction,True,,s_4242 --> 
4018,r_4668,methionol exchange,0.0,1000.0,Exchange reaction,True,,s_4243 --> 
4019,r_4669,pyruvate decarboxylase (hydroxy-phenyl),0.0,1000.0,Fatty acid ester pathway,False,YGR087C or YLR044C or YLR134W,s_0204 + s_0794 --> s_0456 + s_4244
4020,r_4670,"aldehyde dehydrogenase (tyrosol, NAD)",0.0,1000.0,Fatty acid ester pathway,False,YBR145W or YDL168W or YOL086C,s_0794 + s_1203 + s_4244 --> s_1198 + s_4245
4021,r_4671,"aldehyde dehydrogenase (tyrosol, NAD)",0.0,1000.0,Fatty acid ester pathway,False,YGL256W or YMR083W,s_0799 + s_1205 + s_4246 --> s_1200 + s_4247
4022,r_4672,"aldehyde dehydrogenase (tyrosol, NADP)",0.0,1000.0,Fatty acid ester pathway,False,YCR105W or YDR368W or YMR318C,s_0794 + s_1212 + s_4244 --> s_1207 + s_4245
4023,r_4673,"tyrosol transport, mitochondrial",-1000.0,1000.0,"Transport [c, m]",False,,s_4247 <=> s_4245
4024,r_4674,"(4-hydroxyphenyl)acetaldehyde transport, cytosol",-1000.0,1000.0,"Transport [c, e]",False,,s_4244 <=> s_4248
4025,r_4675,"tyrosol transport, cytosol",-1000.0,1000.0,"Transport [c, e]",False,,s_4245 <=> s_4249
4026,r_4676,(4-hydroxyphenyl)acetaldehyde exchange,0.0,1000.0,Exchange reaction,True,,s_4248 --> 
4027,r_4677,tyrosol exchange,0.0,1000.0,Exchange reaction,True,,s_4249 --> 
4028,r_4678,aldehyde dehydrogenase,-1000.0,1000.0,Fatty acid ester pathway,False,YMR170C or YMR169C or YOR374W,s_0803 + s_1198 + s_4232 <=> s_0794 + s_1203 + s_4250
4029,r_4679,short-chain-fatty-acid-CoA ligase (propionate),-1000.0,1000.0,Fatty acid ester pathway,False,YOR317W or YER015W or YIL009W or YMR246W,s_0439 + s_0534 + s_4251 <=> s_0426 + s_0638 + s_4252
4030,r_4680,alcohol acyltransferase (propionyl-CoA),-1000.0,1000.0,Fatty acid ester pathway,False,YBR177C or YPL095C,s_0682 + s_1382 <=> s_0532 + s_4253
4031,r_4681,"propionyl-CoA transport, mitochondrial",-1000.0,1000.0,"Transport [p, m]",False,,s_4252 <=> s_1382
4032,r_4682,"butyryl-CoA transport, mitochondrial",-1000.0,1000.0,"Transport [p, m]",False,,s_2884 <=> s_4215
4033,r_4683,"hexanoyl-CoA transport, mitochondrial",-1000.0,1000.0,"Transport [p, m]",False,,s_2885 <=> s_4211
4034,r_4684,"octanoyl-CoA transport, mitochondrial",-1000.0,1000.0,"Transport [p, m]",False,,s_1258 <=> s_4213
4035,r_4685,"decanoyl-CoA transport, mitochondrial",-1000.0,1000.0,"Transport [p, m]",False,,s_0605 <=> s_4219
4036,r_4686,"propionate transport, cytosol",-1000.0,1000.0,"Transport [c, p]",False,,s_4251 <=> s_4250
4037,r_4687,alcohol acetyltransferase (tyrosol),0.0,1000.0,Fatty acid ester pathway,False,YGR177C or YOR377W or YGR015C,s_0373 + s_4245 --> s_0529 + s_4254
4038,r_4688,tyrosyl acetate transport,0.0,1000.0,"Transport [c, e]",False,,s_4254 --> s_4255
4039,r_4689,tyrosyl acetate exchange,0.0,1000.0,Exchange reaction,True,,s_4255 --> 
4040,r_4690,alcohol acetyltransferase (methionol),0.0,1000.0,Fatty acid ester pathway,False,YGR177C or YOR377W or YGR015C,s_0373 + s_4239 --> s_0529 + s_4256
4041,r_4691,methionyl acetate transport,0.0,1000.0,"Transport [c, e]",False,,s_4256 --> s_4257
4042,r_4692,methionyl acetate exchange,0.0,1000.0,Exchange reaction,True,,s_4257 --> 
4043,r_4693,alcohol acetyltransferase (propanol),0.0,1000.0,Fatty acid ester pathway,False,YGR177C or YOR377W or YGR015C,s_0373 + s_4233 --> s_0529 + s_4258
4044,r_4694,propyl acetate transport,0.0,1000.0,"Transport [c, e]",False,,s_4258 --> s_4259
4045,r_4695,propyl acetate exchange,0.0,1000.0,Exchange reaction,True,,s_4259 --> 
4046,r_4697,"ethyl propionate transport, mitochondrial",-1000.0,1000.0,"Transport [c, m]",False,,s_4253 <=> s_4261
4047,r_4698,ethyl propionate transport,0.0,1000.0,"Transport [c, e]",False,YNL065W or YKL217W,s_4261 --> s_4262
4048,r_4699,ethyl propionate exchange,0.0,1000.0,Exchange reaction,True,,s_4262 --> 
4049,r_4700,hydrogen sulfide transport,0.0,1000.0,"Transport[c, e]",False,YIL166C,s_0841 --> s_4263
4050,r_4701,L-cysteine hydrogen-sulfide-lyase (deaminating; pyruvate-forming),-1000.0,1000.0,Sulfur metabolism,False,YFR055W,s_0807 + s_3785 <=> s_0421 + s_1401 + s_3906
4051,r_4702,L-cysteine:2-oxoglutarate aminotransferase,-1000.0,1000.0,Sulfur metabolism,False,,s_0180 + s_0981 <=> s_0991 + s_4264
4052,r_4703,3-mercaptopyruvate sulfurtransferase,0.0,1000.0,Sulfur metabolism,False,YOR251C,s_1616 + s_4264 --> s_0841 + s_1399 + s_1620
4053,r_4704,alkanesulfonate transport,0.0,1000.0,"Transport[c, e]",False,YIL166C,s_4266 --> s_4265
4054,r_4705,taurocholate transport,0.0,1000.0,"Transport[c, e]",False,YIL166C,s_4268 --> s_4267
4055,r_4706,alkanesulfonate dioxygenase,-1000.0,1000.0,Sulfur metabolism,False,YLL057C,s_0180 + s_1275 + s_4265 <=> s_0417 + s_0456 + s_1458 + s_1469
4056,r_4707,trithionate thiosulfohydrolase,-1000.0,1000.0,Sulfur metabolism,False,,s_0803 + s_4269 <=> s_1467 + s_4113
4057,r_4708,hydrogen sulfide exchange,0.0,1000.0,Exchange reaction,True,,s_4263 --> 
4058,r_4709,alkanesulfonate exchange,0.0,1000.0,Exchange reaction,True,,s_4266 --> 
4059,r_4710,taurocholate exchange,0.0,1000.0,Exchange reaction,True,,s_4268 --> 
4060,r_4711,"ethyl-(2S)-lactate esterase, c",-1000.0,1000.0,Fatty acid ester pathway,False,YOR126C,s_0063 + s_0680 + s_0794 <=> s_0803 + s_4271
4061,r_4712,"ethyl-(2R)-lactate esterase, c",-1000.0,1000.0,Fatty acid ester pathway,False,YOR126C,s_0025 + s_0680 + s_0794 <=> s_0803 + s_4273
4062,r_4713,"diethyl-succinate esterase, c",-1000.0,1000.0,Fatty acid ester pathway,False,YOR126C,2.0 s_0680 + 2.0 s_0794 + s_1458 <=> 2.0 s_0803 + s_4274
4063,r_4714,"monoethyl-succinate esterase, c",-1000.0,1000.0,Fatty acid ester pathway,False,YOR126C,s_0680 + s_0794 + s_1458 <=> s_0803 + s_4276
4064,r_4715,"ethyl-benzoate esterase, c",-1000.0,1000.0,Fatty acid ester pathway,False,YOR126C,s_0680 + s_0794 + s_3874 <=> s_0803 + s_4278
4065,r_4716,"ethyl-pyruvate esterase, c",-1000.0,1000.0,Fatty acid ester pathway,False,YOR126C,s_0680 + s_0794 + s_1399 <=> s_0803 + s_4280
4066,r_4717,"benzyl-acetate esterase, c",-1000.0,1000.0,Fatty acid ester pathway,False,YOR126C,s_0362 + s_0794 + s_3799 <=> s_0803 + s_4288
4067,r_4718,"isobutyraldehyde dehydrogenase, c",-1000.0,1000.0,Fatty acid ester pathway,False,YOR374W or YPL061W,s_0803 + s_0937 + s_1198 <=> 2.0 s_0794 + s_1203 + s_4285
4068,r_4719,"2-methylbutanal dehydrogenase, c",-1000.0,1000.0,Fatty acid ester pathway,False,YOR374W or YPL061W,s_0166 + s_0803 + s_1198 <=> 2.0 s_0794 + s_1203 + s_4282
4069,r_4720,"ethyl-isobutyrate esterase, c",-1000.0,1000.0,Fatty acid ester pathway,False,YOR126C,s_0680 + s_0794 + s_4285 <=> s_0803 + s_4286
4070,r_4721,"ethyl-2-methylbutyrate esterase, c",-1000.0,1000.0,Fatty acid ester pathway,False,YOR126C,s_0680 + s_0794 + s_4282 <=> s_0803 + s_4283
4071,r_4722,"polyphosphate polymerase, c",0.0,1000.0,Oxidative phosphorylation,False,YJL012C,2.0 s_0434 + s_0803 --> 2.0 s_0394 + s_0794 + s_4290
4072,r_4723,"polyphosphate phosphohydrolase, v",-1000.0,1000.0,Oxidative phosphorylation,False,YHR201C or YDR452W,s_0810 + s_4290 <=> s_0802 + 2.0 s_1329
4073,r_4724,"polyphosphate phosphohydrolase, m",-1000.0,1000.0,Oxidative phosphorylation,False,YHR201C or YDR452W,s_0807 + s_4291 <=> s_0799 + 2.0 s_1326
4074,r_4725,"polyphosphate phosphohydrolase, n",-1000.0,1000.0,Oxidative phosphorylation,False,YHR201C or YDR452W,s_0808 + s_4292 <=> s_0800 + 2.0 s_4293
4075,r_4726,ethyl-(2S)-lactate transport,-1000.0,1000.0,"Transport [c, e]",False,,s_4271 <=> s_4270
4076,r_4727,ethyl-(2S)-lactate exchange,0.0,1000.0,Exchange reaction,True,,s_4270 --> 
4077,r_4728,ethyl-(2R)-lactate transport,-1000.0,1000.0,"Transport [c, e]",False,,s_4273 <=> s_4272
4078,r_4729,ethyl-(2R)-lactate exchange,0.0,1000.0,Exchange reaction,True,,s_4272 --> 
4079,r_4730,diethyl-succinate transport,-1000.0,1000.0,"Transport [c, e]",False,,s_4274 <=> s_4275
4080,r_4731,diethyl-succinate exchange,0.0,1000.0,Exchange reaction,True,,s_4275 --> 
4081,r_4732,monoethyl-succinate transport,-1000.0,1000.0,"Transport [c, e]",False,,s_4276 <=> s_4277
4082,r_4733,monoethyl-succinate exchange,0.0,1000.0,Exchange reaction,True,,s_4277 --> 
4083,r_4734,ethyl-benzoate transport,-1000.0,1000.0,"Transport [c, e]",False,,s_4278 <=> s_4279
4084,r_4735,ethyl-benzoate exchange,0.0,1000.0,Exchange reaction,True,,s_4279 --> 
4085,r_4736,ethyl-pyruvate transport,-1000.0,1000.0,"Transport [c, e]",False,,s_4280 <=> s_4281
4086,r_4737,ethyl-pyruvate exchange,0.0,1000.0,Exchange reaction,True,,s_4281 --> 
4087,r_4738,benzyl-acetate transport,-1000.0,1000.0,"Transport [c, e]",False,,s_4288 <=> s_4289
4088,r_4739,benzyl-acetate exchange,0.0,1000.0,Exchange reaction,True,,s_4289 --> 
4089,r_4740,ethyl-isobutyrate transport,-1000.0,1000.0,"Transport [c, e]",False,,s_4286 <=> s_4287
4090,r_4741,ethyl-isobutyrate exchange,0.0,1000.0,Exchange reaction,True,,s_4287 --> 
4091,r_4742,ethyl-2-methylbutyrate transport,-1000.0,1000.0,"Transport [c, e]",False,,s_4283 <=> s_4284
4092,r_4743,ethyl-2-methylbutyrate exchange,0.0,1000.0,Exchange reaction,True,,s_4284 --> 
4093,r_4744,"polyphosphate transport, v-c",-1000.0,1000.0,"Transport [c, v]",False,,s_0802 + s_4290 <=> s_0794 + s_4018
4094,r_4745,"polyphosphate transport, c-m",-1000.0,1000.0,"Transport [c, m]",False,,s_0794 + s_4018 <=> s_0799 + s_4291
4095,r_4746,"polyphosphate transport, c-n",-1000.0,1000.0,"Transport [c, n]",False,,s_0794 + s_4018 <=> s_0800 + s_4292
4096,r_4747,cytidine kinase (ATP),0.0,1000.0,Pyrimidine metabolism,False,YNR012W or YDR020C,s_0434 + s_0543 --> s_0394 + s_0526 + s_0794
4097,r_4748,D-glyceraldehyde kinase,0.0,1000.0,Fructose and mannose metabolism,False,YML070W or YFL053W,s_0434 + s_0570 --> s_0394 + s_0764 + s_0794
4098,r_4749,adenosine phosphorylase,-1000.0,1000.0,Purine metabolism,False,YLR209C,s_0386 + s_1322 <=> s_0383 + s_0415
4099,r_4750,D-glucose 1-epimerase,-1000.0,1000.0,Glycolysis / gluconeogenesis,False,YBR019C,s_3951 <=> s_3949
4100,r_4751,D-phenylalanine N-acetyltransferase,0.0,1000.0,Phenylalanine metabolism,False,YEL066W or YPR193C,s_0373 + s_4296 --> s_0529 + s_4297
4101,r_4752,S-adenosylmethioninamine:cadaverine 3-aminopropyltransferase,0.0,1000.0,Glutathione metabolism,False,YPR069C or YLR146C,s_1420 + s_4299 --> s_0303 + s_0794 + s_4300
4102,r_4753,thiamine phosphate synthase,-1000.0,1000.0,Thiamine metabolism,False,YPL214C,s_0267 + 2.0 s_0794 + s_4301 <=> s_0456 + s_0633 + s_1497
4103,r_4754,flavin prenyltransferase,-1000.0,1000.0,Riboflavin metabolism,False,YDR538W,s_4295 + s_4298 <=> s_1326 + s_4312
4104,r_4755,(R)-2-hydroxyglutarate:pyruvate oxidoreductase,0.0,1000.0,Pyruvate metabolism,False,YDL178W or YEL071W,s_1401 + s_4302 --> s_0027 + s_0182
4105,r_4756,cytidine nucleosidase,0.0,1000.0,Pyrimidine metabolism,False,YDR400W,s_0543 + s_0803 --> s_0545 + s_0575
4106,r_4757,D-ribulokinase,-1000.0,1000.0,Alternate carbon metabolism,False,YDR109C,s_0434 + s_4304 <=> s_0394 + s_0577 + s_0794
4107,r_4758,deoxyguanosine phosphorylase,-1000.0,1000.0,Purine metabolism,False,YLR209C,s_0134 + s_1322 <=> s_0787 + s_4305
4108,r_4759,deamino-NAD diphosphatase,0.0,1000.0,Nicotinate and nicotinamide metabolism,False,YGL067W,s_0809 + s_4315 --> s_0426 + 2.0 s_0801 + s_4316
4109,r_4760,trans-4-hydroxy-L-proline dehydrogenase,-1000.0,1000.0,Arginine and proline metabolism,False,YER023W,s_1198 + s_4207 <=> s_0116 + 2.0 s_0794 + s_1203
4110,r_4761,3-hydroxykynurenine aminotransferase (2-oxoglutarate),0.0,1000.0,Tryptophan metabolism,False,YJL060W,s_0180 + s_0222 --> s_0803 + s_0991 + s_4331
4111,r_4762,(S)-3-hydroxyisobutyryl-CoA hydrolase,-1000.0,1000.0,"Valine, leucine and isoleucine metabolism",False,YDR036C,s_0807 + s_4306 <=> s_0532 + s_0799 + s_4307
4112,r_4763,"meso-2,3-butanediol dehydrogenase",-1000.0,1000.0,Butanoate metabolism,False,YAL061W or YAL060W,s_1198 + s_4308 <=> s_0794 + s_1203 + s_4309
4113,r_4764,5-methylcytosine deaminase,0.0,1000.0,Pyrimidine metabolism,False,YPR062W,s_0794 + s_0803 + s_4310 --> s_0419 + s_4311
4114,r_4765,ureidoglycolate hydrolase,0.0,1000.0,Purine metabolism,False,YIR032C,s_1555 --> s_0779 + s_1552
4115,r_4766,guanylate cyclase,0.0,1000.0,Purine metabolism,False,YJL005W,s_0785 --> s_0195 + s_0633
4116,r_4767,kynurenine aminotransferase (2-oxoglutarate),0.0,1000.0,Tryptophan metabolism,False,YJL060W,s_0180 + s_1020 --> s_0991 + s_4294
4117,r_4768,farnesyl diphosphatase,0.0,1000.0,Thiamine metabolism,False,YDR481C,s_0190 + s_0803 --> s_0633 + s_4303
4118,r_4769,bis(5'-adenosyl)-triphosphatase,0.0,1000.0,Purine metabolism,False,YDR305C,s_0803 + s_4317 --> s_0394 + s_0423 + 2.0 s_0794
4119,r_4770,nucleoside diphosphate kinase,0.0,1000.0,Pyrimidine metabolism,False,YKL067W,s_0437 + s_4322 --> s_0397 + s_0541
4120,r_4771,nucleoside diphosphate kinase,0.0,1000.0,Pyrimidine metabolism,False,YKL067W,s_0437 + s_4319 --> s_0397 + s_4318
4121,r_4772,nucleoside diphosphate kinase,0.0,1000.0,Pyrimidine metabolism,False,YKL067W,s_0437 + s_4323 --> s_0397 + s_4324
4122,r_4773,nucleoside diphosphate kinase,0.0,1000.0,Pyrimidine metabolism,False,YKL067W,s_0437 + s_4321 --> s_0397 + s_4320
4123,r_4774,nucleoside diphosphate kinase,0.0,1000.0,Pyrimidine metabolism,False,YKL067W,s_0437 + s_4325 --> s_0397 + s_4326
4124,r_4775,nucleoside diphosphate kinase,0.0,1000.0,Pyrimidine metabolism,False,YKL067W,s_0437 + s_0741 --> s_0397 + s_0786
4125,r_4776,nucleoside diphosphate kinase,0.0,1000.0,Pyrimidine metabolism,False,YKL067W,s_0437 + s_4314 --> s_0397 + s_4313
4126,r_4777,nucleoside diphosphate kinase,-1000.0,1000.0,Pyrimidine metabolism,False,YKL067W,s_0437 + s_4327 <=> s_0397 + s_4328
4127,r_4778,nucleoside diphosphate kinase,-1000.0,1000.0,Pyrimidine metabolism,False,YKL067W,s_0437 + s_4329 <=> s_0397 + s_4330
4128,r_4779,"heme a transport, cytoplasm-extracellular",-1000.0,1000.0,Transport between c and e,False,,s_3714 <=> s_4332
4129,r_4780,heme a exchange,0.0,1000.0,Exchange reaction,True,,s_4332 --> 
4130,r_4781,HET-P synthase (thiazole synthase),0.0,1000.0,Thiamine metabolism,False,YGR144W,s_0803 + s_3910 --> s_0293 + s_0423 + s_0456 + s_0794
4131,r_4782,adenylated thiazole synthase,0.0,1000.0,Thiamine metabolism,False,YGR144W,s_0841 + s_1003 + s_1198 --> s_0794 + 3.0 s_0803 + s_1216 + s_3910
