row,col,value,metabolite_id,reaction_id
0,4,1.0,s_0001,r_0005
0,1035,-1.0,s_0001,r_1543
0,3412,-0.73914,s_0001,r_4048
1,1035,1.0,s_0002,r_1543
2,325,-1.0,s_0003,r_0370
2,1034,-1.0,s_0003,r_1542
3,5,1.0,s_0004,r_0006
3,3412,-0.24696,s_0004,r_4048
4,12,1.0,s_0006,r_0017
4,307,-1.0,s_0006,r_0351
5,803,1.0,s_0007,r_1046
6,309,-1.0,s_0008,r_0353
6,531,1.0,s_0008,r_0669
7,42,-1.0,s_0009,r_0059
7,43,-1.0,s_0009,r_0060
7,44,-1.0,s_0009,r_0061
8,24,-1.0,s_0010,r_0029
8,44,1.0,s_0010,r_0061
8,1073,-1.0,s_0010,r_1595
9,25,-1.0,s_0011,r_0030
9,1073,1.0,s_0011,r_1595
10,97,1.0,s_0012,r_0117
10,589,-1.0,s_0012,r_0734
11,561,1.0,s_0013,r_0703
12,562,1.0,s_0014,r_0704
13,183,-1.0,s_0015,r_0207
13,184,1.0,s_0015,r_0208
14,78,1.0,s_0016,r_0096
14,308,-1.0,s_0016,r_0352
15,664,1.0,s_0017,r_0842
15,692,-1.0,s_0017,r_0905
16,594,-1.0,s_0018,r_0739
16,691,1.0,s_0018,r_0904
17,590,1.0,s_0019,r_0735
17,591,1.0,s_0019,r_0736
17,592,1.0,s_0019,r_0737
17,593,1.0,s_0019,r_0738
17,691,-1.0,s_0019,r_0904
18,2,1.0,s_0020,r_0003
18,77,1.0,s_0020,r_0095
18,730,1.0,s_0020,r_0960
18,3517,1.0,s_0020,r_4153
18,3963,-1.0,s_0020,r_4614
19,222,-1.0,s_0021,r_0252
19,868,1.0,s_0021,r_1120
19,922,1.0,s_0021,r_1191
19,1141,-1.0,s_0021,r_1673
19,1142,-1.0,s_0021,r_1674
19,1323,1.0,s_0021,r_1882
20,922,-1.0,s_0022,r_1191
20,1036,-1.0,s_0022,r_1545
21,224,1.0,s_0023,r_0254
21,868,-1.0,s_0023,r_1120
21,1323,-1.0,s_0023,r_1882
22,223,-1.0,s_0024,r_0253
22,1141,1.0,s_0024,r_1673
22,1142,1.0,s_0024,r_1674
23,0,-1.0,s_0025,r_0001
23,437,1.0,s_0025,r_0553
23,884,1.0,s_0025,r_1136
23,885,-1.0,s_0025,r_1137
23,886,-1.0,s_0025,r_1138
23,3596,-1.0,s_0025,r_4236
23,4060,-1.0,s_0025,r_4712
24,884,-1.0,s_0026,r_1136
24,1037,-1.0,s_0026,r_1546
25,1,-1.0,s_0027,r_0002
25,438,1.0,s_0027,r_0554
25,885,1.0,s_0027,r_1137
25,886,1.0,s_0027,r_1138
25,4103,1.0,s_0027,r_4755
26,442,1.0,s_0028,r_0558
26,590,-1.0,s_0028,r_0735
26,591,-1.0,s_0028,r_0736
26,592,-1.0,s_0028,r_0737
26,593,-1.0,s_0028,r_0738
26,846,1.0,s_0028,r_1096
27,846,-1.0,s_0029,r_1096
27,1038,-1.0,s_0029,r_1547
28,14,1.0,s_0030,r_0019
28,665,-1.0,s_0030,r_0843
29,664,-1.0,s_0031,r_0842
29,665,1.0,s_0031,r_0843
29,969,1.0,s_0031,r_1241
30,969,-1.0,s_0032,r_1241
30,1039,-1.0,s_0032,r_1548
31,437,-1.0,s_0033,r_0553
31,555,1.0,s_0033,r_0697
32,438,-1.0,s_0034,r_0554
33,2,-1.0,s_0035,r_0003
33,847,-1.0,s_0035,r_1097
34,847,1.0,s_0036,r_1097
34,1040,-1.0,s_0036,r_1549
35,556,-1.0,s_0037,r_0698
35,1452,1.0,s_0037,r_2054
36,776,1.0,s_0038,r_1010
36,777,1.0,s_0038,r_1011
36,1452,-1.0,s_0038,r_2054
37,11,1.0,s_0039,r_0016
37,531,-1.0,s_0039,r_0669
38,1625,1.0,s_0042,r_2248
38,1643,-1.0,s_0042,r_2266
39,1630,1.0,s_0045,r_2253
39,1647,-1.0,s_0045,r_2270
40,1626,1.0,s_0048,r_2249
40,1644,-1.0,s_0048,r_2267
41,1628,1.0,s_0051,r_2251
41,1645,-1.0,s_0051,r_2268
42,40,-1.0,s_0054,r_0057
42,1627,1.0,s_0054,r_2250
43,47,-1.0,s_0056,r_0064
43,525,1.0,s_0056,r_0663
43,1074,-1.0,s_0056,r_1596
43,1075,1.0,s_0056,r_1597
44,1041,-1.0,s_0058,r_1550
44,1075,-1.0,s_0058,r_1597
45,309,1.0,s_0060,r_0353
45,526,1.0,s_0060,r_0664
45,1074,1.0,s_0060,r_1596
46,305,-1.0,s_0061,r_0349
46,348,-1.0,s_0061,r_0453
47,546,1.0,s_0062,r_0688
47,554,-1.0,s_0062,r_0696
48,3,-1.0,s_0063,r_0004
48,554,1.0,s_0063,r_0696
48,937,-1.0,s_0063,r_1206
48,938,1.0,s_0063,r_1207
48,4059,-1.0,s_0063,r_4711
49,938,-1.0,s_0064,r_1207
49,1042,-1.0,s_0064,r_1551
50,937,1.0,s_0065,r_1206
51,347,1.0,s_0066,r_0452
51,570,-1.0,s_0066,r_0714
51,572,1.0,s_0066,r_0716
51,874,1.0,s_0066,r_1126
51,957,-1.0,s_0066,r_1226
51,1125,1.0,s_0066,r_1652
51,1157,-1.0,s_0066,r_1689
51,1340,1.0,s_0066,r_1901
51,1367,1.0,s_0066,r_1930
51,1512,-1.0,s_0066,r_2132
52,1043,-1.0,s_0067,r_1552
52,1125,-1.0,s_0067,r_1652
52,1340,-1.0,s_0067,r_1901
53,346,1.0,s_0068,r_0451
53,569,-1.0,s_0068,r_0713
53,574,-1.0,s_0068,r_0718
53,575,-1.0,s_0068,r_0719
53,874,-1.0,s_0068,r_1126
53,957,1.0,s_0068,r_1226
53,1512,1.0,s_0068,r_2132
54,571,-1.0,s_0069,r_0715
54,573,1.0,s_0069,r_0717
54,1157,1.0,s_0069,r_1689
54,1367,-1.0,s_0069,r_1930
55,312,-1.0,s_0075,r_0356
55,379,1.0,s_0075,r_0486
55,687,-1.0,s_0075,r_0892
56,449,-1.0,s_0076,r_0566
56,700,1.0,s_0076,r_0913
57,6,-1.0,s_0077,r_0007
57,696,1.0,s_0077,r_0909
58,696,-1.0,s_0078,r_0909
58,697,1.0,s_0078,r_0910
59,900,1.0,s_0079,r_1169
59,2972,1.0,s_0079,r_3607
60,900,-1.0,s_0080,r_1169
60,1044,-1.0,s_0080,r_1553
61,1045,-1.0,s_0084,r_1554
62,449,1.0,s_0086,r_0566
62,810,-1.0,s_0086,r_1055
63,625,1.0,s_0087,r_0782
64,3328,0.809028342,s_0089,r_3963
64,3329,0.807012462,s_0089,r_3964
64,3330,0.837082102,s_0089,r_3965
64,3331,0.835066222,s_0089,r_3966
64,3332,0.837082102,s_0089,r_3967
64,3333,0.835066222,s_0089,r_3968
64,3334,0.865135862,s_0089,r_3969
64,3335,0.863119982,s_0089,r_3970
64,3427,-0.00691029997542501,s_0089,r_4063
65,545,-1.0,s_0116,r_0687
65,4108,1.0,s_0116,r_4760
66,534,-1.0,s_0117,r_0672
66,1312,-1.0,s_0117,r_1871
67,727,-1.0,s_0118,r_0957
67,1328,1.0,s_0118,r_1887
68,7,-1.0,s_0119,r_0012
68,716,1.0,s_0119,r_0940
69,341,1.0,s_0120,r_0446
69,387,-1.0,s_0120,r_0499
69,553,-1.0,s_0120,r_0695
69,580,1.0,s_0120,r_0725
69,699,-1.0,s_0120,r_0912
69,1100,1.0,s_0120,r_1624
70,342,1.0,s_0121,r_0447
70,579,1.0,s_0121,r_0724
70,583,-1.0,s_0121,r_0728
71,207,1.0,s_0122,r_0231
71,216,-1.0,s_0122,r_0241
71,1514,1.0,s_0122,r_2136
72,455,-1.0,s_0123,r_0572
72,458,1.0,s_0123,r_0575
73,456,-1.0,s_0124,r_0573
73,457,1.0,s_0124,r_0574
74,457,-1.0,s_0125,r_0574
74,458,-1.0,s_0125,r_0575
74,2455,1.0,s_0125,r_3090
74,2456,1.0,s_0125,r_3091
74,2457,1.0,s_0125,r_3092
74,2458,1.0,s_0125,r_3093
74,2459,1.0,s_0125,r_3094
74,2460,1.0,s_0125,r_3095
74,2461,1.0,s_0125,r_3096
74,2462,1.0,s_0125,r_3097
75,605,-1.0,s_0126,r_0757
75,606,1.0,s_0126,r_0758
75,1047,1.0,s_0126,r_1562
76,509,1.0,s_0127,r_0646
76,510,1.0,s_0127,r_0647
76,511,1.0,s_0127,r_0648
76,512,1.0,s_0127,r_0649
76,513,1.0,s_0127,r_0650
76,514,1.0,s_0127,r_0651
76,515,1.0,s_0127,r_0652
76,516,1.0,s_0127,r_0653
76,517,1.0,s_0127,r_0654
76,518,1.0,s_0127,r_0655
76,1047,-1.0,s_0127,r_1562
77,479,1.0,s_0129,r_0616
77,480,1.0,s_0129,r_0617
77,481,1.0,s_0129,r_0618
77,482,1.0,s_0129,r_0619
77,483,1.0,s_0129,r_0620
77,484,1.0,s_0129,r_0621
77,485,1.0,s_0129,r_0622
77,486,1.0,s_0129,r_0623
77,487,1.0,s_0129,r_0624
77,488,1.0,s_0129,r_0625
78,133,-1.0,s_0131,r_0155
78,3819,1.0,s_0131,r_4464
79,289,-1.0,s_0132,r_0328
79,1090,1.0,s_0132,r_1614
79,1193,1.0,s_0132,r_1728
80,1048,-1.0,s_0133,r_1563
80,1193,-1.0,s_0133,r_1728
81,1092,1.0,s_0134,r_1616
81,1197,1.0,s_0134,r_1732
81,4106,-1.0,s_0134,r_4758
82,1049,-1.0,s_0135,r_1564
82,1197,-1.0,s_0135,r_1732
83,289,1.0,s_0136,r_0328
83,1198,1.0,s_0136,r_1733
84,1050,-1.0,s_0137,r_1565
84,1198,-1.0,s_0137,r_1733
85,290,1.0,s_0138,r_0329
85,1094,1.0,s_0138,r_1618
85,1199,-1.0,s_0138,r_1734
85,1200,1.0,s_0138,r_1735
86,1051,-1.0,s_0139,r_1566
86,1200,-1.0,s_0139,r_1735
87,312,1.0,s_0140,r_0356
88,10,-1.0,s_0141,r_0015
88,409,1.0,s_0141,r_0525
89,9,-1.0,s_0142,r_0014
89,10,1.0,s_0142,r_0015
90,315,-1.0,s_0143,r_0359
91,315,1.0,s_0144,r_0359
92,98,-1.0,s_0145,r_0118
92,607,1.0,s_0145,r_0759
93,78,-1.0,s_0146,r_0096
93,79,1.0,s_0146,r_0097
94,41,1.0,s_0147,r_0058
94,1502,-1.0,s_0147,r_2114
95,12,-1.0,s_0148,r_0017
95,303,1.0,s_0148,r_0347
95,306,-1.0,s_0148,r_0350
96,14,-1.0,s_0149,r_0019
96,1053,-1.0,s_0149,r_1568
97,46,1.0,s_0150,r_0063
97,1053,1.0,s_0150,r_1568
98,293,-1.0,s_0152,r_0332
98,3823,1.0,s_0152,r_4468
99,293,1.0,s_0153,r_0332
100,416,-1.0,s_0154,r_0532
100,733,1.0,s_0154,r_0963
101,16,-1.0,s_0155,r_0021
101,17,1.0,s_0155,r_0022
102,16,1.0,s_0156,r_0021
102,733,-1.0,s_0156,r_0963
103,17,-1.0,s_0157,r_0022
103,38,1.0,s_0157,r_0044
104,32,1.0,s_0158,r_0038
104,737,-1.0,s_0158,r_0967
105,708,1.0,s_0161,r_0921
106,18,1.0,s_0162,r_0023
106,19,1.0,s_0162,r_0024
106,1055,-1.0,s_0162,r_1573
106,1056,-1.0,s_0162,r_1574
107,1054,-1.0,s_0163,r_1572
107,1055,1.0,s_0163,r_1573
108,20,1.0,s_0164,r_0025
108,1056,1.0,s_0164,r_1574
109,18,-1.0,s_0165,r_0023
109,43,1.0,s_0165,r_0060
110,47,1.0,s_0166,r_0064
110,144,-1.0,s_0166,r_0166
110,146,-1.0,s_0166,r_0168
110,1060,-1.0,s_0166,r_1578
110,1061,-1.0,s_0166,r_1579
110,4067,-1.0,s_0166,r_4719
111,1059,-1.0,s_0167,r_1577
111,1060,1.0,s_0167,r_1578
112,145,-1.0,s_0168,r_0167
112,1061,1.0,s_0168,r_1579
113,136,-1.0,s_0169,r_0158
113,144,1.0,s_0169,r_0166
113,146,1.0,s_0169,r_0168
113,1057,-1.0,s_0169,r_1575
113,1058,-1.0,s_0169,r_1576
114,1057,1.0,s_0170,r_1575
114,1062,-1.0,s_0170,r_1580
115,145,1.0,s_0171,r_0167
115,1058,1.0,s_0171,r_1576
116,136,1.0,s_0172,r_0158
116,848,-1.0,s_0172,r_1098
117,848,1.0,s_0173,r_1098
117,1063,-1.0,s_0173,r_1581
118,23,1.0,s_0174,r_0028
118,97,-1.0,s_0174,r_0117
119,13,-1.0,s_0176,r_0018
119,849,1.0,s_0176,r_1099
120,429,1.0,s_0177,r_0545
120,849,-1.0,s_0177,r_1099
121,274,1.0,s_0178,r_0310
121,550,1.0,s_0178,r_0692
121,1066,-1.0,s_0178,r_1585
121,3631,1.0,s_0178,r_4274
121,3710,-1.0,s_0178,r_4355
121,3930,1.0,s_0178,r_4581
121,4000,-1.0,s_0178,r_4651
122,11,-1.0,s_0179,r_0016
122,551,1.0,s_0179,r_0693
122,1066,1.0,s_0179,r_1585
123,13,1.0,s_0180,r_0018
123,21,1.0,s_0180,r_0026
123,51,-1.0,s_0180,r_0068
123,192,-1.0,s_0180,r_0216
123,364,1.0,s_0180,r_0470
123,365,-1.0,s_0180,r_0471
123,366,-1.0,s_0180,r_0472
123,422,1.0,s_0180,r_0538
123,522,1.0,s_0180,r_0659
123,525,-1.0,s_0180,r_0663
123,542,-1.0,s_0180,r_0681
123,557,-1.0,s_0180,r_0699
123,658,-1.0,s_0180,r_0819
123,672,-1.0,s_0180,r_0851
123,705,1.0,s_0180,r_0918
123,756,1.0,s_0180,r_0988
123,787,-1.0,s_0180,r_1029
123,811,-1.0,s_0180,r_1056
123,814,1.0,s_0180,r_1063
123,837,-1.0,s_0180,r_1087
123,849,-1.0,s_0180,r_1099
123,861,-1.0,s_0180,r_1112
123,1068,-1.0,s_0180,r_1587
123,1069,1.0,s_0180,r_1588
123,1120,-1.0,s_0180,r_1647
123,1125,-1.0,s_0180,r_1652
123,1512,1.0,s_0180,r_2132
123,3588,-1.0,s_0180,r_4226
123,3617,1.0,s_0180,r_4260
123,3691,1.0,s_0180,r_4336
123,3710,1.0,s_0180,r_4355
123,3924,1.0,s_0180,r_4570
123,3926,-1.0,s_0180,r_4572
123,4050,-1.0,s_0180,r_4702
123,4054,-1.0,s_0180,r_4706
123,4109,-1.0,s_0180,r_4761
123,4115,-1.0,s_0180,r_4767
124,1067,-1.0,s_0181,r_1586
124,1069,-1.0,s_0181,r_1588
124,1125,1.0,s_0181,r_1652
125,98,1.0,s_0182,r_0118
125,193,1.0,s_0182,r_0217
125,521,1.0,s_0182,r_0658
125,526,-1.0,s_0182,r_0664
125,536,-1.0,s_0182,r_0674
125,543,-1.0,s_0182,r_0682
125,558,-1.0,s_0182,r_0700
125,662,-1.0,s_0182,r_0832
125,838,-1.0,s_0182,r_1088
125,849,1.0,s_0182,r_1099
125,861,1.0,s_0182,r_1112
125,1279,-1.0,s_0182,r_1838
125,1511,1.0,s_0182,r_2131
125,1512,-1.0,s_0182,r_2132
125,3618,1.0,s_0182,r_4261
125,4103,1.0,s_0182,r_4755
126,427,-1.0,s_0183,r_0543
126,1068,1.0,s_0183,r_1587
127,194,-1.0,s_0184,r_0218
127,523,1.0,s_0184,r_0661
127,544,-1.0,s_0184,r_0683
127,815,1.0,s_0184,r_1065
127,1120,1.0,s_0184,r_1647
128,140,-1.0,s_0185,r_0162
128,147,1.0,s_0185,r_0169
128,149,1.0,s_0185,r_0171
128,1071,1.0,s_0185,r_1590
128,1072,1.0,s_0185,r_1591
129,1070,-1.0,s_0186,r_1589
129,1071,-1.0,s_0186,r_1590
130,148,1.0,s_0187,r_0170
130,1072,-1.0,s_0187,r_1591
131,322,-1.0,s_0188,r_0366
131,688,1.0,s_0188,r_0893
131,3799,1.0,s_0188,r_4444
132,326,1.0,s_0189,r_0373
132,355,-1.0,s_0189,r_0461
133,326,-1.0,s_0190,r_0373
133,356,1.0,s_0190,r_0462
133,778,-2.0,s_0190,r_1012
133,1225,-1.0,s_0190,r_1766
133,3953,-1.0,s_0190,r_4604
133,4116,-1.0,s_0190,r_4768
134,415,-1.0,s_0191,r_0531
134,1225,1.0,s_0191,r_1766
135,27,-1.0,s_0192,r_0033
135,125,1.0,s_0192,r_0147
136,31,-1.0,s_0193,r_0037
137,28,-1.0,s_0194,r_0034
138,30,-1.0,s_0195,r_0036
138,4114,1.0,s_0195,r_4766
139,29,-1.0,s_0196,r_0035
140,663,1.0,s_0197,r_0841
140,1201,-1.0,s_0197,r_1736
141,294,-1.0,s_0200,r_0334
141,1412,1.0,s_0200,r_1997
142,132,1.0,s_0201,r_0154
142,678,-1.0,s_0201,r_0883
143,715,1.0,s_0204,r_0939
143,814,-1.0,s_0204,r_1063
143,1507,-1.0,s_0204,r_2119
143,3840,-1.0,s_0204,r_4485
143,3950,-1.0,s_0204,r_4601
143,4018,-1.0,s_0204,r_4669
144,815,-1.0,s_0206,r_1065
144,3950,1.0,s_0206,r_4601
145,422,-1.0,s_0207,r_0538
145,447,1.0,s_0207,r_0564
146,150,-1.0,s_0208,r_0172
146,710,1.0,s_0208,r_0929
146,712,1.0,s_0208,r_0936
146,713,1.0,s_0208,r_0937
147,210,1.0,s_0209,r_0235
147,211,-1.0,s_0209,r_0236
148,33,-1.0,s_0210,r_0039
148,34,1.0,s_0210,r_0040
149,33,1.0,s_0211,r_0039
149,762,-1.0,s_0211,r_0996
150,37,1.0,s_0212,r_0043
150,850,-1.0,s_0212,r_1100
151,753,-1.0,s_0213,r_0985
151,850,1.0,s_0213,r_1100
152,38,-1.0,s_0214,r_0044
152,753,1.0,s_0214,r_0985
153,37,-1.0,s_0215,r_0043
153,1079,-1.0,s_0215,r_1601
154,439,1.0,s_0216,r_0555
154,1079,1.0,s_0216,r_1601
155,42,1.0,s_0217,r_0059
156,442,-1.0,s_0218,r_0558
156,1281,-1.0,s_0218,r_1840
157,443,1.0,s_0221,r_0560
157,1281,1.0,s_0221,r_1840
158,39,-1.0,s_0222,r_0045
158,533,1.0,s_0222,r_0671
158,4109,-1.0,s_0222,r_4761
159,39,1.0,s_0224,r_0045
159,41,-1.0,s_0224,r_0058
160,1629,1.0,s_0229,r_2252
160,1646,-1.0,s_0229,r_2269
161,35,-1.0,s_0231,r_0041
161,760,1.0,s_0231,r_0993
162,19,-1.0,s_0232,r_0024
162,45,-1.0,s_0232,r_0062
162,837,1.0,s_0232,r_1087
163,20,-1.0,s_0233,r_0025
163,46,-1.0,s_0233,r_0063
163,308,1.0,s_0233,r_0352
163,838,1.0,s_0233,r_1088
164,54,1.0,s_0234,r_0072
164,157,-1.0,s_0234,r_0179
164,159,-1.0,s_0234,r_0181
164,1077,-1.0,s_0234,r_1599
164,1078,-1.0,s_0234,r_1600
165,1076,-1.0,s_0235,r_1598
165,1077,1.0,s_0235,r_1599
166,158,-1.0,s_0236,r_0180
166,1078,1.0,s_0236,r_1600
167,87,-1.0,s_0239,r_0106
167,1643,1.0,s_0239,r_2266
168,82,-1.0,s_0243,r_0101
168,1647,1.0,s_0243,r_2270
169,88,-1.0,s_0247,r_0107
169,1644,1.0,s_0247,r_2267
170,81,-1.0,s_0250,r_0100
170,1646,1.0,s_0250,r_2269
171,83,-1.0,s_0253,r_0102
171,1645,1.0,s_0253,r_2268
172,40,1.0,s_0257,r_0057
172,86,-1.0,s_0257,r_0105
173,686,1.0,s_0258,r_0891
173,705,-1.0,s_0258,r_0918
174,704,-1.0,s_0259,r_0917
174,705,1.0,s_0259,r_0918
174,3805,1.0,s_0259,r_4450
175,686,-1.0,s_0260,r_0891
175,687,1.0,s_0260,r_0892
175,688,-1.0,s_0260,r_0893
175,3800,1.0,s_0260,r_4445
176,48,-1.0,s_0261,r_0065
176,763,1.0,s_0261,r_0997
177,207,-1.0,s_0262,r_0231
177,280,1.0,s_0262,r_0317
178,56,1.0,s_0263,r_0074
178,70,1.0,s_0263,r_0088
179,52,-1.0,s_0264,r_0069
180,690,1.0,s_0267,r_0903
180,794,-1.0,s_0267,r_1036
180,4101,-1.0,s_0267,r_4753
181,444,1.0,s_0268,r_0561
181,690,-1.0,s_0268,r_0903
182,49,1.0,s_0269,r_0066
182,50,-1.0,s_0269,r_0067
183,444,-1.0,s_0270,r_0561
183,1080,1.0,s_0270,r_1603
183,1462,1.0,s_0270,r_2065
184,50,1.0,s_0271,r_0067
184,1082,-1.0,s_0271,r_1605
184,1083,-1.0,s_0271,r_1606
185,1081,-1.0,s_0272,r_1604
185,1082,1.0,s_0272,r_1605
186,306,-1.0,s_0273,r_0350
186,307,-1.0,s_0273,r_0351
186,1083,1.0,s_0273,r_1606
187,292,1.0,s_0274,r_0331
187,1084,-1.0,s_0274,r_1607
187,3647,-1.0,s_0274,r_4292
187,3648,-1.0,s_0274,r_4293
188,177,-1.0,s_0275,r_0201
188,1084,1.0,s_0275,r_1607
189,55,-1.0,s_0279,r_0073
189,56,-1.0,s_0279,r_0074
190,175,-1.0,s_0280,r_0199
191,175,1.0,s_0281,r_0199
192,542,1.0,s_0282,r_0681
192,1086,-1.0,s_0282,r_1609
192,1087,-1.0,s_0282,r_1610
193,543,1.0,s_0283,r_0682
193,1086,1.0,s_0283,r_1609
194,544,1.0,s_0284,r_0683
194,1087,1.0,s_0284,r_1610
195,52,1.0,s_0285,r_0069
196,220,-1.0,s_0286,r_0249
196,1088,-1.0,s_0286,r_1611
196,1153,1.0,s_0286,r_1685
197,53,1.0,s_0287,r_0070
197,439,-1.0,s_0287,r_0555
197,1088,1.0,s_0287,r_1611
198,53,-1.0,s_0290,r_0070
199,24,1.0,s_0291,r_0029
199,54,-1.0,s_0291,r_0072
199,557,1.0,s_0291,r_0699
200,25,1.0,s_0292,r_0030
200,558,1.0,s_0292,r_0700
201,440,1.0,s_0293,r_0556
201,794,-1.0,s_0293,r_1036
201,4129,1.0,s_0293,r_4781
202,8,1.0,s_0294,r_0013
202,21,-1.0,s_0294,r_0026
202,4009,-1.0,s_0294,r_4660
203,191,1.0,s_0295,r_0215
203,195,-1.0,s_0295,r_0219
204,211,1.0,s_0296,r_0236
204,213,-1.0,s_0296,r_0238
205,210,-1.0,s_0297,r_0235
205,216,1.0,s_0297,r_0241
206,132,-1.0,s_0298,r_0154
206,783,1.0,s_0298,r_1025
206,784,-1.0,s_0298,r_1026
207,129,-1.0,s_0299,r_0151
207,695,1.0,s_0299,r_0908
208,676,1.0,s_0300,r_0855
208,698,-1.0,s_0300,r_0911
208,1080,-1.0,s_0300,r_1603
209,61,-1.0,s_0301,r_0079
209,387,1.0,s_0301,r_0499
210,61,1.0,s_0302,r_0079
210,676,-1.0,s_0302,r_0855
211,57,-1.0,s_0303,r_0075
211,767,1.0,s_0303,r_1001
211,768,1.0,s_0303,r_1002
211,4100,1.0,s_0303,r_4752
212,66,1.0,s_0304,r_0084
212,580,-1.0,s_0304,r_0725
212,586,1.0,s_0304,r_0731
212,587,1.0,s_0304,r_0732
213,579,-1.0,s_0305,r_0724
213,588,1.0,s_0305,r_0733
213,788,-1.0,s_0305,r_1030
213,1099,1.0,s_0305,r_1623
214,62,-1.0,s_0306,r_0080
214,390,1.0,s_0306,r_0502
214,586,-1.0,s_0306,r_0731
214,587,-1.0,s_0306,r_0732
214,802,-1.0,s_0306,r_1045
215,46,-1.0,s_0307,r_0063
215,389,1.0,s_0307,r_0501
215,391,1.0,s_0307,r_0503
215,395,1.0,s_0307,r_0507
215,397,1.0,s_0307,r_0509
215,588,-1.0,s_0307,r_0733
216,789,1.0,s_0308,r_1031
217,71,1.0,s_0309,r_0089
217,75,1.0,s_0309,r_0093
217,313,-1.0,s_0309,r_0357
217,314,1.0,s_0309,r_0358
218,440,-1.0,s_0310,r_0556
218,1462,1.0,s_0310,r_2065
219,8,-1.0,s_0311,r_0013
219,68,1.0,s_0311,r_0086
220,6,1.0,s_0312,r_0007
220,446,-1.0,s_0312,r_0563
221,9,1.0,s_0313,r_0014
221,1431,-1.0,s_0313,r_2030
222,737,-1.0,s_0314,r_0967
222,738,1.0,s_0314,r_0968
222,1431,1.0,s_0314,r_2030
223,711,-2.0,s_0315,r_0935
223,852,1.0,s_0315,r_1102
223,1098,-1.0,s_0315,r_1622
224,852,-1.0,s_0316,r_1102
224,1097,-1.0,s_0316,r_1621
225,63,1.0,s_0317,r_0081
225,1098,1.0,s_0317,r_1622
226,64,-1.0,s_0318,r_0082
226,65,1.0,s_0318,r_0083
226,70,-1.0,s_0318,r_0088
226,71,-1.0,s_0318,r_0089
227,66,-1.0,s_0319,r_0084
227,853,1.0,s_0319,r_1103
227,1100,-1.0,s_0319,r_1624
228,853,-1.0,s_0320,r_1103
228,1101,-1.0,s_0320,r_1625
229,788,1.0,s_0321,r_1030
229,1099,-1.0,s_0321,r_1623
230,62,1.0,s_0322,r_0080
230,582,-1.0,s_0322,r_0727
231,67,-1.0,s_0323,r_0085
232,48,1.0,s_0324,r_0065
232,244,-1.0,s_0324,r_0279
233,387,-1.0,s_0325,r_0499
233,701,1.0,s_0325,r_0914
234,201,1.0,s_0326,r_0225
234,697,-1.0,s_0326,r_0910
235,701,-1.0,s_0327,r_0914
235,702,1.0,s_0327,r_0915
236,737,1.0,s_0328,r_0967
236,738,-2.0,s_0328,r_0968
237,116,-1.0,s_0329,r_0137
237,402,1.0,s_0329,r_0518
238,116,1.0,s_0330,r_0137
238,403,-1.0,s_0330,r_0519
239,402,-1.0,s_0331,r_0518
240,407,1.0,s_0332,r_0523
241,74,-1.0,s_0333,r_0092
241,75,-1.0,s_0333,r_0093
242,403,1.0,s_0334,r_0519
242,404,-1.0,s_0334,r_0520
243,73,-1.0,s_0335,r_0091
243,360,1.0,s_0335,r_0466
244,404,1.0,s_0337,r_0520
244,405,-1.0,s_0337,r_0521
245,406,1.0,s_0338,r_0522
245,407,-1.0,s_0338,r_0523
246,405,1.0,s_0339,r_0521
246,406,-1.0,s_0339,r_0522
247,73,1.0,s_0340,r_0091
247,684,-1.0,s_0340,r_0889
247,3593,1.0,s_0340,r_4232
247,3813,1.0,s_0340,r_4458
247,3921,-1.0,s_0340,r_4567
248,124,1.0,s_0341,r_0146
248,295,-1.0,s_0341,r_0335
248,1103,1.0,s_0341,r_1628
249,1102,-1.0,s_0342,r_1627
249,1103,-1.0,s_0342,r_1628
250,166,1.0,s_0343,r_0188
250,304,1.0,s_0343,r_0348
250,1203,-1.0,s_0343,r_1738
251,303,-1.0,s_0344,r_0347
251,1203,1.0,s_0344,r_1738
252,304,-1.0,s_0345,r_0348
252,1206,1.0,s_0345,r_1744
253,166,-1.0,s_0346,r_0188
253,408,1.0,s_0346,r_0524
253,1206,-1.0,s_0346,r_1744
254,302,-1.0,s_0347,r_0346
254,1207,-1.0,s_0347,r_1745
255,306,1.0,s_0348,r_0350
255,307,1.0,s_0348,r_0351
255,1207,1.0,s_0348,r_1745
256,34,-1.0,s_0349,r_0040
256,36,1.0,s_0349,r_0042
256,1052,-1.0,s_0349,r_1567
257,15,1.0,s_0350,r_0020
257,1052,1.0,s_0350,r_1567
258,76,1.0,s_0352,r_0094
258,124,-1.0,s_0352,r_0146
258,854,1.0,s_0352,r_1104
259,854,-1.0,s_0354,r_1104
259,1104,-1.0,s_0354,r_1629
260,410,1.0,s_0357,r_0526
260,841,-1.0,s_0357,r_1091
260,1491,1.0,s_0357,r_2101
261,1105,-1.0,s_0358,r_1630
261,1491,-1.0,s_0358,r_2101
262,77,-2.0,s_0359,r_0095
262,141,1.0,s_0359,r_0163
262,151,-1.0,s_0359,r_0173
262,537,1.0,s_0359,r_0675
262,729,1.0,s_0359,r_0959
262,730,-1.0,s_0359,r_0960
262,798,1.0,s_0359,r_1040
262,1107,1.0,s_0359,r_1632
262,1108,1.0,s_0359,r_1633
262,1503,-1.0,s_0359,r_2115
262,1504,-1.0,s_0359,r_2116
262,3630,1.0,s_0359,r_4273
262,3929,1.0,s_0359,r_4575
263,1106,-1.0,s_0360,r_1631
263,1108,-1.0,s_0360,r_1633
264,143,-1.0,s_0361,r_0165
264,152,-1.0,s_0361,r_0174
264,153,-1.0,s_0361,r_0175
264,1107,-1.0,s_0361,r_1632
265,92,-1.0,s_0362,r_0112
265,151,1.0,s_0362,r_0173
265,239,1.0,s_0362,r_0271
265,275,1.0,s_0362,r_0311
265,276,1.0,s_0362,r_0312
265,324,1.0,s_0362,r_0369
265,519,1.0,s_0362,r_0656
265,520,1.0,s_0362,r_0657
265,652,1.0,s_0362,r_0812
265,653,1.0,s_0362,r_0813
265,855,-1.0,s_0362,r_1106
265,1110,-1.0,s_0362,r_1635
265,1504,1.0,s_0362,r_2116
265,3752,1.0,s_0362,r_4397
265,3923,-1.0,s_0362,r_4569
265,3951,-1.0,s_0362,r_4602
265,4065,-1.0,s_0362,r_4717
266,402,1.0,s_0363,r_0518
266,3951,1.0,s_0363,r_4602
267,855,1.0,s_0364,r_1106
267,1109,-1.0,s_0364,r_1634
268,91,1.0,s_0365,r_0111
268,93,-1.0,s_0365,r_0113
268,152,1.0,s_0365,r_0174
268,153,1.0,s_0365,r_0175
268,3403,-1.0,s_0365,r_4039
268,3608,1.0,s_0365,r_4249
269,94,-1.0,s_0366,r_0114
269,1110,1.0,s_0366,r_1635
270,84,1.0,s_0367,r_0103
270,3751,1.0,s_0367,r_4396
271,85,1.0,s_0370,r_0104
271,443,-1.0,s_0370,r_0560
272,80,1.0,s_0372,r_0099
272,1519,-1.0,s_0372,r_2142
273,19,-1.0,s_0373,r_0024
273,84,-2.0,s_0373,r_0103
273,90,-1.0,s_0373,r_0109
273,92,1.0,s_0373,r_0112
273,136,-1.0,s_0373,r_0158
273,137,-1.0,s_0373,r_0159
273,138,-1.0,s_0373,r_0160
273,139,-1.0,s_0373,r_0161
273,140,-1.0,s_0373,r_0162
273,222,-1.0,s_0373,r_0252
273,388,1.0,s_0373,r_0500
273,433,-1.0,s_0373,r_0549
273,572,-1.0,s_0373,r_0716
273,608,-1.0,s_0373,r_0760
273,759,-1.0,s_0373,r_0992
273,1111,-1.0,s_0373,r_1637
273,1204,-1.0,s_0373,r_1739
273,1448,-1.0,s_0373,r_2050
273,1517,-1.0,s_0373,r_2140
273,1518,-1.0,s_0373,r_2141
273,3695,-1.0,s_0373,r_4340
273,3735,1.0,s_0373,r_4380
273,3927,1.0,s_0373,r_4573
273,3928,1.0,s_0373,r_4574
273,4036,-1.0,s_0373,r_4687
273,4039,-1.0,s_0373,r_4690
273,4042,-1.0,s_0373,r_4693
273,4099,-1.0,s_0373,r_4751
274,20,-1.0,s_0376,r_0025
274,80,-1.0,s_0376,r_0099
274,85,-2.0,s_0376,r_0104
274,89,-1.0,s_0376,r_0108
274,91,-1.0,s_0376,r_0111
274,93,1.0,s_0376,r_0113
274,224,1.0,s_0376,r_0254
274,265,-1.0,s_0376,r_0300
274,443,-1.0,s_0376,r_0560
274,609,-1.0,s_0376,r_0761
274,731,1.0,s_0376,r_0961
274,1279,-1.0,s_0376,r_1838
274,3403,1.0,s_0376,r_4039
274,3981,-1.0,s_0376,r_4632
274,3998,-1.0,s_0376,r_4649
275,94,1.0,s_0377,r_0114
275,427,-1.0,s_0377,r_0543
275,1111,1.0,s_0377,r_1637
276,81,1.0,s_0378,r_0100
276,82,1.0,s_0378,r_0101
276,83,1.0,s_0378,r_0102
276,86,1.0,s_0378,r_0105
276,87,1.0,s_0378,r_0106
276,88,1.0,s_0378,r_0107
276,223,-1.0,s_0378,r_0253
276,266,-1.0,s_0378,r_0301
276,573,-1.0,s_0378,r_0717
276,1660,2.0,s_0378,r_2283
276,1661,1.0,s_0378,r_2284
276,1662,1.0,s_0378,r_2285
276,1663,1.0,s_0378,r_2286
276,1664,1.0,s_0378,r_2287
276,1665,1.0,s_0378,r_2288
276,1666,1.0,s_0378,r_2289
276,1667,1.0,s_0378,r_2290
276,1668,1.0,s_0378,r_2291
276,1669,1.0,s_0378,r_2292
276,1670,1.0,s_0378,r_2293
276,1671,1.0,s_0378,r_2294
277,57,1.0,s_0383,r_0075
277,117,-1.0,s_0383,r_0138
277,118,-1.0,s_0383,r_0139
277,857,1.0,s_0383,r_1108
277,1114,-1.0,s_0383,r_1640
277,4097,1.0,s_0383,r_4749
278,857,-1.0,s_0384,r_1108
278,1113,-1.0,s_0384,r_1639
279,1114,1.0,s_0385,r_1640
280,119,-1.0,s_0386,r_0140
280,120,-1.0,s_0386,r_0142
280,122,1.0,s_0386,r_0144
280,858,1.0,s_0386,r_1109
280,1089,1.0,s_0386,r_1613
280,3731,1.0,s_0386,r_4376
280,3850,1.0,s_0386,r_4495
280,4097,-1.0,s_0386,r_4749
281,858,-1.0,s_0387,r_1109
281,1117,-1.0,s_0387,r_1643
282,133,1.0,s_0389,r_0155
282,3820,1.0,s_0389,r_4465
282,3850,-1.0,s_0389,r_4495
283,26,-1.0,s_0390,r_0032
283,678,1.0,s_0390,r_0883
283,1116,-1.0,s_0390,r_1642
283,1413,1.0,s_0390,r_1998
284,1115,-1.0,s_0391,r_1641
284,1413,-1.0,s_0391,r_1998
285,99,1.0,s_0392,r_0119
285,1116,1.0,s_0392,r_1642
286,130,-1.0,s_0393,r_0152
286,131,1.0,s_0393,r_0153
287,56,1.0,s_0394,r_0074
287,61,1.0,s_0394,r_0079
287,65,1.0,s_0394,r_0083
287,66,1.0,s_0394,r_0084
287,72,1.0,s_0394,r_0090
287,75,1.0,s_0394,r_0093
287,90,1.0,s_0394,r_0109
287,120,1.0,s_0394,r_0142
287,126,2.0,s_0394,r_0148
287,132,1.0,s_0394,r_0154
287,180,2.0,s_0394,r_0204
287,191,1.0,s_0394,r_0215
287,198,-1.0,s_0394,r_0222
287,199,-1.0,s_0394,r_0223
287,203,1.0,s_0394,r_0227
287,221,2.0,s_0394,r_0250
287,241,1.0,s_0394,r_0273
287,270,1.0,s_0394,r_0306
287,271,1.0,s_0394,r_0307
287,291,1.0,s_0394,r_0330
287,293,1.0,s_0394,r_0332
287,295,1.0,s_0394,r_0335
287,302,1.0,s_0394,r_0346
287,310,1.0,s_0394,r_0354
287,314,1.0,s_0394,r_0358
287,319,1.0,s_0394,r_0363
287,323,1.0,s_0394,r_0368
287,341,1.0,s_0394,r_0446
287,352,1.0,s_0394,r_0458
287,354,1.0,s_0394,r_0460
287,362,1.0,s_0394,r_0468
287,369,1.0,s_0394,r_0476
287,378,1.0,s_0394,r_0485
287,381,1.0,s_0394,r_0488
287,412,1.0,s_0394,r_0528
287,417,1.0,s_0394,r_0533
287,418,1.0,s_0394,r_0534
287,419,1.0,s_0394,r_0535
287,432,1.0,s_0394,r_0548
287,440,1.0,s_0394,r_0556
287,444,1.0,s_0394,r_0561
287,590,1.0,s_0394,r_0735
287,594,1.0,s_0394,r_0739
287,613,1.0,s_0394,r_0765
287,619,1.0,s_0394,r_0771
287,622,1.0,s_0394,r_0774
287,631,-1.0,s_0394,r_0788
287,637,1.0,s_0394,r_0795
287,638,1.0,s_0394,r_0796
287,639,1.0,s_0394,r_0797
287,640,1.0,s_0394,r_0798
287,641,1.0,s_0394,r_0799
287,642,1.0,s_0394,r_0800
287,643,1.0,s_0394,r_0801
287,644,1.0,s_0394,r_0802
287,645,1.0,s_0394,r_0803
287,651,1.0,s_0394,r_0811
287,664,1.0,s_0394,r_0842
287,676,1.0,s_0394,r_0855
287,679,1.0,s_0394,r_0884
287,681,1.0,s_0394,r_0886
287,682,1.0,s_0394,r_0887
287,687,-1.0,s_0394,r_0892
287,690,1.0,s_0394,r_0903
287,691,1.0,s_0394,r_0904
287,695,1.0,s_0394,r_0908
287,701,1.0,s_0394,r_0914
287,728,1.0,s_0394,r_0958
287,732,-1.0,s_0394,r_0962
287,734,1.0,s_0394,r_0964
287,735,1.0,s_0394,r_0965
287,739,1.0,s_0394,r_0969
287,744,-1.0,s_0394,r_0974
287,751,1.0,s_0394,r_0983
287,763,1.0,s_0394,r_0997
287,784,1.0,s_0394,r_1026
287,786,1.0,s_0394,r_1028
287,789,1.0,s_0394,r_1031
287,793,1.0,s_0394,r_1035
287,822,1.0,s_0394,r_1072
287,825,1.0,s_0394,r_1075
287,827,1.0,s_0394,r_1077
287,829,1.0,s_0394,r_1079
287,835,1.0,s_0394,r_1085
287,836,1.0,s_0394,r_1086
287,844,1.0,s_0394,r_1094
287,859,-1.0,s_0394,r_1110
287,860,1.0,s_0394,r_1111
287,1100,1.0,s_0394,r_1624
287,1118,-1.0,s_0394,r_1644
287,1119,-1.0,s_0394,r_1645
287,1168,1.0,s_0394,r_1703
287,1169,1.0,s_0394,r_1704
287,1189,-1.0,s_0394,r_1724
287,1194,1.0,s_0394,r_1729
287,1199,1.0,s_0394,r_1734
287,1201,1.0,s_0394,r_1736
287,1241,1.0,s_0394,r_1797
287,1263,1.0,s_0394,r_1821
287,1291,1.0,s_0394,r_1850
287,1426,1.0,s_0394,r_2025
287,1427,1.0,s_0394,r_2026
287,1430,1.0,s_0394,r_2029
287,1466,1.0,s_0394,r_2069
287,1469,1.0,s_0394,r_2074
287,1596,1.0,s_0394,r_2219
287,1597,1.0,s_0394,r_2220
287,1598,1.0,s_0394,r_2221
287,1599,1.0,s_0394,r_2222
287,1600,1.0,s_0394,r_2223
287,1601,1.0,s_0394,r_2224
287,1602,1.0,s_0394,r_2225
287,1603,1.0,s_0394,r_2226
287,1604,1.0,s_0394,r_2227
287,1605,1.0,s_0394,r_2228
287,2967,-1.0,s_0394,r_3602
287,3017,-1.0,s_0394,r_3652
287,3032,-1.0,s_0394,r_3667
287,3405,55.3,s_0394,r_4041
287,3410,1.0,s_0394,r_4046
287,3536,1.0,s_0394,r_4172
287,3545,1.0,s_0394,r_4181
287,3568,1.0,s_0394,r_4205
287,3584,1.0,s_0394,r_4222
287,3586,1.0,s_0394,r_4224
287,3587,1.0,s_0394,r_4225
287,3593,1.0,s_0394,r_4232
287,3639,1.0,s_0394,r_4282
287,3640,1.0,s_0394,r_4283
287,3641,1.0,s_0394,r_4284
287,3642,1.0,s_0394,r_4285
287,3643,1.0,s_0394,r_4286
287,3644,1.0,s_0394,r_4287
287,3689,1.0,s_0394,r_4334
287,3721,-1.0,s_0394,r_4366
287,3748,1.0,s_0394,r_4393
287,3968,1.0,s_0394,r_4619
287,3973,1.0,s_0394,r_4624
287,4070,2.0,s_0394,r_4722
287,4095,1.0,s_0394,r_4747
287,4096,1.0,s_0394,r_4748
287,4105,1.0,s_0394,r_4757
287,4117,1.0,s_0394,r_4769
288,772,1.0,s_0395,r_1006
288,773,1.0,s_0395,r_1007
288,1119,1.0,s_0395,r_1645
289,89,1.0,s_0397,r_0108
289,95,1.0,s_0397,r_0115
289,127,2.0,s_0397,r_0149
289,128,1.0,s_0397,r_0150
289,202,-1.0,s_0397,r_0226
289,294,1.0,s_0397,r_0334
289,342,1.0,s_0397,r_0447
289,530,1.0,s_0397,r_0668
289,614,1.0,s_0397,r_0766
289,620,1.0,s_0397,r_0772
289,623,1.0,s_0397,r_0775
289,736,1.0,s_0397,r_0966
289,780,-1.0,s_0397,r_1022
289,859,1.0,s_0397,r_1110
289,1099,1.0,s_0397,r_1623
289,3519,1.0,s_0397,r_4155
289,3692,1.0,s_0397,r_4337
289,3957,1.0,s_0397,r_4608
289,4118,1.0,s_0397,r_4770
289,4119,1.0,s_0397,r_4771
289,4120,1.0,s_0397,r_4772
289,4121,1.0,s_0397,r_4773
289,4122,1.0,s_0397,r_4774
289,4123,1.0,s_0397,r_4775
289,4124,1.0,s_0397,r_4776
289,4125,1.0,s_0397,r_4777
289,4126,1.0,s_0397,r_4778
290,454,1.0,s_0398,r_0571
290,455,1.0,s_0398,r_0572
290,456,1.0,s_0398,r_0573
290,457,1.0,s_0398,r_0574
290,458,1.0,s_0398,r_0575
290,745,-1.0,s_0398,r_0975
290,823,1.0,s_0398,r_1073
290,830,1.0,s_0398,r_1080
290,1118,1.0,s_0398,r_1644
290,2219,1.0,s_0398,r_2844
290,2220,1.0,s_0398,r_2845
290,2221,1.0,s_0398,r_2846
290,2222,1.0,s_0398,r_2847
290,2223,1.0,s_0398,r_2848
290,2224,1.0,s_0398,r_2849
290,2225,1.0,s_0398,r_2850
290,2226,1.0,s_0398,r_2851
290,2235,1.0,s_0398,r_2860
290,2236,1.0,s_0398,r_2861
290,2237,1.0,s_0398,r_2862
290,2238,1.0,s_0398,r_2863
290,2239,1.0,s_0398,r_2864
290,2240,1.0,s_0398,r_2865
290,2241,1.0,s_0398,r_2866
290,2242,1.0,s_0398,r_2867
291,860,-1.0,s_0399,r_1111
292,615,1.0,s_0402,r_0767
292,3952,1.0,s_0402,r_4603
293,129,1.0,s_0403,r_0151
293,446,1.0,s_0403,r_0563
293,699,-1.0,s_0403,r_0912
294,135,1.0,s_0404,r_0157
294,3411,-0.527012401964609,s_0404,r_4047
295,167,-1.0,s_0405,r_0189
295,168,1.0,s_0405,r_0190
295,862,1.0,s_0405,r_1113
296,862,-1.0,s_0406,r_1113
296,1121,-1.0,s_0406,r_1648
297,168,-1.0,s_0407,r_0190
297,863,1.0,s_0407,r_1114
298,863,-1.0,s_0408,r_1114
298,1122,-1.0,s_0408,r_1649
299,173,1.0,s_0409,r_0195
299,808,-1.0,s_0409,r_1051
300,352,1.0,s_0410,r_0458
300,353,-1.0,s_0410,r_0459
300,821,-1.0,s_0410,r_1071
300,3584,1.0,s_0410,r_4222
301,685,-1.0,s_0411,r_0890
302,359,-1.0,s_0412,r_0465
302,370,1.0,s_0412,r_0477
302,608,-1.0,s_0412,r_0760
302,685,1.0,s_0412,r_0890
302,1178,1.0,s_0412,r_1713
302,3643,1.0,s_0412,r_4286
303,1124,-1.0,s_0413,r_1651
303,1178,-1.0,s_0413,r_1713
304,170,1.0,s_0414,r_0192
305,694,-1.0,s_0415,r_0907
305,719,1.0,s_0415,r_0943
305,720,1.0,s_0415,r_0949
305,722,1.0,s_0415,r_0951
305,1432,1.0,s_0415,r_2031
305,4097,1.0,s_0415,r_4749
306,721,1.0,s_0416,r_0950
307,787,1.0,s_0417,r_1029
307,4054,1.0,s_0417,r_4706
308,176,-1.0,s_0418,r_0200
308,1313,1.0,s_0418,r_1872
309,9,1.0,s_0419,r_0014
309,117,1.0,s_0419,r_0138
309,119,1.0,s_0419,r_0140
309,121,1.0,s_0419,r_0143
309,169,2.0,s_0419,r_0191
309,175,1.0,s_0419,r_0199
309,176,1.0,s_0419,r_0200
309,271,-1.0,s_0419,r_0307
309,272,1.0,s_0419,r_0308
309,274,1.0,s_0419,r_0310
309,278,1.0,s_0419,r_0314
309,281,1.0,s_0419,r_0318
309,287,1.0,s_0419,r_0326
309,288,1.0,s_0419,r_0327
309,289,1.0,s_0419,r_0328
309,290,1.0,s_0419,r_0329
309,359,1.0,s_0419,r_0465
309,364,1.0,s_0419,r_0470
309,365,-1.0,s_0419,r_0471
309,368,1.0,s_0419,r_0475
309,369,-1.0,s_0419,r_0476
309,410,1.0,s_0419,r_0526
309,441,4.0,s_0419,r_0557
309,540,1.0,s_0419,r_0679
309,547,1.0,s_0419,r_0689
309,550,1.0,s_0419,r_0692
309,624,1.0,s_0419,r_0781
309,723,-1.0,s_0419,r_0953
309,724,1.0,s_0419,r_0954
309,826,2.0,s_0419,r_1076
309,864,1.0,s_0419,r_1115
309,1187,1.0,s_0419,r_1722
309,1188,1.0,s_0419,r_1723
309,1189,1.0,s_0419,r_1724
309,1190,1.0,s_0419,r_1725
309,1386,-1.0,s_0419,r_1965
309,3569,1.0,s_0419,r_4206
309,3589,1.0,s_0419,r_4227
309,3590,1.0,s_0419,r_4228
309,3591,-1.0,s_0419,r_4230
309,3592,1.0,s_0419,r_4231
309,3607,1.0,s_0419,r_4248
309,3631,1.0,s_0419,r_4274
309,3635,-1.0,s_0419,r_4278
309,3691,1.0,s_0419,r_4336
309,3766,1.0,s_0419,r_4411
309,4112,1.0,s_0419,r_4764
310,541,1.0,s_0420,r_0680
310,864,-1.0,s_0420,r_1115
310,1126,-1.0,s_0420,r_1654
311,389,1.0,s_0421,r_0501
311,395,1.0,s_0421,r_0507
311,397,1.0,s_0421,r_0509
311,551,1.0,s_0421,r_0693
311,1386,1.0,s_0421,r_1965
311,4049,1.0,s_0421,r_4701
312,26,1.0,s_0423,r_0032
312,27,1.0,s_0423,r_0033
312,92,1.0,s_0423,r_0112
312,118,1.0,s_0423,r_0139
312,120,1.0,s_0423,r_0142
312,121,-1.0,s_0423,r_0143
312,126,-1.0,s_0423,r_0148
312,130,1.0,s_0423,r_0152
312,135,1.0,s_0423,r_0157
312,184,1.0,s_0423,r_0208
312,185,1.0,s_0423,r_0209
312,187,1.0,s_0423,r_0211
312,188,1.0,s_0423,r_0212
312,196,1.0,s_0423,r_0220
312,277,1.0,s_0423,r_0313
312,371,1.0,s_0423,r_0478
312,372,1.0,s_0423,r_0479
312,400,1.0,s_0423,r_0512
312,401,1.0,s_0423,r_0514
312,423,1.0,s_0423,r_0539
312,527,1.0,s_0423,r_0665
312,539,1.0,s_0423,r_0678
312,559,1.0,s_0423,r_0701
312,567,1.0,s_0423,r_0711
312,584,1.0,s_0423,r_0729
312,616,1.0,s_0423,r_0768
312,631,1.0,s_0423,r_0788
312,665,1.0,s_0423,r_0843
312,673,1.0,s_0423,r_0852
312,703,1.0,s_0423,r_0916
312,717,1.0,s_0423,r_0941
312,761,1.0,s_0423,r_0995
312,792,1.0,s_0423,r_1034
312,800,1.0,s_0423,r_1042
312,812,1.0,s_0423,r_1057
312,816,1.0,s_0423,r_1066
312,839,1.0,s_0423,r_1089
312,865,1.0,s_0423,r_1116
312,962,1.0,s_0423,r_1231
312,1089,-1.0,s_0423,r_1613
312,1127,1.0,s_0423,r_1656
312,2909,-1.0,s_0423,r_3544
312,2951,-1.0,s_0423,r_3586
312,3413,-0.0445348319234424,s_0423,r_4049
312,3524,1.0,s_0423,r_4160
312,3616,1.0,s_0423,r_4258
312,3635,1.0,s_0423,r_4278
312,3751,1.0,s_0423,r_4396
312,3818,1.0,s_0423,r_4463
312,3933,1.0,s_0423,r_4584
312,4117,1.0,s_0423,r_4769
312,4129,1.0,s_0423,r_4781
313,12,1.0,s_0424,r_0017
313,93,1.0,s_0424,r_0113
313,127,-1.0,s_0424,r_0149
313,128,-1.0,s_0424,r_0150
313,186,1.0,s_0424,r_0210
313,189,1.0,s_0424,r_0213
313,197,1.0,s_0424,r_0221
313,373,1.0,s_0424,r_0480
313,424,1.0,s_0424,r_0540
313,528,1.0,s_0424,r_0666
313,560,1.0,s_0424,r_0702
313,568,1.0,s_0424,r_0712
313,585,1.0,s_0424,r_0730
313,674,1.0,s_0424,r_0853
313,801,1.0,s_0424,r_1043
313,813,1.0,s_0424,r_1058
313,817,1.0,s_0424,r_1067
313,840,1.0,s_0424,r_1090
313,962,-1.0,s_0424,r_1231
313,3550,1.0,s_0424,r_4187
314,94,1.0,s_0425,r_0114
314,617,1.0,s_0425,r_0769
314,1127,-1.0,s_0425,r_1656
315,327,1.0,s_0426,r_0399
315,328,1.0,s_0426,r_0400
315,329,1.0,s_0426,r_0402
315,330,1.0,s_0426,r_0410
315,331,1.0,s_0426,r_0412
315,612,1.0,s_0426,r_0764
315,865,-1.0,s_0426,r_1116
315,1583,1.0,s_0426,r_2206
315,1584,1.0,s_0426,r_2207
315,1585,1.0,s_0426,r_2208
315,3528,1.0,s_0426,r_4164
315,4028,1.0,s_0426,r_4679
315,4107,1.0,s_0426,r_4759
316,178,-1.0,s_0427,r_0202
316,179,1.0,s_0427,r_0203
316,532,1.0,s_0427,r_0670
317,185,1.0,s_0428,r_0209
317,3411,-0.184592178971158,s_0428,r_4047
317,3599,-1.0,s_0428,r_4239
318,186,1.0,s_0429,r_0210
319,188,1.0,s_0430,r_0212
319,3411,-0.116820320233205,s_0430,r_4047
320,189,1.0,s_0431,r_0213
321,196,1.0,s_0432,r_0220
321,3411,-0.341731040134025,s_0432,r_4047
322,197,1.0,s_0433,r_0221
323,56,-1.0,s_0434,r_0074
323,61,-1.0,s_0434,r_0079
323,65,-1.0,s_0434,r_0083
323,66,-1.0,s_0434,r_0084
323,72,-1.0,s_0434,r_0090
323,75,-1.0,s_0434,r_0093
323,90,-1.0,s_0434,r_0109
323,92,-1.0,s_0434,r_0112
323,120,-1.0,s_0434,r_0142
323,125,-1.0,s_0434,r_0147
323,126,-1.0,s_0434,r_0148
323,132,-1.0,s_0434,r_0154
323,135,-1.0,s_0434,r_0157
323,184,-1.0,s_0434,r_0208
323,185,-1.0,s_0434,r_0209
323,187,-1.0,s_0434,r_0211
323,188,-1.0,s_0434,r_0212
323,191,-1.0,s_0434,r_0215
323,196,-1.0,s_0434,r_0220
323,198,-1.0,s_0434,r_0222
323,201,-1.0,s_0434,r_0225
323,203,-1.0,s_0434,r_0227
323,206,-1.0,s_0434,r_0230
323,221,-2.0,s_0434,r_0250
323,241,-1.0,s_0434,r_0273
323,270,-1.0,s_0434,r_0306
323,271,-1.0,s_0434,r_0307
323,277,-1.0,s_0434,r_0313
323,291,-1.0,s_0434,r_0330
323,293,-1.0,s_0434,r_0332
323,295,-1.0,s_0434,r_0335
323,302,-1.0,s_0434,r_0346
323,310,-1.0,s_0434,r_0354
323,314,-1.0,s_0434,r_0358
323,319,-1.0,s_0434,r_0363
323,323,-1.0,s_0434,r_0368
323,336,-1.0,s_0434,r_0440
323,341,-1.0,s_0434,r_0446
323,352,-1.0,s_0434,r_0458
323,354,-1.0,s_0434,r_0460
323,362,-1.0,s_0434,r_0468
323,369,-1.0,s_0434,r_0476
323,371,-1.0,s_0434,r_0478
323,372,-1.0,s_0434,r_0479
323,378,-1.0,s_0434,r_0485
323,381,-1.0,s_0434,r_0488
323,400,-1.0,s_0434,r_0512
323,401,-1.0,s_0434,r_0514
323,412,-1.0,s_0434,r_0528
323,417,-1.0,s_0434,r_0533
323,418,-1.0,s_0434,r_0534
323,419,-1.0,s_0434,r_0535
323,423,-1.0,s_0434,r_0539
323,432,-1.0,s_0434,r_0548
323,440,-1.0,s_0434,r_0556
323,444,-1.0,s_0434,r_0561
323,527,-1.0,s_0434,r_0665
323,539,-1.0,s_0434,r_0678
323,559,-1.0,s_0434,r_0701
323,567,-1.0,s_0434,r_0711
323,581,-1.0,s_0434,r_0726
323,584,-1.0,s_0434,r_0729
323,590,-1.0,s_0434,r_0735
323,594,-1.0,s_0434,r_0739
323,613,-1.0,s_0434,r_0765
323,616,-1.0,s_0434,r_0768
323,619,-1.0,s_0434,r_0771
323,622,-1.0,s_0434,r_0774
323,626,-1.0,s_0434,r_0783
323,628,-1.0,s_0434,r_0785
323,637,-1.0,s_0434,r_0795
323,638,-1.0,s_0434,r_0796
323,639,-1.0,s_0434,r_0797
323,640,-1.0,s_0434,r_0798
323,641,-1.0,s_0434,r_0799
323,642,-1.0,s_0434,r_0800
323,643,-1.0,s_0434,r_0801
323,644,-1.0,s_0434,r_0802
323,645,-1.0,s_0434,r_0803
323,651,-1.0,s_0434,r_0811
323,663,-1.0,s_0434,r_0841
323,664,-1.0,s_0434,r_0842
323,665,-1.0,s_0434,r_0843
323,673,-1.0,s_0434,r_0852
323,676,-1.0,s_0434,r_0855
323,679,-1.0,s_0434,r_0884
323,681,-1.0,s_0434,r_0886
323,682,-1.0,s_0434,r_0887
323,687,1.0,s_0434,r_0892
323,690,-1.0,s_0434,r_0903
323,691,-1.0,s_0434,r_0904
323,695,-1.0,s_0434,r_0908
323,701,-1.0,s_0434,r_0914
323,703,-1.0,s_0434,r_0916
323,717,-1.0,s_0434,r_0941
323,728,-1.0,s_0434,r_0958
323,732,1.0,s_0434,r_0962
323,734,-1.0,s_0434,r_0964
323,735,-1.0,s_0434,r_0965
323,739,-1.0,s_0434,r_0969
323,740,-1.0,s_0434,r_0970
323,751,-1.0,s_0434,r_0983
323,761,-1.0,s_0434,r_0995
323,763,-1.0,s_0434,r_0997
323,783,-1.0,s_0434,r_1025
323,786,-1.0,s_0434,r_1028
323,789,-1.0,s_0434,r_1031
323,792,-1.0,s_0434,r_1034
323,793,-1.0,s_0434,r_1035
323,800,-1.0,s_0434,r_1042
323,812,-1.0,s_0434,r_1057
323,816,-1.0,s_0434,r_1066
323,822,-1.0,s_0434,r_1072
323,825,-1.0,s_0434,r_1075
323,827,-1.0,s_0434,r_1077
323,829,-1.0,s_0434,r_1079
323,835,-1.0,s_0434,r_1085
323,836,-1.0,s_0434,r_1086
323,839,-1.0,s_0434,r_1089
323,844,-1.0,s_0434,r_1094
323,859,1.0,s_0434,r_1110
323,860,-1.0,s_0434,r_1111
323,865,-1.0,s_0434,r_1116
323,1100,-1.0,s_0434,r_1624
323,1131,-1.0,s_0434,r_1660
323,1132,-1.0,s_0434,r_1661
323,1168,-1.0,s_0434,r_1703
323,1169,-1.0,s_0434,r_1704
323,1187,-1.0,s_0434,r_1722
323,1194,-1.0,s_0434,r_1729
323,1199,-1.0,s_0434,r_1734
323,1201,-1.0,s_0434,r_1736
323,1241,-1.0,s_0434,r_1797
323,1263,-1.0,s_0434,r_1821
323,1291,-1.0,s_0434,r_1850
323,1426,-1.0,s_0434,r_2025
323,1427,-1.0,s_0434,r_2026
323,1430,-1.0,s_0434,r_2029
323,1466,-1.0,s_0434,r_2069
323,1469,-1.0,s_0434,r_2074
323,1596,-1.0,s_0434,r_2219
323,1597,-1.0,s_0434,r_2220
323,1598,-1.0,s_0434,r_2221
323,1599,-1.0,s_0434,r_2222
323,1600,-1.0,s_0434,r_2223
323,1601,-1.0,s_0434,r_2224
323,1602,-1.0,s_0434,r_2225
323,1603,-1.0,s_0434,r_2226
323,1604,-1.0,s_0434,r_2227
323,1605,-1.0,s_0434,r_2228
323,2908,-1.0,s_0434,r_3543
323,2950,-1.0,s_0434,r_3585
323,2966,-1.0,s_0434,r_3601
323,3016,-1.0,s_0434,r_3651
323,3031,-1.0,s_0434,r_3666
323,3405,-55.3,s_0434,r_4041
323,3410,-1.0,s_0434,r_4046
323,3536,-1.0,s_0434,r_4172
323,3545,-1.0,s_0434,r_4181
323,3568,-1.0,s_0434,r_4205
323,3584,-1.0,s_0434,r_4222
323,3586,-1.0,s_0434,r_4224
323,3587,-1.0,s_0434,r_4225
323,3593,-1.0,s_0434,r_4232
323,3606,-1.0,s_0434,r_4247
323,3615,-1.0,s_0434,r_4256
323,3616,-1.0,s_0434,r_4258
323,3635,-1.0,s_0434,r_4278
323,3639,-1.0,s_0434,r_4282
323,3640,-1.0,s_0434,r_4283
323,3641,-1.0,s_0434,r_4284
323,3642,-1.0,s_0434,r_4285
323,3643,-1.0,s_0434,r_4286
323,3644,-1.0,s_0434,r_4287
323,3689,-1.0,s_0434,r_4334
323,3721,1.0,s_0434,r_4366
323,3748,-1.0,s_0434,r_4393
323,3751,-1.0,s_0434,r_4396
323,3933,-1.0,s_0434,r_4584
323,3957,-1.0,s_0434,r_4608
323,3968,-1.0,s_0434,r_4619
323,3973,-1.0,s_0434,r_4624
323,4070,-2.0,s_0434,r_4722
323,4095,-1.0,s_0434,r_4747
323,4096,-1.0,s_0434,r_4748
323,4105,-1.0,s_0434,r_4757
324,772,-1.0,s_0435,r_1006
324,773,-1.0,s_0435,r_1007
324,1132,1.0,s_0435,r_1661
325,12,-1.0,s_0437,r_0017
325,89,-1.0,s_0437,r_0108
325,93,-1.0,s_0437,r_0113
325,95,-1.0,s_0437,r_0115
325,127,-1.0,s_0437,r_0149
325,186,-1.0,s_0437,r_0210
325,189,-1.0,s_0437,r_0213
325,197,-1.0,s_0437,r_0221
325,202,1.0,s_0437,r_0226
325,294,-1.0,s_0437,r_0334
325,342,-1.0,s_0437,r_0447
325,373,-1.0,s_0437,r_0480
325,424,-1.0,s_0437,r_0540
325,528,-1.0,s_0437,r_0666
325,530,-1.0,s_0437,r_0668
325,560,-1.0,s_0437,r_0702
325,568,-1.0,s_0437,r_0712
325,585,-1.0,s_0437,r_0730
325,614,-1.0,s_0437,r_0766
325,620,-1.0,s_0437,r_0772
325,623,-1.0,s_0437,r_0775
325,674,-1.0,s_0437,r_0853
325,736,-1.0,s_0437,r_0966
325,780,1.0,s_0437,r_1022
325,801,-1.0,s_0437,r_1043
325,813,-1.0,s_0437,r_1058
325,817,-1.0,s_0437,r_1067
325,840,-1.0,s_0437,r_1090
325,859,-1.0,s_0437,r_1110
325,1099,-1.0,s_0437,r_1623
325,1234,-1.0,s_0437,r_1790
325,1412,-1.0,s_0437,r_1997
325,3519,-1.0,s_0437,r_4155
325,3550,-1.0,s_0437,r_4187
325,3692,-1.0,s_0437,r_4337
325,4118,-1.0,s_0437,r_4770
325,4119,-1.0,s_0437,r_4771
325,4120,-1.0,s_0437,r_4772
325,4121,-1.0,s_0437,r_4773
325,4122,-1.0,s_0437,r_4774
325,4123,-1.0,s_0437,r_4775
325,4124,-1.0,s_0437,r_4776
325,4125,-1.0,s_0437,r_4777
325,4126,-1.0,s_0437,r_4778
326,94,-1.0,s_0438,r_0114
326,454,-1.0,s_0438,r_0571
326,455,-1.0,s_0438,r_0572
326,456,-1.0,s_0438,r_0573
326,457,-1.0,s_0438,r_0574
326,458,-1.0,s_0438,r_0575
326,617,-1.0,s_0438,r_0769
326,627,-1.0,s_0438,r_0784
326,823,-1.0,s_0438,r_1073
326,830,-1.0,s_0438,r_1080
326,1131,1.0,s_0438,r_1660
326,2219,-1.0,s_0438,r_2844
326,2220,-1.0,s_0438,r_2845
326,2221,-1.0,s_0438,r_2846
326,2222,-1.0,s_0438,r_2847
326,2223,-1.0,s_0438,r_2848
326,2224,-1.0,s_0438,r_2849
326,2225,-1.0,s_0438,r_2850
326,2226,-1.0,s_0438,r_2851
326,2235,-1.0,s_0438,r_2860
326,2236,-1.0,s_0438,r_2861
326,2237,-1.0,s_0438,r_2862
326,2238,-1.0,s_0438,r_2863
326,2239,-1.0,s_0438,r_2864
326,2240,-1.0,s_0438,r_2865
326,2241,-1.0,s_0438,r_2866
326,2242,-1.0,s_0438,r_2867
327,327,-1.0,s_0439,r_0399
327,328,-1.0,s_0439,r_0400
327,329,-1.0,s_0439,r_0402
327,330,-1.0,s_0439,r_0410
327,331,-1.0,s_0439,r_0412
327,860,1.0,s_0439,r_1111
327,865,1.0,s_0439,r_1116
327,1583,-1.0,s_0439,r_2206
327,1584,-1.0,s_0439,r_2207
327,1585,-1.0,s_0439,r_2208
327,3528,-1.0,s_0439,r_4164
327,4028,-1.0,s_0439,r_4679
328,150,1.0,s_0441,r_0172
328,665,-1.0,s_0441,r_0843
328,3926,-1.0,s_0441,r_4572
329,72,1.0,s_0442,r_0090
329,343,-1.0,s_0442,r_0448
329,3639,1.0,s_0442,r_4282
330,204,1.0,s_0443,r_0228
331,170,-1.0,s_0444,r_0192
332,90,-1.0,s_0445,r_0109
332,221,-1.0,s_0445,r_0250
332,728,-1.0,s_0445,r_0958
332,825,-1.0,s_0445,r_1075
332,1136,1.0,s_0445,r_1667
332,1138,-1.0,s_0445,r_1669
332,3606,-1.0,s_0445,r_4247
333,1133,-1.0,s_0446,r_1663
333,1137,1.0,s_0446,r_1668
334,89,-1.0,s_0447,r_0108
334,1134,1.0,s_0447,r_1664
335,1135,1.0,s_0448,r_1665
335,1138,1.0,s_0448,r_1669
336,1499,-1.0,s_0450,r_2111
336,3405,1.0,s_0450,r_4041
337,205,1.0,s_0451,r_0229
337,206,-1.0,s_0451,r_0230
337,867,1.0,s_0451,r_1119
338,867,-1.0,s_0452,r_1119
338,1139,-1.0,s_0452,r_1671
339,206,1.0,s_0453,r_0230
340,22,1.0,s_0454,r_0027
340,426,-1.0,s_0454,r_0542
341,190,-1.0,s_0455,r_0214
341,221,1.0,s_0455,r_0250
341,655,-1.0,s_0455,r_0816
341,3802,1.0,s_0455,r_4447
342,24,1.0,s_0456,r_0029
342,45,1.0,s_0456,r_0062
342,47,1.0,s_0456,r_0064
342,54,1.0,s_0456,r_0072
342,76,1.0,s_0456,r_0094
342,123,1.0,s_0456,r_0145
342,169,2.0,s_0456,r_0191
342,209,1.0,s_0456,r_0234
342,210,1.0,s_0456,r_0235
342,269,2.0,s_0456,r_0304
342,295,-1.0,s_0456,r_0335
342,340,1.0,s_0456,r_0445
342,363,1.0,s_0456,r_0469
342,449,1.0,s_0456,r_0566
342,450,1.0,s_0456,r_0567
342,522,1.0,s_0456,r_0659
342,594,1.0,s_0456,r_0739
342,629,1.0,s_0456,r_0786
342,656,1.0,s_0456,r_0817
342,660,1.0,s_0456,r_0821
342,675,1.0,s_0456,r_0854
342,679,1.0,s_0456,r_0884
342,684,1.0,s_0456,r_0889
342,693,1.0,s_0456,r_0906
342,698,-1.0,s_0456,r_0911
342,714,1.0,s_0456,r_0938
342,715,1.0,s_0456,r_0939
342,729,1.0,s_0456,r_0959
342,730,1.0,s_0456,r_0960
342,787,1.0,s_0456,r_1029
342,826,1.0,s_0456,r_1076
342,831,4.0,s_0456,r_1081
342,1136,-1.0,s_0456,r_1667
342,1159,-1.0,s_0456,r_1691
342,1160,1.0,s_0456,r_1694
342,1161,-1.0,s_0456,r_1695
342,1162,-1.0,s_0456,r_1696
342,1163,-1.0,s_0456,r_1697
342,1313,1.0,s_0456,r_1872
342,1517,7.0,s_0456,r_2140
342,1518,8.0,s_0456,r_2141
342,2892,-1.0,s_0456,r_3527
342,3018,-1.0,s_0456,r_3653
342,3030,-1.0,s_0456,r_3665
342,3034,-1.0,s_0456,r_3669
342,3548,1.0,s_0456,r_4185
342,3840,1.0,s_0456,r_4485
342,3927,1.0,s_0456,r_4573
342,3928,1.0,s_0456,r_4574
342,3929,1.0,s_0456,r_4575
342,3930,1.0,s_0456,r_4581
342,4000,1.0,s_0456,r_4651
342,4009,1.0,s_0456,r_4660
342,4018,1.0,s_0456,r_4669
342,4054,1.0,s_0456,r_4706
342,4101,1.0,s_0456,r_4753
342,4129,1.0,s_0456,r_4781
343,760,1.0,s_0457,r_0993
343,1159,1.0,s_0457,r_1691
344,1137,-1.0,s_0458,r_1668
344,1140,-1.0,s_0458,r_1672
344,1163,1.0,s_0458,r_1697
345,11,1.0,s_0460,r_0016
345,25,1.0,s_0460,r_0030
345,38,1.0,s_0460,r_0044
345,63,1.0,s_0460,r_0081
345,79,1.0,s_0460,r_0097
345,389,1.0,s_0460,r_0501
345,392,1.0,s_0460,r_0504
345,394,1.0,s_0460,r_0506
345,429,1.0,s_0460,r_0545
345,521,1.0,s_0460,r_0658
345,574,1.0,s_0460,r_0718
345,575,1.0,s_0460,r_0719
345,630,1.0,s_0460,r_0787
345,662,1.0,s_0460,r_0832
345,731,1.0,s_0460,r_0961
345,1134,-1.0,s_0460,r_1664
345,1162,1.0,s_0460,r_1696
345,1511,1.0,s_0460,r_2131
345,1519,1.0,s_0460,r_2142
345,1520,1.0,s_0460,r_2143
345,1521,1.0,s_0460,r_2144
346,1135,-1.0,s_0461,r_1665
346,1160,-1.0,s_0461,r_1694
347,523,1.0,s_0462,r_0661
347,1161,1.0,s_0462,r_1695
348,576,1.0,s_0465,r_0721
348,1519,-1.0,s_0465,r_2142
348,1520,-1.0,s_0465,r_2143
348,1521,-1.0,s_0465,r_2144
349,316,1.0,s_0467,r_0360
349,591,1.0,s_0467,r_0736
349,635,-1.0,s_0467,r_0792
349,637,-1.0,s_0467,r_0795
349,648,1.0,s_0467,r_0806
349,746,-1.0,s_0467,r_0976
349,1143,-1.0,s_0467,r_1675
349,1168,1.0,s_0467,r_1703
349,2904,-1.0,s_0467,r_3539
350,747,-1.0,s_0468,r_0977
350,1143,1.0,s_0468,r_1675
351,242,1.0,s_0469,r_0274
351,2907,-1.0,s_0469,r_3542
352,680,1.0,s_0474,r_0885
352,2906,-1.0,s_0474,r_3541
353,227,-1.0,s_0475,r_0259
353,228,-1.0,s_0475,r_0260
353,231,1.0,s_0475,r_0263
353,296,1.0,s_0475,r_0340
353,459,1.0,s_0475,r_0596
353,469,1.0,s_0475,r_0606
353,509,1.0,s_0475,r_0646
353,1144,1.0,s_0475,r_1676
354,1144,-1.0,s_0476,r_1676
354,2793,-1.0,s_0476,r_3428
354,2794,-1.0,s_0476,r_3429
354,2795,-1.0,s_0476,r_3430
354,2796,-1.0,s_0476,r_3431
354,2797,-1.0,s_0476,r_3432
354,2798,-1.0,s_0476,r_3433
354,2799,-1.0,s_0476,r_3434
354,2800,-1.0,s_0476,r_3435
354,3430,-1.0,s_0476,r_4066
355,479,1.0,s_0477,r_0616
355,489,1.0,s_0477,r_0626
355,499,1.0,s_0477,r_0636
356,229,-1.0,s_0478,r_0261
356,230,-1.0,s_0478,r_0262
356,232,1.0,s_0478,r_0264
356,297,1.0,s_0478,r_0341
356,460,1.0,s_0478,r_0597
356,470,1.0,s_0478,r_0607
356,510,1.0,s_0478,r_0647
356,1147,1.0,s_0478,r_1679
357,1147,-1.0,s_0479,r_1679
357,2801,-1.0,s_0479,r_3436
357,2802,-1.0,s_0479,r_3437
357,2803,-1.0,s_0479,r_3438
357,2804,-1.0,s_0479,r_3439
357,2805,-1.0,s_0479,r_3440
357,2806,-1.0,s_0479,r_3441
357,2807,-1.0,s_0479,r_3442
357,2808,-1.0,s_0479,r_3443
357,3431,-1.0,s_0479,r_4067
358,480,1.0,s_0480,r_0617
358,490,1.0,s_0480,r_0627
358,500,1.0,s_0480,r_0637
359,227,1.0,s_0481,r_0259
359,233,1.0,s_0481,r_0265
359,235,-1.0,s_0481,r_0267
359,298,-1.0,s_0481,r_0342
359,463,1.0,s_0481,r_0600
359,473,1.0,s_0481,r_0610
359,513,1.0,s_0481,r_0650
359,706,1.0,s_0481,r_0919
359,1145,1.0,s_0481,r_1677
360,1145,-1.0,s_0482,r_1677
360,2825,-1.0,s_0482,r_3460
360,2826,-1.0,s_0482,r_3461
360,2827,-1.0,s_0482,r_3462
360,2828,-1.0,s_0482,r_3463
360,2829,-1.0,s_0482,r_3464
360,2830,-1.0,s_0482,r_3465
360,2831,-1.0,s_0482,r_3466
360,2832,-1.0,s_0482,r_3467
360,3432,-1.0,s_0482,r_4068
361,483,1.0,s_0483,r_0620
361,493,1.0,s_0483,r_0630
361,503,1.0,s_0483,r_0640
362,229,1.0,s_0484,r_0261
362,234,1.0,s_0484,r_0266
362,236,-1.0,s_0484,r_0268
362,299,-1.0,s_0484,r_0343
362,464,1.0,s_0484,r_0601
362,474,1.0,s_0484,r_0611
362,514,1.0,s_0484,r_0651
362,707,1.0,s_0484,r_0920
362,1148,1.0,s_0484,r_1680
363,1148,-1.0,s_0485,r_1680
363,2833,-1.0,s_0485,r_3468
363,2834,-1.0,s_0485,r_3469
363,2835,-1.0,s_0485,r_3470
363,2836,-1.0,s_0485,r_3471
363,2837,-1.0,s_0485,r_3472
363,2838,-1.0,s_0485,r_3473
363,2839,-1.0,s_0485,r_3474
363,2840,-1.0,s_0485,r_3475
363,3433,-1.0,s_0485,r_4069
364,484,1.0,s_0486,r_0621
364,494,1.0,s_0486,r_0631
364,504,1.0,s_0486,r_0641
365,228,1.0,s_0487,r_0260
365,461,1.0,s_0487,r_0598
365,471,1.0,s_0487,r_0608
365,511,1.0,s_0487,r_0648
365,869,-1.0,s_0487,r_1121
366,869,1.0,s_0488,r_1121
366,2809,-1.0,s_0488,r_3444
366,2810,-1.0,s_0488,r_3445
366,2811,-1.0,s_0488,r_3446
366,2812,-1.0,s_0488,r_3447
366,2813,-1.0,s_0488,r_3448
366,2814,-1.0,s_0488,r_3449
366,2815,-1.0,s_0488,r_3450
366,2816,-1.0,s_0488,r_3451
366,3434,-1.0,s_0488,r_4070
367,481,1.0,s_0489,r_0618
367,491,1.0,s_0489,r_0628
367,501,1.0,s_0489,r_0638
368,230,1.0,s_0490,r_0262
368,462,1.0,s_0490,r_0599
368,472,1.0,s_0490,r_0609
368,512,1.0,s_0490,r_0649
368,870,-1.0,s_0490,r_1122
369,870,1.0,s_0491,r_1122
369,2817,-1.0,s_0491,r_3452
369,2818,-1.0,s_0491,r_3453
369,2819,-1.0,s_0491,r_3454
369,2820,-1.0,s_0491,r_3455
369,2821,-1.0,s_0491,r_3456
369,2822,-1.0,s_0491,r_3457
369,2823,-1.0,s_0491,r_3458
369,2824,-1.0,s_0491,r_3459
369,3435,-1.0,s_0491,r_4071
370,482,1.0,s_0492,r_0619
370,492,1.0,s_0492,r_0629
370,502,1.0,s_0492,r_0639
371,235,1.0,s_0493,r_0267
371,237,-1.0,s_0493,r_0269
371,465,1.0,s_0493,r_0602
371,475,1.0,s_0493,r_0612
371,515,1.0,s_0493,r_0652
371,871,-1.0,s_0493,r_1123
372,871,1.0,s_0494,r_1123
372,2841,-1.0,s_0494,r_3476
372,2842,-1.0,s_0494,r_3477
372,2843,-1.0,s_0494,r_3478
372,2844,-1.0,s_0494,r_3479
372,2845,-1.0,s_0494,r_3480
372,2846,-1.0,s_0494,r_3481
372,2847,-1.0,s_0494,r_3482
372,2848,-1.0,s_0494,r_3483
372,3436,-1.0,s_0494,r_4072
373,485,1.0,s_0495,r_0622
373,495,1.0,s_0495,r_0632
373,505,1.0,s_0495,r_0642
374,236,1.0,s_0496,r_0268
374,238,-1.0,s_0496,r_0270
374,466,1.0,s_0496,r_0603
374,476,1.0,s_0496,r_0613
374,516,1.0,s_0496,r_0653
374,872,-1.0,s_0496,r_1124
375,872,1.0,s_0497,r_1124
375,2849,-1.0,s_0497,r_3484
375,2850,-1.0,s_0497,r_3485
375,2851,-1.0,s_0497,r_3486
375,2852,-1.0,s_0497,r_3487
375,2853,-1.0,s_0497,r_3488
375,2854,-1.0,s_0497,r_3489
375,2855,-1.0,s_0497,r_3490
375,2856,-1.0,s_0497,r_3491
375,3437,-1.0,s_0497,r_4073
376,486,1.0,s_0498,r_0623
376,496,1.0,s_0498,r_0633
376,506,1.0,s_0498,r_0643
377,237,1.0,s_0499,r_0269
377,467,1.0,s_0499,r_0604
377,477,1.0,s_0499,r_0614
377,517,1.0,s_0499,r_0654
377,1146,1.0,s_0499,r_1678
378,1146,-1.0,s_0500,r_1678
378,2857,-1.0,s_0500,r_3492
378,2858,-1.0,s_0500,r_3493
378,2859,-1.0,s_0500,r_3494
378,2860,-1.0,s_0500,r_3495
378,2861,-1.0,s_0500,r_3496
378,2862,-1.0,s_0500,r_3497
378,2863,-1.0,s_0500,r_3498
378,2864,-1.0,s_0500,r_3499
378,3438,-1.0,s_0500,r_4074
379,487,1.0,s_0501,r_0624
379,497,1.0,s_0501,r_0634
379,507,1.0,s_0501,r_0644
380,238,1.0,s_0502,r_0270
380,468,1.0,s_0502,r_0605
380,478,1.0,s_0502,r_0615
380,518,1.0,s_0502,r_0655
380,1149,1.0,s_0502,r_1681
381,1149,-1.0,s_0503,r_1681
381,2865,-1.0,s_0503,r_3500
381,2866,-1.0,s_0503,r_3501
381,2867,-1.0,s_0503,r_3502
381,2868,-1.0,s_0503,r_3503
381,2869,-1.0,s_0503,r_3504
381,2870,-1.0,s_0503,r_3505
381,2871,-1.0,s_0503,r_3506
381,2872,-1.0,s_0503,r_3507
381,3439,-1.0,s_0503,r_4075
382,488,1.0,s_0504,r_0625
382,498,1.0,s_0504,r_0635
382,508,1.0,s_0504,r_0645
383,297,-1.0,s_0507,r_0341
383,299,1.0,s_0507,r_0343
383,707,-1.0,s_0507,r_0920
383,3303,1.0,s_0507,r_3938
384,239,-1.0,s_0509,r_0271
384,240,1.0,s_0509,r_0272
384,3412,-0.02361,s_0509,r_4048
384,3686,-1.0,s_0509,r_4331
385,239,1.0,s_0510,r_0271
386,1152,-1.0,s_0511,r_1684
386,2469,1.0,s_0511,r_3104
386,2470,1.0,s_0511,r_3105
386,2471,1.0,s_0511,r_3106
386,2472,1.0,s_0511,r_3107
386,2473,1.0,s_0511,r_3108
386,2474,1.0,s_0511,r_3109
386,2475,1.0,s_0511,r_3110
386,2476,1.0,s_0511,r_3111
387,241,-1.0,s_0512,r_0273
387,386,1.0,s_0512,r_0497
387,873,1.0,s_0512,r_1125
387,1152,1.0,s_0512,r_1684
387,3687,-1.0,s_0512,r_4332
388,873,-1.0,s_0513,r_1125
388,1151,-1.0,s_0513,r_1683
388,3687,1.0,s_0513,r_4332
389,241,1.0,s_0514,r_0273
389,242,-1.0,s_0514,r_0274
389,3816,1.0,s_0514,r_4461
390,49,-1.0,s_0515,r_0066
390,179,-1.0,s_0515,r_0203
390,243,-1.0,s_0515,r_0278
390,244,1.0,s_0515,r_0279
390,1153,-1.0,s_0515,r_1685
391,268,1.0,s_0516,r_0303
391,775,-1.0,s_0516,r_1009
391,1682,-1.0,s_0516,r_2305
392,245,-1.0,s_0517,r_0280
392,267,1.0,s_0517,r_0302
392,774,-1.0,s_0517,r_1008
393,268,-1.0,s_0522,r_0303
393,861,1.0,s_0522,r_1112
393,874,-1.0,s_0522,r_1126
393,875,-1.0,s_0522,r_1127
393,876,-1.0,s_0522,r_1128
393,1154,1.0,s_0522,r_1686
393,1156,-1.0,s_0522,r_1688
393,1157,1.0,s_0522,r_1689
394,1154,-1.0,s_0523,r_1686
394,1155,-1.0,s_0523,r_1687
395,265,1.0,s_0524,r_0300
395,267,-1.0,s_0524,r_0302
395,861,-1.0,s_0524,r_1112
395,874,1.0,s_0524,r_1126
395,875,1.0,s_0524,r_1127
395,876,1.0,s_0524,r_1128
395,3619,-1.0,s_0524,r_4262
396,266,1.0,s_0525,r_0301
396,1156,1.0,s_0525,r_1688
396,1157,-1.0,s_0525,r_1689
397,31,1.0,s_0526,r_0037
397,58,-1.0,s_0526,r_0076
397,279,1.0,s_0526,r_0315
397,635,1.0,s_0526,r_0792
397,692,1.0,s_0526,r_0905
397,878,1.0,s_0526,r_1130
397,879,1.0,s_0526,r_1131
397,1158,-1.0,s_0526,r_1690
397,1168,-1.0,s_0526,r_1703
397,2905,-1.0,s_0526,r_3540
397,3413,-0.043276239184487,s_0526,r_4049
397,3821,1.0,s_0526,r_4466
397,4095,1.0,s_0526,r_4747
398,878,-1.0,s_0528,r_1130
398,879,-1.0,s_0528,r_1131
398,3324,-1.0,s_0528,r_3959
399,19,1.0,s_0529,r_0024
399,76,1.0,s_0529,r_0094
399,84,1.0,s_0529,r_0103
399,92,-1.0,s_0529,r_0112
399,136,1.0,s_0529,r_0158
399,137,1.0,s_0529,r_0159
399,138,1.0,s_0529,r_0160
399,139,1.0,s_0529,r_0161
399,140,1.0,s_0529,r_0162
399,222,1.0,s_0529,r_0252
399,388,-1.0,s_0529,r_0500
399,433,1.0,s_0529,r_0549
399,442,1.0,s_0529,r_0558
399,572,1.0,s_0529,r_0716
399,608,1.0,s_0529,r_0760
399,759,1.0,s_0529,r_0992
399,877,-1.0,s_0529,r_1129
399,1164,-1.0,s_0529,r_1698
399,1165,-1.0,s_0529,r_1699
399,1166,1.0,s_0529,r_1700
399,1201,1.0,s_0529,r_1736
399,1204,1.0,s_0529,r_1739
399,1448,1.0,s_0529,r_2050
399,1508,-1.0,s_0529,r_2125
399,1517,7.0,s_0529,r_2140
399,1518,8.0,s_0529,r_2141
399,2893,-1.0,s_0529,r_3528
399,3045,1.0,s_0529,r_3680
399,3695,1.0,s_0529,r_4340
399,3735,-1.0,s_0529,r_4380
399,3751,-1.0,s_0529,r_4396
399,3925,-1.0,s_0529,r_4571
399,3927,-1.0,s_0529,r_4573
399,3928,-1.0,s_0529,r_4574
399,3931,1.0,s_0529,r_4582
399,3932,1.0,s_0529,r_4583
399,3933,-1.0,s_0529,r_4584
399,4036,1.0,s_0529,r_4687
399,4039,1.0,s_0529,r_4690
399,4042,1.0,s_0529,r_4693
399,4099,1.0,s_0529,r_4751
400,116,1.0,s_0530,r_0137
400,231,1.0,s_0530,r_0263
400,232,1.0,s_0530,r_0264
400,233,1.0,s_0530,r_0265
400,234,1.0,s_0530,r_0266
400,760,1.0,s_0530,r_0993
400,1164,1.0,s_0530,r_1698
400,3634,1.0,s_0530,r_4277
401,1508,1.0,s_0531,r_2125
401,1577,-1.0,s_0531,r_2200
401,1578,-1.0,s_0531,r_2201
401,1579,-1.0,s_0531,r_2202
401,1580,-1.0,s_0531,r_2203
401,1581,-1.0,s_0531,r_2204
401,1582,-1.0,s_0531,r_2205
401,1593,-1.0,s_0531,r_2216
401,1594,-1.0,s_0531,r_2217
401,1595,-1.0,s_0531,r_2218
401,1691,1.0,s_0531,r_2316
401,1692,1.0,s_0531,r_2317
401,1693,1.0,s_0531,r_2318
401,1694,1.0,s_0531,r_2319
401,1695,1.0,s_0531,r_2320
401,1696,1.0,s_0531,r_2321
401,1697,1.0,s_0531,r_2322
401,1698,1.0,s_0531,r_2323
401,1715,1.0,s_0531,r_2340
401,1716,1.0,s_0531,r_2341
401,1717,1.0,s_0531,r_2342
401,1718,1.0,s_0531,r_2343
401,1775,1.0,s_0531,r_2400
401,1776,1.0,s_0531,r_2401
401,1777,1.0,s_0531,r_2402
401,1778,1.0,s_0531,r_2403
401,1779,1.0,s_0531,r_2404
401,1780,1.0,s_0531,r_2405
401,1781,1.0,s_0531,r_2406
401,1782,1.0,s_0531,r_2407
401,1783,1.0,s_0531,r_2408
401,1784,1.0,s_0531,r_2409
401,1785,1.0,s_0531,r_2410
401,1786,1.0,s_0531,r_2411
401,1787,1.0,s_0531,r_2412
401,1788,1.0,s_0531,r_2413
401,1789,1.0,s_0531,r_2414
401,1790,1.0,s_0531,r_2415
401,1791,1.0,s_0531,r_2416
401,1792,1.0,s_0531,r_2417
401,1793,1.0,s_0531,r_2418
401,1794,1.0,s_0531,r_2419
401,1795,1.0,s_0531,r_2420
401,1796,1.0,s_0531,r_2421
401,1797,1.0,s_0531,r_2422
401,1798,1.0,s_0531,r_2423
401,1799,1.0,s_0531,r_2424
401,1800,1.0,s_0531,r_2425
401,1801,1.0,s_0531,r_2426
401,1802,1.0,s_0531,r_2427
401,1803,1.0,s_0531,r_2428
401,1804,1.0,s_0531,r_2429
401,1805,1.0,s_0531,r_2430
401,1806,1.0,s_0531,r_2431
401,2677,1.0,s_0531,r_3312
401,2678,1.0,s_0531,r_3313
401,2679,1.0,s_0531,r_3314
401,2680,1.0,s_0531,r_3315
402,20,1.0,s_0532,r_0025
402,23,1.0,s_0532,r_0028
402,53,1.0,s_0532,r_0070
402,63,1.0,s_0532,r_0081
402,80,1.0,s_0532,r_0099
402,85,1.0,s_0532,r_0104
402,91,1.0,s_0532,r_0111
402,93,-1.0,s_0532,r_0113
402,99,-1.0,s_0532,r_0119
402,224,-1.0,s_0532,r_0254
402,265,1.0,s_0532,r_0300
402,294,1.0,s_0532,r_0334
402,443,1.0,s_0532,r_0560
402,530,-1.0,s_0532,r_0668
402,576,1.0,s_0532,r_0721
402,609,1.0,s_0532,r_0761
402,661,-1.0,s_0532,r_0831
402,731,-1.0,s_0532,r_0961
402,780,1.0,s_0532,r_1022
402,877,1.0,s_0532,r_1129
402,1279,1.0,s_0532,r_1838
402,3585,1.0,s_0532,r_4223
402,3978,1.0,s_0532,r_4629
402,3979,1.0,s_0532,r_4630
402,3980,1.0,s_0532,r_4631
402,3981,1.0,s_0532,r_4632
402,3982,1.0,s_0532,r_4633
402,3998,1.0,s_0532,r_4649
402,4029,1.0,s_0532,r_4680
402,4110,1.0,s_0532,r_4762
403,94,-1.0,s_0533,r_0114
403,427,1.0,s_0533,r_0543
403,1165,1.0,s_0533,r_1699
404,81,-1.0,s_0534,r_0100
404,82,-1.0,s_0534,r_0101
404,83,-1.0,s_0534,r_0102
404,86,-1.0,s_0534,r_0105
404,87,-1.0,s_0534,r_0106
404,88,-1.0,s_0534,r_0107
404,223,1.0,s_0534,r_0253
404,266,1.0,s_0534,r_0301
404,327,-1.0,s_0534,r_0399
404,328,-1.0,s_0534,r_0400
404,329,-1.0,s_0534,r_0402
404,330,-1.0,s_0534,r_0410
404,331,-1.0,s_0534,r_0412
404,573,1.0,s_0534,r_0717
404,666,1.0,s_0534,r_0844
404,667,1.0,s_0534,r_0845
404,668,1.0,s_0534,r_0847
404,669,1.0,s_0534,r_0848
404,670,1.0,s_0534,r_0849
404,671,1.0,s_0534,r_0850
404,1166,-1.0,s_0534,r_1700
404,1583,-1.0,s_0534,r_2206
404,1584,-1.0,s_0534,r_2207
404,1585,-1.0,s_0534,r_2208
404,1609,1.0,s_0534,r_2232
404,1610,1.0,s_0534,r_2233
404,1611,1.0,s_0534,r_2234
404,1612,1.0,s_0534,r_2235
404,1660,-1.0,s_0534,r_2283
404,1661,-1.0,s_0534,r_2284
404,1662,-1.0,s_0534,r_2285
404,1663,-1.0,s_0534,r_2286
404,1664,-1.0,s_0534,r_2287
404,1665,-1.0,s_0534,r_2288
404,1666,-1.0,s_0534,r_2289
404,1667,-1.0,s_0534,r_2290
404,1668,-1.0,s_0534,r_2291
404,1669,-1.0,s_0534,r_2292
404,1670,-1.0,s_0534,r_2293
404,1671,-1.0,s_0534,r_2294
404,3528,-1.0,s_0534,r_4164
404,4028,-1.0,s_0534,r_4679
405,269,-1.0,s_0538,r_0304
405,831,1.0,s_0538,r_1081
406,242,-1.0,s_0539,r_0274
406,270,1.0,s_0539,r_0306
406,271,1.0,s_0539,r_0307
406,316,-1.0,s_0539,r_0360
406,591,-1.0,s_0539,r_0736
406,637,1.0,s_0539,r_0795
406,648,-1.0,s_0539,r_0806
406,680,-1.0,s_0539,r_0885
406,692,-1.0,s_0539,r_0905
406,741,-1.0,s_0539,r_0971
406,878,-1.0,s_0539,r_1130
406,879,-1.0,s_0539,r_1131
406,2903,-1.0,s_0539,r_3538
407,878,1.0,s_0541,r_1130
407,879,1.0,s_0541,r_1131
407,3325,-1.0,s_0541,r_3960
407,3610,-1.0,s_0541,r_4251
407,4118,1.0,s_0541,r_4770
408,277,1.0,s_0542,r_0313
408,3411,-0.00758125964441183,s_0542,r_4047
409,58,1.0,s_0543,r_0076
409,278,-1.0,s_0543,r_0314
409,279,-1.0,s_0543,r_0315
409,880,1.0,s_0543,r_1132
409,3725,1.0,s_0543,r_4370
409,4095,-1.0,s_0543,r_4747
409,4104,-1.0,s_0543,r_4756
410,880,-1.0,s_0544,r_1132
410,1167,-1.0,s_0544,r_1702
411,281,-1.0,s_0545,r_0318
411,881,1.0,s_0545,r_1133
411,1158,1.0,s_0545,r_1690
411,4104,1.0,s_0545,r_4756
412,881,-1.0,s_0546,r_1133
412,1170,-1.0,s_0546,r_1705
413,282,-1.0,s_0547,r_0319
413,283,1.0,s_0547,r_0320
413,284,1.0,s_0547,r_0321
414,283,-1.0,s_0548,r_0320
414,284,-1.0,s_0548,r_0321
414,1172,1.0,s_0548,r_1707
414,3846,-1.0,s_0548,r_4491
415,1171,-1.0,s_0549,r_1706
415,1172,-1.0,s_0549,r_1707
416,446,1.0,s_0550,r_0563
416,447,-1.0,s_0550,r_0564
417,36,-1.0,s_0551,r_0042
417,758,1.0,s_0551,r_0990
417,805,1.0,s_0551,r_1048
417,807,-1.0,s_0551,r_1050
417,1173,-1.0,s_0551,r_1708
418,15,-1.0,s_0552,r_0020
418,1173,1.0,s_0552,r_1708
419,286,1.0,s_0553,r_0323
419,417,-1.0,s_0553,r_0533
419,882,1.0,s_0553,r_1134
419,3532,-1.0,s_0553,r_4168
419,3546,1.0,s_0553,r_4183
419,3640,-1.0,s_0553,r_4283
419,3672,1.0,s_0553,r_4317
419,3733,1.0,s_0553,r_4378
420,782,1.0,s_0554,r_1024
420,882,-1.0,s_0554,r_1134
420,1174,-1.0,s_0554,r_1709
420,3406,1.0,s_0554,r_4042
420,3775,1.0,s_0554,r_4420
421,344,-1.0,s_0555,r_0449
421,345,-1.0,s_0555,r_0450
421,681,1.0,s_0555,r_0886
421,1241,1.0,s_0555,r_1797
422,285,-1.0,s_0556,r_0322
422,1241,-1.0,s_0556,r_1797
423,72,-1.0,s_0557,r_0090
423,343,1.0,s_0557,r_0448
423,344,1.0,s_0557,r_0449
423,359,1.0,s_0557,r_0465
423,361,1.0,s_0557,r_0467
423,370,-1.0,s_0557,r_0477
423,417,1.0,s_0557,r_0533
423,578,1.0,s_0557,r_0723
423,681,-1.0,s_0557,r_0886
423,805,1.0,s_0557,r_1048
423,807,1.0,s_0557,r_1050
423,3749,1.0,s_0557,r_4394
424,352,-1.0,s_0558,r_0458
424,883,1.0,s_0558,r_1135
424,3533,-1.0,s_0558,r_4169
424,3934,1.0,s_0558,r_4585
425,883,-1.0,s_0559,r_1135
425,1175,-1.0,s_0559,r_1710
426,321,1.0,s_0560,r_0365
426,1176,-1.0,s_0560,r_1711
427,286,-1.0,s_0561,r_0323
427,1182,1.0,s_0561,r_1717
428,1177,-1.0,s_0562,r_1712
428,1182,-1.0,s_0562,r_1717
429,172,2.0,s_0563,r_0194
429,174,2.0,s_0563,r_0198
429,357,1.0,s_0563,r_0463
429,418,-1.0,s_0563,r_0534
429,897,1.0,s_0563,r_1166
429,1247,-1.0,s_0563,r_1805
429,3672,1.0,s_0563,r_4317
429,3673,1.0,s_0563,r_4318
429,3674,2.0,s_0563,r_4319
429,3733,1.0,s_0563,r_4378
429,3745,1.0,s_0563,r_4390
430,325,1.0,s_0565,r_0370
430,782,1.0,s_0565,r_1024
430,897,-1.0,s_0565,r_1166
430,1179,-1.0,s_0565,r_1714
430,3755,1.0,s_0565,r_4400
430,3775,1.0,s_0565,r_4420
431,171,2.0,s_0566,r_0193
431,358,1.0,s_0566,r_0464
431,1247,1.0,s_0566,r_1805
432,399,1.0,s_0567,r_0511
432,683,1.0,s_0567,r_0888
432,821,1.0,s_0567,r_1071
432,834,-1.0,s_0567,r_1084
432,3801,1.0,s_0567,r_4446
433,173,-1.0,s_0568,r_0195
433,360,-1.0,s_0568,r_0466
433,361,-1.0,s_0568,r_0467
433,418,1.0,s_0568,r_0534
433,606,-1.0,s_0568,r_0758
433,683,-1.0,s_0568,r_0888
433,3808,1.0,s_0568,r_4453
434,142,-1.0,s_0570,r_0164
434,285,1.0,s_0570,r_0322
434,3646,-1.0,s_0570,r_4291
434,4096,-1.0,s_0570,r_4748
435,419,-1.0,s_0571,r_0535
435,887,1.0,s_0571,r_1139
436,887,-1.0,s_0572,r_1139
436,1180,-1.0,s_0572,r_1715
437,577,-1.0,s_0573,r_0722
437,689,-1.0,s_0573,r_0902
437,3814,1.0,s_0573,r_4459
438,419,1.0,s_0574,r_0535
438,578,-1.0,s_0574,r_0723
438,689,1.0,s_0574,r_0902
438,3811,1.0,s_0574,r_4456
438,3969,-1.0,s_0574,r_4620
439,739,-1.0,s_0575,r_0969
439,1441,1.0,s_0575,r_2041
439,3409,1.0,s_0575,r_4045
439,4104,1.0,s_0575,r_4756
440,1181,-1.0,s_0576,r_1716
440,1441,-1.0,s_0576,r_2041
441,32,-1.0,s_0577,r_0038
441,684,1.0,s_0577,r_0889
441,750,-1.0,s_0577,r_0982
441,752,-1.0,s_0577,r_0984
441,3575,-1.0,s_0577,r_4212
441,4105,1.0,s_0577,r_4757
442,843,-1.0,s_0578,r_1093
442,1184,1.0,s_0578,r_1719
443,1183,-1.0,s_0579,r_1718
443,1184,-1.0,s_0579,r_1719
444,842,1.0,s_0580,r_1092
444,844,-1.0,s_0580,r_1094
444,3847,1.0,s_0580,r_4492
445,752,1.0,s_0581,r_0984
445,806,-1.0,s_0581,r_1049
445,807,-1.0,s_0581,r_1050
445,844,1.0,s_0581,r_1094
446,413,1.0,s_0582,r_0529
446,638,-1.0,s_0582,r_0796
446,744,1.0,s_0582,r_0974
446,1185,-1.0,s_0582,r_1720
446,1190,-1.0,s_0582,r_1725
446,1194,1.0,s_0582,r_1729
446,3690,1.0,s_0582,r_4335
447,745,1.0,s_0583,r_0975
447,1185,1.0,s_0583,r_1720
448,28,1.0,s_0584,r_0034
448,961,1.0,s_0584,r_1230
448,1090,-1.0,s_0584,r_1614
448,1194,-1.0,s_0584,r_1729
448,3414,-0.00359999993816018,s_0584,r_4050
448,3623,1.0,s_0584,r_4266
449,961,-1.0,s_0585,r_1230
450,413,-1.0,s_0586,r_0529
450,638,1.0,s_0586,r_0796
450,740,1.0,s_0586,r_0970
450,1188,-1.0,s_0586,r_1723
450,3623,-1.0,s_0586,r_4266
450,3690,-1.0,s_0586,r_4335
451,639,-1.0,s_0587,r_0797
451,746,1.0,s_0587,r_0976
451,1169,1.0,s_0587,r_1704
451,1186,-1.0,s_0587,r_1721
452,747,1.0,s_0588,r_0977
452,1186,1.0,s_0588,r_1721
453,287,-1.0,s_0589,r_0326
453,1091,-1.0,s_0589,r_1615
453,1169,-1.0,s_0589,r_1704
453,3414,-0.00240000011399388,s_0589,r_4050
454,288,-1.0,s_0590,r_0327
454,639,1.0,s_0590,r_0797
454,741,1.0,s_0590,r_0971
455,616,-1.0,s_0591,r_0768
455,628,1.0,s_0591,r_0785
455,1191,-1.0,s_0591,r_1726
456,617,-1.0,s_0593,r_0769
456,1191,1.0,s_0593,r_1726
457,1226,-1.0,s_0595,r_1770
457,1562,1.0,s_0595,r_2185
458,1192,-1.0,s_0597,r_1727
458,1562,-1.0,s_0597,r_2185
459,327,-1.0,s_0600,r_0399
459,666,1.0,s_0600,r_0844
459,1226,1.0,s_0600,r_1770
460,88,1.0,s_0605,r_0107
460,100,-1.0,s_0605,r_0120
460,327,1.0,s_0605,r_0399
460,666,-1.0,s_0605,r_0844
460,4034,-1.0,s_0605,r_4685
461,252,1.0,s_0606,r_0287
461,253,-1.0,s_0606,r_0288
462,282,1.0,s_0607,r_0319
463,563,1.0,s_0608,r_0705
464,564,1.0,s_0609,r_0706
465,290,-1.0,s_0610,r_0329
465,1091,1.0,s_0610,r_1615
465,1196,1.0,s_0610,r_1731
466,1195,-1.0,s_0611,r_1730
466,1196,-1.0,s_0611,r_1731
467,205,-1.0,s_0612,r_0229
467,295,1.0,s_0612,r_0335
468,291,1.0,s_0613,r_0330
468,640,-1.0,s_0613,r_0798
468,748,1.0,s_0613,r_0978
468,1202,-1.0,s_0613,r_1737
468,1393,-1.0,s_0613,r_1974
468,1394,1.0,s_0613,r_1975
469,749,1.0,s_0614,r_0979
469,1202,1.0,s_0614,r_1737
470,291,-1.0,s_0615,r_0330
470,963,1.0,s_0615,r_1232
470,1092,-1.0,s_0615,r_1616
470,1393,1.0,s_0615,r_1974
470,3414,-0.00240000011399388,s_0615,r_4050
470,3624,1.0,s_0615,r_4267
471,963,-1.0,s_0616,r_1232
472,640,1.0,s_0617,r_0798
472,742,1.0,s_0617,r_0972
472,1394,-1.0,s_0617,r_1975
472,3624,-1.0,s_0617,r_4267
473,644,-1.0,s_0618,r_0802
473,1190,1.0,s_0618,r_1725
474,407,1.0,s_0620,r_0523
475,300,-1.0,s_0625,r_0344
475,302,1.0,s_0625,r_0346
475,802,1.0,s_0625,r_1045
475,1205,-1.0,s_0625,r_1743
476,301,-1.0,s_0626,r_0345
476,1205,1.0,s_0626,r_1743
477,393,-1.0,s_0627,r_0505
477,397,1.0,s_0627,r_0509
477,661,1.0,s_0627,r_0831
478,395,1.0,s_0628,r_0507
478,396,-1.0,s_0628,r_0508
479,285,1.0,s_0629,r_0322
479,310,1.0,s_0629,r_0354
479,345,1.0,s_0629,r_0450
479,384,-1.0,s_0629,r_0491
479,758,1.0,s_0629,r_0990
479,809,-1.0,s_0629,r_1054
479,1208,1.0,s_0629,r_1746
479,1371,-1.0,s_0629,r_1936
479,2900,-1.0,s_0629,r_3535
479,2947,-1.0,s_0629,r_3582
480,1695,-1.0,s_0631,r_2320
480,1696,-1.0,s_0631,r_2321
480,1697,-1.0,s_0631,r_2322
480,1698,-1.0,s_0631,r_2323
480,2947,1.0,s_0631,r_3582
481,383,1.0,s_0632,r_0490
481,385,-1.0,s_0632,r_0492
481,1208,-1.0,s_0632,r_1746
482,92,1.0,s_0633,r_0112
482,118,1.0,s_0633,r_0139
482,125,1.0,s_0633,r_0147
482,135,1.0,s_0633,r_0157
482,178,1.0,s_0633,r_0202
482,184,1.0,s_0633,r_0208
482,185,1.0,s_0633,r_0209
482,187,1.0,s_0633,r_0211
482,188,1.0,s_0633,r_0212
482,196,1.0,s_0633,r_0220
482,201,1.0,s_0633,r_0225
482,206,1.0,s_0633,r_0230
482,220,1.0,s_0633,r_0249
482,242,1.0,s_0633,r_0274
482,277,1.0,s_0633,r_0313
482,311,1.0,s_0633,r_0355
482,320,1.0,s_0633,r_0364
482,326,1.0,s_0633,r_0373
482,336,1.0,s_0633,r_0440
482,353,1.0,s_0633,r_0459
482,355,1.0,s_0633,r_0461
482,356,1.0,s_0633,r_0462
482,371,1.0,s_0633,r_0478
482,372,1.0,s_0633,r_0479
482,400,1.0,s_0633,r_0512
482,401,1.0,s_0633,r_0514
482,409,1.0,s_0633,r_0525
482,411,1.0,s_0633,r_0527
482,423,1.0,s_0633,r_0539
482,445,1.0,s_0633,r_0562
482,451,-1.0,s_0633,r_0568
482,527,1.0,s_0633,r_0665
482,539,1.0,s_0633,r_0678
482,559,1.0,s_0633,r_0701
482,567,1.0,s_0633,r_0711
482,577,1.0,s_0633,r_0722
482,581,1.0,s_0633,r_0726
482,584,1.0,s_0633,r_0729
482,616,1.0,s_0633,r_0768
482,622,1.0,s_0633,r_0774
482,626,1.0,s_0633,r_0783
482,628,1.0,s_0633,r_0785
482,629,1.0,s_0633,r_0786
482,659,-1.0,s_0633,r_0820
482,663,1.0,s_0633,r_0841
482,665,1.0,s_0633,r_0843
482,673,1.0,s_0633,r_0852
482,680,1.0,s_0633,r_0885
482,692,1.0,s_0633,r_0905
482,697,1.0,s_0633,r_0910
482,702,1.0,s_0633,r_0915
482,717,1.0,s_0633,r_0941
482,761,1.0,s_0633,r_0995
482,778,2.0,s_0633,r_1012
482,783,1.0,s_0633,r_1025
482,794,1.0,s_0633,r_1036
482,800,1.0,s_0633,r_1042
482,812,1.0,s_0633,r_1057
482,816,1.0,s_0633,r_1066
482,819,1.0,s_0633,r_1069
482,824,1.0,s_0633,r_1074
482,834,1.0,s_0633,r_1084
482,839,1.0,s_0633,r_1089
482,841,1.0,s_0633,r_1091
482,1206,1.0,s_0633,r_1744
482,1209,-1.0,s_0633,r_1747
482,1433,-1.0,s_0633,r_2032
482,2901,-1.0,s_0633,r_3536
482,2952,-1.0,s_0633,r_3587
482,3606,1.0,s_0633,r_4247
482,3615,1.0,s_0633,r_4256
482,3616,1.0,s_0633,r_4258
482,3622,1.0,s_0633,r_4265
482,3623,1.0,s_0633,r_4266
482,3624,1.0,s_0633,r_4267
482,3625,1.0,s_0633,r_4268
482,3626,1.0,s_0633,r_4269
482,3635,1.0,s_0633,r_4278
482,3751,1.0,s_0633,r_4396
482,3758,1.0,s_0633,r_4403
482,3815,1.0,s_0633,r_4460
482,3933,1.0,s_0633,r_4584
482,4101,1.0,s_0633,r_4753
482,4114,1.0,s_0633,r_4766
482,4116,1.0,s_0633,r_4768
483,246,1.0,s_0635,r_0281
483,247,1.0,s_0635,r_0282
483,248,1.0,s_0635,r_0283
483,249,1.0,s_0635,r_0284
483,250,1.0,s_0635,r_0285
483,251,1.0,s_0635,r_0286
483,252,1.0,s_0635,r_0287
483,253,1.0,s_0635,r_0288
483,254,1.0,s_0635,r_0289
483,255,1.0,s_0635,r_0290
483,256,1.0,s_0635,r_0291
483,257,1.0,s_0635,r_0292
483,258,1.0,s_0635,r_0293
483,259,1.0,s_0635,r_0294
483,260,1.0,s_0635,r_0295
483,261,1.0,s_0635,r_0296
483,262,1.0,s_0635,r_0297
483,263,1.0,s_0635,r_0298
483,264,1.0,s_0635,r_0299
483,1577,1.0,s_0635,r_2200
483,1578,1.0,s_0635,r_2201
483,1579,1.0,s_0635,r_2202
483,1580,1.0,s_0635,r_2203
483,1581,1.0,s_0635,r_2204
483,1582,1.0,s_0635,r_2205
483,1593,1.0,s_0635,r_2216
483,1594,1.0,s_0635,r_2217
483,1595,1.0,s_0635,r_2218
483,2952,1.0,s_0635,r_3587
484,93,1.0,s_0636,r_0113
484,186,1.0,s_0636,r_0210
484,189,1.0,s_0636,r_0213
484,197,1.0,s_0636,r_0221
484,307,1.0,s_0636,r_0351
484,373,1.0,s_0636,r_0480
484,415,1.0,s_0636,r_0531
484,424,1.0,s_0636,r_0540
484,439,1.0,s_0636,r_0555
484,452,-1.0,s_0636,r_0569
484,528,1.0,s_0636,r_0666
484,560,1.0,s_0636,r_0702
484,568,1.0,s_0636,r_0712
484,585,1.0,s_0636,r_0730
484,623,1.0,s_0636,r_0775
484,630,1.0,s_0636,r_0787
484,674,1.0,s_0636,r_0853
484,801,1.0,s_0636,r_1043
484,804,1.0,s_0636,r_1047
484,813,1.0,s_0636,r_1058
484,817,1.0,s_0636,r_1067
484,840,1.0,s_0636,r_1090
484,1234,1.0,s_0636,r_1790
484,1412,1.0,s_0636,r_1997
484,1433,1.0,s_0636,r_2032
484,3327,-1.0,s_0636,r_3962
484,3550,1.0,s_0636,r_4187
484,3610,1.0,s_0636,r_4251
485,94,1.0,s_0637,r_0114
485,617,1.0,s_0637,r_0769
485,627,1.0,s_0637,r_0784
486,327,1.0,s_0638,r_0399
486,328,1.0,s_0638,r_0400
486,329,1.0,s_0638,r_0402
486,330,1.0,s_0638,r_0410
486,331,1.0,s_0638,r_0412
486,1209,1.0,s_0638,r_1747
486,1583,1.0,s_0638,r_2206
486,1584,1.0,s_0638,r_2207
486,1585,1.0,s_0638,r_2208
486,3528,1.0,s_0638,r_4164
486,3636,1.0,s_0638,r_4279
486,4028,1.0,s_0638,r_4679
487,644,1.0,s_0639,r_0802
487,1188,1.0,s_0639,r_1723
488,264,1.0,s_0640,r_0299
489,254,1.0,s_0641,r_0289
489,255,-1.0,s_0641,r_0290
490,316,-1.0,s_0642,r_0360
491,317,1.0,s_0644,r_0361
491,318,-1.0,s_0644,r_0362
491,403,-1.0,s_0644,r_0519
491,405,-1.0,s_0644,r_0521
491,406,-1.0,s_0644,r_0522
491,3668,-1.0,s_0644,r_4313
491,3669,-1.0,s_0644,r_4314
491,3671,-1.0,s_0644,r_4316
491,3677,-1.0,s_0644,r_4322
492,316,1.0,s_0645,r_0360
492,317,-1.0,s_0645,r_0361
492,1210,-1.0,s_0645,r_1748
493,318,1.0,s_0646,r_0362
493,403,1.0,s_0646,r_0519
493,405,1.0,s_0646,r_0521
493,1210,1.0,s_0646,r_1748
493,3534,-1.0,s_0646,r_4170
493,3609,1.0,s_0646,r_4250
493,3612,1.0,s_0646,r_4253
493,3668,1.0,s_0646,r_4313
493,3669,1.0,s_0646,r_4314
493,3671,1.0,s_0646,r_4316
493,3675,1.0,s_0646,r_4320
493,3676,1.0,s_0646,r_4321
493,3677,1.0,s_0646,r_4322
493,3683,-1.0,s_0646,r_4328
494,319,1.0,s_0647,r_0363
494,641,-1.0,s_0647,r_0799
495,319,-1.0,s_0649,r_0363
495,802,1.0,s_0649,r_1045
495,1093,-1.0,s_0649,r_1617
495,1469,1.0,s_0649,r_2074
495,3414,-0.00359999993816018,s_0649,r_4050
495,3625,1.0,s_0649,r_4268
496,641,1.0,s_0650,r_0799
496,1212,1.0,s_0650,r_1750
496,3625,-1.0,s_0650,r_4268
497,1211,-1.0,s_0651,r_1749
497,1212,-1.0,s_0651,r_1750
498,645,-1.0,s_0652,r_0803
498,829,1.0,s_0652,r_1079
498,1213,-1.0,s_0652,r_1751
499,830,1.0,s_0653,r_1080
499,1213,1.0,s_0653,r_1751
500,287,1.0,s_0654,r_0326
500,320,1.0,s_0654,r_0364
500,802,-1.0,s_0654,r_1045
500,829,-1.0,s_0654,r_1079
500,1094,-1.0,s_0654,r_1618
500,1199,1.0,s_0654,r_1734
500,1214,-1.0,s_0654,r_1752
501,830,-1.0,s_0655,r_1080
501,1214,1.0,s_0655,r_1752
502,288,1.0,s_0656,r_0327
502,320,-1.0,s_0656,r_0364
502,645,1.0,s_0656,r_0803
502,743,1.0,s_0656,r_0973
503,217,-1.0,s_0657,r_0242
503,218,1.0,s_0657,r_0243
503,888,1.0,s_0657,r_1146
503,2914,-1.0,s_0657,r_3549
504,888,-1.0,s_0659,r_1146
504,1215,-1.0,s_0659,r_1753
505,208,1.0,s_0662,r_0233
505,1150,1.0,s_0662,r_1682
505,1216,-1.0,s_0662,r_1754
505,1516,1.0,s_0662,r_2139
506,219,-1.0,s_0663,r_0244
506,1216,1.0,s_0663,r_1754
507,208,-1.0,s_0664,r_0233
507,217,1.0,s_0664,r_0242
508,890,-1.0,s_0665,r_1148
509,818,-1.0,s_0666,r_1068
509,889,1.0,s_0666,r_1147
509,890,1.0,s_0666,r_1148
509,1218,1.0,s_0666,r_1758
509,1219,-1.0,s_0666,r_1759
509,2917,-1.0,s_0666,r_3552
509,3427,-0.026582900248468,s_0666,r_4063
510,219,1.0,s_0667,r_0244
510,1218,-1.0,s_0667,r_1758
510,3304,-1.0,s_0667,r_3939
511,889,-1.0,s_0668,r_1147
511,1217,-1.0,s_0668,r_1757
512,1219,1.0,s_0669,r_1759
512,2617,1.0,s_0669,r_3252
512,2618,1.0,s_0669,r_3253
513,818,1.0,s_0670,r_1068
514,3338,1.0,s_0672,r_3973
514,3427,-0.0068058000644669,s_0672,r_4063
515,542,-1.0,s_0677,r_0681
515,1325,-1.0,s_0677,r_1884
515,1326,-1.0,s_0677,r_1885
516,534,1.0,s_0678,r_0672
516,535,1.0,s_0678,r_0673
516,543,-1.0,s_0678,r_0682
516,1325,1.0,s_0678,r_1884
517,544,-1.0,s_0679,r_0683
517,1326,1.0,s_0679,r_1885
518,137,-1.0,s_0680,r_0159
518,141,-1.0,s_0680,r_0163
518,324,1.0,s_0680,r_0369
518,1221,-1.0,s_0680,r_1762
518,1222,-1.0,s_0680,r_1763
518,1503,1.0,s_0680,r_2115
518,4059,-1.0,s_0680,r_4711
518,4060,-1.0,s_0680,r_4712
518,4061,-2.0,s_0680,r_4713
518,4062,-1.0,s_0680,r_4714
518,4063,-1.0,s_0680,r_4715
518,4064,-1.0,s_0680,r_4716
518,4068,-1.0,s_0680,r_4720
518,4069,-1.0,s_0680,r_4721
519,1220,-1.0,s_0681,r_1761
519,1221,1.0,s_0681,r_1762
520,143,1.0,s_0682,r_0165
520,1222,1.0,s_0682,r_1763
520,3978,-1.0,s_0682,r_4629
520,3979,-1.0,s_0682,r_4630
520,3980,-1.0,s_0682,r_4631
520,3982,-1.0,s_0682,r_4633
520,3998,-1.0,s_0682,r_4649
520,4029,-1.0,s_0682,r_4680
521,323,-1.0,s_0683,r_0368
521,891,1.0,s_0683,r_1149
522,891,-1.0,s_0684,r_1149
522,1223,-1.0,s_0684,r_1764
523,137,1.0,s_0685,r_0159
523,324,-1.0,s_0685,r_0369
523,856,-1.0,s_0685,r_1107
523,3999,1.0,s_0685,r_4650
524,856,1.0,s_0686,r_1107
524,1224,-1.0,s_0686,r_1765
525,336,1.0,s_0687,r_0440
525,350,1.0,s_0687,r_0455
525,3947,-9.99999974737875e-06,s_0687,r_4598
526,349,1.0,s_0688,r_0454
526,383,-1.0,s_0688,r_0490
526,716,-1.0,s_0688,r_0940
526,1234,1.0,s_0688,r_1790
527,350,-1.0,s_0689,r_0455
527,892,1.0,s_0689,r_1151
528,349,-1.0,s_0690,r_0454
528,383,1.0,s_0690,r_0490
528,716,1.0,s_0690,r_0940
528,892,-1.0,s_0690,r_1151
529,246,-1.0,s_0692,r_0281
529,3953,1.0,s_0692,r_4604
530,3339,0.25542094,s_0694,r_3975
530,3340,0.25340506,s_0694,r_3976
530,3341,0.2834747,s_0694,r_3977
530,3342,0.28145882,s_0694,r_3978
530,3427,-0.00148009998956695,s_0694,r_4063
531,894,-1.0,s_0699,r_1162
532,218,-1.0,s_0700,r_0243
532,754,1.0,s_0700,r_0986
532,893,1.0,s_0700,r_1161
532,894,1.0,s_0700,r_1162
532,2915,-1.0,s_0700,r_3550
533,893,-1.0,s_0702,r_1161
533,1233,-1.0,s_0702,r_1788
534,2621,1.0,s_0703,r_3256
534,2622,1.0,s_0703,r_3257
534,3083,1.0,s_0703,r_3718
535,0,-2.0,s_0709,r_0001
535,1,-2.0,s_0709,r_0002
535,3,-2.0,s_0709,r_0004
535,333,2.0,s_0709,r_0437
535,334,1.0,s_0709,r_0438
535,335,-2.0,s_0709,r_0439
535,3737,-2.0,s_0709,r_4382
536,0,2.0,s_0710,r_0001
536,1,2.0,s_0710,r_0002
536,3,2.0,s_0710,r_0004
536,333,-2.0,s_0710,r_0437
536,334,-1.0,s_0710,r_0438
536,335,2.0,s_0710,r_0439
536,3737,2.0,s_0710,r_4382
537,332,1.0,s_0712,r_0436
537,415,-1.0,s_0712,r_0531
537,3516,1.0,s_0712,r_4152
538,583,1.0,s_0713,r_0728
539,336,-1.0,s_0714,r_0440
539,337,-1.0,s_0714,r_0441
539,338,-1.0,s_0714,r_0442
539,735,1.0,s_0714,r_0965
539,766,1.0,s_0714,r_1000
539,1000,1.0,s_0714,r_1275
539,3578,-1.0,s_0714,r_4216
539,3630,1.0,s_0714,r_4273
539,3787,1.0,s_0714,r_4432
540,96,-1.0,s_0715,r_0116
540,1235,-1.0,s_0715,r_1791
541,736,1.0,s_0716,r_0966
541,1000,-1.0,s_0716,r_1275
541,1234,-1.0,s_0716,r_1790
542,337,1.0,s_0717,r_0441
542,338,1.0,s_0717,r_0442
542,766,-1.0,s_0717,r_1000
542,3630,-1.0,s_0717,r_4273
542,3787,-1.0,s_0717,r_4432
543,895,1.0,s_0719,r_1164
544,895,-1.0,s_0720,r_1164
544,1236,-1.0,s_0720,r_1792
545,339,-1.0,s_0721,r_0443
546,8,1.0,s_0722,r_0013
546,32,1.0,s_0722,r_0038
546,280,1.0,s_0722,r_0317
546,340,-1.0,s_0722,r_0445
546,341,-1.0,s_0722,r_0446
546,408,1.0,s_0722,r_0524
546,409,1.0,s_0722,r_0525
546,610,1.0,s_0722,r_0762
546,755,1.0,s_0722,r_0987
546,1238,1.0,s_0722,r_1794
546,1239,1.0,s_0722,r_1795
547,1237,-1.0,s_0723,r_1793
547,1239,-1.0,s_0723,r_1795
548,342,-1.0,s_0724,r_0447
548,1238,-1.0,s_0724,r_1794
549,129,1.0,s_0725,r_0151
549,130,1.0,s_0725,r_0152
549,183,1.0,s_0725,r_0207
549,347,-1.0,s_0725,r_0452
549,348,-1.0,s_0725,r_0453
549,350,-1.0,s_0725,r_0455
549,766,-1.0,s_0725,r_1000
549,990,1.0,s_0725,r_1265
549,1240,1.0,s_0725,r_1796
549,3843,1.0,s_0725,r_4488
550,1240,-1.0,s_0726,r_1796
550,1242,-1.0,s_0726,r_1798
551,346,-1.0,s_0727,r_0451
551,349,-1.0,s_0727,r_0454
551,779,1.0,s_0727,r_1021
551,990,-1.0,s_0727,r_1265
551,3621,-1.0,s_0727,r_4264
552,51,-1.0,s_0734,r_0068
552,363,1.0,s_0734,r_0469
552,851,1.0,s_0734,r_1101
552,1085,-1.0,s_0734,r_1608
552,3647,1.0,s_0734,r_4292
552,3648,1.0,s_0734,r_4293
553,851,-1.0,s_0736,r_1101
553,1243,-1.0,s_0736,r_1800
554,177,1.0,s_0738,r_0201
554,1085,1.0,s_0738,r_1608
555,131,1.0,s_0739,r_0153
555,200,-1.0,s_0739,r_0224
555,204,1.0,s_0739,r_0228
555,279,1.0,s_0739,r_0315
555,317,1.0,s_0739,r_0361
555,412,1.0,s_0739,r_0528
555,413,1.0,s_0739,r_0529
555,592,1.0,s_0739,r_0737
555,632,-1.0,s_0739,r_0789
555,642,-1.0,s_0739,r_0800
555,646,1.0,s_0739,r_0804
555,748,-1.0,s_0739,r_0978
555,828,1.0,s_0739,r_1078
555,906,1.0,s_0739,r_1175
555,1244,1.0,s_0739,r_1801
555,1245,-1.0,s_0739,r_1802
556,170,1.0,s_0740,r_0192
556,595,1.0,s_0740,r_0747
556,596,1.0,s_0740,r_0748
556,597,1.0,s_0740,r_0749
556,598,1.0,s_0740,r_0750
556,599,1.0,s_0740,r_0751
556,600,1.0,s_0740,r_0752
556,601,1.0,s_0740,r_0753
556,602,1.0,s_0740,r_0754
556,603,1.0,s_0740,r_0755
556,604,1.0,s_0740,r_0756
556,650,-1.0,s_0740,r_0810
556,1244,-1.0,s_0740,r_1801
557,128,1.0,s_0741,r_0150
557,906,-1.0,s_0741,r_1175
557,4123,-1.0,s_0741,r_4775
558,749,-1.0,s_0742,r_0979
558,1245,1.0,s_0742,r_1802
559,204,-1.0,s_0743,r_0228
559,317,-1.0,s_0743,r_0361
559,577,1.0,s_0743,r_0722
559,896,-1.0,s_0743,r_1165
559,1246,-1.0,s_0743,r_1803
560,170,-1.0,s_0744,r_0192
560,595,-1.0,s_0744,r_0747
560,596,-1.0,s_0744,r_0748
560,597,-1.0,s_0744,r_0749
560,598,-1.0,s_0744,r_0750
560,599,-1.0,s_0744,r_0751
560,600,-1.0,s_0744,r_0752
560,601,-1.0,s_0744,r_0753
560,602,-1.0,s_0744,r_0754
560,603,-1.0,s_0744,r_0755
560,604,-1.0,s_0744,r_0756
560,896,1.0,s_0744,r_1165
560,1246,1.0,s_0744,r_1803
561,311,1.0,s_0745,r_0355
561,356,-1.0,s_0745,r_0462
562,246,1.0,s_0746,r_0281
562,247,-1.0,s_0746,r_0282
563,371,1.0,s_0747,r_0478
563,3411,-0.121070423838014,s_0747,r_4047
564,372,1.0,s_0748,r_0479
564,3411,-0.346670343714861,s_0748,r_4047
565,373,1.0,s_0749,r_0480
566,339,-1.0,s_0750,r_0443
566,351,-1.0,s_0750,r_0457
566,374,2.0,s_0750,r_0481
566,376,-2.0,s_0750,r_0483
566,378,1.0,s_0750,r_0485
566,437,1.0,s_0750,r_0553
566,555,-1.0,s_0750,r_0697
566,734,-1.0,s_0750,r_0964
566,755,1.0,s_0750,r_0987
566,898,1.0,s_0750,r_1167
566,899,-1.0,s_0750,r_1168
566,3535,-1.0,s_0750,r_4171
566,3551,-1.0,s_0750,r_4188
566,3563,-1.0,s_0750,r_4200
566,3571,-2.0,s_0750,r_4208
566,3947,-1e-06,s_0750,r_4598
566,3967,-1.0,s_0750,r_4618
567,898,-1.0,s_0751,r_1167
567,1249,-1.0,s_0751,r_1807
568,375,2.0,s_0752,r_0482
568,377,-2.0,s_0752,r_0484
568,438,1.0,s_0752,r_0554
568,3564,-1.0,s_0752,r_4201
569,734,1.0,s_0753,r_0964
569,899,1.0,s_0753,r_1168
570,374,-1.0,s_0754,r_0481
570,376,1.0,s_0754,r_0483
570,1405,1.0,s_0754,r_1990
570,3571,1.0,s_0754,r_4208
571,1248,-1.0,s_0755,r_1806
571,1405,-1.0,s_0755,r_1990
572,375,-1.0,s_0756,r_0482
572,377,1.0,s_0756,r_0484
573,400,1.0,s_0757,r_0512
573,3411,-0.33357542435412,s_0757,r_4047
574,345,1.0,s_0764,r_0450
574,379,-1.0,s_0764,r_0486
574,805,-1.0,s_0764,r_1048
574,806,1.0,s_0764,r_1049
574,807,1.0,s_0764,r_1050
574,809,1.0,s_0764,r_1054
574,810,1.0,s_0764,r_1055
574,3574,-1.0,s_0764,r_4211
574,3575,-1.0,s_0764,r_4212
574,4096,1.0,s_0764,r_4748
575,142,1.0,s_0765,r_0164
575,380,-1.0,s_0765,r_0487
575,381,-1.0,s_0765,r_0488
575,382,1.0,s_0765,r_0489
575,902,1.0,s_0765,r_1171
575,903,-1.0,s_0765,r_1172
575,2962,1.0,s_0765,r_3597
575,3664,1.0,s_0765,r_4309
575,3697,1.0,s_0765,r_4342
575,3790,1.0,s_0765,r_4435
576,902,-1.0,s_0766,r_1171
576,903,1.0,s_0766,r_1172
576,1250,-1.0,s_0766,r_1808
577,381,1.0,s_0767,r_0488
577,382,-1.0,s_0767,r_0489
577,384,1.0,s_0767,r_0491
577,386,1.0,s_0767,r_0497
577,1251,-1.0,s_0767,r_1809
577,2899,-1.0,s_0767,r_3534
577,2946,-1.0,s_0767,r_3581
578,1691,-1.0,s_0769,r_2316
578,1692,-1.0,s_0769,r_2317
578,1693,-1.0,s_0769,r_2318
578,1694,-1.0,s_0769,r_2319
578,2946,1.0,s_0769,r_3581
579,383,-1.0,s_0770,r_0490
579,385,1.0,s_0770,r_0492
579,1251,1.0,s_0770,r_1809
579,3323,-1.0,s_0770,r_3958
580,310,-1.0,s_0771,r_0354
580,380,1.0,s_0771,r_0487
580,3825,1.0,s_0771,r_4470
581,357,-1.0,s_0773,r_0463
581,398,1.0,s_0773,r_0510
581,399,-1.0,s_0773,r_0511
581,905,-1.0,s_0773,r_1174
581,3412,-0.35689,s_0773,r_4048
582,358,-1.0,s_0774,r_0464
582,905,1.0,s_0774,r_1174
583,1080,1.0,s_0775,r_1603
583,1254,-1.0,s_0775,r_1812
583,1255,1.0,s_0775,r_1813
583,3787,1.0,s_0775,r_4432
584,1255,-1.0,s_0776,r_1813
584,1256,-1.0,s_0776,r_1814
585,303,1.0,s_0777,r_0347
585,1254,1.0,s_0777,r_1812
586,134,-1.0,s_0779,r_0156
586,524,1.0,s_0779,r_0662
586,572,-1.0,s_0779,r_0716
586,826,1.0,s_0779,r_1076
586,1258,-1.0,s_0779,r_1816
586,1259,-1.0,s_0779,r_1817
586,3670,1.0,s_0779,r_4315
586,3765,1.0,s_0779,r_4410
586,3925,1.0,s_0779,r_4571
586,3931,-1.0,s_0779,r_4582
586,4113,1.0,s_0779,r_4765
587,1257,-1.0,s_0780,r_1815
587,1258,1.0,s_0780,r_1816
588,573,-1.0,s_0781,r_0717
588,1259,1.0,s_0781,r_1817
589,30,1.0,s_0782,r_0036
589,401,1.0,s_0782,r_0514
589,411,1.0,s_0782,r_0527
589,412,-1.0,s_0782,r_0528
589,413,-1.0,s_0782,r_0529
589,632,1.0,s_0782,r_0789
589,896,1.0,s_0782,r_1165
589,1095,-1.0,s_0782,r_1619
589,1263,1.0,s_0782,r_1821
589,3413,-0.0445348319234424,s_0782,r_4049
589,3806,1.0,s_0782,r_4451
590,650,1.0,s_0783,r_0810
590,896,-1.0,s_0783,r_1165
591,131,-1.0,s_0785,r_0153
591,199,-1.0,s_0785,r_0223
591,200,-1.0,s_0785,r_0224
591,279,-1.0,s_0785,r_0315
591,408,-1.0,s_0785,r_0524
591,409,-1.0,s_0785,r_0525
591,577,-1.0,s_0785,r_0722
591,592,-1.0,s_0785,r_0737
591,642,1.0,s_0785,r_0800
591,646,-1.0,s_0785,r_0804
591,742,-1.0,s_0785,r_0972
591,828,-1.0,s_0785,r_1078
591,906,-1.0,s_0785,r_1175
591,4114,-1.0,s_0785,r_4766
592,128,-1.0,s_0786,r_0150
592,906,1.0,s_0786,r_1175
592,4123,1.0,s_0786,r_4775
593,410,-1.0,s_0787,r_0526
593,411,-1.0,s_0787,r_0527
593,720,1.0,s_0787,r_0949
593,907,1.0,s_0787,r_1176
593,1261,-1.0,s_0787,r_1819
593,4106,1.0,s_0787,r_4758
594,907,-1.0,s_0788,r_1176
594,1260,-1.0,s_0788,r_1818
595,721,1.0,s_0789,r_0950
595,1261,1.0,s_0789,r_1819
596,720,-1.0,s_0790,r_0949
596,1095,1.0,s_0790,r_1619
596,1263,-1.0,s_0790,r_1821
596,1264,-1.0,s_0790,r_1822
596,1265,1.0,s_0790,r_1823
596,3700,1.0,s_0790,r_4345
596,3702,1.0,s_0790,r_4347
597,1262,-1.0,s_0791,r_1820
597,1265,-1.0,s_0791,r_1823
598,721,-1.0,s_0792,r_0950
598,1264,1.0,s_0792,r_1822
599,2195,-1.0,s_0793,r_2820
599,2196,-1.0,s_0793,r_2821
599,2197,-1.0,s_0793,r_2822
599,2198,-1.0,s_0793,r_2823
599,2199,-1.0,s_0793,r_2824
599,2200,-1.0,s_0793,r_2825
599,2201,-1.0,s_0793,r_2826
599,2202,-1.0,s_0793,r_2827
599,2243,-1.0,s_0793,r_2868
599,2244,-1.0,s_0793,r_2869
599,2245,-1.0,s_0793,r_2870
599,2246,-1.0,s_0793,r_2871
599,2247,-1.0,s_0793,r_2872
599,2248,-1.0,s_0793,r_2873
599,2249,-1.0,s_0793,r_2874
599,2250,-1.0,s_0793,r_2875
599,2399,1.0,s_0793,r_3034
599,2400,1.0,s_0793,r_3035
599,2401,1.0,s_0793,r_3036
599,2402,1.0,s_0793,r_3037
599,2403,1.0,s_0793,r_3038
599,2404,1.0,s_0793,r_3039
599,2405,1.0,s_0793,r_3040
599,2406,1.0,s_0793,r_3041
599,2407,1.0,s_0793,r_3042
599,2408,1.0,s_0793,r_3043
599,2409,1.0,s_0793,r_3044
599,2410,1.0,s_0793,r_3045
599,2411,1.0,s_0793,r_3046
599,2412,1.0,s_0793,r_3047
599,2413,1.0,s_0793,r_3048
599,2414,1.0,s_0793,r_3049
599,2415,1.0,s_0793,r_3050
599,2416,1.0,s_0793,r_3051
599,2417,1.0,s_0793,r_3052
599,2418,1.0,s_0793,r_3053
599,2419,1.0,s_0793,r_3054
599,2420,1.0,s_0793,r_3055
599,2421,1.0,s_0793,r_3056
599,2422,1.0,s_0793,r_3057
599,2423,1.0,s_0793,r_3058
599,2424,1.0,s_0793,r_3059
599,2425,1.0,s_0793,r_3060
599,2426,1.0,s_0793,r_3061
599,2427,1.0,s_0793,r_3062
599,2428,1.0,s_0793,r_3063
599,2429,1.0,s_0793,r_3064
599,2430,1.0,s_0793,r_3065
599,2431,1.0,s_0793,r_3066
599,2432,1.0,s_0793,r_3067
599,2433,1.0,s_0793,r_3068
599,2434,1.0,s_0793,r_3069
599,2435,1.0,s_0793,r_3070
599,2436,1.0,s_0793,r_3071
599,2437,1.0,s_0793,r_3072
599,2438,1.0,s_0793,r_3073
599,2439,1.0,s_0793,r_3074
599,2440,1.0,s_0793,r_3075
599,2441,1.0,s_0793,r_3076
599,2442,1.0,s_0793,r_3077
599,2443,2.0,s_0793,r_3078
599,2444,2.0,s_0793,r_3079
599,2445,2.0,s_0793,r_3080
599,2446,2.0,s_0793,r_3081
599,2469,-1.0,s_0793,r_3104
599,2470,-1.0,s_0793,r_3105
599,2471,-1.0,s_0793,r_3106
599,2472,-1.0,s_0793,r_3107
599,2473,-1.0,s_0793,r_3108
599,2474,-1.0,s_0793,r_3109
599,2475,-1.0,s_0793,r_3110
599,2476,-1.0,s_0793,r_3111
599,2477,2.0,s_0793,r_3112
599,2478,2.0,s_0793,r_3113
599,2479,2.0,s_0793,r_3114
599,2480,2.0,s_0793,r_3115
599,2481,2.0,s_0793,r_3116
599,2482,2.0,s_0793,r_3117
599,2483,2.0,s_0793,r_3118
599,2484,2.0,s_0793,r_3119
599,2509,2.0,s_0793,r_3144
599,2510,2.0,s_0793,r_3145
599,2511,2.0,s_0793,r_3146
599,2512,2.0,s_0793,r_3147
599,2513,2.0,s_0793,r_3148
599,2514,2.0,s_0793,r_3149
599,2515,2.0,s_0793,r_3150
599,2516,2.0,s_0793,r_3151
599,2541,2.0,s_0793,r_3176
599,2542,2.0,s_0793,r_3177
599,2543,2.0,s_0793,r_3178
599,2544,2.0,s_0793,r_3179
599,2545,2.0,s_0793,r_3180
599,2546,2.0,s_0793,r_3181
599,2547,2.0,s_0793,r_3182
599,2548,2.0,s_0793,r_3183
599,2557,2.0,s_0793,r_3192
599,2558,2.0,s_0793,r_3193
599,2559,2.0,s_0793,r_3194
599,2560,2.0,s_0793,r_3195
599,2561,2.0,s_0793,r_3196
599,2562,2.0,s_0793,r_3197
599,2563,2.0,s_0793,r_3198
599,2564,2.0,s_0793,r_3199
599,2627,1.0,s_0793,r_3262
599,2628,1.0,s_0793,r_3263
599,2968,1.0,s_0793,r_3603
600,2,1.0,s_0794,r_0003
600,4,1.0,s_0794,r_0005
600,5,1.0,s_0794,r_0006
600,8,6.0,s_0794,r_0013
600,9,-1.0,s_0794,r_0014
600,10,-1.0,s_0794,r_0015
600,14,-1.0,s_0794,r_0019
600,19,1.0,s_0794,r_0024
600,24,-1.0,s_0794,r_0029
600,27,1.0,s_0794,r_0033
600,28,1.0,s_0794,r_0034
600,29,1.0,s_0794,r_0035
600,30,1.0,s_0794,r_0036
600,31,1.0,s_0794,r_0037
600,32,1.0,s_0794,r_0038
600,39,1.0,s_0794,r_0045
600,44,1.0,s_0794,r_0061
600,45,-1.0,s_0794,r_0062
600,47,-1.0,s_0794,r_0064
600,50,1.0,s_0794,r_0067
600,54,-1.0,s_0794,r_0072
600,55,1.0,s_0794,r_0073
600,56,-1.0,s_0794,r_0074
600,61,1.0,s_0794,r_0079
600,62,-1.0,s_0794,r_0080
600,64,1.0,s_0794,r_0082
600,70,-2.0,s_0794,r_0088
600,71,-2.0,s_0794,r_0089
600,72,1.0,s_0794,r_0090
600,73,1.0,s_0794,r_0091
600,74,1.0,s_0794,r_0092
600,75,-1.0,s_0794,r_0093
600,76,-1.0,s_0794,r_0094
600,90,1.0,s_0794,r_0109
600,117,-1.0,s_0794,r_0138
600,119,-1.0,s_0794,r_0140
600,120,1.0,s_0794,r_0142
600,121,-1.0,s_0794,r_0143
600,123,-1.0,s_0794,r_0145
600,131,2.0,s_0794,r_0153
600,132,1.0,s_0794,r_0154
600,133,1.0,s_0794,r_0155
600,141,1.0,s_0794,r_0163
600,142,-1.0,s_0794,r_0164
600,144,-1.0,s_0794,r_0166
600,146,-1.0,s_0794,r_0168
600,147,-1.0,s_0794,r_0169
600,149,-1.0,s_0794,r_0171
600,150,2.0,s_0794,r_0172
600,151,2.0,s_0794,r_0173
600,155,2.0,s_0794,r_0177
600,157,-1.0,s_0794,r_0179
600,159,-1.0,s_0794,r_0181
600,160,-1.0,s_0794,r_0182
600,162,-1.0,s_0794,r_0184
600,163,2.0,s_0794,r_0185
600,164,-1.0,s_0794,r_0186
600,166,2.0,s_0794,r_0188
600,168,1.0,s_0794,r_0190
600,169,-3.0,s_0794,r_0191
600,173,1.0,s_0794,r_0195
600,179,1.0,s_0794,r_0203
600,180,2.0,s_0794,r_0204
600,181,-1.0,s_0794,r_0205
600,184,1.0,s_0794,r_0208
600,187,1.0,s_0794,r_0211
600,190,1.0,s_0794,r_0214
600,195,-1.0,s_0794,r_0219
600,198,-1.0,s_0794,r_0222
600,199,-1.0,s_0794,r_0223
600,200,-1.0,s_0794,r_0224
600,202,-3.0,s_0794,r_0226
600,204,1.0,s_0794,r_0228
600,205,2.0,s_0794,r_0229
600,206,-1.0,s_0794,r_0230
600,207,-1.0,s_0794,r_0231
600,208,-1.0,s_0794,r_0233
600,211,-1.0,s_0794,r_0236
600,212,-1.0,s_0794,r_0237
600,213,-1.0,s_0794,r_0238
600,214,-1.0,s_0794,r_0239
600,216,-5.0,s_0794,r_0241
600,217,-1.0,s_0794,r_0242
600,221,2.0,s_0794,r_0250
600,239,1.0,s_0794,r_0271
600,240,1.0,s_0794,r_0272
600,241,1.0,s_0794,r_0273
600,242,-1.0,s_0794,r_0274
600,269,-2.0,s_0794,r_0304
600,270,2.0,s_0794,r_0306
600,271,2.0,s_0794,r_0307
600,275,1.0,s_0794,r_0311
600,278,-1.0,s_0794,r_0314
600,279,1.0,s_0794,r_0315
600,280,-2.0,s_0794,r_0317
600,281,-1.0,s_0794,r_0318
600,282,1.0,s_0794,r_0319
600,283,1.0,s_0794,r_0320
600,284,1.0,s_0794,r_0321
600,286,1.0,s_0794,r_0323
600,287,-1.0,s_0794,r_0326
600,288,-1.0,s_0794,r_0327
600,289,-1.0,s_0794,r_0328
600,290,-1.0,s_0794,r_0329
600,293,1.0,s_0794,r_0332
600,295,3.0,s_0794,r_0335
600,300,-1.0,s_0794,r_0344
600,302,1.0,s_0794,r_0346
600,305,1.0,s_0794,r_0349
600,310,1.0,s_0794,r_0354
600,312,1.0,s_0794,r_0356
600,313,3.0,s_0794,r_0357
600,314,-2.0,s_0794,r_0358
600,315,1.0,s_0794,r_0359
600,316,-1.0,s_0794,r_0360
600,317,1.0,s_0794,r_0361
600,320,1.0,s_0794,r_0364
600,323,1.0,s_0794,r_0368
600,324,1.0,s_0794,r_0369
600,334,0.633,s_0794,r_0438
600,335,2.532,s_0794,r_0439
600,336,-1.0,s_0794,r_0440
600,337,-2.0,s_0794,r_0441
600,338,-2.0,s_0794,r_0442
600,339,1.0,s_0794,r_0443
600,350,1.0,s_0794,r_0455
600,352,1.0,s_0794,r_0458
600,353,-1.0,s_0794,r_0459
600,354,1.0,s_0794,r_0460
600,360,1.0,s_0794,r_0466
600,363,-1.0,s_0794,r_0469
600,364,1.0,s_0794,r_0470
600,365,-1.0,s_0794,r_0471
600,366,-1.0,s_0794,r_0472
600,367,-1.0,s_0794,r_0473
600,369,1.0,s_0794,r_0476
600,374,-1.0,s_0794,r_0481
600,378,1.0,s_0794,r_0485
600,379,1.0,s_0794,r_0486
600,380,1.0,s_0794,r_0487
600,381,1.0,s_0794,r_0488
600,384,-1.0,s_0794,r_0491
600,386,1.0,s_0794,r_0497
600,387,1.0,s_0794,r_0499
600,398,1.0,s_0794,r_0510
600,401,2.0,s_0794,r_0514
600,408,1.0,s_0794,r_0524
600,409,2.0,s_0794,r_0525
600,410,-1.0,s_0794,r_0526
600,417,1.0,s_0794,r_0533
600,418,1.0,s_0794,r_0534
600,419,1.0,s_0794,r_0535
600,420,3.0,s_0794,r_0536
600,425,1.0,s_0794,r_0541
600,428,1.0,s_0794,r_0544
600,430,-1.0,s_0794,r_0546
600,431,-1.0,s_0794,r_0547
600,432,1.0,s_0794,r_0548
600,434,-1.0,s_0794,r_0550
600,437,1.0,s_0794,r_0553
600,440,1.0,s_0794,r_0556
600,442,-2.0,s_0794,r_0558
600,444,1.0,s_0794,r_0561
600,446,1.0,s_0794,r_0563
600,448,1.0,s_0794,r_0565
600,449,-1.0,s_0794,r_0566
600,450,-1.0,s_0794,r_0567
600,451,1.0,s_0794,r_0568
600,519,1.0,s_0794,r_0656
600,520,1.0,s_0794,r_0657
600,532,1.0,s_0794,r_0670
600,533,-1.0,s_0794,r_0671
600,538,1.0,s_0794,r_0676
600,539,-1.0,s_0794,r_0678
600,545,-2.0,s_0794,r_0687
600,546,-1.0,s_0794,r_0688
600,548,1.0,s_0794,r_0690
600,549,1.0,s_0794,r_0691
600,553,1.0,s_0794,r_0695
600,554,2.0,s_0794,r_0696
600,570,1.0,s_0794,r_0714
600,572,1.0,s_0794,r_0716
600,577,-1.0,s_0794,r_0722
600,580,1.0,s_0794,r_0725
600,590,1.0,s_0794,r_0735
600,591,1.0,s_0794,r_0736
600,592,1.0,s_0794,r_0737
600,593,1.0,s_0794,r_0738
600,608,1.0,s_0794,r_0760
600,610,1.0,s_0794,r_0762
600,611,-1.0,s_0794,r_0763
600,613,1.0,s_0794,r_0765
600,616,1.0,s_0794,r_0768
600,618,-1.0,s_0794,r_0770
600,619,1.0,s_0794,r_0771
600,622,-1.0,s_0794,r_0774
600,626,-1.0,s_0794,r_0783
600,628,-1.0,s_0794,r_0785
600,629,-2.0,s_0794,r_0786
600,631,1.0,s_0794,r_0788
600,632,1.0,s_0794,r_0789
600,633,1.0,s_0794,r_0790
600,635,1.0,s_0794,r_0792
600,636,1.0,s_0794,r_0793
600,646,1.0,s_0794,r_0804
600,647,1.0,s_0794,r_0805
600,648,1.0,s_0794,r_0806
600,649,1.0,s_0794,r_0807
600,652,1.0,s_0794,r_0812
600,654,1.0,s_0794,r_0815
600,655,1.0,s_0794,r_0816
600,656,-1.0,s_0794,r_0817
600,660,-1.0,s_0794,r_0821
600,663,-1.0,s_0794,r_0841
600,664,1.0,s_0794,r_0842
600,665,1.0,s_0794,r_0843
600,675,-1.0,s_0794,r_0854
600,676,1.0,s_0794,r_0855
600,678,1.0,s_0794,r_0883
600,680,-1.0,s_0794,r_0885
600,681,1.0,s_0794,r_0886
600,682,1.0,s_0794,r_0887
600,686,1.0,s_0794,r_0891
600,692,1.0,s_0794,r_0905
600,693,-1.0,s_0794,r_0906
600,695,2.0,s_0794,r_0908
600,697,1.0,s_0794,r_0910
600,698,1.0,s_0794,r_0911
600,701,1.0,s_0794,r_0914
600,703,1.0,s_0794,r_0916
600,711,1.0,s_0794,r_0935
600,714,-1.0,s_0794,r_0938
600,719,1.0,s_0794,r_0943
600,727,-2.0,s_0794,r_0957
600,728,1.0,s_0794,r_0958
600,729,-1.0,s_0794,r_0959
600,730,-1.0,s_0794,r_0960
600,732,-1.0,s_0794,r_0962
600,734,1.0,s_0794,r_0964
600,735,1.0,s_0794,r_0965
600,737,1.0,s_0794,r_0967
600,738,-1.0,s_0794,r_0968
600,739,1.0,s_0794,r_0969
600,740,-1.0,s_0794,r_0970
600,741,-1.0,s_0794,r_0971
600,742,-1.0,s_0794,r_0972
600,743,-1.0,s_0794,r_0973
600,744,-1.0,s_0794,r_0974
600,746,-1.0,s_0794,r_0976
600,748,-1.0,s_0794,r_0978
600,751,1.0,s_0794,r_0983
600,754,1.0,s_0794,r_0986
600,755,1.0,s_0794,r_0987
600,756,1.0,s_0794,r_0988
600,757,-1.0,s_0794,r_0989
600,762,-1.0,s_0794,r_0996
600,763,1.0,s_0794,r_0997
600,764,2.0,s_0794,r_0998
600,765,2.0,s_0794,r_0999
600,766,1.0,s_0794,r_1000
600,767,1.0,s_0794,r_1001
600,768,1.0,s_0794,r_1002
600,778,-1.0,s_0794,r_1012
600,781,2.0,s_0794,r_1023
600,783,-1.0,s_0794,r_1025
600,784,1.0,s_0794,r_1026
600,785,-4.0,s_0794,r_1027
600,786,1.0,s_0794,r_1028
600,787,1.0,s_0794,r_1029
600,789,1.0,s_0794,r_1031
600,792,1.0,s_0794,r_1034
600,794,-1.0,s_0794,r_1036
600,818,1.0,s_0794,r_1068
600,819,-1.0,s_0794,r_1069
600,825,1.0,s_0794,r_1075
600,826,-2.0,s_0794,r_1076
600,827,1.0,s_0794,r_1077
600,828,1.0,s_0794,r_1078
600,831,-4.0,s_0794,r_1081
600,832,1.0,s_0794,r_1082
600,834,-1.0,s_0794,r_1084
600,835,-1.0,s_0794,r_1085
600,836,-1.0,s_0794,r_1086
600,842,1.0,s_0794,r_1092
600,843,-1.0,s_0794,r_1093
600,844,1.0,s_0794,r_1094
600,851,1.0,s_0794,r_1101
600,852,1.0,s_0794,r_1102
600,854,1.0,s_0794,r_1104
600,857,1.0,s_0794,r_1108
600,858,1.0,s_0794,r_1109
600,860,1.0,s_0794,r_1111
600,865,1.0,s_0794,r_1116
600,867,1.0,s_0794,r_1119
600,873,1.0,s_0794,r_1125
600,878,-1.0,s_0794,r_1130
600,879,-2.0,s_0794,r_1131
600,880,1.0,s_0794,r_1132
600,881,1.0,s_0794,r_1133
600,883,1.0,s_0794,r_1135
600,884,1.0,s_0794,r_1136
600,885,-1.0,s_0794,r_1137
600,887,1.0,s_0794,r_1139
600,902,1.0,s_0794,r_1171
600,904,1.0,s_0794,r_1173
600,906,-1.0,s_0794,r_1175
600,907,1.0,s_0794,r_1176
600,908,1.0,s_0794,r_1177
600,914,1.0,s_0794,r_1183
600,915,1.0,s_0794,r_1184
600,916,1.0,s_0794,r_1185
600,917,1.0,s_0794,r_1186
600,918,1.0,s_0794,r_1187
600,919,1.0,s_0794,r_1188
600,920,1.0,s_0794,r_1189
600,921,1.0,s_0794,r_1190
600,923,1.0,s_0794,r_1192
600,924,1.0,s_0794,r_1193
600,926,1.0,s_0794,r_1195
600,927,1.0,s_0794,r_1196
600,928,1.0,s_0794,r_1197
600,929,1.0,s_0794,r_1198
600,930,1.0,s_0794,r_1199
600,931,1.0,s_0794,r_1200
600,932,1.0,s_0794,r_1201
600,934,1.0,s_0794,r_1203
600,935,1.0,s_0794,r_1204
600,936,1.0,s_0794,r_1205
600,938,1.0,s_0794,r_1207
600,940,1.0,s_0794,r_1209
600,941,1.0,s_0794,r_1210
600,942,1.0,s_0794,r_1211
600,943,1.0,s_0794,r_1212
600,944,1.0,s_0794,r_1213
600,945,1.0,s_0794,r_1214
600,946,1.0,s_0794,r_1215
600,947,1.0,s_0794,r_1216
600,948,1.0,s_0794,r_1217
600,949,1.0,s_0794,r_1218
600,950,1.0,s_0794,r_1219
600,952,1.0,s_0794,r_1221
600,953,1.0,s_0794,r_1222
600,954,1.0,s_0794,r_1223
600,955,1.0,s_0794,r_1224
600,958,1.0,s_0794,r_1227
600,966,-1.0,s_0794,r_1237
600,967,1.0,s_0794,r_1238
600,968,-1.0,s_0794,r_1239
600,969,1.0,s_0794,r_1241
600,972,1.0,s_0794,r_1244
600,973,-1.0,s_0794,r_1245
600,974,1.0,s_0794,r_1249
600,976,-1.0,s_0794,r_1251
600,977,1.0,s_0794,r_1252
600,978,1.0,s_0794,r_1253
600,979,1.0,s_0794,r_1254
600,980,1.0,s_0794,r_1255
600,982,1.0,s_0794,r_1257
600,983,1.0,s_0794,r_1258
600,985,-1.0,s_0794,r_1260
600,986,1.0,s_0794,r_1261
600,987,-1.0,s_0794,r_1262
600,988,1.0,s_0794,r_1263
600,995,1.0,s_0794,r_1270
600,997,1.0,s_0794,r_1272
600,998,2.0,s_0794,r_1273
600,999,1.0,s_0794,r_1274
600,1000,-1.0,s_0794,r_1275
600,1001,-2.0,s_0794,r_1276
600,1080,1.0,s_0794,r_1603
600,1100,1.0,s_0794,r_1624
600,1128,-1.0,s_0794,r_1657
600,1136,1.0,s_0794,r_1667
600,1150,1.0,s_0794,r_1682
600,1187,-1.0,s_0794,r_1722
600,1188,-1.0,s_0794,r_1723
600,1189,-1.0,s_0794,r_1724
600,1190,-1.0,s_0794,r_1725
600,1199,1.0,s_0794,r_1734
600,1201,1.0,s_0794,r_1736
600,1204,1.0,s_0794,r_1739
600,1206,1.0,s_0794,r_1744
600,1241,1.0,s_0794,r_1797
600,1263,1.0,s_0794,r_1821
600,1266,1.0,s_0794,r_1824
600,1267,-1.0,s_0794,r_1825
600,1268,-1.0,s_0794,r_1826
600,1269,-1.0,s_0794,r_1827
600,1270,-1.0,s_0794,r_1829
600,1271,-1.0,s_0794,r_1830
600,1272,-1.0,s_0794,r_1831
600,1291,1.0,s_0794,r_1850
600,1313,-1.0,s_0794,r_1872
600,1328,1.0,s_0794,r_1887
600,1393,1.0,s_0794,r_1974
600,1394,1.0,s_0794,r_1975
600,1426,1.0,s_0794,r_2025
600,1427,1.0,s_0794,r_2026
600,1430,1.0,s_0794,r_2029
600,1435,-1.0,s_0794,r_2034
600,1448,1.0,s_0794,r_2050
600,1462,1.0,s_0794,r_2065
600,1469,1.0,s_0794,r_2074
600,1471,-1.0,s_0794,r_2079
600,1501,-2.0,s_0794,r_2113
600,1502,1.0,s_0794,r_2114
600,1503,-1.0,s_0794,r_2115
600,1504,2.0,s_0794,r_2116
600,1510,-1.0,s_0794,r_2129
600,1517,-21.0,s_0794,r_2140
600,1518,-24.0,s_0794,r_2141
600,1596,1.0,s_0794,r_2219
600,1597,1.0,s_0794,r_2220
600,1598,1.0,s_0794,r_2221
600,1599,1.0,s_0794,r_2222
600,1600,1.0,s_0794,r_2223
600,1601,1.0,s_0794,r_2224
600,1602,1.0,s_0794,r_2225
600,1603,1.0,s_0794,r_2226
600,1604,1.0,s_0794,r_2227
600,1605,1.0,s_0794,r_2228
600,2447,6.0,s_0794,r_3082
600,2448,6.0,s_0794,r_3083
600,2449,6.0,s_0794,r_3084
600,2450,6.0,s_0794,r_3085
600,2451,6.0,s_0794,r_3086
600,2452,6.0,s_0794,r_3087
600,2453,6.0,s_0794,r_3088
600,2454,6.0,s_0794,r_3089
600,2485,2.0,s_0794,r_3120
600,2486,2.0,s_0794,r_3121
600,2487,2.0,s_0794,r_3122
600,2488,2.0,s_0794,r_3123
600,2489,2.0,s_0794,r_3124
600,2490,2.0,s_0794,r_3125
600,2491,2.0,s_0794,r_3126
600,2492,2.0,s_0794,r_3127
600,2517,2.0,s_0794,r_3152
600,2518,2.0,s_0794,r_3153
600,2519,2.0,s_0794,r_3154
600,2520,2.0,s_0794,r_3155
600,2521,2.0,s_0794,r_3156
600,2522,2.0,s_0794,r_3157
600,2523,2.0,s_0794,r_3158
600,2524,2.0,s_0794,r_3159
600,2549,2.0,s_0794,r_3184
600,2550,2.0,s_0794,r_3185
600,2551,2.0,s_0794,r_3186
600,2552,2.0,s_0794,r_3187
600,2553,2.0,s_0794,r_3188
600,2554,2.0,s_0794,r_3189
600,2555,2.0,s_0794,r_3190
600,2556,2.0,s_0794,r_3191
600,2565,2.0,s_0794,r_3200
600,2566,2.0,s_0794,r_3201
600,2567,2.0,s_0794,r_3202
600,2568,2.0,s_0794,r_3203
600,2569,2.0,s_0794,r_3204
600,2570,2.0,s_0794,r_3205
600,2571,2.0,s_0794,r_3206
600,2572,2.0,s_0794,r_3207
600,2605,2.0,s_0794,r_3240
600,2606,2.0,s_0794,r_3241
600,2607,2.0,s_0794,r_3242
600,2608,2.0,s_0794,r_3243
600,2890,-1.0,s_0794,r_3525
600,2968,-1.0,s_0794,r_3603
600,3015,-1.0,s_0794,r_3650
600,3029,-1.0,s_0794,r_3664
600,3405,55.3,s_0794,r_4041
600,3410,1.0,s_0794,r_4046
600,3517,-1.0,s_0794,r_4153
600,3518,1.0,s_0794,r_4154
600,3522,-1.0,s_0794,r_4158
600,3524,2.0,s_0794,r_4160
600,3536,1.0,s_0794,r_4172
600,3539,1.0,s_0794,r_4175
600,3540,1.0,s_0794,r_4176
600,3541,1.0,s_0794,r_4177
600,3542,1.0,s_0794,r_4178
600,3543,1.0,s_0794,r_4179
600,3544,1.0,s_0794,r_4180
600,3545,1.0,s_0794,r_4181
600,3546,1.0,s_0794,r_4183
600,3548,-1.0,s_0794,r_4185
600,3549,1.0,s_0794,r_4186
600,3555,1.0,s_0794,r_4192
600,3561,1.0,s_0794,r_4198
600,3565,1.0,s_0794,r_4202
600,3568,1.0,s_0794,r_4205
600,3574,1.0,s_0794,r_4211
600,3575,1.0,s_0794,r_4212
600,3580,1.0,s_0794,r_4218
600,3581,1.0,s_0794,r_4219
600,3582,1.0,s_0794,r_4220
600,3583,1.0,s_0794,r_4221
600,3584,1.0,s_0794,r_4222
600,3586,1.0,s_0794,r_4224
600,3587,1.0,s_0794,r_4225
600,3593,1.0,s_0794,r_4232
600,3596,-1.0,s_0794,r_4236
600,3599,1.0,s_0794,r_4239
600,3613,1.0,s_0794,r_4254
600,3614,1.0,s_0794,r_4255
600,3615,-1.0,s_0794,r_4256
600,3622,1.0,s_0794,r_4265
600,3623,1.0,s_0794,r_4266
600,3624,1.0,s_0794,r_4267
600,3625,1.0,s_0794,r_4268
600,3626,1.0,s_0794,r_4269
600,3627,-2.0,s_0794,r_4270
600,3630,2.0,s_0794,r_4273
600,3631,1.0,s_0794,r_4274
600,3632,1.0,s_0794,r_4275
600,3633,1.0,s_0794,r_4276
600,3635,1.0,s_0794,r_4278
600,3639,1.0,s_0794,r_4282
600,3640,1.0,s_0794,r_4283
600,3641,1.0,s_0794,r_4284
600,3642,1.0,s_0794,r_4285
600,3643,1.0,s_0794,r_4286
600,3644,1.0,s_0794,r_4287
600,3646,2.0,s_0794,r_4291
600,3647,2.0,s_0794,r_4292
600,3648,2.0,s_0794,r_4293
600,3649,2.0,s_0794,r_4294
600,3650,2.0,s_0794,r_4295
600,3651,3.0,s_0794,r_4296
600,3652,2.0,s_0794,r_4297
600,3653,2.0,s_0794,r_4298
600,3654,2.0,s_0794,r_4299
600,3655,2.0,s_0794,r_4300
600,3656,2.0,s_0794,r_4301
600,3657,2.0,s_0794,r_4302
600,3658,2.0,s_0794,r_4303
600,3659,2.0,s_0794,r_4304
600,3660,2.0,s_0794,r_4305
600,3661,2.0,s_0794,r_4306
600,3662,2.0,s_0794,r_4307
600,3664,1.0,s_0794,r_4309
600,3667,1.0,s_0794,r_4312
600,3670,1.0,s_0794,r_4315
600,3685,1.0,s_0794,r_4330
600,3688,1.0,s_0794,r_4333
600,3689,1.0,s_0794,r_4334
600,3690,1.0,s_0794,r_4335
600,3695,1.0,s_0794,r_4340
600,3698,1.0,s_0794,r_4343
600,3701,1.0,s_0794,r_4346
600,3703,1.0,s_0794,r_4348
600,3704,1.0,s_0794,r_4349
600,3708,1.0,s_0794,r_4353
600,3709,1.0,s_0794,r_4354
600,3711,1.0,s_0794,r_4356
600,3713,1.0,s_0794,r_4358
600,3715,1.0,s_0794,r_4360
600,3716,1.0,s_0794,r_4361
600,3719,1.0,s_0794,r_4364
600,3720,1.0,s_0794,r_4365
600,3721,-1.0,s_0794,r_4366
600,3722,1.0,s_0794,r_4367
600,3724,1.0,s_0794,r_4369
600,3726,1.0,s_0794,r_4371
600,3727,1.0,s_0794,r_4372
600,3728,1.0,s_0794,r_4373
600,3729,1.0,s_0794,r_4374
600,3730,1.0,s_0794,r_4375
600,3734,1.0,s_0794,r_4379
600,3735,-1.0,s_0794,r_4380
600,3736,1.0,s_0794,r_4381
600,3739,-1.0,s_0794,r_4384
600,3740,1.0,s_0794,r_4385
600,3742,1.0,s_0794,r_4387
600,3743,1.0,s_0794,r_4388
600,3744,1.0,s_0794,r_4389
600,3747,1.0,s_0794,r_4392
600,3748,1.0,s_0794,r_4393
600,3753,1.0,s_0794,r_4398
600,3754,-1.0,s_0794,r_4399
600,3756,-1.0,s_0794,r_4401
600,3757,1.0,s_0794,r_4402
600,3759,1.0,s_0794,r_4404
600,3761,1.0,s_0794,r_4406
600,3763,1.0,s_0794,r_4408
600,3766,1.0,s_0794,r_4411
600,3767,1.0,s_0794,r_4412
600,3774,1.0,s_0794,r_4419
600,3776,1.0,s_0794,r_4421
600,3777,1.0,s_0794,r_4422
600,3778,-1.0,s_0794,r_4423
600,3779,1.0,s_0794,r_4424
600,3780,-1.0,s_0794,r_4425
600,3781,-1.0,s_0794,r_4426
600,3782,1.0,s_0794,r_4427
600,3783,1.0,s_0794,r_4428
600,3784,1.0,s_0794,r_4429
600,3785,-1.0,s_0794,r_4430
600,3786,-1.0,s_0794,r_4431
600,3787,2.0,s_0794,r_4432
600,3792,1.0,s_0794,r_4437
600,3793,-1.0,s_0794,r_4438
600,3799,1.0,s_0794,r_4444
600,3800,1.0,s_0794,r_4445
600,3803,1.0,s_0794,r_4448
600,3804,-1.0,s_0794,r_4449
600,3805,1.0,s_0794,r_4450
600,3806,1.0,s_0794,r_4451
600,3810,1.0,s_0794,r_4455
600,3812,1.0,s_0794,r_4457
600,3813,1.0,s_0794,r_4458
600,3814,1.0,s_0794,r_4459
600,3815,2.0,s_0794,r_4460
600,3818,1.0,s_0794,r_4463
600,3820,1.0,s_0794,r_4465
600,3821,1.0,s_0794,r_4466
600,3824,1.0,s_0794,r_4469
600,3826,1.0,s_0794,r_4471
600,3827,-1.0,s_0794,r_4472
600,3828,1.0,s_0794,r_4473
600,3829,-1.0,s_0794,r_4474
600,3832,1.0,s_0794,r_4477
600,3834,-1.0,s_0794,r_4479
600,3835,1.0,s_0794,r_4480
600,3836,1.0,s_0794,r_4481
600,3837,-1.0,s_0794,r_4482
600,3838,-1.0,s_0794,r_4483
600,3841,1.0,s_0794,r_4486
600,3843,1.0,s_0794,r_4488
600,3844,1.0,s_0794,r_4489
600,3845,-1.0,s_0794,r_4490
600,3846,-1.0,s_0794,r_4491
600,3847,1.0,s_0794,r_4492
600,3922,-1.0,s_0794,r_4568
600,3923,-1.0,s_0794,r_4569
600,3924,1.0,s_0794,r_4570
600,3925,-1.0,s_0794,r_4571
600,3929,-1.0,s_0794,r_4575
600,3931,1.0,s_0794,r_4582
600,3932,1.0,s_0794,r_4583
600,3936,1.0,s_0794,r_4587
600,3938,1.0,s_0794,r_4589
600,3939,1.0,s_0794,r_4590
600,3940,1.0,s_0794,r_4591
600,3941,1.0,s_0794,r_4592
600,3950,-1.0,s_0794,r_4601
600,3954,-1.0,s_0794,r_4605
600,3955,-1.0,s_0794,r_4606
600,3963,-1.0,s_0794,r_4614
600,3972,-1.0,s_0794,r_4623
600,4000,-1.0,s_0794,r_4651
600,4001,-1.0,s_0794,r_4652
600,4003,-1.0,s_0794,r_4654
600,4009,-1.0,s_0794,r_4660
600,4010,-1.0,s_0794,r_4661
600,4012,-1.0,s_0794,r_4663
600,4018,-1.0,s_0794,r_4669
600,4019,-1.0,s_0794,r_4670
600,4021,-1.0,s_0794,r_4672
600,4027,1.0,s_0794,r_4678
600,4059,-1.0,s_0794,r_4711
600,4060,-1.0,s_0794,r_4712
600,4061,-2.0,s_0794,r_4713
600,4062,-1.0,s_0794,r_4714
600,4063,-1.0,s_0794,r_4715
600,4064,-1.0,s_0794,r_4716
600,4065,-1.0,s_0794,r_4717
600,4066,2.0,s_0794,r_4718
600,4067,2.0,s_0794,r_4719
600,4068,-1.0,s_0794,r_4720
600,4069,-1.0,s_0794,r_4721
600,4070,1.0,s_0794,r_4722
600,4092,1.0,s_0794,r_4744
600,4093,-1.0,s_0794,r_4745
600,4094,-1.0,s_0794,r_4746
600,4095,1.0,s_0794,r_4747
600,4096,1.0,s_0794,r_4748
600,4100,1.0,s_0794,r_4752
600,4101,-2.0,s_0794,r_4753
600,4105,1.0,s_0794,r_4757
600,4108,2.0,s_0794,r_4760
600,4111,1.0,s_0794,r_4763
600,4112,-1.0,s_0794,r_4764
600,4117,2.0,s_0794,r_4769
600,4129,1.0,s_0794,r_4781
600,4130,1.0,s_0794,r_4782
601,35,-1.0,s_0795,r_0041
601,219,-1.0,s_0795,r_0244
601,227,-1.0,s_0795,r_0259
601,228,-1.0,s_0795,r_0260
601,229,-1.0,s_0795,r_0261
601,230,-1.0,s_0795,r_0262
601,231,1.0,s_0795,r_0263
601,232,1.0,s_0795,r_0264
601,233,1.0,s_0795,r_0265
601,234,1.0,s_0795,r_0266
601,235,-1.0,s_0795,r_0267
601,236,-1.0,s_0795,r_0268
601,237,-1.0,s_0795,r_0269
601,238,-1.0,s_0795,r_0270
601,402,1.0,s_0795,r_0518
601,509,2.0,s_0795,r_0646
601,510,2.0,s_0795,r_0647
601,511,2.0,s_0795,r_0648
601,512,2.0,s_0795,r_0649
601,513,2.0,s_0795,r_0650
601,514,2.0,s_0795,r_0651
601,515,2.0,s_0795,r_0652
601,516,2.0,s_0795,r_0653
601,517,2.0,s_0795,r_0654
601,518,2.0,s_0795,r_0655
601,709,-1.0,s_0795,r_0922
601,760,-1.0,s_0795,r_0993
601,772,1.0,s_0795,r_1006
601,773,1.0,s_0795,r_1007
601,776,-1.0,s_0795,r_1010
601,777,-1.0,s_0795,r_1011
601,1267,1.0,s_0795,r_1825
601,3523,1.0,s_0795,r_4159
601,3595,1.0,s_0795,r_4234
601,3601,1.0,s_0795,r_4242
601,3602,1.0,s_0795,r_4243
601,3603,1.0,s_0795,r_4244
601,3609,-1.0,s_0795,r_4250
601,3612,-1.0,s_0795,r_4253
601,3665,2.0,s_0795,r_4310
601,3666,2.0,s_0795,r_4311
601,3675,-1.0,s_0795,r_4320
601,3676,-1.0,s_0795,r_4321
601,3677,1.0,s_0795,r_4322
601,3683,2.0,s_0795,r_4328
601,3955,1.0,s_0795,r_4606
602,203,1.0,s_0796,r_0227
602,790,1.0,s_0796,r_1032
602,851,-1.0,s_0796,r_1101
602,852,-1.0,s_0796,r_1102
602,854,-1.0,s_0796,r_1104
602,857,-1.0,s_0796,r_1108
602,858,-1.0,s_0796,r_1109
602,867,-1.0,s_0796,r_1119
602,873,-1.0,s_0796,r_1125
602,880,-1.0,s_0796,r_1132
602,881,-1.0,s_0796,r_1133
602,883,-1.0,s_0796,r_1135
602,884,-1.0,s_0796,r_1136
602,887,-1.0,s_0796,r_1139
602,902,-1.0,s_0796,r_1171
602,904,-1.0,s_0796,r_1173
602,907,-1.0,s_0796,r_1176
602,908,-1.0,s_0796,r_1177
602,914,-1.0,s_0796,r_1183
602,915,-1.0,s_0796,r_1184
602,917,-1.0,s_0796,r_1186
602,921,-1.0,s_0796,r_1190
602,923,-1.0,s_0796,r_1192
602,927,-1.0,s_0796,r_1196
602,930,-1.0,s_0796,r_1199
602,932,-1.0,s_0796,r_1201
602,936,-1.0,s_0796,r_1205
602,938,-1.0,s_0796,r_1207
602,942,-1.0,s_0796,r_1211
602,944,-1.0,s_0796,r_1213
602,945,-1.0,s_0796,r_1214
602,946,-1.0,s_0796,r_1215
602,947,-1.0,s_0796,r_1216
602,948,-1.0,s_0796,r_1217
602,949,-1.0,s_0796,r_1218
602,950,-1.0,s_0796,r_1219
602,954,-1.0,s_0796,r_1223
602,955,-1.0,s_0796,r_1224
602,958,-1.0,s_0796,r_1227
602,967,-1.0,s_0796,r_1238
602,969,-1.0,s_0796,r_1241
602,972,-1.0,s_0796,r_1244
602,974,-1.0,s_0796,r_1249
602,976,1.0,s_0796,r_1251
602,978,-1.0,s_0796,r_1253
602,979,-1.0,s_0796,r_1254
602,980,-1.0,s_0796,r_1255
602,982,-1.0,s_0796,r_1257
602,983,-1.0,s_0796,r_1258
602,985,1.0,s_0796,r_1260
602,987,1.0,s_0796,r_1262
602,995,-1.0,s_0796,r_1270
602,997,-1.0,s_0796,r_1272
602,998,-2.0,s_0796,r_1273
602,999,-1.0,s_0796,r_1274
602,1137,1.0,s_0796,r_1668
602,1266,-1.0,s_0796,r_1824
602,1273,-1.0,s_0796,r_1832
602,1471,1.0,s_0796,r_2079
602,3698,-1.0,s_0796,r_4343
602,3701,-1.0,s_0796,r_4346
602,3703,-1.0,s_0796,r_4348
602,3704,-1.0,s_0796,r_4349
602,3711,-1.0,s_0796,r_4356
602,3713,-1.0,s_0796,r_4358
602,3715,-1.0,s_0796,r_4360
602,3716,-1.0,s_0796,r_4361
602,3719,-1.0,s_0796,r_4364
602,3720,-1.0,s_0796,r_4365
602,3722,-1.0,s_0796,r_4367
602,3724,-1.0,s_0796,r_4369
602,3726,-1.0,s_0796,r_4371
602,3728,-1.0,s_0796,r_4373
602,3730,-1.0,s_0796,r_4375
602,3734,-1.0,s_0796,r_4379
602,3736,-1.0,s_0796,r_4381
602,3740,-1.0,s_0796,r_4385
602,3742,-1.0,s_0796,r_4387
602,3744,-1.0,s_0796,r_4389
602,3747,-1.0,s_0796,r_4392
602,3753,-1.0,s_0796,r_4398
602,3757,-1.0,s_0796,r_4402
602,3759,-1.0,s_0796,r_4404
602,3761,-1.0,s_0796,r_4406
602,3763,-1.0,s_0796,r_4408
602,3774,-1.0,s_0796,r_4419
602,3776,-1.0,s_0796,r_4421
602,3777,-1.0,s_0796,r_4422
602,3779,-1.0,s_0796,r_4424
602,3782,-1.0,s_0796,r_4427
602,3783,-1.0,s_0796,r_4428
602,3784,-1.0,s_0796,r_4429
602,3792,-1.0,s_0796,r_4437
602,3799,-1.0,s_0796,r_4444
602,3800,-1.0,s_0796,r_4445
602,3803,-1.0,s_0796,r_4448
602,3805,-1.0,s_0796,r_4450
602,3806,-1.0,s_0796,r_4451
602,3810,-1.0,s_0796,r_4455
602,3812,-1.0,s_0796,r_4457
602,3813,-1.0,s_0796,r_4458
602,3814,-1.0,s_0796,r_4459
602,3815,-2.0,s_0796,r_4460
602,3818,-1.0,s_0796,r_4463
602,3820,-1.0,s_0796,r_4465
602,3821,-1.0,s_0796,r_4466
602,3824,-1.0,s_0796,r_4469
602,3826,-1.0,s_0796,r_4471
602,3828,-1.0,s_0796,r_4473
602,3832,-1.0,s_0796,r_4477
602,3835,-1.0,s_0796,r_4480
602,3936,-1.0,s_0796,r_4587
602,3938,-1.0,s_0796,r_4589
602,3939,-1.0,s_0796,r_4590
602,3940,-1.0,s_0796,r_4591
602,3941,-1.0,s_0796,r_4592
603,170,-1.0,s_0797,r_0192
603,595,1.0,s_0797,r_0747
603,596,1.0,s_0797,r_0748
603,597,1.0,s_0797,r_0749
603,598,1.0,s_0797,r_0750
603,599,1.0,s_0797,r_0751
603,600,1.0,s_0797,r_0752
603,601,1.0,s_0797,r_0753
603,602,1.0,s_0797,r_0754
603,603,1.0,s_0797,r_0755
603,604,1.0,s_0797,r_0756
603,634,1.0,s_0797,r_0791
603,650,1.0,s_0797,r_0810
603,835,2.0,s_0797,r_1085
603,1268,1.0,s_0797,r_1826
603,3598,1.0,s_0797,r_4238
604,1269,1.0,s_0798,r_1827
604,1695,-2.0,s_0798,r_2320
604,1696,-2.0,s_0798,r_2321
604,1697,-2.0,s_0798,r_2322
604,1698,-2.0,s_0798,r_2323
604,1703,-1.0,s_0798,r_2328
604,1704,-1.0,s_0798,r_2329
604,1705,-1.0,s_0798,r_2330
604,1706,-1.0,s_0798,r_2331
604,2617,1.0,s_0798,r_3252
604,2618,1.0,s_0798,r_3253
604,2619,1.0,s_0798,r_3254
604,2620,1.0,s_0798,r_3255
604,2621,1.0,s_0798,r_3256
604,2622,1.0,s_0798,r_3257
604,2623,1.0,s_0798,r_3258
604,2624,1.0,s_0798,r_3259
604,2625,1.0,s_0798,r_3260
604,2626,1.0,s_0798,r_3261
604,2629,1.0,s_0798,r_3264
604,2630,1.0,s_0798,r_3265
604,2631,1.0,s_0798,r_3266
604,2632,1.0,s_0798,r_3267
604,2633,1.0,s_0798,r_3268
604,2634,1.0,s_0798,r_3269
604,2635,1.0,s_0798,r_3270
604,2636,1.0,s_0798,r_3271
604,2637,1.0,s_0798,r_3272
604,2638,1.0,s_0798,r_3273
604,2639,1.0,s_0798,r_3274
604,2640,1.0,s_0798,r_3275
604,2641,1.0,s_0798,r_3276
604,2642,1.0,s_0798,r_3277
604,2643,1.0,s_0798,r_3278
604,2644,1.0,s_0798,r_3279
604,2645,1.0,s_0798,r_3280
604,2646,1.0,s_0798,r_3281
604,2647,1.0,s_0798,r_3282
604,2648,1.0,s_0798,r_3283
604,2649,1.0,s_0798,r_3284
604,2650,1.0,s_0798,r_3285
604,2651,1.0,s_0798,r_3286
604,2652,1.0,s_0798,r_3287
604,2653,1.0,s_0798,r_3288
604,2654,1.0,s_0798,r_3289
604,2655,1.0,s_0798,r_3290
604,2656,1.0,s_0798,r_3291
604,2657,1.0,s_0798,r_3292
604,2658,1.0,s_0798,r_3293
604,2659,1.0,s_0798,r_3294
604,2660,1.0,s_0798,r_3295
604,2661,1.0,s_0798,r_3296
604,2662,1.0,s_0798,r_3297
604,2663,1.0,s_0798,r_3298
604,2664,1.0,s_0798,r_3299
604,2665,1.0,s_0798,r_3300
604,2666,1.0,s_0798,r_3301
604,2667,1.0,s_0798,r_3302
604,2668,1.0,s_0798,r_3303
604,2673,1.0,s_0798,r_3308
604,2674,1.0,s_0798,r_3309
604,2675,1.0,s_0798,r_3310
604,2676,1.0,s_0798,r_3311
604,2681,1.0,s_0798,r_3316
604,2682,1.0,s_0798,r_3317
604,2683,1.0,s_0798,r_3318
604,2684,1.0,s_0798,r_3319
604,2685,1.0,s_0798,r_3320
604,2686,1.0,s_0798,r_3321
604,2687,1.0,s_0798,r_3322
604,2688,1.0,s_0798,r_3323
604,2689,1.0,s_0798,r_3324
604,2690,1.0,s_0798,r_3325
604,2691,1.0,s_0798,r_3326
604,2692,1.0,s_0798,r_3327
604,2693,1.0,s_0798,r_3328
604,2694,1.0,s_0798,r_3329
604,2695,1.0,s_0798,r_3330
604,2696,1.0,s_0798,r_3331
605,7,1.0,s_0799,r_0012
605,11,-1.0,s_0799,r_0016
605,12,1.0,s_0799,r_0017
605,16,1.0,s_0799,r_0021
605,20,1.0,s_0799,r_0025
605,23,1.0,s_0799,r_0028
605,25,-1.0,s_0799,r_0030
605,38,-1.0,s_0799,r_0044
605,53,1.0,s_0799,r_0070
605,63,-1.0,s_0799,r_0081
605,78,-1.0,s_0799,r_0096
605,79,-1.0,s_0799,r_0097
605,89,1.0,s_0799,r_0108
605,91,1.0,s_0799,r_0111
605,99,2.0,s_0799,r_0119
605,143,-1.0,s_0799,r_0165
605,145,-1.0,s_0799,r_0167
605,148,-1.0,s_0799,r_0170
605,152,2.0,s_0799,r_0174
605,153,2.0,s_0799,r_0175
605,154,2.0,s_0799,r_0176
605,156,2.0,s_0799,r_0178
605,158,-1.0,s_0799,r_0180
605,161,-1.0,s_0799,r_0183
605,165,-1.0,s_0799,r_0187
605,177,2.0,s_0799,r_0201
605,202,2.0,s_0799,r_0226
605,265,1.0,s_0799,r_0300
605,294,1.0,s_0799,r_0334
605,301,-1.0,s_0799,r_0345
605,332,2.0,s_0799,r_0436
605,334,-1.266,s_0799,r_0438
605,335,-1.266,s_0799,r_0439
605,349,1.0,s_0799,r_0454
605,375,-1.0,s_0799,r_0482
605,383,-1.0,s_0799,r_0490
605,385,-1.0,s_0799,r_0492
605,392,-1.0,s_0799,r_0504
605,393,1.0,s_0799,r_0505
605,395,-1.0,s_0799,r_0507
605,396,1.0,s_0799,r_0508
605,416,-1.0,s_0799,r_0532
605,435,-1.0,s_0799,r_0551
605,438,1.0,s_0799,r_0554
605,443,1.0,s_0799,r_0560
605,452,1.0,s_0799,r_0569
605,479,2.0,s_0799,r_0616
605,480,2.0,s_0799,r_0617
605,481,2.0,s_0799,r_0618
605,482,2.0,s_0799,r_0619
605,483,2.0,s_0799,r_0620
605,484,2.0,s_0799,r_0621
605,485,2.0,s_0799,r_0622
605,486,2.0,s_0799,r_0623
605,487,2.0,s_0799,r_0624
605,488,2.0,s_0799,r_0625
605,531,-1.0,s_0799,r_0669
605,534,1.0,s_0799,r_0672
605,535,2.0,s_0799,r_0673
605,569,1.0,s_0799,r_0713
605,579,1.0,s_0799,r_0724
605,583,1.0,s_0799,r_0728
605,607,-1.0,s_0799,r_0759
605,609,1.0,s_0799,r_0761
605,614,1.0,s_0799,r_0766
605,620,1.0,s_0799,r_0772
605,621,-1.0,s_0799,r_0773
605,623,-1.0,s_0799,r_0775
605,630,-2.0,s_0799,r_0787
605,662,-1.0,s_0799,r_0832
605,733,-1.0,s_0799,r_0963
605,736,1.0,s_0799,r_0966
605,753,1.0,s_0799,r_0985
605,788,1.0,s_0799,r_1030
605,878,1.0,s_0799,r_1130
605,879,2.0,s_0799,r_1131
605,885,1.0,s_0799,r_1137
605,906,1.0,s_0799,r_1175
605,966,1.0,s_0799,r_1237
605,968,1.0,s_0799,r_1239
605,973,1.0,s_0799,r_1245
605,1000,1.0,s_0799,r_1275
605,1001,2.0,s_0799,r_1276
605,1128,1.0,s_0799,r_1657
605,1134,1.0,s_0799,r_1664
605,1234,-1.0,s_0799,r_1790
605,1279,1.0,s_0799,r_1838
605,1312,-1.0,s_0799,r_1871
605,1412,-1.0,s_0799,r_1997
605,1435,1.0,s_0799,r_2034
605,1510,1.0,s_0799,r_2129
605,1519,-1.0,s_0799,r_2142
605,1520,-1.0,s_0799,r_2143
605,1521,-1.0,s_0799,r_2144
605,1522,-1.0,s_0799,r_2145
605,1523,-1.0,s_0799,r_2146
605,1524,-1.0,s_0799,r_2147
605,1528,-1.0,s_0799,r_2151
605,1529,-1.0,s_0799,r_2152
605,1530,-1.0,s_0799,r_2153
605,2669,1.0,s_0799,r_3304
605,2670,1.0,s_0799,r_3305
605,2671,1.0,s_0799,r_3306
605,2672,1.0,s_0799,r_3307
605,3322,-1.0,s_0799,r_3957
605,3519,1.0,s_0799,r_4155
605,3553,-2.0,s_0799,r_4190
605,3560,1.0,s_0799,r_4197
605,3579,-4.0,s_0799,r_4217
605,3585,1.0,s_0799,r_4223
605,3610,-1.0,s_0799,r_4251
605,3621,-1.0,s_0799,r_4264
605,3681,2.0,s_0799,r_4326
605,3692,1.0,s_0799,r_4337
605,3954,1.0,s_0799,r_4605
605,3957,1.0,s_0799,r_4608
605,3972,1.0,s_0799,r_4623
605,4002,-1.0,s_0799,r_4653
605,4011,-1.0,s_0799,r_4662
605,4020,-1.0,s_0799,r_4671
605,4072,1.0,s_0799,r_4724
605,4093,1.0,s_0799,r_4745
605,4110,1.0,s_0799,r_4762
606,427,1.0,s_0800,r_0543
606,454,1.0,s_0800,r_0571
606,455,1.0,s_0800,r_0572
606,456,1.0,s_0800,r_0573
606,457,1.0,s_0800,r_0574
606,458,1.0,s_0800,r_0575
606,615,1.0,s_0800,r_0767
606,617,1.0,s_0800,r_0769
606,627,-1.0,s_0800,r_0784
606,745,-1.0,s_0800,r_0975
606,747,-1.0,s_0800,r_0977
606,749,-1.0,s_0800,r_0979
606,795,-1.0,s_0800,r_1037
606,1135,1.0,s_0800,r_1665
606,1270,1.0,s_0800,r_1829
606,2219,-1.0,s_0800,r_2844
606,2220,-1.0,s_0800,r_2845
606,2221,-1.0,s_0800,r_2846
606,2222,-1.0,s_0800,r_2847
606,2223,-1.0,s_0800,r_2848
606,2224,-1.0,s_0800,r_2849
606,2225,-1.0,s_0800,r_2850
606,2226,-1.0,s_0800,r_2851
606,2235,-1.0,s_0800,r_2860
606,2236,-1.0,s_0800,r_2861
606,2237,-1.0,s_0800,r_2862
606,2238,-1.0,s_0800,r_2863
606,2239,-1.0,s_0800,r_2864
606,2240,-1.0,s_0800,r_2865
606,2241,-1.0,s_0800,r_2866
606,2242,-1.0,s_0800,r_2867
606,2455,6.0,s_0800,r_3090
606,2456,6.0,s_0800,r_3091
606,2457,6.0,s_0800,r_3092
606,2458,6.0,s_0800,r_3093
606,2459,6.0,s_0800,r_3094
606,2460,6.0,s_0800,r_3095
606,2461,6.0,s_0800,r_3096
606,2462,6.0,s_0800,r_3097
606,3556,1.0,s_0800,r_4193
606,3963,1.0,s_0800,r_4614
606,4073,1.0,s_0800,r_4725
606,4094,1.0,s_0800,r_4746
607,40,1.0,s_0801,r_0057
607,266,1.0,s_0801,r_0301
607,436,-1.0,s_0801,r_0552
607,571,1.0,s_0801,r_0715
607,573,1.0,s_0801,r_0717
607,612,2.0,s_0801,r_0764
607,666,1.0,s_0801,r_0844
607,667,1.0,s_0801,r_0845
607,668,1.0,s_0801,r_0847
607,669,1.0,s_0801,r_0848
607,670,1.0,s_0801,r_0849
607,671,1.0,s_0801,r_0850
607,860,-1.0,s_0801,r_1111
607,865,-1.0,s_0801,r_1116
607,1271,1.0,s_0801,r_1830
607,1609,5.0,s_0801,r_2232
607,1610,5.0,s_0801,r_2233
607,1611,1.0,s_0801,r_2234
607,1612,1.0,s_0801,r_2235
607,1619,-4.0,s_0801,r_2242
607,1631,4.0,s_0801,r_2254
607,1633,-4.0,s_0801,r_2256
607,1640,-4.0,s_0801,r_2263
607,1643,1.0,s_0801,r_2266
607,1644,1.0,s_0801,r_2267
607,1645,1.0,s_0801,r_2268
607,1646,1.0,s_0801,r_2269
607,1647,1.0,s_0801,r_2270
607,1648,1.0,s_0801,r_2271
607,1649,1.0,s_0801,r_2272
607,1650,1.0,s_0801,r_2273
607,1651,1.0,s_0801,r_2274
607,1652,1.0,s_0801,r_2275
607,1653,1.0,s_0801,r_2276
607,1654,1.0,s_0801,r_2277
607,1655,1.0,s_0801,r_2278
607,1656,1.0,s_0801,r_2279
607,1657,1.0,s_0801,r_2280
607,1658,1.0,s_0801,r_2281
607,1659,1.0,s_0801,r_2282
607,1672,4.0,s_0801,r_2295
607,1674,4.0,s_0801,r_2297
607,1675,4.0,s_0801,r_2298
607,1677,4.0,s_0801,r_2300
607,1680,-1.0,s_0801,r_2303
607,1681,-1.0,s_0801,r_2304
607,3636,1.0,s_0801,r_4279
607,3950,1.0,s_0801,r_4601
607,4107,2.0,s_0801,r_4759
608,836,2.0,s_0802,r_1086
608,916,-1.0,s_0802,r_1185
608,918,-1.0,s_0802,r_1187
608,919,-1.0,s_0802,r_1188
608,920,-1.0,s_0802,r_1189
608,924,-1.0,s_0802,r_1193
608,926,-1.0,s_0802,r_1195
608,928,-1.0,s_0802,r_1197
608,929,-1.0,s_0802,r_1198
608,931,-1.0,s_0802,r_1200
608,934,-1.0,s_0802,r_1203
608,935,-1.0,s_0802,r_1204
608,940,-1.0,s_0802,r_1209
608,941,-1.0,s_0802,r_1210
608,943,-1.0,s_0802,r_1212
608,952,-1.0,s_0802,r_1221
608,953,-1.0,s_0802,r_1222
608,977,-1.0,s_0802,r_1252
608,986,-1.0,s_0802,r_1261
608,988,-1.0,s_0802,r_1263
608,1272,1.0,s_0802,r_1831
608,3597,1.0,s_0802,r_4237
608,3754,1.0,s_0802,r_4399
608,3756,1.0,s_0802,r_4401
608,3778,1.0,s_0802,r_4423
608,3780,1.0,s_0802,r_4425
608,3781,1.0,s_0802,r_4426
608,3785,1.0,s_0802,r_4430
608,3786,1.0,s_0802,r_4431
608,3793,1.0,s_0802,r_4438
608,3804,1.0,s_0802,r_4449
608,3827,1.0,s_0802,r_4472
608,3829,1.0,s_0802,r_4474
608,3834,1.0,s_0802,r_4479
608,3837,1.0,s_0802,r_4482
608,3838,1.0,s_0802,r_4483
608,4071,1.0,s_0802,r_4723
608,4092,-1.0,s_0802,r_4744
609,8,-3.0,s_0803,r_0013
609,9,-1.0,s_0803,r_0014
609,18,-1.0,s_0803,r_0023
609,19,-1.0,s_0803,r_0024
609,26,-1.0,s_0803,r_0032
609,27,-1.0,s_0803,r_0033
609,28,-1.0,s_0803,r_0034
609,29,-1.0,s_0803,r_0035
609,30,-1.0,s_0803,r_0036
609,31,-1.0,s_0803,r_0037
609,33,1.0,s_0803,r_0039
609,36,-1.0,s_0803,r_0042
609,39,-1.0,s_0803,r_0045
609,43,1.0,s_0803,r_0060
609,52,-1.0,s_0803,r_0069
609,55,-1.0,s_0803,r_0073
609,58,-1.0,s_0803,r_0076
609,59,-1.0,s_0803,r_0077
609,60,-1.0,s_0803,r_0078
609,61,-1.0,s_0803,r_0079
609,64,-1.0,s_0803,r_0082
609,68,1.0,s_0803,r_0086
609,70,1.0,s_0803,r_0088
609,71,1.0,s_0803,r_0089
609,73,-1.0,s_0803,r_0091
609,74,-1.0,s_0803,r_0092
609,117,-1.0,s_0803,r_0138
609,119,-1.0,s_0803,r_0140
609,121,-1.0,s_0803,r_0143
609,122,-1.0,s_0803,r_0144
609,133,-1.0,s_0803,r_0155
609,150,-1.0,s_0803,r_0172
609,151,-1.0,s_0803,r_0173
609,155,-1.0,s_0803,r_0177
609,163,-1.0,s_0803,r_0185
609,166,-3.0,s_0803,r_0188
609,167,-1.0,s_0803,r_0189
609,168,-1.0,s_0803,r_0190
609,169,-1.0,s_0803,r_0191
609,172,-1.0,s_0803,r_0194
609,174,-1.0,s_0803,r_0198
609,175,-1.0,s_0803,r_0199
609,176,-1.0,s_0803,r_0200
609,180,-1.0,s_0803,r_0204
609,182,-1.0,s_0803,r_0206
609,187,-1.0,s_0803,r_0211
609,203,-1.0,s_0803,r_0227
609,208,2.0,s_0803,r_0233
609,213,1.0,s_0803,r_0238
609,214,2.0,s_0803,r_0239
609,215,1.0,s_0803,r_0240
609,216,4.0,s_0803,r_0241
609,217,2.0,s_0803,r_0242
609,221,-1.0,s_0803,r_0250
609,225,2.0,s_0803,r_0255
609,239,-1.0,s_0803,r_0271
609,268,1.0,s_0803,r_0303
609,269,2.0,s_0803,r_0304
609,270,-1.0,s_0803,r_0306
609,272,-1.0,s_0803,r_0308
609,273,1.0,s_0803,r_0309
609,274,-1.0,s_0803,r_0310
609,278,-1.0,s_0803,r_0314
609,280,4.0,s_0803,r_0317
609,281,-1.0,s_0803,r_0318
609,287,-1.0,s_0803,r_0326
609,288,-1.0,s_0803,r_0327
609,289,-1.0,s_0803,r_0328
609,290,-1.0,s_0803,r_0329
609,292,-1.0,s_0803,r_0331
609,304,-1.0,s_0803,r_0348
609,305,-1.0,s_0803,r_0349
609,313,-3.0,s_0803,r_0357
609,314,2.0,s_0803,r_0358
609,320,-1.0,s_0803,r_0364
609,322,1.0,s_0803,r_0366
609,324,-1.0,s_0803,r_0369
609,343,-1.0,s_0803,r_0448
609,344,-1.0,s_0803,r_0449
609,347,-1.0,s_0803,r_0452
609,357,-1.0,s_0803,r_0463
609,359,-1.0,s_0803,r_0465
609,364,-1.0,s_0803,r_0470
609,365,1.0,s_0803,r_0471
609,368,-1.0,s_0803,r_0475
609,376,2.0,s_0803,r_0483
609,382,-1.0,s_0803,r_0489
609,386,-1.0,s_0803,r_0497
609,390,1.0,s_0803,r_0502
609,401,-1.0,s_0803,r_0514
609,408,-1.0,s_0803,r_0524
609,409,-3.0,s_0803,r_0525
609,410,-1.0,s_0803,r_0526
609,420,-1.0,s_0803,r_0536
609,421,-1.0,s_0803,r_0537
609,434,2.0,s_0803,r_0550
609,437,-1.0,s_0803,r_0553
609,441,-1.0,s_0803,r_0557
609,447,1.0,s_0803,r_0564
609,448,-1.0,s_0803,r_0565
609,449,1.0,s_0803,r_0566
609,451,-1.0,s_0803,r_0568
609,453,1.0,s_0803,r_0570
609,519,-1.0,s_0803,r_0656
609,520,-1.0,s_0803,r_0657
609,532,-1.0,s_0803,r_0670
609,533,1.0,s_0803,r_0671
609,540,-1.0,s_0803,r_0679
609,554,-1.0,s_0803,r_0696
609,561,-1.0,s_0803,r_0703
609,563,-1.0,s_0803,r_0705
609,565,-1.0,s_0803,r_0707
609,572,-1.0,s_0803,r_0716
609,580,-1.0,s_0803,r_0725
609,581,-1.0,s_0803,r_0726
609,605,-1.0,s_0803,r_0757
609,610,-1.0,s_0803,r_0762
609,616,-1.0,s_0803,r_0768
609,624,-1.0,s_0803,r_0781
609,631,-1.0,s_0803,r_0788
609,632,-1.0,s_0803,r_0789
609,633,-1.0,s_0803,r_0790
609,635,-1.0,s_0803,r_0792
609,636,-1.0,s_0803,r_0793
609,646,-1.0,s_0803,r_0804
609,647,-1.0,s_0803,r_0805
609,648,-1.0,s_0803,r_0806
609,649,-1.0,s_0803,r_0807
609,696,-1.0,s_0803,r_0909
609,697,-1.0,s_0803,r_0910
609,702,-1.0,s_0803,r_0915
609,704,-1.0,s_0803,r_0917
609,710,-1.0,s_0803,r_0929
609,711,2.0,s_0803,r_0935
609,712,-1.0,s_0803,r_0936
609,713,-1.0,s_0803,r_0937
609,714,1.0,s_0803,r_0938
609,723,-2.0,s_0803,r_0953
609,724,-1.0,s_0803,r_0954
609,734,-1.0,s_0803,r_0964
609,737,2.0,s_0803,r_0967
609,740,1.0,s_0803,r_0970
609,741,1.0,s_0803,r_0971
609,742,1.0,s_0803,r_0972
609,743,1.0,s_0803,r_0973
609,744,1.0,s_0803,r_0974
609,746,1.0,s_0803,r_0976
609,748,1.0,s_0803,r_0978
609,755,-1.0,s_0803,r_0987
609,756,-1.0,s_0803,r_0988
609,757,1.0,s_0803,r_0989
609,781,-1.0,s_0803,r_1023
609,785,3.0,s_0803,r_1027
609,786,-1.0,s_0803,r_1028
609,799,-1.0,s_0803,r_1041
609,808,-1.0,s_0803,r_1051
609,810,1.0,s_0803,r_1055
609,826,-1.0,s_0803,r_1076
609,833,1.0,s_0803,r_1083
609,835,-1.0,s_0803,r_1085
609,836,-1.0,s_0803,r_1086
609,845,1.0,s_0803,r_1095
609,1002,1.0,s_0803,r_1277
609,1089,-1.0,s_0803,r_1613
609,1090,-1.0,s_0803,r_1614
609,1091,-1.0,s_0803,r_1615
609,1092,-1.0,s_0803,r_1616
609,1093,-1.0,s_0803,r_1617
609,1094,-1.0,s_0803,r_1618
609,1095,-1.0,s_0803,r_1619
609,1096,-1.0,s_0803,r_1620
609,1100,-1.0,s_0803,r_1624
609,1136,-1.0,s_0803,r_1667
609,1150,2.0,s_0803,r_1682
609,1158,-1.0,s_0803,r_1690
609,1187,-1.0,s_0803,r_1722
609,1188,-1.0,s_0803,r_1723
609,1189,-1.0,s_0803,r_1724
609,1190,-1.0,s_0803,r_1725
609,1206,-1.0,s_0803,r_1744
609,1328,1.0,s_0803,r_1887
609,1393,-1.0,s_0803,r_1974
609,1394,-1.0,s_0803,r_1975
609,1428,-1.0,s_0803,r_2027
609,1431,-1.0,s_0803,r_2030
609,1461,-1.0,s_0803,r_2064
609,1462,-1.0,s_0803,r_2065
609,1484,-1.0,s_0803,r_2094
609,1485,-1.0,s_0803,r_2095
609,1486,-1.0,s_0803,r_2096
609,1487,-1.0,s_0803,r_2097
609,1488,-1.0,s_0803,r_2098
609,1489,-1.0,s_0803,r_2099
609,1500,1.0,s_0803,r_2112
609,1501,1.0,s_0803,r_2113
609,1502,1.0,s_0803,r_2114
609,1504,-1.0,s_0803,r_2116
609,1509,-1.0,s_0803,r_2126
609,1517,7.0,s_0803,r_2140
609,1518,8.0,s_0803,r_2141
609,1596,-1.0,s_0803,r_2219
609,1597,-1.0,s_0803,r_2220
609,1598,-1.0,s_0803,r_2221
609,1599,-1.0,s_0803,r_2222
609,1600,-1.0,s_0803,r_2223
609,1601,-1.0,s_0803,r_2224
609,1602,-1.0,s_0803,r_2225
609,1603,-1.0,s_0803,r_2226
609,1604,-1.0,s_0803,r_2227
609,1605,-1.0,s_0803,r_2228
609,1682,-1.0,s_0803,r_2305
609,2447,-1.0,s_0803,r_3082
609,2448,-1.0,s_0803,r_3083
609,2449,-1.0,s_0803,r_3084
609,2450,-1.0,s_0803,r_3085
609,2451,-1.0,s_0803,r_3086
609,2452,-1.0,s_0803,r_3087
609,2453,-1.0,s_0803,r_3088
609,2454,-1.0,s_0803,r_3089
609,2485,-1.0,s_0803,r_3120
609,2486,-1.0,s_0803,r_3121
609,2487,-1.0,s_0803,r_3122
609,2488,-1.0,s_0803,r_3123
609,2489,-1.0,s_0803,r_3124
609,2490,-1.0,s_0803,r_3125
609,2491,-1.0,s_0803,r_3126
609,2492,-1.0,s_0803,r_3127
609,2517,-1.0,s_0803,r_3152
609,2518,-1.0,s_0803,r_3153
609,2519,-1.0,s_0803,r_3154
609,2520,-1.0,s_0803,r_3155
609,2521,-1.0,s_0803,r_3156
609,2522,-1.0,s_0803,r_3157
609,2523,-1.0,s_0803,r_3158
609,2524,-1.0,s_0803,r_3159
609,2549,-1.0,s_0803,r_3184
609,2550,-1.0,s_0803,r_3185
609,2551,-1.0,s_0803,r_3186
609,2552,-1.0,s_0803,r_3187
609,2553,-1.0,s_0803,r_3188
609,2554,-1.0,s_0803,r_3189
609,2555,-1.0,s_0803,r_3190
609,2556,-1.0,s_0803,r_3191
609,2565,-1.0,s_0803,r_3200
609,2566,-1.0,s_0803,r_3201
609,2567,-1.0,s_0803,r_3202
609,2568,-1.0,s_0803,r_3203
609,2569,-1.0,s_0803,r_3204
609,2570,-1.0,s_0803,r_3205
609,2571,-1.0,s_0803,r_3206
609,2572,-1.0,s_0803,r_3207
609,2605,-1.0,s_0803,r_3240
609,2606,-1.0,s_0803,r_3241
609,2607,-1.0,s_0803,r_3242
609,2608,-1.0,s_0803,r_3243
609,2891,-1.0,s_0803,r_3526
609,2961,-1.0,s_0803,r_3596
609,2969,-1.0,s_0803,r_3604
609,3013,-1.0,s_0803,r_3648
609,3027,-1.0,s_0803,r_3662
609,3033,-1.0,s_0803,r_3668
609,3405,-55.3,s_0803,r_4041
609,3409,-1.0,s_0803,r_4045
609,3410,-1.0,s_0803,r_4046
609,3521,-1.0,s_0803,r_4157
609,3524,-1.0,s_0803,r_4160
609,3535,-1.0,s_0803,r_4171
609,3536,-1.0,s_0803,r_4172
609,3545,-1.0,s_0803,r_4181
609,3549,-1.0,s_0803,r_4186
609,3554,-1.0,s_0803,r_4191
609,3565,-1.0,s_0803,r_4202
609,3568,-2.0,s_0803,r_4205
609,3573,1.0,s_0803,r_4210
609,3574,3.0,s_0803,r_4211
609,3575,3.0,s_0803,r_4212
609,3576,-1.0,s_0803,r_4214
609,3577,-1.0,s_0803,r_4215
609,3578,-1.0,s_0803,r_4216
609,3580,-1.0,s_0803,r_4218
609,3581,-1.0,s_0803,r_4219
609,3582,-1.0,s_0803,r_4220
609,3586,-1.0,s_0803,r_4224
609,3587,-1.0,s_0803,r_4225
609,3589,-1.0,s_0803,r_4227
609,3590,-1.0,s_0803,r_4228
609,3591,1.0,s_0803,r_4230
609,3592,-1.0,s_0803,r_4231
609,3596,1.0,s_0803,r_4236
609,3606,1.0,s_0803,r_4247
609,3611,3.0,s_0803,r_4252
609,3617,-1.0,s_0803,r_4260
609,3622,-1.0,s_0803,r_4265
609,3623,-1.0,s_0803,r_4266
609,3624,-1.0,s_0803,r_4267
609,3625,-1.0,s_0803,r_4268
609,3626,-1.0,s_0803,r_4269
609,3630,1.0,s_0803,r_4273
609,3631,-1.0,s_0803,r_4274
609,3646,-1.0,s_0803,r_4291
609,3647,-1.0,s_0803,r_4292
609,3648,-1.0,s_0803,r_4293
609,3649,-1.0,s_0803,r_4294
609,3650,-1.0,s_0803,r_4295
609,3651,-2.0,s_0803,r_4296
609,3652,-1.0,s_0803,r_4297
609,3653,-1.0,s_0803,r_4298
609,3654,-1.0,s_0803,r_4299
609,3655,-1.0,s_0803,r_4300
609,3656,-1.0,s_0803,r_4301
609,3657,-1.0,s_0803,r_4302
609,3658,-1.0,s_0803,r_4303
609,3659,-1.0,s_0803,r_4304
609,3660,-1.0,s_0803,r_4305
609,3661,-1.0,s_0803,r_4306
609,3662,-1.0,s_0803,r_4307
609,3664,-1.0,s_0803,r_4309
609,3672,-1.0,s_0803,r_4317
609,3673,-1.0,s_0803,r_4318
609,3674,-2.0,s_0803,r_4319
609,3686,-1.0,s_0803,r_4331
609,3688,-1.0,s_0803,r_4333
609,3689,-1.0,s_0803,r_4334
609,3690,-1.0,s_0803,r_4335
609,3691,-1.0,s_0803,r_4336
609,3693,-1.0,s_0803,r_4338
609,3697,-1.0,s_0803,r_4342
609,3699,-1.0,s_0803,r_4344
609,3700,-1.0,s_0803,r_4345
609,3702,-1.0,s_0803,r_4347
609,3705,-1.0,s_0803,r_4350
609,3706,-1.0,s_0803,r_4351
609,3709,-1.0,s_0803,r_4354
609,3712,-1.0,s_0803,r_4357
609,3714,-1.0,s_0803,r_4359
609,3723,-1.0,s_0803,r_4368
609,3725,-1.0,s_0803,r_4370
609,3727,-1.0,s_0803,r_4372
609,3729,-1.0,s_0803,r_4374
609,3731,-1.0,s_0803,r_4376
609,3733,-1.0,s_0803,r_4378
609,3743,-1.0,s_0803,r_4388
609,3745,-1.0,s_0803,r_4390
609,3752,-1.0,s_0803,r_4397
609,3758,-1.0,s_0803,r_4403
609,3762,-1.0,s_0803,r_4407
609,3766,-1.0,s_0803,r_4411
609,3767,-1.0,s_0803,r_4412
609,3768,-1.0,s_0803,r_4413
609,3787,1.0,s_0803,r_4432
609,3790,-1.0,s_0803,r_4435
609,3791,-1.0,s_0803,r_4436
609,3843,-1.0,s_0803,r_4488
609,3850,-1.0,s_0803,r_4495
609,3921,-1.0,s_0803,r_4567
609,3923,1.0,s_0803,r_4569
609,3925,1.0,s_0803,r_4571
609,3931,-1.0,s_0803,r_4582
609,3932,-1.0,s_0803,r_4583
609,3934,-1.0,s_0803,r_4585
609,3957,-1.0,s_0803,r_4608
609,4027,-1.0,s_0803,r_4678
609,4055,-1.0,s_0803,r_4707
609,4059,1.0,s_0803,r_4711
609,4060,1.0,s_0803,r_4712
609,4061,2.0,s_0803,r_4713
609,4062,1.0,s_0803,r_4714
609,4063,1.0,s_0803,r_4715
609,4064,1.0,s_0803,r_4716
609,4065,1.0,s_0803,r_4717
609,4066,-1.0,s_0803,r_4718
609,4067,-1.0,s_0803,r_4719
609,4068,1.0,s_0803,r_4720
609,4069,1.0,s_0803,r_4721
609,4070,-1.0,s_0803,r_4722
609,4104,-1.0,s_0803,r_4756
609,4109,1.0,s_0803,r_4761
609,4112,-1.0,s_0803,r_4764
609,4116,-1.0,s_0803,r_4768
609,4117,-1.0,s_0803,r_4769
609,4129,-1.0,s_0803,r_4781
609,4130,3.0,s_0803,r_4782
610,227,1.0,s_0804,r_0259
610,228,1.0,s_0804,r_0260
610,229,1.0,s_0804,r_0261
610,230,1.0,s_0804,r_0262
610,235,1.0,s_0804,r_0267
610,236,1.0,s_0804,r_0268
610,237,1.0,s_0804,r_0269
610,238,1.0,s_0804,r_0270
610,296,1.0,s_0804,r_0340
610,297,1.0,s_0804,r_0341
610,298,-1.0,s_0804,r_0342
610,299,-1.0,s_0804,r_0343
610,402,-1.0,s_0804,r_0518
610,459,-1.0,s_0804,r_0596
610,460,-1.0,s_0804,r_0597
610,461,-1.0,s_0804,r_0598
610,462,-1.0,s_0804,r_0599
610,463,-1.0,s_0804,r_0600
610,464,-1.0,s_0804,r_0601
610,465,-1.0,s_0804,r_0602
610,466,-1.0,s_0804,r_0603
610,467,-1.0,s_0804,r_0604
610,468,-1.0,s_0804,r_0605
610,469,-1.0,s_0804,r_0606
610,470,-1.0,s_0804,r_0607
610,471,-1.0,s_0804,r_0608
610,472,-1.0,s_0804,r_0609
610,473,-1.0,s_0804,r_0610
610,474,-1.0,s_0804,r_0611
610,475,-1.0,s_0804,r_0612
610,476,-1.0,s_0804,r_0613
610,477,-1.0,s_0804,r_0614
610,478,-1.0,s_0804,r_0615
610,509,-1.0,s_0804,r_0646
610,510,-1.0,s_0804,r_0647
610,511,-1.0,s_0804,r_0648
610,512,-1.0,s_0804,r_0649
610,513,-1.0,s_0804,r_0650
610,514,-1.0,s_0804,r_0651
610,515,-1.0,s_0804,r_0652
610,516,-1.0,s_0804,r_0653
610,517,-1.0,s_0804,r_0654
610,518,-1.0,s_0804,r_0655
610,706,1.0,s_0804,r_0919
610,707,1.0,s_0804,r_0920
610,709,1.0,s_0804,r_0922
610,770,-1.0,s_0804,r_1004
610,771,-1.0,s_0804,r_1005
610,776,1.0,s_0804,r_1010
610,777,1.0,s_0804,r_1011
610,1484,1.0,s_0804,r_2094
610,3529,-1.0,s_0804,r_4165
610,3530,-1.0,s_0804,r_4166
610,3600,-1.0,s_0804,r_4241
610,3609,-1.0,s_0804,r_4250
610,3628,-4.0,s_0804,r_4271
610,3629,-1.0,s_0804,r_4272
611,96,-1.0,s_0805,r_0116
611,321,-1.0,s_0805,r_0365
611,325,-1.0,s_0805,r_0370
611,541,-1.0,s_0805,r_0680
611,782,-1.0,s_0805,r_1024
611,790,-2.0,s_0805,r_1032
611,791,-1.0,s_0805,r_1033
611,1002,-1.0,s_0805,r_1277
611,1137,-1.0,s_0805,r_1668
611,1490,-1.0,s_0805,r_2100
611,3406,-1.0,s_0805,r_4042
611,3755,-1.0,s_0805,r_4400
611,3775,-1.0,s_0805,r_4420
612,634,-1.0,s_0806,r_0791
612,650,-1.0,s_0806,r_0810
612,1485,1.0,s_0806,r_2095
612,3598,-1.0,s_0806,r_4238
613,7,-2.0,s_0807,r_0012
613,15,-1.0,s_0807,r_0020
613,17,1.0,s_0807,r_0022
613,20,-1.0,s_0807,r_0025
613,22,1.0,s_0807,r_0027
613,23,-1.0,s_0807,r_0028
613,46,-1.0,s_0807,r_0063
613,53,-1.0,s_0807,r_0070
613,91,-1.0,s_0807,r_0111
613,99,-1.0,s_0807,r_0119
613,152,-1.0,s_0807,r_0174
613,153,-1.0,s_0807,r_0175
613,154,-1.0,s_0807,r_0176
613,156,-1.0,s_0807,r_0178
613,177,-1.0,s_0807,r_0201
613,202,1.0,s_0807,r_0226
613,245,-1.0,s_0807,r_0280
613,265,-1.0,s_0807,r_0300
613,267,1.0,s_0807,r_0302
613,306,1.0,s_0807,r_0350
613,308,1.0,s_0807,r_0352
613,309,1.0,s_0807,r_0353
613,333,2.0,s_0807,r_0437
613,334,0.5,s_0807,r_0438
613,346,-1.0,s_0807,r_0451
613,377,2.0,s_0807,r_0484
613,391,1.0,s_0807,r_0503
613,414,1.0,s_0807,r_0530
613,415,-1.0,s_0807,r_0531
613,426,-1.0,s_0807,r_0542
613,435,2.0,s_0807,r_0551
613,438,-1.0,s_0807,r_0554
613,443,-1.0,s_0807,r_0560
613,452,-1.0,s_0807,r_0569
613,479,-1.0,s_0807,r_0616
613,480,-1.0,s_0807,r_0617
613,481,-1.0,s_0807,r_0618
613,482,-1.0,s_0807,r_0619
613,483,-1.0,s_0807,r_0620
613,484,-1.0,s_0807,r_0621
613,485,-1.0,s_0807,r_0622
613,486,-1.0,s_0807,r_0623
613,487,-1.0,s_0807,r_0624
613,488,-1.0,s_0807,r_0625
613,489,-1.0,s_0807,r_0626
613,490,-1.0,s_0807,r_0627
613,491,-1.0,s_0807,r_0628
613,492,-1.0,s_0807,r_0629
613,493,-1.0,s_0807,r_0630
613,494,-1.0,s_0807,r_0631
613,495,-1.0,s_0807,r_0632
613,496,-1.0,s_0807,r_0633
613,497,-1.0,s_0807,r_0634
613,498,-1.0,s_0807,r_0635
613,499,-1.0,s_0807,r_0636
613,500,-1.0,s_0807,r_0637
613,501,-1.0,s_0807,r_0638
613,502,-1.0,s_0807,r_0639
613,503,-1.0,s_0807,r_0640
613,504,-1.0,s_0807,r_0641
613,505,-1.0,s_0807,r_0642
613,506,-1.0,s_0807,r_0643
613,507,-1.0,s_0807,r_0644
613,508,-1.0,s_0807,r_0645
613,534,-2.0,s_0807,r_0672
613,535,-1.0,s_0807,r_0673
613,579,-1.0,s_0807,r_0724
613,718,6.0,s_0807,r_0942
613,733,1.0,s_0807,r_0963
613,788,-1.0,s_0807,r_1030
613,1134,-1.0,s_0807,r_1664
613,1279,-1.0,s_0807,r_1838
613,1312,-1.0,s_0807,r_1871
613,1486,1.0,s_0807,r_2096
613,1525,1.0,s_0807,r_2148
613,1526,1.0,s_0807,r_2149
613,1527,1.0,s_0807,r_2150
613,2669,-1.0,s_0807,r_3304
613,2670,-1.0,s_0807,r_3305
613,2671,-1.0,s_0807,r_3306
613,2672,-1.0,s_0807,r_3307
613,3519,-1.0,s_0807,r_4155
613,3552,1.0,s_0807,r_4189
613,3579,2.0,s_0807,r_4217
613,3585,-1.0,s_0807,r_4223
613,3618,-1.0,s_0807,r_4261
613,3692,-1.0,s_0807,r_4337
613,4049,-1.0,s_0807,r_4701
613,4072,-1.0,s_0807,r_4724
613,4110,-1.0,s_0807,r_4762
614,427,-1.0,s_0808,r_0543
614,562,-1.0,s_0808,r_0704
614,564,-1.0,s_0808,r_0706
614,566,-1.0,s_0808,r_0708
614,615,-1.0,s_0808,r_0767
614,617,-1.0,s_0808,r_0769
614,745,1.0,s_0808,r_0975
614,747,1.0,s_0808,r_0977
614,749,1.0,s_0808,r_0979
614,795,2.0,s_0808,r_1037
614,1135,-1.0,s_0808,r_1665
614,1487,1.0,s_0808,r_2097
614,2455,-1.0,s_0808,r_3090
614,2456,-1.0,s_0808,r_3091
614,2457,-1.0,s_0808,r_3092
614,2458,-1.0,s_0808,r_3093
614,2459,-1.0,s_0808,r_3094
614,2460,-1.0,s_0808,r_3095
614,2461,-1.0,s_0808,r_3096
614,2462,-1.0,s_0808,r_3097
614,4073,-1.0,s_0808,r_4725
615,226,2.0,s_0809,r_0256
615,266,-1.0,s_0809,r_0301
615,436,2.0,s_0809,r_0552
615,573,-1.0,s_0809,r_0717
615,612,-1.0,s_0809,r_0764
615,666,-1.0,s_0809,r_0844
615,667,-1.0,s_0809,r_0845
615,668,-1.0,s_0809,r_0847
615,669,-1.0,s_0809,r_0848
615,670,-1.0,s_0809,r_0849
615,671,-1.0,s_0809,r_0850
615,1488,1.0,s_0809,r_2098
615,1609,-1.0,s_0809,r_2232
615,1610,-1.0,s_0809,r_2233
615,1611,-1.0,s_0809,r_2234
615,1612,-1.0,s_0809,r_2235
615,1625,-1.0,s_0809,r_2248
615,1626,-1.0,s_0809,r_2249
615,1627,-1.0,s_0809,r_2250
615,1628,-1.0,s_0809,r_2251
615,1629,-1.0,s_0809,r_2252
615,1630,-1.0,s_0809,r_2253
615,1631,-1.0,s_0809,r_2254
615,1632,-1.0,s_0809,r_2255
615,1633,-1.0,s_0809,r_2256
615,1634,-1.0,s_0809,r_2257
615,1635,-1.0,s_0809,r_2258
615,1636,-1.0,s_0809,r_2259
615,1637,-1.0,s_0809,r_2260
615,1638,-1.0,s_0809,r_2261
615,1639,-1.0,s_0809,r_2262
615,1640,-1.0,s_0809,r_2263
615,1641,-1.0,s_0809,r_2264
615,1642,-1.0,s_0809,r_2265
615,3636,-1.0,s_0809,r_4279
615,4107,-1.0,s_0809,r_4759
616,171,-1.0,s_0810,r_0193
616,358,-1.0,s_0810,r_0464
616,1489,1.0,s_0810,r_2099
616,3520,-1.0,s_0810,r_4156
616,3566,-1.0,s_0810,r_4203
616,3567,-1.0,s_0810,r_4204
616,3597,-1.0,s_0810,r_4237
616,3604,-1.0,s_0810,r_4245
616,3605,-1.0,s_0810,r_4246
616,3717,-1.0,s_0810,r_4362
616,3741,-1.0,s_0810,r_4386
616,3764,-1.0,s_0810,r_4409
616,3769,-1.0,s_0810,r_4414
616,3770,-1.0,s_0810,r_4415
616,3771,-1.0,s_0810,r_4416
616,3772,-1.0,s_0810,r_4417
616,3773,-1.0,s_0810,r_4418
616,3794,-1.0,s_0810,r_4439
616,4071,-1.0,s_0810,r_4723
617,414,1.0,s_0811,r_0530
617,3404,-1.0,s_0811,r_4040
618,414,-1.0,s_0812,r_0530
618,415,1.0,s_0812,r_0531
619,263,1.0,s_0813,r_0298
619,264,-1.0,s_0813,r_0299
620,259,1.0,s_0814,r_0294
620,260,-1.0,s_0814,r_0295
621,249,1.0,s_0815,r_0284
621,250,-1.0,s_0815,r_0285
622,1274,-1.0,s_0816,r_1833
622,1605,-1.0,s_0816,r_2228
622,2889,-1.0,s_0816,r_3524
622,2965,1.0,s_0816,r_3600
622,2980,1.0,s_0816,r_3615
623,232,-1.0,s_0817,r_0264
623,234,-1.0,s_0817,r_0266
623,1274,1.0,s_0817,r_1833
624,102,-1.0,s_0819,r_0122
624,1605,1.0,s_0819,r_2228
625,103,1.0,s_0823,r_0123
625,1628,-1.0,s_0823,r_2251
626,769,1.0,s_0825,r_1003
627,1275,-1.0,s_0826,r_1834
628,258,1.0,s_0829,r_0293
628,259,-1.0,s_0829,r_0294
629,248,1.0,s_0830,r_0283
629,249,-1.0,s_0830,r_0284
630,439,-1.0,s_0831,r_0555
630,804,1.0,s_0831,r_1047
631,423,1.0,s_0832,r_0539
631,3411,-0.0761571964321321,s_0832,r_4047
632,424,1.0,s_0833,r_0540
633,22,-1.0,s_0834,r_0027
633,1279,1.0,s_0834,r_1838
634,427,1.0,s_0835,r_0543
635,426,1.0,s_0836,r_0542
635,429,-1.0,s_0836,r_0545
636,176,1.0,s_0837,r_0200
636,225,-2.0,s_0837,r_0255
636,282,1.0,s_0837,r_0319
636,376,-1.0,s_0837,r_0483
636,434,-1.0,s_0837,r_0550
636,710,1.0,s_0837,r_0929
636,712,1.0,s_0837,r_0936
636,713,1.0,s_0837,r_0937
636,723,2.0,s_0837,r_0953
636,724,1.0,s_0837,r_0954
636,725,1.0,s_0837,r_0955
636,726,1.0,s_0837,r_0956
636,1280,-1.0,s_0837,r_1839
636,3627,1.0,s_0837,r_4270
637,333,-1.0,s_0838,r_0437
637,377,-1.0,s_0838,r_0484
637,435,-1.0,s_0838,r_0551
637,3553,1.0,s_0838,r_4190
638,795,-1.0,s_0839,r_1037
638,1280,1.0,s_0839,r_1839
639,100,1.0,s_0840,r_0120
639,101,1.0,s_0840,r_0121
639,102,1.0,s_0840,r_0122
639,103,1.0,s_0840,r_0123
639,104,1.0,s_0840,r_0124
639,105,1.0,s_0840,r_0125
639,226,-2.0,s_0840,r_0256
639,436,-1.0,s_0840,r_0552
639,1613,1.0,s_0840,r_2236
639,1614,1.0,s_0840,r_2237
639,1615,1.0,s_0840,r_2238
639,1616,1.0,s_0840,r_2239
639,1617,1.0,s_0840,r_2240
639,1618,1.0,s_0840,r_2241
639,1619,1.0,s_0840,r_2242
639,1620,1.0,s_0840,r_2243
639,1621,1.0,s_0840,r_2244
639,1622,1.0,s_0840,r_2245
639,1623,1.0,s_0840,r_2246
639,1624,1.0,s_0840,r_2247
640,276,-1.0,s_0841,r_0312
640,653,-1.0,s_0841,r_0813
640,785,1.0,s_0841,r_1027
640,3836,-1.0,s_0841,r_4481
640,3839,-1.0,s_0841,r_4484
640,3971,-1.0,s_0841,r_4622
640,4048,-1.0,s_0841,r_4700
640,4051,1.0,s_0841,r_4703
640,4130,-1.0,s_0841,r_4782
641,117,1.0,s_0843,r_0138
641,445,-1.0,s_0843,r_0562
641,722,1.0,s_0843,r_0951
641,1283,1.0,s_0843,r_1842
642,1282,-1.0,s_0844,r_1841
642,1283,-1.0,s_0844,r_1842
643,262,1.0,s_0845,r_0297
643,263,-1.0,s_0845,r_0298
644,636,-1.0,s_0846,r_0793
644,643,-1.0,s_0846,r_0801
644,649,1.0,s_0846,r_0807
644,1189,1.0,s_0846,r_1724
645,527,1.0,s_0847,r_0665
645,3411,-0.221349807713738,s_0847,r_4047
646,528,1.0,s_0848,r_0666
647,29,1.0,s_0849,r_0035
647,59,-1.0,s_0849,r_0077
647,121,1.0,s_0849,r_0143
647,131,-1.0,s_0849,r_0153
647,445,1.0,s_0849,r_0562
647,448,-1.0,s_0849,r_0565
647,453,1.0,s_0849,r_0570
647,636,1.0,s_0849,r_0793
647,1291,1.0,s_0849,r_1850
648,155,-1.0,s_0850,r_0177
648,164,-1.0,s_0850,r_0186
648,450,1.0,s_0850,r_0567
648,1285,-1.0,s_0850,r_1844
648,1286,-1.0,s_0850,r_1845
648,3649,-1.0,s_0850,r_4294
649,1284,-1.0,s_0851,r_1843
649,1286,1.0,s_0851,r_1845
650,154,-1.0,s_0852,r_0176
650,156,-1.0,s_0852,r_0178
650,165,-1.0,s_0852,r_0187
650,1285,1.0,s_0852,r_1844
651,155,1.0,s_0853,r_0177
651,1287,-1.0,s_0853,r_1846
651,3590,1.0,s_0853,r_4228
651,3649,1.0,s_0853,r_4294
652,154,1.0,s_0854,r_0176
652,156,1.0,s_0854,r_0178
652,1287,1.0,s_0854,r_1846
653,450,-1.0,s_0855,r_0567
653,811,1.0,s_0855,r_1056
653,1506,1.0,s_0855,r_2118
654,59,1.0,s_0856,r_0077
654,119,1.0,s_0856,r_0140
654,722,-1.0,s_0856,r_0951
654,1289,1.0,s_0856,r_1848
654,1291,-1.0,s_0856,r_1850
655,1288,-1.0,s_0857,r_1847
655,1289,-1.0,s_0857,r_1848
656,1014,1.298528844,s_0859,r_1479
656,1015,1.326582604,s_0859,r_1480
656,1016,1.314528244,s_0859,r_1481
656,1017,1.342582004,s_0859,r_1482
656,1018,1.314528244,s_0859,r_1483
656,1019,1.342582004,s_0859,r_1484
656,1020,1.330527644,s_0859,r_1485
656,1021,1.358581404,s_0859,r_1486
656,1022,1.346527044,s_0859,r_1487
656,1023,1.374580804,s_0859,r_1488
656,3416,-1.0,s_0859,r_4052
657,469,-1.0,s_0861,r_0606
657,1357,1.0,s_0861,r_1920
658,1014,-1.0,s_0862,r_1479
658,1357,-1.0,s_0862,r_1920
658,2713,1.0,s_0862,r_3348
658,2714,1.0,s_0862,r_3349
658,2715,1.0,s_0862,r_3350
658,2716,1.0,s_0862,r_3351
658,2717,1.0,s_0862,r_3352
658,2718,1.0,s_0862,r_3353
658,2719,1.0,s_0862,r_3354
658,2720,1.0,s_0862,r_3355
659,499,-1.0,s_0863,r_0636
660,470,-1.0,s_0864,r_0607
660,1362,1.0,s_0864,r_1925
661,1015,-1.0,s_0865,r_1480
661,1362,-1.0,s_0865,r_1925
661,2721,1.0,s_0865,r_3356
661,2722,1.0,s_0865,r_3357
661,2723,1.0,s_0865,r_3358
661,2724,1.0,s_0865,r_3359
661,2725,1.0,s_0865,r_3360
661,2726,1.0,s_0865,r_3361
661,2727,1.0,s_0865,r_3362
661,2728,1.0,s_0865,r_3363
662,500,-1.0,s_0866,r_0637
663,473,-1.0,s_0867,r_0610
663,1358,1.0,s_0867,r_1921
664,1018,-1.0,s_0868,r_1483
664,1358,-1.0,s_0868,r_1921
664,2745,1.0,s_0868,r_3380
664,2746,1.0,s_0868,r_3381
664,2747,1.0,s_0868,r_3382
664,2748,1.0,s_0868,r_3383
664,2749,1.0,s_0868,r_3384
664,2750,1.0,s_0868,r_3385
664,2751,1.0,s_0868,r_3386
664,2752,1.0,s_0868,r_3387
665,503,-1.0,s_0869,r_0640
666,474,-1.0,s_0870,r_0611
666,1363,1.0,s_0870,r_1926
667,1019,-1.0,s_0871,r_1484
667,1363,-1.0,s_0871,r_1926
667,2753,1.0,s_0871,r_3388
667,2754,1.0,s_0871,r_3389
667,2755,1.0,s_0871,r_3390
667,2756,1.0,s_0871,r_3391
667,2757,1.0,s_0871,r_3392
667,2758,1.0,s_0871,r_3393
667,2759,1.0,s_0871,r_3394
667,2760,1.0,s_0871,r_3395
668,504,-1.0,s_0872,r_0641
669,471,-1.0,s_0873,r_0608
669,1359,1.0,s_0873,r_1922
670,1016,-1.0,s_0874,r_1481
670,1359,-1.0,s_0874,r_1922
670,2729,1.0,s_0874,r_3364
670,2730,1.0,s_0874,r_3365
670,2731,1.0,s_0874,r_3366
670,2732,1.0,s_0874,r_3367
670,2733,1.0,s_0874,r_3368
670,2734,1.0,s_0874,r_3369
670,2735,1.0,s_0874,r_3370
670,2736,1.0,s_0874,r_3371
671,501,-1.0,s_0875,r_0638
672,472,-1.0,s_0876,r_0609
672,1364,1.0,s_0876,r_1927
673,1017,-1.0,s_0877,r_1482
673,1364,-1.0,s_0877,r_1927
673,2737,1.0,s_0877,r_3372
673,2738,1.0,s_0877,r_3373
673,2739,1.0,s_0877,r_3374
673,2740,1.0,s_0877,r_3375
673,2741,1.0,s_0877,r_3376
673,2742,1.0,s_0877,r_3377
673,2743,1.0,s_0877,r_3378
673,2744,1.0,s_0877,r_3379
674,502,-1.0,s_0878,r_0639
675,475,-1.0,s_0879,r_0612
675,1360,1.0,s_0879,r_1923
676,1020,-1.0,s_0880,r_1485
676,1360,-1.0,s_0880,r_1923
676,2761,1.0,s_0880,r_3396
676,2762,1.0,s_0880,r_3397
676,2763,1.0,s_0880,r_3398
676,2764,1.0,s_0880,r_3399
676,2765,1.0,s_0880,r_3400
676,2766,1.0,s_0880,r_3401
676,2767,1.0,s_0880,r_3402
676,2768,1.0,s_0880,r_3403
677,505,-1.0,s_0881,r_0642
678,476,-1.0,s_0882,r_0613
678,1365,1.0,s_0882,r_1928
679,1021,-1.0,s_0883,r_1486
679,1365,-1.0,s_0883,r_1928
679,2769,1.0,s_0883,r_3404
679,2770,1.0,s_0883,r_3405
679,2771,1.0,s_0883,r_3406
679,2772,1.0,s_0883,r_3407
679,2773,1.0,s_0883,r_3408
679,2774,1.0,s_0883,r_3409
679,2775,1.0,s_0883,r_3410
679,2776,1.0,s_0883,r_3411
680,506,-1.0,s_0884,r_0643
681,477,-1.0,s_0885,r_0614
681,1361,1.0,s_0885,r_1924
682,1022,-1.0,s_0886,r_1487
682,1361,-1.0,s_0886,r_1924
682,2777,1.0,s_0886,r_3412
682,2778,1.0,s_0886,r_3413
682,2779,1.0,s_0886,r_3414
682,2780,1.0,s_0886,r_3415
682,2781,1.0,s_0886,r_3416
682,2782,1.0,s_0886,r_3417
682,2783,1.0,s_0886,r_3418
682,2784,1.0,s_0886,r_3419
683,507,-1.0,s_0887,r_0644
684,478,-1.0,s_0888,r_0615
684,1366,1.0,s_0888,r_1929
685,1023,-1.0,s_0889,r_1488
685,1366,-1.0,s_0889,r_1929
685,2785,1.0,s_0889,r_3420
685,2786,1.0,s_0889,r_3421
685,2787,1.0,s_0889,r_3422
685,2788,1.0,s_0889,r_3423
685,2789,1.0,s_0889,r_3424
685,2790,1.0,s_0889,r_3425
685,2791,1.0,s_0889,r_3426
685,2792,1.0,s_0889,r_3427
686,508,-1.0,s_0890,r_0645
687,1004,0.910263542,s_0892,r_1449
687,1005,0.938317302,s_0892,r_1450
687,1006,0.926262942,s_0892,r_1451
687,1007,0.954316702,s_0892,r_1452
687,1008,0.894264142,s_0892,r_1453
687,1009,0.922317902,s_0892,r_1454
687,1010,0.910263542,s_0892,r_1455
687,1011,0.938317302,s_0892,r_1456
687,1012,0.942262342,s_0892,r_1457
687,1013,0.970316102,s_0892,r_1458
687,3417,-1.0,s_0892,r_4053
688,509,-1.0,s_0894,r_0646
688,1292,1.0,s_0894,r_1851
689,595,-1.0,s_0895,r_0747
689,1008,-1.0,s_0895,r_1453
689,1292,-1.0,s_0895,r_1851
689,2793,1.0,s_0895,r_3428
689,2794,1.0,s_0895,r_3429
689,2795,1.0,s_0895,r_3430
689,2796,1.0,s_0895,r_3431
689,2797,1.0,s_0895,r_3432
689,2798,1.0,s_0895,r_3433
689,2799,1.0,s_0895,r_3434
689,2800,1.0,s_0895,r_3435
690,479,-1.0,s_0896,r_0616
691,510,-1.0,s_0897,r_0647
691,1297,1.0,s_0897,r_1856
692,596,-1.0,s_0898,r_0748
692,1009,-1.0,s_0898,r_1454
692,1297,-1.0,s_0898,r_1856
692,2801,1.0,s_0898,r_3436
692,2802,1.0,s_0898,r_3437
692,2803,1.0,s_0898,r_3438
692,2804,1.0,s_0898,r_3439
692,2805,1.0,s_0898,r_3440
692,2806,1.0,s_0898,r_3441
692,2807,1.0,s_0898,r_3442
692,2808,1.0,s_0898,r_3443
693,480,-1.0,s_0899,r_0617
694,513,-1.0,s_0900,r_0650
694,1293,1.0,s_0900,r_1852
695,599,-1.0,s_0901,r_0751
695,1010,-1.0,s_0901,r_1455
695,1293,-1.0,s_0901,r_1852
695,2825,1.0,s_0901,r_3460
695,2826,1.0,s_0901,r_3461
695,2827,1.0,s_0901,r_3462
695,2828,1.0,s_0901,r_3463
695,2829,1.0,s_0901,r_3464
695,2830,1.0,s_0901,r_3465
695,2831,1.0,s_0901,r_3466
695,2832,1.0,s_0901,r_3467
696,483,-1.0,s_0902,r_0620
697,514,-1.0,s_0903,r_0651
697,1298,1.0,s_0903,r_1857
698,600,-1.0,s_0904,r_0752
698,1011,-1.0,s_0904,r_1456
698,1298,-1.0,s_0904,r_1857
698,2833,1.0,s_0904,r_3468
698,2834,1.0,s_0904,r_3469
698,2835,1.0,s_0904,r_3470
698,2836,1.0,s_0904,r_3471
698,2837,1.0,s_0904,r_3472
698,2838,1.0,s_0904,r_3473
698,2839,1.0,s_0904,r_3474
698,2840,1.0,s_0904,r_3475
699,484,-1.0,s_0905,r_0621
700,511,-1.0,s_0906,r_0648
700,1294,1.0,s_0906,r_1853
701,597,-1.0,s_0907,r_0749
701,1004,-1.0,s_0907,r_1449
701,1294,-1.0,s_0907,r_1853
701,2809,1.0,s_0907,r_3444
701,2810,1.0,s_0907,r_3445
701,2811,1.0,s_0907,r_3446
701,2812,1.0,s_0907,r_3447
701,2813,1.0,s_0907,r_3448
701,2814,1.0,s_0907,r_3449
701,2815,1.0,s_0907,r_3450
701,2816,1.0,s_0907,r_3451
702,481,-1.0,s_0908,r_0618
703,512,-1.0,s_0909,r_0649
703,1299,1.0,s_0909,r_1858
704,598,-1.0,s_0910,r_0750
704,1005,-1.0,s_0910,r_1450
704,1299,-1.0,s_0910,r_1858
704,2817,1.0,s_0910,r_3452
704,2818,1.0,s_0910,r_3453
704,2819,1.0,s_0910,r_3454
704,2820,1.0,s_0910,r_3455
704,2821,1.0,s_0910,r_3456
704,2822,1.0,s_0910,r_3457
704,2823,1.0,s_0910,r_3458
704,2824,1.0,s_0910,r_3459
705,482,-1.0,s_0911,r_0619
706,515,-1.0,s_0912,r_0652
706,1295,1.0,s_0912,r_1854
707,601,-1.0,s_0913,r_0753
707,1006,-1.0,s_0913,r_1451
707,1295,-1.0,s_0913,r_1854
707,2841,1.0,s_0913,r_3476
707,2842,1.0,s_0913,r_3477
707,2843,1.0,s_0913,r_3478
707,2844,1.0,s_0913,r_3479
707,2845,1.0,s_0913,r_3480
707,2846,1.0,s_0913,r_3481
707,2847,1.0,s_0913,r_3482
707,2848,1.0,s_0913,r_3483
708,485,-1.0,s_0914,r_0622
709,516,-1.0,s_0915,r_0653
709,1300,1.0,s_0915,r_1859
710,602,-1.0,s_0916,r_0754
710,1007,-1.0,s_0916,r_1452
710,1300,-1.0,s_0916,r_1859
710,2849,1.0,s_0916,r_3484
710,2850,1.0,s_0916,r_3485
710,2851,1.0,s_0916,r_3486
710,2852,1.0,s_0916,r_3487
710,2853,1.0,s_0916,r_3488
710,2854,1.0,s_0916,r_3489
710,2855,1.0,s_0916,r_3490
710,2856,1.0,s_0916,r_3491
711,486,-1.0,s_0917,r_0623
712,517,-1.0,s_0918,r_0654
712,1296,1.0,s_0918,r_1855
713,603,-1.0,s_0919,r_0755
713,1012,-1.0,s_0919,r_1457
713,1296,-1.0,s_0919,r_1855
713,2857,1.0,s_0919,r_3492
713,2858,1.0,s_0919,r_3493
713,2859,1.0,s_0919,r_3494
713,2860,1.0,s_0919,r_3495
713,2861,1.0,s_0919,r_3496
713,2862,1.0,s_0919,r_3497
713,2863,1.0,s_0919,r_3498
713,2864,1.0,s_0919,r_3499
714,487,-1.0,s_0920,r_0624
715,518,-1.0,s_0921,r_0655
715,1301,1.0,s_0921,r_1860
716,604,-1.0,s_0922,r_0756
716,1013,-1.0,s_0922,r_1458
716,1301,-1.0,s_0922,r_1860
716,2865,1.0,s_0922,r_3500
716,2866,1.0,s_0922,r_3501
716,2867,1.0,s_0922,r_3502
716,2868,1.0,s_0922,r_3503
716,2869,1.0,s_0922,r_3504
716,2870,1.0,s_0922,r_3505
716,2871,1.0,s_0922,r_3506
716,2872,1.0,s_0922,r_3507
717,488,-1.0,s_0923,r_0625
718,765,-1.0,s_0924,r_0999
718,909,1.0,s_0924,r_1178
718,910,-1.0,s_0924,r_1179
718,3632,2.0,s_0924,r_4275
718,3633,2.0,s_0924,r_4276
718,3948,-3.04000004689442e-05,s_0924,r_4599
719,909,-1.0,s_0925,r_1178
719,1302,-1.0,s_0925,r_1861
720,332,-1.0,s_0926,r_0436
720,910,1.0,s_0926,r_1179
720,3579,-4.0,s_0926,r_4217
721,138,1.0,s_0927,r_0160
721,519,-1.0,s_0927,r_0656
721,911,-1.0,s_0927,r_1180
722,911,1.0,s_0928,r_1180
722,1303,-1.0,s_0928,r_1862
723,138,-1.0,s_0929,r_0160
723,157,1.0,s_0929,r_0179
723,159,1.0,s_0929,r_0181
723,519,1.0,s_0929,r_0656
723,1304,-1.0,s_0929,r_1863
723,1305,-1.0,s_0929,r_1864
724,1304,1.0,s_0930,r_1863
724,1306,-1.0,s_0930,r_1865
725,158,1.0,s_0931,r_0180
725,1305,1.0,s_0931,r_1864
726,139,-1.0,s_0932,r_0161
726,160,1.0,s_0932,r_0182
726,162,1.0,s_0932,r_0184
726,520,1.0,s_0932,r_0657
726,1309,-1.0,s_0932,r_1868
726,1310,-1.0,s_0932,r_1869
727,1307,-1.0,s_0933,r_1866
727,1309,1.0,s_0933,r_1868
728,161,1.0,s_0934,r_0183
728,1310,1.0,s_0934,r_1869
729,139,1.0,s_0935,r_0161
729,520,-1.0,s_0935,r_0657
729,912,-1.0,s_0935,r_1181
730,912,1.0,s_0936,r_1181
730,1308,-1.0,s_0936,r_1867
731,45,1.0,s_0937,r_0062
731,160,-1.0,s_0937,r_0182
731,162,-1.0,s_0937,r_0184
731,1064,-1.0,s_0937,r_1582
731,1065,-1.0,s_0937,r_1583
731,4066,-1.0,s_0937,r_4718
732,1064,1.0,s_0938,r_1582
732,1311,-1.0,s_0938,r_1870
733,161,-1.0,s_0939,r_0183
733,1065,1.0,s_0939,r_1583
734,522,-1.0,s_0940,r_0659
734,524,-1.0,s_0940,r_0662
734,876,1.0,s_0940,r_1128
734,1156,1.0,s_0940,r_1688
734,1682,1.0,s_0940,r_2305
735,245,1.0,s_0941,r_0280
735,521,-1.0,s_0941,r_0658
735,876,-1.0,s_0941,r_1128
735,1511,-1.0,s_0941,r_2131
735,3619,1.0,s_0941,r_4262
736,523,-1.0,s_0942,r_0661
736,1156,-1.0,s_0942,r_1688
737,311,-1.0,s_0943,r_0355
737,326,-1.0,s_0943,r_0373
737,355,-1.0,s_0943,r_0461
737,356,-1.0,s_0943,r_0462
737,529,-1.0,s_0943,r_0667
737,594,1.0,s_0943,r_0739
737,913,-1.0,s_0943,r_1182
738,246,-1.0,s_0944,r_0281
738,247,-1.0,s_0944,r_0282
738,248,-1.0,s_0944,r_0283
738,249,-1.0,s_0944,r_0284
738,250,-1.0,s_0944,r_0285
738,251,-1.0,s_0944,r_0286
738,252,-1.0,s_0944,r_0287
738,253,-1.0,s_0944,r_0288
738,254,-1.0,s_0944,r_0289
738,255,-1.0,s_0944,r_0290
738,256,-1.0,s_0944,r_0291
738,257,-1.0,s_0944,r_0292
738,258,-1.0,s_0944,r_0293
738,259,-1.0,s_0944,r_0294
738,260,-1.0,s_0944,r_0295
738,261,-1.0,s_0944,r_0296
738,262,-1.0,s_0944,r_0297
738,263,-1.0,s_0944,r_0298
738,264,-1.0,s_0944,r_0299
739,804,-1.0,s_0945,r_1047
739,913,1.0,s_0945,r_1182
740,530,-1.0,s_0946,r_0668
741,530,1.0,s_0949,r_0668
742,643,1.0,s_0950,r_0801
742,649,-1.0,s_0950,r_0807
742,1187,1.0,s_0950,r_1722
743,672,1.0,s_0951,r_0851
743,675,-1.0,s_0951,r_0854
743,714,1.0,s_0951,r_0938
743,1505,1.0,s_0951,r_2117
743,1506,-1.0,s_0951,r_2118
744,388,-1.0,s_0952,r_0500
744,538,1.0,s_0952,r_0676
744,1313,-1.0,s_0952,r_1872
745,13,1.0,s_0953,r_0018
745,539,-1.0,s_0953,r_0678
746,535,-1.0,s_0954,r_0673
746,1312,1.0,s_0954,r_1871
747,39,1.0,s_0955,r_0045
747,76,-1.0,s_0955,r_0094
747,134,-1.0,s_0955,r_0156
747,135,-1.0,s_0955,r_0157
747,351,-1.0,s_0955,r_0457
747,532,1.0,s_0955,r_0670
747,914,1.0,s_0955,r_1183
747,1315,1.0,s_0955,r_1874
747,1500,1.0,s_0955,r_2112
747,1505,1.0,s_0955,r_2117
747,1507,-1.0,s_0955,r_2119
747,3588,-1.0,s_0955,r_4226
747,3729,1.0,s_0955,r_4374
747,3837,-1.0,s_0955,r_4482
748,914,-1.0,s_0956,r_1183
748,1314,-1.0,s_0956,r_1873
749,536,-1.0,s_0957,r_0674
749,1315,-1.0,s_0957,r_1874
749,3537,1.0,s_0957,r_4173
750,537,-1.0,s_0958,r_0675
750,538,-1.0,s_0958,r_0676
751,539,1.0,s_0959,r_0678
751,757,-1.0,s_0959,r_0989
752,548,1.0,s_0960,r_0690
753,181,1.0,s_0961,r_0205
753,1317,1.0,s_0961,r_1876
753,3844,-1.0,s_0961,r_4489
754,1316,-1.0,s_0962,r_1875
754,1317,-1.0,s_0962,r_1876
755,181,-1.0,s_0963,r_0205
755,1318,1.0,s_0963,r_1877
756,1318,-1.0,s_0964,r_1877
756,1319,-1.0,s_0964,r_1878
757,182,-1.0,s_0965,r_0206
757,183,1.0,s_0965,r_0207
757,185,-1.0,s_0965,r_0209
757,915,1.0,s_0965,r_1184
757,916,-1.0,s_0965,r_1185
757,1128,-1.0,s_0965,r_1657
757,3525,1.0,s_0965,r_4161
757,3721,1.0,s_0965,r_4366
758,915,-1.0,s_0966,r_1184
758,1320,-1.0,s_0966,r_1879
759,186,-1.0,s_0967,r_0210
759,1128,1.0,s_0967,r_1657
760,916,1.0,s_0968,r_1185
760,3525,-1.0,s_0968,r_4161
761,187,1.0,s_0969,r_0211
761,188,-1.0,s_0969,r_0212
761,540,-1.0,s_0969,r_0679
761,917,1.0,s_0969,r_1186
761,918,-1.0,s_0969,r_1187
761,919,1.0,s_0969,r_1188
761,1129,-1.0,s_0969,r_1658
762,541,-1.0,s_0970,r_0680
762,917,-1.0,s_0970,r_1186
762,1321,-1.0,s_0970,r_1880
763,189,-1.0,s_0971,r_0213
763,1129,1.0,s_0971,r_1658
764,918,1.0,s_0972,r_1187
764,919,-1.0,s_0972,r_1188
764,3772,1.0,s_0972,r_4417
765,131,-1.0,s_0973,r_0153
765,184,-1.0,s_0973,r_0208
765,187,-1.0,s_0973,r_0211
765,190,-1.0,s_0973,r_0214
765,191,-1.0,s_0973,r_0215
765,192,-1.0,s_0973,r_0216
765,196,-1.0,s_0973,r_0220
765,540,1.0,s_0973,r_0679
765,695,-1.0,s_0973,r_0908
765,866,1.0,s_0973,r_1118
765,920,1.0,s_0973,r_1189
765,921,1.0,s_0973,r_1190
765,1130,-1.0,s_0973,r_1659
766,541,1.0,s_0974,r_0680
766,921,-1.0,s_0974,r_1190
766,1322,-1.0,s_0974,r_1881
767,193,1.0,s_0975,r_0217
767,197,-1.0,s_0975,r_0221
767,866,-1.0,s_0975,r_1118
768,194,-1.0,s_0976,r_0218
768,1130,1.0,s_0976,r_1659
769,920,-1.0,s_0977,r_1189
769,3741,1.0,s_0977,r_4386
770,195,1.0,s_0978,r_0219
770,430,-1.0,s_0978,r_0546
770,431,-1.0,s_0978,r_0547
771,184,-1.0,s_0979,r_0208
771,655,1.0,s_0979,r_0816
771,3824,1.0,s_0979,r_4469
772,272,-1.0,s_0980,r_0308
772,273,1.0,s_0980,r_0309
772,274,-1.0,s_0980,r_0310
772,275,1.0,s_0980,r_0311
772,654,1.0,s_0980,r_0815
773,274,1.0,s_0981,r_0310
773,275,-1.0,s_0981,r_0311
773,276,1.0,s_0981,r_0312
773,277,-1.0,s_0981,r_0313
773,354,-1.0,s_0981,r_0460
773,654,-1.0,s_0981,r_0815
773,692,-1.0,s_0981,r_0905
773,923,1.0,s_0981,r_1192
773,3576,1.0,s_0981,r_4214
773,3735,1.0,s_0981,r_4380
773,4050,-1.0,s_0981,r_4702
774,923,-1.0,s_0982,r_1192
774,1324,-1.0,s_0982,r_1883
775,351,1.0,s_0983,r_0457
775,3535,1.0,s_0983,r_4171
775,3551,1.0,s_0983,r_4188
775,3576,-1.0,s_0983,r_4214
775,3617,1.0,s_0983,r_4260
775,3972,-1.0,s_0983,r_4623
776,924,1.0,s_0984,r_1193
777,924,-1.0,s_0985,r_1193
778,362,1.0,s_0986,r_0468
778,367,-1.0,s_0986,r_0473
779,351,1.0,s_0987,r_0457
780,354,1.0,s_0988,r_0460
780,378,-1.0,s_0988,r_0485
781,549,-1.0,s_0989,r_0691
781,1347,1.0,s_0989,r_1908
782,1327,-1.0,s_0990,r_1886
782,1347,-1.0,s_0990,r_1908
783,13,-1.0,s_0991,r_0018
783,21,-1.0,s_0991,r_0026
783,49,1.0,s_0991,r_0066
783,51,1.0,s_0991,r_0068
783,61,1.0,s_0991,r_0079
783,179,1.0,s_0991,r_0203
783,187,1.0,s_0991,r_0211
783,192,1.0,s_0991,r_0216
783,221,1.0,s_0991,r_0250
783,270,1.0,s_0991,r_0306
783,302,-1.0,s_0991,r_0346
783,354,-1.0,s_0991,r_0460
783,362,-1.0,s_0991,r_0468
783,363,-1.0,s_0991,r_0469
783,364,-1.0,s_0991,r_0470
783,365,1.0,s_0991,r_0471
783,366,2.0,s_0991,r_0472
783,368,1.0,s_0991,r_0475
783,369,-1.0,s_0991,r_0476
783,370,1.0,s_0991,r_0477
783,372,-1.0,s_0991,r_0479
783,401,1.0,s_0991,r_0514
783,422,-1.0,s_0991,r_0538
783,446,1.0,s_0991,r_0563
783,525,1.0,s_0991,r_0663
783,542,1.0,s_0991,r_0681
783,557,1.0,s_0991,r_0699
783,616,1.0,s_0991,r_0768
783,658,1.0,s_0991,r_0819
783,672,1.0,s_0991,r_0851
783,702,1.0,s_0991,r_0915
783,705,-1.0,s_0991,r_0918
783,757,-1.0,s_0991,r_0989
783,789,-1.0,s_0991,r_1031
783,811,1.0,s_0991,r_1056
783,814,-1.0,s_0991,r_1063
783,837,1.0,s_0991,r_1087
783,866,-1.0,s_0991,r_1118
783,925,-1.0,s_0991,r_1194
783,926,1.0,s_0991,r_1195
783,927,1.0,s_0991,r_1196
783,1130,1.0,s_0991,r_1659
783,1330,-1.0,s_0991,r_1890
783,3535,1.0,s_0991,r_4171
783,3568,1.0,s_0991,r_4205
783,3574,1.0,s_0991,r_4211
783,3575,1.0,s_0991,r_4212
783,3588,1.0,s_0991,r_4226
783,3710,-1.0,s_0991,r_4355
783,3926,1.0,s_0991,r_4572
783,4050,1.0,s_0991,r_4702
783,4109,1.0,s_0991,r_4761
783,4115,1.0,s_0991,r_4767
784,927,-1.0,s_0992,r_1196
784,1329,-1.0,s_0992,r_1889
785,7,1.0,s_0993,r_0012
785,98,-1.0,s_0993,r_0118
785,193,-1.0,s_0993,r_0217
785,373,-1.0,s_0993,r_0480
785,526,1.0,s_0993,r_0664
785,536,1.0,s_0993,r_0674
785,543,1.0,s_0993,r_0682
785,558,1.0,s_0993,r_0700
785,609,-1.0,s_0993,r_0761
785,657,-1.0,s_0993,r_0818
785,838,1.0,s_0993,r_1088
785,866,1.0,s_0993,r_1118
785,925,1.0,s_0993,r_1194
785,3519,1.0,s_0993,r_4155
786,617,1.0,s_0994,r_0769
786,1330,1.0,s_0994,r_1890
787,194,1.0,s_0995,r_0218
787,544,1.0,s_0995,r_0683
787,815,-1.0,s_0995,r_1065
787,1130,-1.0,s_0995,r_1659
788,926,-1.0,s_0996,r_1195
788,3764,1.0,s_0996,r_4409
788,3794,1.0,s_0996,r_4439
789,367,1.0,s_0997,r_0473
789,658,1.0,s_0997,r_0819
789,1328,-1.0,s_0997,r_1887
790,49,-1.0,s_0999,r_0066
790,61,-1.0,s_0999,r_0079
790,179,-1.0,s_0999,r_0203
790,187,-1.0,s_0999,r_0211
790,221,-1.0,s_0999,r_0250
790,270,-1.0,s_0999,r_0306
790,366,-1.0,s_0999,r_0472
790,368,-1.0,s_0999,r_0475
790,369,1.0,s_0999,r_0476
790,370,-1.0,s_0999,r_0477
790,371,-1.0,s_0999,r_0478
790,401,-1.0,s_0999,r_0514
790,446,-1.0,s_0999,r_0563
790,616,-1.0,s_0999,r_0768
790,702,-1.0,s_0999,r_0915
790,928,-1.0,s_0999,r_1197
790,929,1.0,s_0999,r_1198
790,930,1.0,s_0999,r_1199
790,1332,-1.0,s_0999,r_1892
790,3574,-1.0,s_0999,r_4211
790,3575,-1.0,s_0999,r_4212
790,3964,-1.0,s_0999,r_4615
791,930,-1.0,s_1000,r_1199
791,1331,-1.0,s_1000,r_1891
792,617,-1.0,s_1001,r_0769
792,1332,1.0,s_1001,r_1892
793,928,1.0,s_1002,r_1197
793,929,-1.0,s_1002,r_1198
793,3769,1.0,s_1002,r_4414
793,3773,1.0,s_1002,r_4418
794,134,1.0,s_1003,r_0156
794,378,-1.0,s_1003,r_0485
794,388,1.0,s_1003,r_0500
794,390,1.0,s_1003,r_0502
794,400,-1.0,s_1003,r_0512
794,537,1.0,s_1003,r_0675
794,701,-1.0,s_1003,r_0914
794,798,1.0,s_1003,r_1040
794,904,1.0,s_1003,r_1173
794,1253,-1.0,s_1003,r_1811
794,3576,1.0,s_1003,r_4214
794,3577,1.0,s_1003,r_4215
794,3580,1.0,s_1003,r_4218
794,3611,-1.0,s_1003,r_4252
794,3838,-1.0,s_1003,r_4483
794,4130,-1.0,s_1003,r_4782
795,904,-1.0,s_1004,r_1173
795,1252,-1.0,s_1004,r_1810
796,63,-1.0,s_1005,r_0081
796,389,-1.0,s_1005,r_0501
796,391,1.0,s_1005,r_0503
796,392,-1.0,s_1005,r_0504
796,394,-1.0,s_1005,r_0506
796,1253,1.0,s_1005,r_1811
797,420,1.0,s_1006,r_0536
797,423,-1.0,s_1006,r_0539
797,425,-1.0,s_1006,r_0541
797,931,-1.0,s_1006,r_1200
797,932,1.0,s_1006,r_1201
797,1278,-1.0,s_1006,r_1837
797,3526,1.0,s_1006,r_4162
798,932,-1.0,s_1007,r_1201
798,1333,-1.0,s_1007,r_1893
799,424,-1.0,s_1008,r_0540
799,1278,1.0,s_1008,r_1837
800,931,1.0,s_1009,r_1200
800,3526,-1.0,s_1009,r_4162
800,3770,1.0,s_1009,r_4415
801,420,-1.0,s_1010,r_0536
801,421,1.0,s_1010,r_0537
802,421,-1.0,s_1011,r_0537
802,422,1.0,s_1011,r_0538
803,67,-1.0,s_1012,r_0085
803,122,1.0,s_1012,r_0144
803,272,1.0,s_1012,r_0308
803,273,-1.0,s_1012,r_0309
803,428,-1.0,s_1012,r_0544
803,582,-1.0,s_1012,r_0727
803,653,1.0,s_1012,r_0813
803,3839,1.0,s_1012,r_4484
804,430,1.0,s_1014,r_0546
804,431,1.0,s_1014,r_0547
804,432,-1.0,s_1014,r_0548
804,433,-1.0,s_1014,r_0549
804,1334,1.0,s_1014,r_1895
805,1334,-1.0,s_1015,r_1895
805,1335,-1.0,s_1015,r_1896
806,525,-1.0,s_1016,r_0663
806,527,-1.0,s_1016,r_0665
806,933,1.0,s_1016,r_1202
806,934,-1.0,s_1016,r_1203
806,935,1.0,s_1016,r_1204
806,936,1.0,s_1016,r_1205
806,1337,1.0,s_1016,r_1898
807,936,-1.0,s_1017,r_1205
807,1336,-1.0,s_1017,r_1897
808,526,-1.0,s_1018,r_0664
808,528,-1.0,s_1018,r_0666
808,1337,-1.0,s_1018,r_1898
809,933,-1.0,s_1019,r_1202
809,934,1.0,s_1019,r_1203
809,935,-1.0,s_1019,r_1204
810,532,-1.0,s_1020,r_0670
810,533,-1.0,s_1020,r_0671
810,610,1.0,s_1020,r_0762
810,1500,-1.0,s_1020,r_2112
810,4115,-1.0,s_1020,r_4767
811,557,-1.0,s_1021,r_0699
811,559,-1.0,s_1021,r_0701
811,939,1.0,s_1021,r_1208
811,940,-1.0,s_1021,r_1209
811,941,1.0,s_1021,r_1210
811,942,1.0,s_1021,r_1211
812,942,-1.0,s_1022,r_1211
812,1338,-1.0,s_1022,r_1899
813,558,-1.0,s_1023,r_0700
813,560,-1.0,s_1023,r_0702
814,939,-1.0,s_1024,r_1208
814,940,1.0,s_1024,r_1209
814,941,-1.0,s_1024,r_1210
814,3567,1.0,s_1024,r_4204
815,567,-1.0,s_1025,r_0711
815,756,1.0,s_1025,r_0988
815,943,-1.0,s_1025,r_1212
815,944,1.0,s_1025,r_1213
815,1356,-1.0,s_1025,r_1919
815,3527,1.0,s_1025,r_4163
816,944,-1.0,s_1026,r_1213
816,1339,-1.0,s_1026,r_1900
817,568,-1.0,s_1027,r_0712
817,1356,1.0,s_1027,r_1919
818,943,1.0,s_1028,r_1212
818,3527,-1.0,s_1028,r_4163
819,21,1.0,s_1029,r_0026
819,67,1.0,s_1029,r_0085
819,428,1.0,s_1029,r_0544
819,581,-1.0,s_1029,r_0726
819,582,1.0,s_1029,r_0727
819,584,-1.0,s_1029,r_0729
819,652,1.0,s_1029,r_0812
819,945,1.0,s_1029,r_1214
819,1370,1.0,s_1029,r_1935
819,3549,-1.0,s_1029,r_4186
819,3565,-1.0,s_1029,r_4202
819,3752,1.0,s_1029,r_4397
819,3795,-1.0,s_1029,r_4440
820,945,-1.0,s_1030,r_1214
820,1341,-1.0,s_1030,r_1902
821,585,-1.0,s_1031,r_0730
821,1370,-1.0,s_1031,r_1935
821,3678,2.0,s_1031,r_4323
821,3679,2.0,s_1031,r_4324
822,672,-1.0,s_1032,r_0851
822,673,-1.0,s_1032,r_0852
822,946,1.0,s_1032,r_1215
822,1419,-1.0,s_1032,r_2004
822,1505,-1.0,s_1032,r_2117
822,1506,1.0,s_1032,r_2118
823,946,-1.0,s_1033,r_1215
823,1342,-1.0,s_1033,r_1903
824,674,-1.0,s_1034,r_0853
824,1419,1.0,s_1034,r_2004
825,717,-1.0,s_1035,r_0941
825,727,1.0,s_1035,r_0957
825,947,1.0,s_1035,r_1216
825,1344,-1.0,s_1035,r_1905
826,947,-1.0,s_1036,r_1216
826,1343,-1.0,s_1036,r_1904
827,716,-1.0,s_1037,r_0940
827,1344,1.0,s_1037,r_1905
827,3550,-1.0,s_1037,r_4187
828,756,-1.0,s_1038,r_0988
828,757,1.0,s_1038,r_0989
829,273,-1.0,s_1039,r_0309
829,390,-1.0,s_1039,r_0502
829,547,-1.0,s_1039,r_0689
829,548,-1.0,s_1039,r_0690
829,704,1.0,s_1039,r_0917
829,759,-1.0,s_1039,r_0992
829,761,-1.0,s_1039,r_0995
829,810,-1.0,s_1039,r_1055
829,948,1.0,s_1039,r_1217
829,1346,-1.0,s_1039,r_1907
829,1445,-1.0,s_1039,r_2045
829,2910,-1.0,s_1039,r_3545
830,760,-1.0,s_1040,r_0993
830,1346,1.0,s_1040,r_1907
831,948,-1.0,s_1041,r_1217
831,1345,-1.0,s_1041,r_1906
832,391,-1.0,s_1042,r_0503
832,1445,1.0,s_1042,r_2045
833,549,1.0,s_1043,r_0691
833,1349,1.0,s_1043,r_1910
833,3583,1.0,s_1043,r_4221
834,1348,-1.0,s_1044,r_1909
834,1349,-1.0,s_1044,r_1910
835,550,-1.0,s_1045,r_0692
835,798,-1.0,s_1045,r_1040
835,799,1.0,s_1045,r_1041
835,800,-1.0,s_1045,r_1042
835,949,1.0,s_1045,r_1218
835,1467,-1.0,s_1045,r_2072
835,3606,-1.0,s_1045,r_4247
835,3699,1.0,s_1045,r_4344
835,3796,-1.0,s_1045,r_4441
836,949,-1.0,s_1046,r_1218
836,1350,-1.0,s_1046,r_1911
837,551,-1.0,s_1047,r_0693
837,801,-1.0,s_1047,r_1043
837,1467,1.0,s_1047,r_2072
838,552,-1.0,s_1048,r_0694
838,810,1.0,s_1048,r_1055
838,811,-1.0,s_1048,r_1056
838,812,-1.0,s_1048,r_1057
838,950,1.0,s_1048,r_1219
838,1473,-1.0,s_1048,r_2082
838,1506,-1.0,s_1048,r_2118
839,950,-1.0,s_1049,r_1219
839,1351,-1.0,s_1049,r_1912
840,813,-1.0,s_1050,r_1058
840,1473,1.0,s_1050,r_2082
841,553,-1.0,s_1051,r_0695
841,814,1.0,s_1051,r_1063
841,816,-1.0,s_1051,r_1066
841,951,1.0,s_1051,r_1220
841,952,-1.0,s_1051,r_1221
841,953,1.0,s_1051,r_1222
841,954,1.0,s_1051,r_1223
841,1477,-1.0,s_1051,r_2086
841,1478,-1.0,s_1051,r_2087
841,1507,1.0,s_1051,r_2119
841,3723,1.0,s_1051,r_4368
842,954,-1.0,s_1052,r_1223
842,1352,-1.0,s_1052,r_1913
843,817,-1.0,s_1053,r_1067
843,1477,1.0,s_1053,r_2086
844,815,1.0,s_1054,r_1065
844,1478,1.0,s_1054,r_2087
845,951,-1.0,s_1055,r_1220
845,952,1.0,s_1055,r_1221
845,953,-1.0,s_1055,r_1222
846,837,-1.0,s_1056,r_1087
846,839,-1.0,s_1056,r_1089
846,955,1.0,s_1056,r_1224
846,1483,-1.0,s_1056,r_2093
847,955,-1.0,s_1057,r_1224
847,1353,-1.0,s_1057,r_1914
848,838,-1.0,s_1058,r_1088
848,840,-1.0,s_1058,r_1090
848,1483,1.0,s_1058,r_2093
849,280,-1.0,s_1059,r_0317
849,556,1.0,s_1059,r_0698
849,956,1.0,s_1059,r_1225
849,2916,-1.0,s_1059,r_3551
850,956,-1.0,s_1061,r_1225
850,1354,-1.0,s_1061,r_1915
851,1227,-1.0,s_1065,r_1771
851,1563,1.0,s_1065,r_2186
851,2873,-1.0,s_1065,r_3508
852,1355,-1.0,s_1067,r_1916
852,1563,-1.0,s_1067,r_2186
853,328,-1.0,s_1070,r_0400
853,667,1.0,s_1070,r_0845
853,1227,1.0,s_1070,r_1771
854,1596,-1.0,s_1073,r_2219
854,2880,-1.0,s_1073,r_3515
854,2940,-1.0,s_1073,r_3575
855,86,1.0,s_1076,r_0105
855,101,-1.0,s_1076,r_0121
855,328,1.0,s_1076,r_0400
855,667,-1.0,s_1076,r_0845
855,1596,1.0,s_1076,r_2219
856,559,1.0,s_1077,r_0701
856,3411,-0.340467492580805,s_1077,r_4047
857,560,1.0,s_1078,r_0702
858,561,-1.0,s_1079,r_0703
858,563,-1.0,s_1079,r_0705
858,565,-1.0,s_1079,r_0707
859,562,-1.0,s_1080,r_0704
859,564,-1.0,s_1080,r_0706
859,566,-1.0,s_1080,r_0708
860,565,1.0,s_1081,r_0707
861,566,1.0,s_1082,r_0708
862,296,-1.0,s_1085,r_0340
862,298,1.0,s_1085,r_0342
862,706,-1.0,s_1085,r_0919
862,3302,1.0,s_1085,r_3937
863,1498,1.0,s_1096,r_2108
863,3405,-1.0,s_1096,r_4041
864,392,-1.0,s_1097,r_0504
864,393,1.0,s_1097,r_0505
864,662,-1.0,s_1097,r_0832
865,394,-1.0,s_1098,r_0506
865,396,1.0,s_1098,r_0508
866,567,1.0,s_1099,r_0711
866,3411,-0.328750973172121,s_1099,r_4047
867,568,1.0,s_1100,r_0712
868,90,1.0,s_1101,r_0109
868,1517,-7.0,s_1101,r_2140
868,1518,-8.0,s_1101,r_2141
868,2879,-1.0,s_1101,r_3514
869,89,1.0,s_1104,r_0108
869,576,-1.0,s_1104,r_0721
870,174,-1.0,s_1105,r_0198
870,958,1.0,s_1105,r_1227
871,958,-1.0,s_1106,r_1227
871,1368,-1.0,s_1106,r_1931
871,3755,1.0,s_1106,r_4400
872,1369,-1.0,s_1107,r_1932
872,3412,-0.70204,s_1107,r_4048
873,318,1.0,s_1108,r_0362
873,1369,1.0,s_1108,r_1932
874,469,1.0,s_1109,r_0606
874,470,1.0,s_1109,r_0607
874,471,1.0,s_1109,r_0608
874,472,1.0,s_1109,r_0609
874,473,1.0,s_1109,r_0610
874,474,1.0,s_1109,r_0611
874,475,1.0,s_1109,r_0612
874,476,1.0,s_1109,r_0613
874,477,1.0,s_1109,r_0614
874,478,1.0,s_1109,r_0615
875,499,1.0,s_1110,r_0636
875,500,1.0,s_1110,r_0637
875,501,1.0,s_1110,r_0638
875,502,1.0,s_1110,r_0639
875,503,1.0,s_1110,r_0640
875,504,1.0,s_1110,r_0641
875,505,1.0,s_1110,r_0642
875,506,1.0,s_1110,r_0643
875,507,1.0,s_1110,r_0644
875,508,1.0,s_1110,r_0645
876,459,1.0,s_1111,r_0596
876,460,1.0,s_1111,r_0597
876,461,1.0,s_1111,r_0598
876,462,1.0,s_1111,r_0599
876,463,1.0,s_1111,r_0600
876,464,1.0,s_1111,r_0601
876,465,1.0,s_1111,r_0602
876,466,1.0,s_1111,r_0603
876,467,1.0,s_1111,r_0604
876,468,1.0,s_1111,r_0605
877,489,1.0,s_1112,r_0626
877,490,1.0,s_1112,r_0627
877,491,1.0,s_1112,r_0628
877,492,1.0,s_1112,r_0629
877,493,1.0,s_1112,r_0630
877,494,1.0,s_1112,r_0631
877,495,1.0,s_1112,r_0632
877,496,1.0,s_1112,r_0633
877,497,1.0,s_1112,r_0634
877,498,1.0,s_1112,r_0635
878,1024,1.072405942,s_1114,r_1509
878,1025,1.100459702,s_1114,r_1510
878,1026,1.088405342,s_1114,r_1511
878,1027,1.116459102,s_1114,r_1512
878,1028,1.056406542,s_1114,r_1513
878,1029,1.084460302,s_1114,r_1514
878,1030,1.072405942,s_1114,r_1515
878,1031,1.100459702,s_1114,r_1516
878,1032,1.104404742,s_1114,r_1517
878,1033,1.132458502,s_1114,r_1518
878,3418,-1.0,s_1114,r_4054
879,459,-1.0,s_1116,r_0596
879,1372,1.0,s_1116,r_1937
880,595,1.0,s_1117,r_0747
880,1028,-1.0,s_1117,r_1513
880,1372,-1.0,s_1117,r_1937
880,2713,-1.0,s_1117,r_3348
880,2714,-1.0,s_1117,r_3349
880,2715,-1.0,s_1117,r_3350
880,2716,-1.0,s_1117,r_3351
880,2717,-1.0,s_1117,r_3352
880,2718,-1.0,s_1117,r_3353
880,2719,-1.0,s_1117,r_3354
880,2720,-1.0,s_1117,r_3355
881,489,-1.0,s_1118,r_0626
882,460,-1.0,s_1119,r_0597
882,1377,1.0,s_1119,r_1942
883,596,1.0,s_1120,r_0748
883,1029,-1.0,s_1120,r_1514
883,1377,-1.0,s_1120,r_1942
883,2721,-1.0,s_1120,r_3356
883,2722,-1.0,s_1120,r_3357
883,2723,-1.0,s_1120,r_3358
883,2724,-1.0,s_1120,r_3359
883,2725,-1.0,s_1120,r_3360
883,2726,-1.0,s_1120,r_3361
883,2727,-1.0,s_1120,r_3362
883,2728,-1.0,s_1120,r_3363
884,490,-1.0,s_1121,r_0627
885,463,-1.0,s_1122,r_0600
885,1373,1.0,s_1122,r_1938
886,599,1.0,s_1123,r_0751
886,1030,-1.0,s_1123,r_1515
886,1373,-1.0,s_1123,r_1938
886,2745,-1.0,s_1123,r_3380
886,2746,-1.0,s_1123,r_3381
886,2747,-1.0,s_1123,r_3382
886,2748,-1.0,s_1123,r_3383
886,2749,-1.0,s_1123,r_3384
886,2750,-1.0,s_1123,r_3385
886,2751,-1.0,s_1123,r_3386
886,2752,-1.0,s_1123,r_3387
887,493,-1.0,s_1124,r_0630
888,464,-1.0,s_1125,r_0601
888,1378,1.0,s_1125,r_1943
889,600,1.0,s_1126,r_0752
889,1031,-1.0,s_1126,r_1516
889,1378,-1.0,s_1126,r_1943
889,2753,-1.0,s_1126,r_3388
889,2754,-1.0,s_1126,r_3389
889,2755,-1.0,s_1126,r_3390
889,2756,-1.0,s_1126,r_3391
889,2757,-1.0,s_1126,r_3392
889,2758,-1.0,s_1126,r_3393
889,2759,-1.0,s_1126,r_3394
889,2760,-1.0,s_1126,r_3395
890,494,-1.0,s_1127,r_0631
891,461,-1.0,s_1128,r_0598
891,1374,1.0,s_1128,r_1939
892,597,1.0,s_1129,r_0749
892,1024,-1.0,s_1129,r_1509
892,1374,-1.0,s_1129,r_1939
892,2729,-1.0,s_1129,r_3364
892,2730,-1.0,s_1129,r_3365
892,2731,-1.0,s_1129,r_3366
892,2732,-1.0,s_1129,r_3367
892,2733,-1.0,s_1129,r_3368
892,2734,-1.0,s_1129,r_3369
892,2735,-1.0,s_1129,r_3370
892,2736,-1.0,s_1129,r_3371
893,491,-1.0,s_1130,r_0628
894,462,-1.0,s_1131,r_0599
894,1379,1.0,s_1131,r_1944
895,598,1.0,s_1132,r_0750
895,1025,-1.0,s_1132,r_1510
895,1379,-1.0,s_1132,r_1944
895,2737,-1.0,s_1132,r_3372
895,2738,-1.0,s_1132,r_3373
895,2739,-1.0,s_1132,r_3374
895,2740,-1.0,s_1132,r_3375
895,2741,-1.0,s_1132,r_3376
895,2742,-1.0,s_1132,r_3377
895,2743,-1.0,s_1132,r_3378
895,2744,-1.0,s_1132,r_3379
896,492,-1.0,s_1133,r_0629
897,465,-1.0,s_1134,r_0602
897,1375,1.0,s_1134,r_1940
898,601,1.0,s_1135,r_0753
898,1026,-1.0,s_1135,r_1511
898,1375,-1.0,s_1135,r_1940
898,2761,-1.0,s_1135,r_3396
898,2762,-1.0,s_1135,r_3397
898,2763,-1.0,s_1135,r_3398
898,2764,-1.0,s_1135,r_3399
898,2765,-1.0,s_1135,r_3400
898,2766,-1.0,s_1135,r_3401
898,2767,-1.0,s_1135,r_3402
898,2768,-1.0,s_1135,r_3403
899,495,-1.0,s_1136,r_0632
900,466,-1.0,s_1137,r_0603
900,1380,1.0,s_1137,r_1945
901,602,1.0,s_1138,r_0754
901,1027,-1.0,s_1138,r_1512
901,1380,-1.0,s_1138,r_1945
901,2769,-1.0,s_1138,r_3404
901,2770,-1.0,s_1138,r_3405
901,2771,-1.0,s_1138,r_3406
901,2772,-1.0,s_1138,r_3407
901,2773,-1.0,s_1138,r_3408
901,2774,-1.0,s_1138,r_3409
901,2775,-1.0,s_1138,r_3410
901,2776,-1.0,s_1138,r_3411
902,496,-1.0,s_1139,r_0633
903,467,-1.0,s_1140,r_0604
903,1376,1.0,s_1140,r_1941
904,603,1.0,s_1141,r_0755
904,1032,-1.0,s_1141,r_1517
904,1376,-1.0,s_1141,r_1941
904,2777,-1.0,s_1141,r_3412
904,2778,-1.0,s_1141,r_3413
904,2779,-1.0,s_1141,r_3414
904,2780,-1.0,s_1141,r_3415
904,2781,-1.0,s_1141,r_3416
904,2782,-1.0,s_1141,r_3417
904,2783,-1.0,s_1141,r_3418
904,2784,-1.0,s_1141,r_3419
905,497,-1.0,s_1142,r_0634
906,468,-1.0,s_1143,r_0605
906,1381,1.0,s_1143,r_1946
907,604,1.0,s_1144,r_0756
907,1033,-1.0,s_1144,r_1518
907,1381,-1.0,s_1144,r_1946
907,2785,-1.0,s_1144,r_3420
907,2786,-1.0,s_1144,r_3421
907,2787,-1.0,s_1144,r_3422
907,2788,-1.0,s_1144,r_3423
907,2789,-1.0,s_1144,r_3424
907,2790,-1.0,s_1144,r_3425
907,2791,-1.0,s_1144,r_3426
907,2792,-1.0,s_1144,r_3427
908,498,-1.0,s_1145,r_0635
909,584,1.0,s_1148,r_0729
909,3411,-0.0582378601225956,s_1148,r_4047
910,583,-1.0,s_1149,r_0728
910,585,1.0,s_1149,r_0730
911,652,-1.0,s_1150,r_0812
912,176,1.0,s_1151,r_0200
912,546,-1.0,s_1151,r_0688
912,555,-1.0,s_1151,r_0697
912,1371,1.0,s_1151,r_1936
912,3596,1.0,s_1151,r_4236
913,605,1.0,s_1153,r_0757
913,908,1.0,s_1153,r_1177
913,2911,-1.0,s_1153,r_3546
914,908,-1.0,s_1154,r_1177
914,1382,-1.0,s_1154,r_1947
915,313,1.0,s_1156,r_0357
915,314,-1.0,s_1156,r_0358
915,1046,-1.0,s_1156,r_1560
916,454,-1.0,s_1157,r_0571
916,455,1.0,s_1157,r_0572
916,456,1.0,s_1157,r_0573
916,1046,1.0,s_1157,r_1560
917,55,1.0,s_1158,r_0073
917,64,1.0,s_1158,r_0082
917,65,-1.0,s_1158,r_0083
917,74,1.0,s_1158,r_0092
917,1290,-1.0,s_1158,r_1849
917,3807,1.0,s_1158,r_4452
918,454,1.0,s_1159,r_0571
918,1290,1.0,s_1159,r_1849
919,1228,-1.0,s_1161,r_1772
919,1232,1.0,s_1161,r_1777
919,2874,-1.0,s_1161,r_3509
920,1232,-1.0,s_1163,r_1777
920,1570,-1.0,s_1163,r_2193
921,331,-1.0,s_1166,r_0412
921,669,1.0,s_1166,r_0848
921,1228,1.0,s_1166,r_1772
922,1597,-1.0,s_1176,r_2220
922,2881,-1.0,s_1176,r_3516
922,2941,-1.0,s_1176,r_3576
923,83,1.0,s_1179,r_0102
923,105,-1.0,s_1179,r_0125
923,331,1.0,s_1179,r_0412
923,669,-1.0,s_1179,r_0848
923,1597,1.0,s_1179,r_2220
924,710,-1.0,s_1180,r_0929
924,712,1.0,s_1180,r_0936
924,1448,1.0,s_1180,r_2050
925,712,-1.0,s_1181,r_0936
925,1204,1.0,s_1181,r_1739
926,98,1.0,s_1182,r_0118
926,657,-1.0,s_1182,r_0818
927,425,1.0,s_1183,r_0541
928,204,-1.0,s_1184,r_0228
929,611,1.0,s_1185,r_0763
929,959,-1.0,s_1185,r_1228
930,959,1.0,s_1186,r_1228
930,1383,-1.0,s_1186,r_1952
931,178,1.0,s_1187,r_0202
931,700,-1.0,s_1187,r_0913
932,692,1.0,s_1188,r_0905
932,693,-1.0,s_1188,r_0906
933,677,1.0,s_1189,r_0882
933,819,-1.0,s_1189,r_1069
934,608,1.0,s_1190,r_0760
934,677,-1.0,s_1190,r_0882
935,95,1.0,s_1191,r_0115
935,607,-1.0,s_1191,r_0759
936,95,-1.0,s_1192,r_0115
936,609,1.0,s_1192,r_0761
936,657,1.0,s_1192,r_0818
936,3831,1.0,s_1192,r_4476
937,710,1.0,s_1193,r_0929
938,190,1.0,s_1194,r_0214
938,305,1.0,s_1194,r_0349
939,552,1.0,s_1195,r_0694
939,610,-1.0,s_1195,r_0762
940,553,1.0,s_1196,r_0695
940,611,-2.0,s_1196,r_0763
941,2,-1.0,s_1198,r_0003
941,44,-1.0,s_1198,r_0061
941,141,-1.0,s_1198,r_0163
941,144,1.0,s_1198,r_0166
941,147,1.0,s_1198,r_0169
941,150,-1.0,s_1198,r_0172
941,157,1.0,s_1198,r_0179
941,160,1.0,s_1198,r_0182
941,163,-1.0,s_1198,r_0185
941,164,1.0,s_1198,r_0186
941,210,-1.0,s_1198,r_0235
941,283,-1.0,s_1198,r_0320
941,286,-1.0,s_1198,r_0323
941,337,1.0,s_1198,r_0441
941,339,-1.0,s_1198,r_0443
941,340,-1.0,s_1198,r_0445
941,364,-1.0,s_1198,r_0470
941,366,1.0,s_1198,r_0472
941,379,-1.0,s_1198,r_0486
941,384,1.0,s_1198,r_0491
941,420,-2.0,s_1198,r_0536
941,430,1.0,s_1198,r_0546
941,448,-1.0,s_1198,r_0565
941,549,-1.0,s_1198,r_0691
941,554,-1.0,s_1198,r_0696
941,570,-1.0,s_1198,r_0714
941,586,-1.0,s_1198,r_0731
941,613,-1.0,s_1198,r_0765
941,616,1.0,s_1198,r_0768
941,618,1.0,s_1198,r_0770
941,626,1.0,s_1198,r_0783
941,686,-1.0,s_1198,r_0891
941,756,-1.0,s_1198,r_0988
941,764,-1.0,s_1198,r_0998
941,842,-1.0,s_1198,r_1092
941,960,-1.0,s_1198,r_1229
941,961,-1.0,s_1198,r_1230
941,962,-1.0,s_1198,r_1231
941,963,-1.0,s_1198,r_1232
941,1503,1.0,s_1198,r_2115
941,1504,-1.0,s_1198,r_2116
941,2898,-1.0,s_1198,r_3533
941,3517,1.0,s_1198,r_4153
941,3539,-1.0,s_1198,r_4175
941,3540,-1.0,s_1198,r_4176
941,3541,-1.0,s_1198,r_4177
941,3542,-1.0,s_1198,r_4178
941,3543,-1.0,s_1198,r_4179
941,3544,-1.0,s_1198,r_4180
941,3546,-1.0,s_1198,r_4183
941,3583,-1.0,s_1198,r_4221
941,3611,-1.0,s_1198,r_4252
941,3613,1.0,s_1198,r_4254
941,3646,-1.0,s_1198,r_4291
941,3648,-1.0,s_1198,r_4293
941,3649,-1.0,s_1198,r_4294
941,3650,-1.0,s_1198,r_4295
941,3651,-1.0,s_1198,r_4296
941,3652,-1.0,s_1198,r_4297
941,3653,-1.0,s_1198,r_4298
941,3654,-1.0,s_1198,r_4299
941,3655,-1.0,s_1198,r_4300
941,3656,-1.0,s_1198,r_4301
941,3657,-1.0,s_1198,r_4302
941,3658,-1.0,s_1198,r_4303
941,3659,-1.0,s_1198,r_4304
941,3660,-1.0,s_1198,r_4305
941,3661,-1.0,s_1198,r_4306
941,3662,-1.0,s_1198,r_4307
941,3670,-1.0,s_1198,r_4315
941,3709,-1.0,s_1198,r_4354
941,3844,-1.0,s_1198,r_4489
941,3847,-1.0,s_1198,r_4492
941,3924,-1.0,s_1198,r_4570
941,3927,-1.0,s_1198,r_4573
941,3930,-1.0,s_1198,r_4581
941,4001,1.0,s_1198,r_4652
941,4010,1.0,s_1198,r_4661
941,4019,1.0,s_1198,r_4670
941,4027,-1.0,s_1198,r_4678
941,4066,-1.0,s_1198,r_4718
941,4067,-1.0,s_1198,r_4719
941,4108,-1.0,s_1198,r_4760
941,4111,-1.0,s_1198,r_4763
941,4130,-1.0,s_1198,r_4782
942,776,1.0,s_1199,r_1010
943,7,-1.0,s_1200,r_0012
943,143,1.0,s_1200,r_0165
943,145,1.0,s_1200,r_0167
943,148,1.0,s_1200,r_0170
943,152,-1.0,s_1200,r_0174
943,154,-1.0,s_1200,r_0176
943,158,1.0,s_1200,r_0180
943,161,1.0,s_1200,r_0183
943,165,1.0,s_1200,r_0187
943,177,-1.0,s_1200,r_0201
943,385,1.0,s_1200,r_0492
943,389,-1.0,s_1200,r_0501
943,393,-1.0,s_1200,r_0505
943,396,-1.0,s_1200,r_0508
943,414,1.0,s_1200,r_0530
943,429,-1.0,s_1200,r_0545
943,521,-1.0,s_1200,r_0658
943,534,-1.0,s_1200,r_0672
943,535,-1.0,s_1200,r_0673
943,569,-1.0,s_1200,r_0713
943,574,-1.0,s_1200,r_0718
943,614,-1.0,s_1200,r_0766
943,621,1.0,s_1200,r_0773
943,731,-1.0,s_1200,r_0961
943,733,1.0,s_1200,r_0963
943,960,1.0,s_1200,r_1229
943,961,1.0,s_1200,r_1230
943,962,1.0,s_1200,r_1231
943,963,1.0,s_1200,r_1232
943,3560,1.0,s_1200,r_4197
943,3621,1.0,s_1200,r_4264
943,4002,1.0,s_1200,r_4653
943,4011,1.0,s_1200,r_4662
943,4020,1.0,s_1200,r_4671
944,615,-1.0,s_1201,r_0767
944,617,1.0,s_1201,r_0769
944,627,1.0,s_1201,r_0784
944,3518,-1.0,s_1201,r_4154
945,40,-1.0,s_1202,r_0057
945,571,-1.0,s_1202,r_0715
945,612,-1.0,s_1202,r_0764
945,1643,-1.0,s_1202,r_2266
945,1644,-1.0,s_1202,r_2267
945,1645,-1.0,s_1202,r_2268
945,1646,-1.0,s_1202,r_2269
945,1647,-1.0,s_1202,r_2270
945,1648,-1.0,s_1202,r_2271
945,1649,-1.0,s_1202,r_2272
945,1650,-1.0,s_1202,r_2273
945,1651,-1.0,s_1202,r_2274
945,1652,-1.0,s_1202,r_2275
945,1653,-1.0,s_1202,r_2276
945,1654,-1.0,s_1202,r_2277
945,1655,-1.0,s_1202,r_2278
945,1656,-1.0,s_1202,r_2279
945,1657,-1.0,s_1202,r_2280
945,1658,-1.0,s_1202,r_2281
945,1659,-1.0,s_1202,r_2282
946,2,1.0,s_1203,r_0003
946,44,1.0,s_1203,r_0061
946,141,1.0,s_1203,r_0163
946,144,-1.0,s_1203,r_0166
946,147,-1.0,s_1203,r_0169
946,150,1.0,s_1203,r_0172
946,157,-1.0,s_1203,r_0179
946,160,-1.0,s_1203,r_0182
946,163,1.0,s_1203,r_0185
946,164,-1.0,s_1203,r_0186
946,210,1.0,s_1203,r_0235
946,283,1.0,s_1203,r_0320
946,286,1.0,s_1203,r_0323
946,337,-1.0,s_1203,r_0441
946,339,1.0,s_1203,r_0443
946,340,1.0,s_1203,r_0445
946,364,1.0,s_1203,r_0470
946,366,-1.0,s_1203,r_0472
946,379,1.0,s_1203,r_0486
946,384,-1.0,s_1203,r_0491
946,420,2.0,s_1203,r_0536
946,430,-1.0,s_1203,r_0546
946,448,1.0,s_1203,r_0565
946,549,1.0,s_1203,r_0691
946,554,1.0,s_1203,r_0696
946,570,1.0,s_1203,r_0714
946,586,1.0,s_1203,r_0731
946,618,-1.0,s_1203,r_0770
946,619,-1.0,s_1203,r_0771
946,686,1.0,s_1203,r_0891
946,756,1.0,s_1203,r_0988
946,764,1.0,s_1203,r_0998
946,842,1.0,s_1203,r_1092
946,1503,-1.0,s_1203,r_2115
946,1504,1.0,s_1203,r_2116
946,2897,-1.0,s_1203,r_3532
946,3517,-1.0,s_1203,r_4153
946,3539,1.0,s_1203,r_4175
946,3540,1.0,s_1203,r_4176
946,3541,1.0,s_1203,r_4177
946,3542,1.0,s_1203,r_4178
946,3543,1.0,s_1203,r_4179
946,3544,1.0,s_1203,r_4180
946,3546,1.0,s_1203,r_4183
946,3583,1.0,s_1203,r_4221
946,3613,-1.0,s_1203,r_4254
946,3646,1.0,s_1203,r_4291
946,3648,1.0,s_1203,r_4293
946,3649,1.0,s_1203,r_4294
946,3650,1.0,s_1203,r_4295
946,3651,1.0,s_1203,r_4296
946,3652,1.0,s_1203,r_4297
946,3653,1.0,s_1203,r_4298
946,3654,1.0,s_1203,r_4299
946,3655,1.0,s_1203,r_4300
946,3656,1.0,s_1203,r_4301
946,3657,1.0,s_1203,r_4302
946,3658,1.0,s_1203,r_4303
946,3659,1.0,s_1203,r_4304
946,3660,1.0,s_1203,r_4305
946,3661,1.0,s_1203,r_4306
946,3662,1.0,s_1203,r_4307
946,3670,1.0,s_1203,r_4315
946,3709,1.0,s_1203,r_4354
946,3844,1.0,s_1203,r_4489
946,3847,1.0,s_1203,r_4492
946,3924,1.0,s_1203,r_4570
946,3927,1.0,s_1203,r_4573
946,3930,1.0,s_1203,r_4581
946,4001,-1.0,s_1203,r_4652
946,4010,-1.0,s_1203,r_4661
946,4019,-1.0,s_1203,r_4670
946,4027,1.0,s_1203,r_4678
946,4066,1.0,s_1203,r_4718
946,4067,1.0,s_1203,r_4719
946,4108,1.0,s_1203,r_4760
946,4111,1.0,s_1203,r_4763
947,776,-1.0,s_1204,r_1010
948,7,1.0,s_1205,r_0012
948,143,-1.0,s_1205,r_0165
948,145,-1.0,s_1205,r_0167
948,148,-1.0,s_1205,r_0170
948,152,1.0,s_1205,r_0174
948,154,1.0,s_1205,r_0176
948,158,-1.0,s_1205,r_0180
948,161,-1.0,s_1205,r_0183
948,165,-1.0,s_1205,r_0187
948,177,1.0,s_1205,r_0201
948,385,-1.0,s_1205,r_0492
948,389,1.0,s_1205,r_0501
948,393,1.0,s_1205,r_0505
948,396,1.0,s_1205,r_0508
948,414,-1.0,s_1205,r_0530
948,429,1.0,s_1205,r_0545
948,521,1.0,s_1205,r_0658
948,534,1.0,s_1205,r_0672
948,535,1.0,s_1205,r_0673
948,569,1.0,s_1205,r_0713
948,574,1.0,s_1205,r_0718
948,620,-1.0,s_1205,r_0772
948,621,-1.0,s_1205,r_0773
948,731,1.0,s_1205,r_0961
948,733,-1.0,s_1205,r_0963
948,3560,-1.0,s_1205,r_4197
948,3621,-1.0,s_1205,r_4264
948,4002,-1.0,s_1205,r_4653
948,4011,-1.0,s_1205,r_4662
948,4020,-1.0,s_1205,r_4671
949,40,1.0,s_1206,r_0057
949,571,1.0,s_1206,r_0715
949,1643,1.0,s_1206,r_2266
949,1644,1.0,s_1206,r_2267
949,1645,1.0,s_1206,r_2268
949,1646,1.0,s_1206,r_2269
949,1647,1.0,s_1206,r_2270
949,1648,1.0,s_1206,r_2271
949,1649,1.0,s_1206,r_2272
949,1650,1.0,s_1206,r_2273
949,1651,1.0,s_1206,r_2274
949,1652,1.0,s_1206,r_2275
949,1653,1.0,s_1206,r_2276
949,1654,1.0,s_1206,r_2277
949,1655,1.0,s_1206,r_2278
949,1656,1.0,s_1206,r_2279
949,1657,1.0,s_1206,r_2280
949,1658,1.0,s_1206,r_2281
949,1659,1.0,s_1206,r_2282
950,10,1.0,s_1207,r_0015
950,14,1.0,s_1207,r_0019
950,62,1.0,s_1207,r_0080
950,142,1.0,s_1207,r_0164
950,146,1.0,s_1207,r_0168
950,149,1.0,s_1207,r_0171
950,151,-1.0,s_1207,r_0173
950,155,-1.0,s_1207,r_0177
950,159,1.0,s_1207,r_0181
950,162,1.0,s_1207,r_0184
950,181,1.0,s_1207,r_0205
950,195,1.0,s_1207,r_0219
950,207,1.0,s_1207,r_0231
950,208,1.0,s_1207,r_0233
950,209,-1.0,s_1207,r_0234
950,211,1.0,s_1207,r_0236
950,212,1.0,s_1207,r_0237
950,213,1.0,s_1207,r_0238
950,214,1.0,s_1207,r_0239
950,215,1.0,s_1207,r_0240
950,217,1.0,s_1207,r_0242
950,280,3.0,s_1207,r_0317
950,284,-1.0,s_1207,r_0321
950,300,1.0,s_1207,r_0344
950,338,1.0,s_1207,r_0442
950,360,-1.0,s_1207,r_0466
950,365,1.0,s_1207,r_0471
950,367,1.0,s_1207,r_0473
950,374,1.0,s_1207,r_0481
950,380,-1.0,s_1207,r_0487
950,431,1.0,s_1207,r_0547
950,442,2.0,s_1207,r_0558
950,522,-1.0,s_1207,r_0659
950,533,1.0,s_1207,r_0671
950,538,-1.0,s_1207,r_0676
950,539,1.0,s_1207,r_0678
950,545,1.0,s_1207,r_0687
950,546,1.0,s_1207,r_0688
950,548,-1.0,s_1207,r_0690
950,587,-1.0,s_1207,r_0732
950,611,1.0,s_1207,r_0763
950,613,1.0,s_1207,r_0765
950,684,-1.0,s_1207,r_0889
950,715,-1.0,s_1207,r_0939
950,727,1.0,s_1207,r_0957
950,757,1.0,s_1207,r_0989
950,762,1.0,s_1207,r_0996
950,778,1.0,s_1207,r_1012
950,781,-1.0,s_1207,r_1023
950,785,3.0,s_1207,r_1027
950,796,1.0,s_1207,r_1038
950,843,1.0,s_1207,r_1093
950,1384,-1.0,s_1207,r_1963
950,1501,1.0,s_1207,r_2113
950,1517,14.0,s_1207,r_2140
950,1518,16.0,s_1207,r_2141
950,2895,-1.0,s_1207,r_3530
950,2949,-1.0,s_1207,r_3584
950,3522,1.0,s_1207,r_4158
950,3561,-1.0,s_1207,r_4198
950,3614,1.0,s_1207,r_4255
950,3632,1.0,s_1207,r_4275
950,3633,1.0,s_1207,r_4276
950,3647,-1.0,s_1207,r_4292
950,3685,-1.0,s_1207,r_4330
950,3739,1.0,s_1207,r_4384
950,3845,1.0,s_1207,r_4490
950,3846,1.0,s_1207,r_4491
950,3928,-1.0,s_1207,r_4574
950,4003,1.0,s_1207,r_4654
950,4012,1.0,s_1207,r_4663
950,4021,1.0,s_1207,r_4672
951,35,1.0,s_1208,r_0041
951,219,1.0,s_1208,r_0244
951,227,1.0,s_1208,r_0259
951,228,1.0,s_1208,r_0260
951,229,1.0,s_1208,r_0261
951,230,1.0,s_1208,r_0262
951,235,1.0,s_1208,r_0267
951,236,1.0,s_1208,r_0268
951,237,1.0,s_1208,r_0269
951,238,1.0,s_1208,r_0270
951,709,1.0,s_1208,r_0922
951,777,1.0,s_1208,r_1011
951,1384,1.0,s_1208,r_1963
952,78,1.0,s_1210,r_0096
952,153,-1.0,s_1210,r_0175
952,156,-1.0,s_1210,r_0178
952,301,1.0,s_1210,r_0345
952,375,1.0,s_1210,r_0482
952,531,1.0,s_1210,r_0669
952,575,-1.0,s_1210,r_0719
952,588,-1.0,s_1210,r_0733
952,607,1.0,s_1210,r_0759
952,614,1.0,s_1210,r_0766
952,797,1.0,s_1210,r_1039
952,1511,-1.0,s_1210,r_2131
952,1522,1.0,s_1210,r_2145
952,1523,1.0,s_1210,r_2146
952,1524,1.0,s_1210,r_2147
952,1528,1.0,s_1210,r_2151
952,1529,1.0,s_1210,r_2152
952,1530,1.0,s_1210,r_2153
953,523,-1.0,s_1211,r_0661
953,1680,1.0,s_1211,r_2303
953,1681,1.0,s_1211,r_2304
954,10,-1.0,s_1212,r_0015
954,14,-1.0,s_1212,r_0019
954,62,-1.0,s_1212,r_0080
954,142,-1.0,s_1212,r_0164
954,146,-1.0,s_1212,r_0168
954,149,-1.0,s_1212,r_0171
954,151,1.0,s_1212,r_0173
954,155,1.0,s_1212,r_0177
954,159,-1.0,s_1212,r_0181
954,162,-1.0,s_1212,r_0184
954,181,-1.0,s_1212,r_0205
954,195,-1.0,s_1212,r_0219
954,207,-1.0,s_1212,r_0231
954,208,-1.0,s_1212,r_0233
954,209,1.0,s_1212,r_0234
954,211,-1.0,s_1212,r_0236
954,212,-1.0,s_1212,r_0237
954,213,-1.0,s_1212,r_0238
954,214,-1.0,s_1212,r_0239
954,215,-1.0,s_1212,r_0240
954,217,-1.0,s_1212,r_0242
954,280,-3.0,s_1212,r_0317
954,284,1.0,s_1212,r_0321
954,300,-1.0,s_1212,r_0344
954,338,-1.0,s_1212,r_0442
954,360,1.0,s_1212,r_0466
954,365,-1.0,s_1212,r_0471
954,367,-1.0,s_1212,r_0473
954,374,-1.0,s_1212,r_0481
954,380,1.0,s_1212,r_0487
954,431,-1.0,s_1212,r_0547
954,442,-2.0,s_1212,r_0558
954,522,1.0,s_1212,r_0659
954,533,-1.0,s_1212,r_0671
954,538,1.0,s_1212,r_0676
954,539,-1.0,s_1212,r_0678
954,545,-1.0,s_1212,r_0687
954,546,-1.0,s_1212,r_0688
954,548,1.0,s_1212,r_0690
954,587,1.0,s_1212,r_0732
954,611,-1.0,s_1212,r_0763
954,619,1.0,s_1212,r_0771
954,684,1.0,s_1212,r_0889
954,715,1.0,s_1212,r_0939
954,727,-1.0,s_1212,r_0957
954,757,-1.0,s_1212,r_0989
954,762,-1.0,s_1212,r_0996
954,778,-1.0,s_1212,r_1012
954,781,1.0,s_1212,r_1023
954,785,-3.0,s_1212,r_1027
954,796,-1.0,s_1212,r_1038
954,843,-1.0,s_1212,r_1093
954,1385,-1.0,s_1212,r_1964
954,1501,-1.0,s_1212,r_2113
954,1517,-14.0,s_1212,r_2140
954,1518,-16.0,s_1212,r_2141
954,2894,-1.0,s_1212,r_3529
954,2948,-1.0,s_1212,r_3583
954,3522,-1.0,s_1212,r_4158
954,3561,1.0,s_1212,r_4198
954,3614,-1.0,s_1212,r_4255
954,3632,-1.0,s_1212,r_4275
954,3633,-1.0,s_1212,r_4276
954,3647,1.0,s_1212,r_4292
954,3685,1.0,s_1212,r_4330
954,3739,-1.0,s_1212,r_4384
954,3845,-1.0,s_1212,r_4490
954,3846,-1.0,s_1212,r_4491
954,3928,1.0,s_1212,r_4574
954,4003,-1.0,s_1212,r_4654
954,4012,-1.0,s_1212,r_4663
954,4021,-1.0,s_1212,r_4672
955,35,-1.0,s_1213,r_0041
955,219,-1.0,s_1213,r_0244
955,227,-1.0,s_1213,r_0259
955,228,-1.0,s_1213,r_0260
955,229,-1.0,s_1213,r_0261
955,230,-1.0,s_1213,r_0262
955,235,-1.0,s_1213,r_0267
955,236,-1.0,s_1213,r_0268
955,237,-1.0,s_1213,r_0269
955,238,-1.0,s_1213,r_0270
955,709,-1.0,s_1213,r_0922
955,777,-1.0,s_1213,r_1011
955,1385,1.0,s_1213,r_1964
956,78,-1.0,s_1214,r_0096
956,153,1.0,s_1214,r_0175
956,156,1.0,s_1214,r_0178
956,301,-1.0,s_1214,r_0345
956,375,-1.0,s_1214,r_0482
956,531,-1.0,s_1214,r_0669
956,575,1.0,s_1214,r_0719
956,588,1.0,s_1214,r_0733
956,607,-1.0,s_1214,r_0759
956,620,1.0,s_1214,r_0772
956,797,-1.0,s_1214,r_1039
956,1511,1.0,s_1214,r_2131
956,1522,-1.0,s_1214,r_2145
956,1523,-1.0,s_1214,r_2146
956,1524,-1.0,s_1214,r_2147
956,1528,-1.0,s_1214,r_2151
956,1529,-1.0,s_1214,r_2152
956,1530,-1.0,s_1214,r_2153
957,523,1.0,s_1215,r_0661
957,1680,-1.0,s_1215,r_2303
957,1681,-1.0,s_1215,r_2304
958,624,-1.0,s_1216,r_0781
958,625,-1.0,s_1216,r_0782
958,719,1.0,s_1216,r_0943
958,1387,-1.0,s_1216,r_1966
958,3611,1.0,s_1216,r_4252
958,4130,1.0,s_1216,r_4782
959,615,1.0,s_1217,r_0767
959,1387,1.0,s_1217,r_1966
960,719,-1.0,s_1218,r_0943
960,751,-1.0,s_1218,r_0983
961,622,-1.0,s_1219,r_0774
961,624,1.0,s_1219,r_0781
961,964,1.0,s_1219,r_1235
961,3954,-1.0,s_1219,r_4605
962,964,-1.0,s_1220,r_1235
962,1388,-1.0,s_1220,r_1967
963,623,-1.0,s_1221,r_0775
963,3954,1.0,s_1221,r_4605
964,622,1.0,s_1222,r_0774
964,628,-1.0,s_1222,r_0785
964,629,1.0,s_1222,r_0786
965,623,1.0,s_1223,r_0775
965,630,1.0,s_1223,r_0787
966,626,-1.0,s_1224,r_0783
966,751,1.0,s_1224,r_0983
966,1390,-1.0,s_1224,r_1970
966,1391,-1.0,s_1224,r_1971
966,1392,1.0,s_1224,r_1972
967,1389,-1.0,s_1225,r_1968
967,1392,-1.0,s_1225,r_1972
968,627,-1.0,s_1227,r_0784
968,1390,1.0,s_1227,r_1970
969,612,1.0,s_1228,r_0764
969,1391,1.0,s_1228,r_1971
970,261,1.0,s_1229,r_0296
970,262,-1.0,s_1229,r_0297
971,220,1.0,s_1230,r_0249
972,220,-1.0,s_1231,r_0249
973,251,1.0,s_1232,r_0286
973,252,-1.0,s_1232,r_0287
974,275,-1.0,s_1233,r_0311
974,433,1.0,s_1233,r_0549
974,652,-1.0,s_1233,r_0812
974,653,-1.0,s_1233,r_0813
975,276,-1.0,s_1234,r_0312
975,759,1.0,s_1234,r_0992
975,3970,-1.0,s_1234,r_4621
976,222,1.0,s_1235,r_0252
976,868,-1.0,s_1235,r_1120
976,1112,1.0,s_1235,r_1638
976,1142,1.0,s_1235,r_1674
976,1395,-1.0,s_1235,r_1976
977,224,-1.0,s_1236,r_0254
977,868,1.0,s_1236,r_1120
977,1395,1.0,s_1236,r_1976
978,223,1.0,s_1237,r_0253
978,1112,-1.0,s_1237,r_1638
978,1142,-1.0,s_1237,r_1674
979,432,1.0,s_1238,r_0548
979,799,-1.0,s_1238,r_1041
980,323,1.0,s_1239,r_0368
980,680,-1.0,s_1239,r_0885
980,3812,1.0,s_1239,r_4457
980,3955,-1.0,s_1239,r_4606
981,708,1.0,s_1240,r_0921
981,769,1.0,s_1240,r_1003
981,3955,1.0,s_1240,r_4606
982,654,-1.0,s_1241,r_0815
982,3631,-1.0,s_1241,r_4274
982,3839,-1.0,s_1241,r_4484
983,260,1.0,s_1246,r_0295
983,261,-1.0,s_1246,r_0296
984,1231,-1.0,s_1248,r_1776
984,1561,1.0,s_1248,r_2184
985,1401,-1.0,s_1250,r_1984
985,1561,-1.0,s_1250,r_2184
986,330,-1.0,s_1253,r_0410
986,671,1.0,s_1253,r_0850
986,1231,1.0,s_1253,r_1776
987,1530,1.0,s_1254,r_2153
987,3637,-1.0,s_1254,r_4280
987,3679,-1.0,s_1254,r_4324
988,87,1.0,s_1258,r_0106
988,330,1.0,s_1258,r_0410
988,671,-1.0,s_1258,r_0850
988,1615,-1.0,s_1258,r_2238
988,4033,-1.0,s_1258,r_4684
989,250,1.0,s_1259,r_0285
989,251,-1.0,s_1259,r_0286
990,1569,1.0,s_1260,r_2192
990,1608,-1.0,s_1260,r_2231
990,2878,-1.0,s_1260,r_3513
990,2939,-1.0,s_1260,r_3574
990,2976,1.0,s_1260,r_3611
990,3342,-1.0,s_1260,r_3978
990,3664,1.0,s_1260,r_4309
990,3962,-1.0,s_1260,r_4613
991,1601,-1.0,s_1262,r_2224
991,2885,-1.0,s_1262,r_3520
991,2945,-1.0,s_1262,r_3580
991,3036,-1.0,s_1262,r_3671
992,1585,1.0,s_1265,r_2208
992,1601,1.0,s_1265,r_2224
992,1612,-1.0,s_1265,r_2235
992,1622,-1.0,s_1265,r_2245
993,182,1.0,s_1266,r_0206
993,655,-1.0,s_1266,r_0816
993,656,-1.0,s_1266,r_0817
993,658,-1.0,s_1266,r_0819
993,966,1.0,s_1266,r_1237
993,967,1.0,s_1266,r_1238
994,967,-1.0,s_1267,r_1238
994,1402,-1.0,s_1267,r_1987
995,657,1.0,s_1268,r_0818
995,966,-1.0,s_1268,r_1237
996,348,1.0,s_1269,r_0453
996,659,1.0,s_1269,r_0820
997,659,-1.0,s_1270,r_0820
997,660,-1.0,s_1270,r_0821
998,192,1.0,s_1271,r_0216
998,570,1.0,s_1271,r_0714
998,679,-1.0,s_1271,r_0884
998,728,1.0,s_1271,r_0958
998,968,-1.0,s_1271,r_1239
998,1367,-1.0,s_1271,r_1930
998,1403,-1.0,s_1271,r_1988
998,3548,-1.0,s_1271,r_4185
998,3569,1.0,s_1271,r_4206
998,3765,1.0,s_1271,r_4410
999,1403,1.0,s_1272,r_1988
999,1404,-1.0,s_1272,r_1989
1000,23,-1.0,s_1273,r_0028
1000,193,-1.0,s_1273,r_0217
1000,265,-1.0,s_1273,r_0300
1000,569,1.0,s_1273,r_0713
1000,968,1.0,s_1273,r_1239
1001,194,1.0,s_1274,r_0218
1001,266,-1.0,s_1274,r_0301
1001,571,1.0,s_1274,r_0715
1001,1367,1.0,s_1274,r_1930
1002,37,-0.5,s_1275,r_0043
1002,41,-1.0,s_1275,r_0058
1002,176,-1.0,s_1275,r_0200
1002,208,-1.0,s_1275,r_0233
1002,213,-1.0,s_1275,r_0238
1002,214,-1.0,s_1275,r_0239
1002,215,-1.0,s_1275,r_0240
1002,216,-3.0,s_1275,r_0241
1002,217,-1.0,s_1275,r_0242
1002,225,1.0,s_1275,r_0255
1002,269,-1.0,s_1275,r_0304
1002,280,-3.0,s_1275,r_0317
1002,282,-1.0,s_1275,r_0319
1002,533,-1.0,s_1275,r_0671
1002,552,-1.0,s_1275,r_0694
1002,710,-1.0,s_1275,r_0929
1002,712,-1.0,s_1275,r_0936
1002,713,-1.0,s_1275,r_0937
1002,723,-0.5,s_1275,r_0953
1002,724,-1.0,s_1275,r_0954
1002,725,-1.0,s_1275,r_0955
1002,726,-1.0,s_1275,r_0956
1002,787,-1.0,s_1275,r_1029
1002,1150,-1.0,s_1275,r_1682
1002,1396,-1.0,s_1275,r_1977
1002,1397,-1.0,s_1275,r_1978
1002,1398,1.0,s_1275,r_1979
1002,1399,-1.0,s_1275,r_1980
1002,2896,-1.0,s_1275,r_3531
1002,3613,-2.0,s_1275,r_4254
1002,3614,-2.0,s_1275,r_4255
1002,3627,1.0,s_1275,r_4270
1002,3630,-1.0,s_1275,r_4273
1002,3708,-1.0,s_1275,r_4353
1002,3787,-1.0,s_1275,r_4432
1002,3836,-2.0,s_1275,r_4481
1002,3840,-1.0,s_1275,r_4485
1002,3841,-1.0,s_1275,r_4486
1002,4054,-1.0,s_1275,r_4706
1003,227,-1.0,s_1276,r_0259
1003,228,-1.0,s_1276,r_0260
1003,229,-1.0,s_1276,r_0261
1003,230,-1.0,s_1276,r_0262
1003,235,-1.0,s_1276,r_0267
1003,236,-1.0,s_1276,r_0268
1003,237,-1.0,s_1276,r_0269
1003,238,-1.0,s_1276,r_0270
1003,709,-1.0,s_1276,r_0922
1003,776,-1.0,s_1276,r_1010
1003,777,-1.0,s_1276,r_1011
1003,1396,1.0,s_1276,r_1977
1004,1398,-1.0,s_1277,r_1979
1004,1407,-1.0,s_1277,r_1992
1005,17,-1.0,s_1278,r_0022
1005,334,-0.25,s_1278,r_0438
1005,414,-1.0,s_1278,r_0530
1005,718,-3.0,s_1278,r_0942
1005,733,-1.0,s_1278,r_0963
1005,1397,1.0,s_1278,r_1978
1005,3553,1.0,s_1278,r_4190
1005,3579,-1.0,s_1278,r_4217
1006,100,-1.0,s_1279,r_0120
1006,101,-1.0,s_1279,r_0121
1006,102,-1.0,s_1279,r_0122
1006,103,-1.0,s_1279,r_0123
1006,104,-1.0,s_1279,r_0124
1006,105,-1.0,s_1279,r_0125
1006,226,1.0,s_1279,r_0256
1006,1399,1.0,s_1279,r_1980
1006,1613,-1.0,s_1279,r_2236
1006,1614,-1.0,s_1279,r_2237
1006,1615,-1.0,s_1279,r_2238
1006,1616,-1.0,s_1279,r_2239
1006,1617,-1.0,s_1279,r_2240
1006,1618,-1.0,s_1279,r_2241
1006,1619,-1.0,s_1279,r_2242
1006,1620,-1.0,s_1279,r_2243
1006,1621,-1.0,s_1279,r_2244
1006,1622,-1.0,s_1279,r_2245
1006,1623,-1.0,s_1279,r_2246
1006,1624,-1.0,s_1279,r_2247
1007,180,-1.0,s_1282,r_0204
1007,198,1.0,s_1282,r_0222
1008,200,1.0,s_1283,r_0224
1009,199,1.0,s_1284,r_0223
1010,1229,-1.0,s_1286,r_1774
1010,1276,1.0,s_1286,r_1835
1010,2875,-1.0,s_1286,r_3510
1010,2936,-1.0,s_1286,r_3571
1010,2973,1.0,s_1286,r_3608
1010,3043,1.0,s_1286,r_3678
1010,3339,-1.0,s_1286,r_3975
1011,1276,-1.0,s_1288,r_1835
1011,1408,-1.0,s_1288,r_1993
1012,329,-1.0,s_1291,r_0402
1012,668,1.0,s_1291,r_0847
1012,1229,1.0,s_1291,r_1774
1013,1230,-1.0,s_1293,r_1775
1013,1277,1.0,s_1293,r_1836
1013,2876,-1.0,s_1293,r_3511
1013,2937,-1.0,s_1293,r_3572
1013,2974,1.0,s_1293,r_3609
1013,3340,-1.0,s_1293,r_3976
1014,1277,-1.0,s_1295,r_1836
1014,1409,-1.0,s_1295,r_1994
1015,1230,1.0,s_1298,r_1775
1015,1583,-1.0,s_1298,r_2206
1015,1611,1.0,s_1298,r_2234
1016,1410,-1.0,s_1302,r_1995
1016,1517,1.0,s_1302,r_2140
1016,1598,-1.0,s_1302,r_2221
1016,2882,-1.0,s_1302,r_3517
1016,2942,-1.0,s_1302,r_3577
1017,116,-1.0,s_1303,r_0137
1017,760,-1.0,s_1303,r_0993
1017,1410,1.0,s_1303,r_1995
1018,81,1.0,s_1305,r_0100
1018,103,-1.0,s_1305,r_0123
1018,329,1.0,s_1305,r_0402
1018,668,-1.0,s_1305,r_0847
1018,1598,1.0,s_1305,r_2221
1019,663,-1.0,s_1307,r_0841
1019,693,1.0,s_1307,r_0906
1019,1411,-1.0,s_1307,r_1996
1020,99,1.0,s_1308,r_0119
1020,1411,1.0,s_1308,r_1996
1020,1412,-1.0,s_1308,r_1997
1021,321,-1.0,s_1309,r_0365
1021,1414,-1.0,s_1309,r_1999
1022,257,1.0,s_1310,r_0292
1022,258,-1.0,s_1310,r_0293
1023,355,1.0,s_1311,r_0461
1023,970,-1.0,s_1311,r_1242
1024,247,1.0,s_1312,r_0282
1024,248,-1.0,s_1312,r_0283
1025,804,-1.0,s_1313,r_1047
1025,970,1.0,s_1313,r_1242
1026,673,1.0,s_1314,r_0852
1026,3411,-0.15380767944836,s_1314,r_4047
1027,674,1.0,s_1315,r_0853
1028,140,1.0,s_1316,r_0162
1028,971,-1.0,s_1316,r_1243
1029,971,1.0,s_1317,r_1243
1029,1415,-1.0,s_1317,r_2000
1030,147,-1.0,s_1318,r_0169
1030,149,-1.0,s_1318,r_0171
1030,163,-1.0,s_1318,r_0185
1030,675,1.0,s_1318,r_0854
1030,1417,-1.0,s_1318,r_2002
1030,1418,-1.0,s_1318,r_2003
1031,1416,-1.0,s_1319,r_2001
1031,1417,1.0,s_1319,r_2002
1032,148,-1.0,s_1320,r_0170
1032,1418,1.0,s_1320,r_2003
1033,163,1.0,s_1321,r_0185
1033,3589,1.0,s_1321,r_4227
1033,3922,-1.0,s_1321,r_4568
1034,8,1.0,s_1322,r_0013
1034,26,1.0,s_1322,r_0032
1034,34,1.0,s_1322,r_0040
1034,36,1.0,s_1322,r_0042
1034,48,1.0,s_1322,r_0065
1034,52,1.0,s_1322,r_0069
1034,55,1.0,s_1322,r_0073
1034,57,-1.0,s_1322,r_0075
1034,58,1.0,s_1322,r_0076
1034,59,1.0,s_1322,r_0077
1034,60,1.0,s_1322,r_0078
1034,61,1.0,s_1322,r_0079
1034,64,1.0,s_1322,r_0082
1034,66,1.0,s_1322,r_0084
1034,70,-1.0,s_1322,r_0088
1034,71,-1.0,s_1322,r_0089
1034,74,1.0,s_1322,r_0092
1034,90,1.0,s_1322,r_0109
1034,131,1.0,s_1322,r_0153
1034,166,3.0,s_1322,r_0188
1034,190,1.0,s_1322,r_0214
1034,195,1.0,s_1322,r_0219
1034,198,1.0,s_1322,r_0222
1034,199,1.0,s_1322,r_0223
1034,200,1.0,s_1322,r_0224
1034,203,1.0,s_1322,r_0227
1034,221,1.0,s_1322,r_0250
1034,244,1.0,s_1322,r_0279
1034,270,1.0,s_1322,r_0306
1034,271,1.0,s_1322,r_0307
1034,295,1.0,s_1322,r_0335
1034,302,1.0,s_1322,r_0346
1034,304,1.0,s_1322,r_0348
1034,313,3.0,s_1322,r_0357
1034,314,-2.0,s_1322,r_0358
1034,341,1.0,s_1322,r_0446
1034,343,1.0,s_1322,r_0448
1034,344,1.0,s_1322,r_0449
1034,354,1.0,s_1322,r_0460
1034,367,1.0,s_1322,r_0473
1034,369,1.0,s_1322,r_0476
1034,378,1.0,s_1322,r_0485
1034,379,-1.0,s_1322,r_0486
1034,382,1.0,s_1322,r_0489
1034,399,-1.0,s_1322,r_0511
1034,421,1.0,s_1322,r_0537
1034,451,2.0,s_1322,r_0568
1034,581,1.0,s_1322,r_0726
1034,594,1.0,s_1322,r_0739
1034,605,1.0,s_1322,r_0757
1034,622,1.0,s_1322,r_0774
1034,631,1.0,s_1322,r_0788
1034,632,1.0,s_1322,r_0789
1034,633,1.0,s_1322,r_0790
1034,635,1.0,s_1322,r_0792
1034,636,1.0,s_1322,r_0793
1034,646,1.0,s_1322,r_0804
1034,647,1.0,s_1322,r_0805
1034,648,1.0,s_1322,r_0806
1034,649,1.0,s_1322,r_0807
1034,655,1.0,s_1322,r_0816
1034,676,1.0,s_1322,r_0855
1034,695,1.0,s_1322,r_0908
1034,701,1.0,s_1322,r_0914
1034,704,1.0,s_1322,r_0917
1034,719,-1.0,s_1322,r_0943
1034,720,-1.0,s_1322,r_0949
1034,722,-1.0,s_1322,r_0951
1034,728,1.0,s_1322,r_0958
1034,734,1.0,s_1322,r_0964
1034,737,1.0,s_1322,r_0967
1034,784,-1.0,s_1322,r_1026
1034,786,1.0,s_1322,r_1028
1034,789,1.0,s_1322,r_1031
1034,799,1.0,s_1322,r_1041
1034,808,1.0,s_1322,r_1051
1034,825,1.0,s_1322,r_1075
1034,835,1.0,s_1322,r_1085
1034,836,1.0,s_1322,r_1086
1034,957,1.0,s_1322,r_1226
1034,972,1.0,s_1322,r_1244
1034,973,-1.0,s_1322,r_1245
1034,989,1.0,s_1322,r_1264
1034,1080,1.0,s_1322,r_1603
1034,1089,1.0,s_1322,r_1613
1034,1090,1.0,s_1322,r_1614
1034,1091,1.0,s_1322,r_1615
1034,1092,1.0,s_1322,r_1616
1034,1093,1.0,s_1322,r_1617
1034,1094,1.0,s_1322,r_1618
1034,1095,1.0,s_1322,r_1619
1034,1096,1.0,s_1322,r_1620
1034,1100,1.0,s_1322,r_1624
1034,1371,1.0,s_1322,r_1936
1034,1393,1.0,s_1322,r_1974
1034,1394,1.0,s_1322,r_1975
1034,1421,-1.0,s_1322,r_2008
1034,1428,1.0,s_1322,r_2027
1034,1431,1.0,s_1322,r_2030
1034,1432,-1.0,s_1322,r_2031
1034,1461,1.0,s_1322,r_2064
1034,1509,1.0,s_1322,r_2126
1034,1596,1.0,s_1322,r_2219
1034,1597,1.0,s_1322,r_2220
1034,1598,1.0,s_1322,r_2221
1034,1599,1.0,s_1322,r_2222
1034,1600,1.0,s_1322,r_2223
1034,1601,1.0,s_1322,r_2224
1034,1602,1.0,s_1322,r_2225
1034,1603,1.0,s_1322,r_2226
1034,1604,1.0,s_1322,r_2227
1034,1605,1.0,s_1322,r_2228
1034,2485,1.0,s_1322,r_3120
1034,2486,1.0,s_1322,r_3121
1034,2487,1.0,s_1322,r_3122
1034,2488,1.0,s_1322,r_3123
1034,2489,1.0,s_1322,r_3124
1034,2490,1.0,s_1322,r_3125
1034,2491,1.0,s_1322,r_3126
1034,2492,1.0,s_1322,r_3127
1034,2517,1.0,s_1322,r_3152
1034,2518,1.0,s_1322,r_3153
1034,2519,1.0,s_1322,r_3154
1034,2520,1.0,s_1322,r_3155
1034,2521,1.0,s_1322,r_3156
1034,2522,1.0,s_1322,r_3157
1034,2523,1.0,s_1322,r_3158
1034,2524,1.0,s_1322,r_3159
1034,2549,1.0,s_1322,r_3184
1034,2550,1.0,s_1322,r_3185
1034,2551,1.0,s_1322,r_3186
1034,2552,1.0,s_1322,r_3187
1034,2553,1.0,s_1322,r_3188
1034,2554,1.0,s_1322,r_3189
1034,2555,1.0,s_1322,r_3190
1034,2556,1.0,s_1322,r_3191
1034,2565,1.0,s_1322,r_3200
1034,2566,1.0,s_1322,r_3201
1034,2567,1.0,s_1322,r_3202
1034,2568,1.0,s_1322,r_3203
1034,2569,1.0,s_1322,r_3204
1034,2570,1.0,s_1322,r_3205
1034,2571,1.0,s_1322,r_3206
1034,2572,1.0,s_1322,r_3207
1034,2605,1.0,s_1322,r_3240
1034,2606,1.0,s_1322,r_3241
1034,2607,1.0,s_1322,r_3242
1034,2608,1.0,s_1322,r_3243
1034,2902,-1.0,s_1322,r_3537
1034,2970,-1.0,s_1322,r_3605
1034,3014,-1.0,s_1322,r_3649
1034,3028,-1.0,s_1322,r_3663
1034,3405,55.3,s_1322,r_4041
1034,3410,1.0,s_1322,r_4046
1034,3521,1.0,s_1322,r_4157
1034,3536,1.0,s_1322,r_4172
1034,3545,1.0,s_1322,r_4181
1034,3554,1.0,s_1322,r_4191
1034,3568,1.0,s_1322,r_4205
1034,3574,1.0,s_1322,r_4211
1034,3575,1.0,s_1322,r_4212
1034,3578,1.0,s_1322,r_4216
1034,3582,1.0,s_1322,r_4220
1034,3586,1.0,s_1322,r_4224
1034,3587,1.0,s_1322,r_4225
1034,3688,2.0,s_1322,r_4333
1034,3689,1.0,s_1322,r_4334
1034,3690,1.0,s_1322,r_4335
1034,3697,1.0,s_1322,r_4342
1034,3699,1.0,s_1322,r_4344
1034,3700,1.0,s_1322,r_4345
1034,3702,1.0,s_1322,r_4347
1034,3705,1.0,s_1322,r_4350
1034,3706,1.0,s_1322,r_4351
1034,3712,1.0,s_1322,r_4357
1034,3714,1.0,s_1322,r_4359
1034,3718,1.0,s_1322,r_4363
1034,3723,1.0,s_1322,r_4368
1034,3725,1.0,s_1322,r_4370
1034,3731,1.0,s_1322,r_4376
1034,3758,1.0,s_1322,r_4403
1034,3762,1.0,s_1322,r_4407
1034,3768,1.0,s_1322,r_4413
1034,3790,1.0,s_1322,r_4435
1034,3791,1.0,s_1322,r_4436
1034,3850,1.0,s_1322,r_4495
1034,3921,1.0,s_1322,r_4567
1034,3956,-1.0,s_1322,r_4607
1034,4097,-1.0,s_1322,r_4749
1034,4106,-1.0,s_1322,r_4758
1035,770,1.0,s_1323,r_1004
1035,771,1.0,s_1323,r_1005
1035,3305,-1.0,s_1323,r_3940
1035,3609,1.0,s_1323,r_4250
1036,96,1.0,s_1324,r_0116
1036,790,2.0,s_1324,r_1032
1036,791,1.0,s_1324,r_1033
1036,972,-1.0,s_1324,r_1244
1036,1420,-1.0,s_1324,r_2005
1037,634,1.0,s_1325,r_0791
1037,650,1.0,s_1325,r_0810
1037,3598,1.0,s_1325,r_4238
1037,3956,1.0,s_1325,r_4607
1038,15,1.0,s_1326,r_0020
1038,89,1.0,s_1326,r_0108
1038,202,-1.0,s_1326,r_0226
1038,342,1.0,s_1326,r_0447
1038,452,2.0,s_1326,r_0569
1038,530,1.0,s_1326,r_0668
1038,607,1.0,s_1326,r_0759
1038,623,1.0,s_1326,r_0775
1038,721,-1.0,s_1326,r_0950
1038,780,-1.0,s_1326,r_1022
1038,957,-1.0,s_1326,r_1226
1038,973,1.0,s_1326,r_1245
1038,989,-1.0,s_1326,r_1264
1038,1099,1.0,s_1326,r_1623
1038,3326,-1.0,s_1326,r_3961
1038,3519,1.0,s_1326,r_4155
1038,3692,1.0,s_1326,r_4337
1038,3957,1.0,s_1326,r_4608
1038,4072,2.0,s_1326,r_4724
1038,4102,1.0,s_1326,r_4754
1039,1421,1.0,s_1329,r_2008
1039,3597,1.0,s_1329,r_4237
1039,4071,2.0,s_1329,r_4723
1040,3351,1.0,s_1337,r_3987
1040,3427,-0.00595080018974841,s_1337,r_4063
1041,3360,1.0,s_1346,r_3996
1041,3427,-0.025783000793308,s_1346,r_4063
1042,3369,1.0,s_1351,r_4005
1042,3427,-0.00692930012010039,s_1351,r_4063
1043,404,-1.0,s_1352,r_0520
1043,407,-1.0,s_1352,r_0523
1044,36,-1.0,s_1360,r_0042
1044,48,-1.0,s_1360,r_0065
1044,322,1.0,s_1360,r_0366
1044,679,1.0,s_1360,r_0884
1044,732,-1.0,s_1360,r_0962
1044,875,1.0,s_1360,r_1127
1044,3810,1.0,s_1360,r_4455
1045,15,-1.0,s_1361,r_0020
1045,875,-1.0,s_1361,r_1127
1046,695,-1.0,s_1364,r_0908
1046,698,1.0,s_1364,r_0911
1047,453,-1.0,s_1365,r_0570
1047,699,1.0,s_1365,r_0912
1048,233,-1.0,s_1366,r_0265
1048,234,-1.0,s_1366,r_0266
1048,298,1.0,s_1366,r_0342
1048,299,1.0,s_1366,r_0343
1048,706,-1.0,s_1366,r_0919
1048,707,-1.0,s_1366,r_0920
1048,709,1.0,s_1366,r_0922
1048,770,1.0,s_1366,r_1004
1048,772,-1.0,s_1366,r_1006
1048,3440,-1.0,s_1366,r_4076
1049,708,-1.0,s_1367,r_0921
1049,770,-1.0,s_1367,r_1004
1049,772,1.0,s_1367,r_1006
1049,3441,-1.0,s_1367,r_4077
1050,76,-1.0,s_1368,r_0094
1051,205,-1.0,s_1371,r_0229
1052,441,-4.0,s_1372,r_0557
1052,711,1.0,s_1372,r_0935
1053,974,1.0,s_1373,r_1249
1053,3531,1.0,s_1373,r_4167
1053,3948,-0.00362999993376434,s_1373,r_4599
1054,974,-1.0,s_1374,r_1249
1054,1422,-1.0,s_1374,r_2020
1055,764,-1.0,s_1375,r_0998
1055,832,1.0,s_1375,r_1082
1056,311,-1.0,s_1376,r_0355
1056,529,1.0,s_1376,r_0667
1057,243,1.0,s_1377,r_0278
1057,714,-1.0,s_1377,r_0938
1057,715,-1.0,s_1377,r_0939
1058,441,1.0,s_1378,r_0557
1058,833,-1.0,s_1378,r_1083
1059,717,1.0,s_1379,r_0941
1059,3411,-0.189186891122282,s_1379,r_4047
1060,23,-1.0,s_1382,r_0028
1060,3957,1.0,s_1382,r_4608
1060,4029,-1.0,s_1382,r_4680
1060,4030,1.0,s_1382,r_4681
1061,332,-1.0,s_1383,r_0436
1061,718,2.0,s_1383,r_0942
1062,269,1.0,s_1384,r_0304
1062,1423,-1.0,s_1384,r_2022
1063,718,-2.0,s_1385,r_0942
1063,1423,1.0,s_1385,r_2022
1064,118,-1.0,s_1386,r_0139
1064,178,-1.0,s_1386,r_0202
1064,201,-1.0,s_1386,r_0225
1064,411,-1.0,s_1386,r_0527
1064,445,-1.0,s_1386,r_0562
1064,622,-1.0,s_1386,r_0774
1064,629,-1.0,s_1386,r_0786
1064,659,1.0,s_1386,r_0820
1064,702,-1.0,s_1386,r_0915
1064,703,1.0,s_1386,r_0916
1064,824,-1.0,s_1386,r_1074
1064,841,-1.0,s_1386,r_1091
1064,1424,-1.0,s_1386,r_2023
1065,623,-1.0,s_1387,r_0775
1065,630,-1.0,s_1387,r_0787
1065,1424,1.0,s_1387,r_2023
1066,845,1.0,s_1388,r_1095
1067,656,1.0,s_1389,r_0817
1067,767,-1.0,s_1389,r_1001
1067,975,-1.0,s_1389,r_1250
1067,976,1.0,s_1389,r_1251
1067,977,-1.0,s_1389,r_1252
1068,975,1.0,s_1390,r_1250
1068,976,-1.0,s_1390,r_1251
1068,1425,-1.0,s_1390,r_2024
1069,977,1.0,s_1391,r_1252
1070,723,-1.0,s_1392,r_0953
1070,726,1.0,s_1392,r_0956
1070,1426,-1.0,s_1392,r_2025
1070,3685,1.0,s_1392,r_4330
1071,724,1.0,s_1393,r_0954
1071,725,1.0,s_1393,r_0955
1071,1426,1.0,s_1393,r_2025
1071,3574,1.0,s_1393,r_4211
1071,3575,1.0,s_1393,r_4212
1072,723,1.0,s_1394,r_0953
1072,1427,-1.0,s_1394,r_2026
1072,1428,1.0,s_1394,r_2027
1073,724,-1.0,s_1395,r_0954
1073,1427,1.0,s_1395,r_2026
1073,1428,-1.0,s_1395,r_2027
1074,726,-1.0,s_1396,r_0956
1074,978,1.0,s_1396,r_1253
1074,1430,-1.0,s_1396,r_2029
1074,3685,-1.0,s_1396,r_4330
1075,978,-1.0,s_1397,r_1253
1075,1429,-1.0,s_1397,r_2028
1076,725,-1.0,s_1398,r_0955
1076,1430,1.0,s_1398,r_2029
1077,0,1.0,s_1399,r_0001
1077,3,1.0,s_1399,r_0004
1077,50,1.0,s_1399,r_0067
1077,134,1.0,s_1399,r_0156
1077,179,1.0,s_1399,r_0203
1077,272,1.0,s_1399,r_0308
1077,547,1.0,s_1399,r_0689
1077,728,-1.0,s_1399,r_0958
1077,729,-1.0,s_1399,r_0959
1077,730,-1.0,s_1399,r_0960
1077,732,1.0,s_1399,r_0962
1077,886,1.0,s_1399,r_1138
1077,979,1.0,s_1399,r_1254
1077,1153,1.0,s_1399,r_1685
1077,1435,-1.0,s_1399,r_2034
1077,1500,-1.0,s_1399,r_2112
1077,1505,-1.0,s_1399,r_2117
1077,1507,1.0,s_1399,r_2119
1077,3547,2.0,s_1399,r_4184
1077,3548,1.0,s_1399,r_4185
1077,3588,1.0,s_1399,r_4226
1077,3607,1.0,s_1399,r_4248
1077,3766,1.0,s_1399,r_4411
1077,4051,1.0,s_1399,r_4703
1077,4064,-1.0,s_1399,r_4716
1078,979,-1.0,s_1400,r_1254
1078,1434,-1.0,s_1400,r_2033
1079,1,1.0,s_1401,r_0002
1079,11,-1.0,s_1401,r_0016
1079,79,-2.0,s_1401,r_0097
1079,536,1.0,s_1401,r_0674
1079,574,1.0,s_1401,r_0718
1079,575,1.0,s_1401,r_0719
1079,589,1.0,s_1401,r_0734
1079,731,-1.0,s_1401,r_0961
1079,886,-1.0,s_1401,r_1138
1079,1435,1.0,s_1401,r_2034
1079,4049,1.0,s_1401,r_4701
1079,4103,-1.0,s_1401,r_4755
1080,629,-1.0,s_1403,r_0786
1080,1436,-1.0,s_1403,r_2036
1080,1502,1.0,s_1403,r_2114
1081,630,-1.0,s_1404,r_0787
1081,1436,1.0,s_1404,r_2036
1082,735,-1.0,s_1405,r_0965
1082,738,1.0,s_1405,r_0968
1082,1439,-1.0,s_1405,r_2039
1082,1440,1.0,s_1405,r_2040
1082,3578,1.0,s_1405,r_4216
1082,3947,-0.000989999971352518,s_1405,r_4598
1083,96,1.0,s_1406,r_0116
1083,1438,-1.0,s_1406,r_2038
1083,1440,-1.0,s_1406,r_2040
1084,736,-1.0,s_1407,r_0966
1084,1439,1.0,s_1407,r_2039
1085,694,1.0,s_1408,r_0907
1085,703,-1.0,s_1408,r_0916
1085,739,1.0,s_1408,r_0969
1085,750,1.0,s_1408,r_0982
1085,806,-1.0,s_1408,r_1049
1085,845,-1.0,s_1408,r_1095
1085,1158,1.0,s_1408,r_1690
1086,392,1.0,s_1409,r_0504
1086,397,-1.0,s_1409,r_0509
1087,394,1.0,s_1410,r_0506
1087,395,-1.0,s_1410,r_0507
1088,661,-1.0,s_1411,r_0831
1088,662,1.0,s_1411,r_0832
1089,124,1.0,s_1412,r_0146
1090,42,1.0,s_1413,r_0059
1090,122,-1.0,s_1413,r_0144
1090,315,1.0,s_1413,r_0359
1090,425,1.0,s_1413,r_0541
1090,428,1.0,s_1413,r_0544
1090,625,1.0,s_1413,r_0782
1090,754,1.0,s_1413,r_0986
1090,803,1.0,s_1413,r_1046
1090,832,2.0,s_1413,r_1082
1090,1150,1.0,s_1413,r_1682
1090,1442,-1.0,s_1413,r_2042
1090,2913,-1.0,s_1413,r_3548
1090,3555,1.0,s_1413,r_4192
1090,3594,1.0,s_1413,r_4233
1090,3667,1.0,s_1413,r_4312
1091,16,1.0,s_1415,r_0021
1091,416,1.0,s_1415,r_0532
1091,753,1.0,s_1415,r_0985
1091,1442,1.0,s_1415,r_2042
1092,42,-1.0,s_1416,r_0059
1092,123,-1.0,s_1416,r_0145
1092,124,-1.0,s_1416,r_0146
1092,315,-1.0,s_1416,r_0359
1092,425,-1.0,s_1416,r_0541
1092,428,-1.0,s_1416,r_0544
1092,581,1.0,s_1416,r_0726
1092,625,-1.0,s_1416,r_0782
1092,754,-1.0,s_1416,r_0986
1092,803,-1.0,s_1416,r_1046
1092,832,-2.0,s_1416,r_1082
1092,980,1.0,s_1416,r_1255
1092,981,-1.0,s_1416,r_1256
1092,1150,-1.0,s_1416,r_1682
1092,2912,-1.0,s_1416,r_3547
1092,3555,-1.0,s_1416,r_4192
1092,3594,-1.0,s_1416,r_4233
1092,3667,-1.0,s_1416,r_4312
1092,3966,-1.0,s_1416,r_4617
1093,980,-1.0,s_1418,r_1255
1093,1443,-1.0,s_1418,r_2043
1094,16,-1.0,s_1419,r_0021
1094,416,-1.0,s_1419,r_0532
1094,753,-1.0,s_1419,r_0985
1094,981,1.0,s_1419,r_1256
1094,3678,-2.0,s_1419,r_4323
1094,3679,-2.0,s_1419,r_4324
1095,123,1.0,s_1420,r_0145
1095,767,-1.0,s_1420,r_1001
1095,768,-1.0,s_1420,r_1002
1095,4100,-1.0,s_1420,r_4752
1096,339,1.0,s_1421,r_0443
1096,755,-1.0,s_1421,r_0987
1097,57,1.0,s_1422,r_0075
1097,69,-1.0,s_1422,r_0087
1098,68,-1.0,s_1423,r_0086
1098,69,1.0,s_1423,r_0087
1099,982,1.0,s_1424,r_1257
1100,982,-1.0,s_1425,r_1257
1100,1444,-1.0,s_1425,r_2044
1101,682,1.0,s_1426,r_0887
1101,758,-1.0,s_1426,r_0990
1101,1509,-1.0,s_1426,r_2126
1102,682,-1.0,s_1427,r_0887
1102,805,-1.0,s_1427,r_1048
1102,806,1.0,s_1427,r_1049
1102,1509,1.0,s_1427,r_2126
1103,761,1.0,s_1428,r_0995
1103,3411,-0.212964470019559,s_1428,r_4047
1104,762,1.0,s_1429,r_0996
1104,763,-1.0,s_1429,r_0997
1105,765,1.0,s_1430,r_0999
1106,764,1.0,s_1431,r_0998
1106,765,-1.0,s_1431,r_0999
1107,2407,1.0,s_1432,r_3042
1107,2408,1.0,s_1432,r_3043
1107,2409,1.0,s_1432,r_3044
1107,2410,1.0,s_1432,r_3045
1107,2971,-1.0,s_1432,r_3606
1108,386,-1.0,s_1433,r_0497
1108,901,1.0,s_1433,r_1170
1108,2935,1.0,s_1433,r_3570
1108,2971,1.0,s_1433,r_3606
1109,901,-1.0,s_1435,r_1170
1109,1446,-1.0,s_1435,r_2046
1110,983,-1.0,s_1437,r_1258
1110,3531,1.0,s_1437,r_4167
1110,3586,-1.0,s_1437,r_4224
1110,3948,-0.003969999961555,s_1437,r_4599
1111,983,1.0,s_1438,r_1258
1111,1447,-1.0,s_1438,r_2049
1111,3586,1.0,s_1438,r_4224
1112,292,-1.0,s_1439,r_0331
1112,713,1.0,s_1439,r_0937
1112,767,1.0,s_1439,r_1001
1112,768,-1.0,s_1439,r_1002
1112,984,-1.0,s_1439,r_1259
1112,985,1.0,s_1439,r_1260
1112,986,-1.0,s_1439,r_1261
1112,1448,-1.0,s_1439,r_2050
1113,984,1.0,s_1440,r_1259
1113,985,-1.0,s_1440,r_1260
1113,1449,-1.0,s_1440,r_2051
1114,986,1.0,s_1441,r_1261
1115,713,-1.0,s_1442,r_0937
1115,768,1.0,s_1442,r_1002
1115,987,1.0,s_1442,r_1262
1115,988,-1.0,s_1442,r_1263
1115,1204,-1.0,s_1442,r_1739
1116,987,-1.0,s_1443,r_1262
1116,1450,-1.0,s_1443,r_2052
1117,988,1.0,s_1444,r_1263
1118,35,1.0,s_1445,r_0041
1118,231,-1.0,s_1445,r_0263
1118,232,-1.0,s_1445,r_0264
1118,296,-1.0,s_1445,r_0340
1118,297,-1.0,s_1445,r_0341
1118,709,-1.0,s_1445,r_0922
1118,771,1.0,s_1445,r_1005
1118,773,-1.0,s_1445,r_1007
1118,3442,-1.0,s_1445,r_4078
1119,769,-1.0,s_1446,r_1003
1119,771,-1.0,s_1446,r_1005
1119,773,1.0,s_1446,r_1007
1119,3443,-1.0,s_1446,r_4079
1120,778,1.0,s_1447,r_1012
1120,1451,-1.0,s_1447,r_2053
1121,776,-1.0,s_1448,r_1010
1121,777,-1.0,s_1448,r_1011
1121,1451,1.0,s_1448,r_2053
1122,965,-1.0,s_1449,r_1236
1122,1400,1.0,s_1449,r_1981
1122,2877,-1.0,s_1449,r_3512
1122,2938,-1.0,s_1449,r_3573
1122,2975,1.0,s_1449,r_3610
1122,3044,1.0,s_1449,r_3679
1122,3341,-1.0,s_1449,r_3977
1123,1400,-1.0,s_1450,r_1981
1123,1453,-1.0,s_1450,r_2055
1124,670,1.0,s_1451,r_0849
1124,965,1.0,s_1451,r_1236
1124,1584,-1.0,s_1451,r_2207
1125,1518,1.0,s_1454,r_2141
1125,1600,-1.0,s_1454,r_2223
1125,2884,-1.0,s_1454,r_3519
1125,2944,-1.0,s_1454,r_3579
1126,104,-1.0,s_1457,r_0124
1126,670,-1.0,s_1457,r_0849
1126,1584,1.0,s_1457,r_2207
1126,1600,1.0,s_1457,r_2223
1126,1663,1.0,s_1457,r_2286
1127,348,1.0,s_1458,r_0453
1127,350,1.0,s_1458,r_0455
1127,524,1.0,s_1458,r_0662
1127,654,1.0,s_1458,r_0815
1127,766,1.0,s_1458,r_1000
1127,781,1.0,s_1458,r_1023
1127,787,1.0,s_1458,r_1029
1127,989,-1.0,s_1458,r_1264
1127,990,-1.0,s_1458,r_1265
1127,1455,1.0,s_1458,r_2057
1127,3631,1.0,s_1458,r_4274
1127,3839,1.0,s_1458,r_4484
1127,4054,1.0,s_1458,r_4706
1127,4061,-1.0,s_1458,r_4713
1127,4062,-1.0,s_1458,r_4714
1128,1454,-1.0,s_1459,r_2056
1128,1455,-1.0,s_1459,r_2057
1129,349,1.0,s_1460,r_0454
1129,589,1.0,s_1460,r_0734
1129,779,-1.0,s_1460,r_1021
1129,780,1.0,s_1460,r_1022
1129,989,1.0,s_1460,r_1264
1129,990,1.0,s_1460,r_1265
1129,3403,1.0,s_1460,r_4039
1129,3621,1.0,s_1460,r_4264
1130,51,1.0,s_1461,r_0068
1130,781,-1.0,s_1461,r_1023
1131,63,-1.0,s_1464,r_0081
1131,661,1.0,s_1464,r_0831
1131,780,-1.0,s_1464,r_1022
1131,3403,-1.0,s_1464,r_4039
1132,782,-1.0,s_1466,r_1024
1132,1456,-1.0,s_1466,r_2058
1133,783,-1.0,s_1467,r_1025
1133,784,1.0,s_1467,r_1026
1133,991,1.0,s_1467,r_1266
1133,3684,-1.0,s_1467,r_4329
1133,3836,1.0,s_1467,r_4481
1133,3948,-0.0199999995529652,s_1467,r_4599
1133,4055,1.0,s_1467,r_4707
1134,991,-1.0,s_1468,r_1266
1134,1457,-1.0,s_1468,r_2060
1135,678,1.0,s_1469,r_0883
1135,785,-1.0,s_1469,r_1027
1135,787,1.0,s_1469,r_1029
1135,992,-1.0,s_1469,r_1267
1135,3729,1.0,s_1469,r_4374
1135,3766,1.0,s_1469,r_4411
1135,3787,1.0,s_1469,r_4432
1135,3975,-1.0,s_1469,r_4626
1135,4054,1.0,s_1469,r_4706
1136,992,1.0,s_1470,r_1267
1136,1458,-1.0,s_1470,r_2061
1137,787,-1.0,s_1471,r_1029
1137,993,-1.0,s_1471,r_1268
1137,3709,1.0,s_1471,r_4354
1138,993,1.0,s_1472,r_1268
1138,1459,-1.0,s_1472,r_2062
1139,786,-1.0,s_1473,r_1028
1140,786,1.0,s_1474,r_1028
1141,792,1.0,s_1475,r_1034
1141,793,-1.0,s_1475,r_1035
1141,994,-1.0,s_1475,r_1269
1141,1466,1.0,s_1475,r_2069
1141,3947,-1.20000004244503e-06,s_1475,r_4598
1142,790,-1.0,s_1476,r_1032
1142,1463,-1.0,s_1476,r_2066
1143,994,1.0,s_1477,r_1269
1144,1460,-1.0,s_1479,r_2063
1144,1604,-1.0,s_1479,r_2227
1144,2888,-1.0,s_1479,r_3523
1144,2964,1.0,s_1479,r_3599
1144,2979,1.0,s_1479,r_3614
1145,231,-1.0,s_1480,r_0263
1145,233,-1.0,s_1480,r_0265
1145,1460,1.0,s_1480,r_2063
1146,82,1.0,s_1482,r_0101
1146,1604,1.0,s_1482,r_2227
1146,1618,-1.0,s_1482,r_2241
1147,256,1.0,s_1483,r_0291
1147,257,-1.0,s_1483,r_0292
1148,67,1.0,s_1486,r_0085
1149,300,1.0,s_1487,r_0344
1149,341,-1.0,s_1487,r_0446
1149,387,1.0,s_1487,r_0499
1149,390,-1.0,s_1487,r_0502
1149,553,1.0,s_1487,r_0695
1149,582,1.0,s_1487,r_0727
1149,699,1.0,s_1487,r_0912
1149,789,-1.0,s_1487,r_1031
1149,3947,-6.34000025456771e-05,s_1487,r_4598
1150,46,1.0,s_1488,r_0063
1150,301,1.0,s_1488,r_0345
1150,342,-1.0,s_1488,r_0447
1150,389,-1.0,s_1488,r_0501
1150,391,-1.0,s_1488,r_0503
1150,395,-1.0,s_1488,r_0507
1150,397,-1.0,s_1488,r_0509
1150,583,1.0,s_1488,r_0728
1151,792,-1.0,s_1489,r_1034
1151,995,1.0,s_1489,r_1270
1151,1461,1.0,s_1489,r_2064
1151,1462,-1.0,s_1489,r_2065
1152,790,1.0,s_1490,r_1032
1152,791,1.0,s_1490,r_1033
1152,995,-1.0,s_1490,r_1270
1152,1464,-1.0,s_1490,r_2067
1153,800,1.0,s_1491,r_1042
1153,3411,-0.219856538246244,s_1491,r_4047
1154,801,1.0,s_1492,r_1043
1155,1093,1.0,s_1493,r_1617
1155,1469,-1.0,s_1493,r_2074
1155,1470,1.0,s_1493,r_2075
1155,3768,1.0,s_1493,r_4413
1155,3791,1.0,s_1493,r_4436
1156,1468,-1.0,s_1494,r_2073
1156,1470,-1.0,s_1494,r_2075
1157,794,1.0,s_1497,r_1036
1157,1461,-1.0,s_1497,r_2064
1157,1466,-1.0,s_1497,r_2069
1157,4101,1.0,s_1497,r_4753
1158,791,-1.0,s_1498,r_1033
1158,1465,-1.0,s_1498,r_2068
1159,775,1.0,s_1503,r_1009
1159,803,-1.0,s_1503,r_1046
1160,774,1.0,s_1504,r_1008
1161,100,1.0,s_1507,r_0120
1161,1625,-1.0,s_1507,r_2248
1161,1672,1.0,s_1507,r_2295
1162,101,1.0,s_1510,r_0121
1162,1626,-1.0,s_1510,r_2249
1162,1674,1.0,s_1510,r_2297
1162,1675,1.0,s_1510,r_2298
1163,102,1.0,s_1513,r_0122
1163,1630,-1.0,s_1513,r_2253
1164,104,1.0,s_1516,r_0124
1164,1629,-1.0,s_1516,r_2252
1165,105,1.0,s_1519,r_0125
1165,1627,-1.0,s_1519,r_2250
1165,1677,1.0,s_1519,r_2300
1166,172,-1.0,s_1520,r_0194
1166,808,1.0,s_1520,r_1051
1166,1471,-1.0,s_1520,r_2079
1166,1472,-1.0,s_1520,r_2080
1166,3412,-0.13655,s_1520,r_4048
1167,1123,-1.0,s_1521,r_1650
1167,1471,1.0,s_1521,r_2079
1168,171,-1.0,s_1522,r_0193
1168,1472,1.0,s_1522,r_2080
1169,255,1.0,s_1523,r_0290
1169,256,-1.0,s_1523,r_0291
1170,3402,1.0,s_1524,r_4038
1170,3427,-0.00685710001271219,s_1524,r_4063
1171,292,1.0,s_1526,r_0331
1172,812,1.0,s_1527,r_1057
1172,3411,-0.0326223903740585,s_1527,r_4047
1173,813,1.0,s_1528,r_1058
1174,164,1.0,s_1529,r_0186
1174,1475,-1.0,s_1529,r_2084
1174,1476,-1.0,s_1529,r_2085
1175,1474,-1.0,s_1530,r_2083
1175,1475,1.0,s_1530,r_2084
1176,165,1.0,s_1531,r_0187
1176,1476,1.0,s_1531,r_2085
1177,793,1.0,s_1532,r_1035
1178,816,1.0,s_1533,r_1066
1178,3411,-0.117164920221219,s_1533,r_4047
1179,817,1.0,s_1534,r_1067
1180,292,1.0,s_1535,r_0331
1180,335,-1.0,s_1535,r_0439
1180,416,1.0,s_1535,r_0532
1180,618,1.0,s_1535,r_0770
1180,621,1.0,s_1535,r_0773
1180,779,1.0,s_1535,r_1021
1181,292,-1.0,s_1537,r_0331
1181,335,1.0,s_1537,r_0439
1181,618,-1.0,s_1537,r_0770
1181,621,-1.0,s_1537,r_0773
1181,779,-1.0,s_1537,r_1021
1182,4,1.0,s_1538,r_0005
1182,5,1.0,s_1538,r_0006
1182,173,1.0,s_1538,r_0195
1182,240,1.0,s_1538,r_0272
1182,398,1.0,s_1538,r_0510
1182,593,1.0,s_1538,r_0738
1182,633,-1.0,s_1538,r_0790
1182,647,1.0,s_1538,r_0805
1182,651,-1.0,s_1538,r_0811
1182,818,1.0,s_1538,r_1068
1182,822,1.0,s_1538,r_1072
1182,3958,-1.0,s_1538,r_4609
1182,3959,-1.0,s_1538,r_4610
1183,634,-1.0,s_1539,r_0791
1183,3958,1.0,s_1539,r_4609
1184,823,1.0,s_1540,r_1073
1184,3959,1.0,s_1540,r_4610
1185,353,1.0,s_1541,r_0459
1185,820,1.0,s_1541,r_1070
1185,821,1.0,s_1541,r_1071
1185,996,-1.0,s_1541,r_1271
1186,996,1.0,s_1542,r_1271
1187,4,-1.0,s_1543,r_0005
1187,5,-1.0,s_1543,r_0006
1187,173,-1.0,s_1543,r_0195
1187,398,-1.0,s_1543,r_0510
1187,818,-1.0,s_1543,r_1068
1187,820,-1.0,s_1543,r_1070
1187,821,-1.0,s_1543,r_1071
1187,834,1.0,s_1543,r_1084
1187,3976,-1.0,s_1543,r_4627
1188,240,-1.0,s_1544,r_0272
1188,819,1.0,s_1544,r_1069
1188,3977,-1.0,s_1544,r_4628
1189,60,-1.0,s_1545,r_0078
1189,633,1.0,s_1545,r_0790
1189,660,1.0,s_1545,r_0821
1189,822,-1.0,s_1545,r_1072
1189,824,1.0,s_1545,r_1074
1189,827,1.0,s_1545,r_1077
1189,828,1.0,s_1545,r_1078
1189,1000,1.0,s_1545,r_1275
1189,1001,1.0,s_1545,r_1276
1189,1479,-1.0,s_1545,r_2089
1189,3413,-0.0579920969091588,s_1545,r_4049
1189,3809,1.0,s_1545,r_4454
1189,3960,-1.0,s_1545,r_4611
1189,3965,-1.0,s_1545,r_4616
1190,634,1.0,s_1546,r_0791
1190,3960,1.0,s_1546,r_4611
1191,1000,-1.0,s_1547,r_1275
1191,1001,-1.0,s_1547,r_1276
1192,823,-1.0,s_1548,r_1073
1192,1479,1.0,s_1548,r_2089
1193,253,1.0,s_1549,r_0288
1193,254,-1.0,s_1549,r_0289
1194,281,1.0,s_1550,r_0318
1194,824,-1.0,s_1550,r_1074
1194,845,-1.0,s_1550,r_1095
1194,997,1.0,s_1550,r_1272
1194,1432,1.0,s_1550,r_2031
1194,3409,1.0,s_1550,r_4045
1195,997,-1.0,s_1551,r_1272
1195,1480,-1.0,s_1551,r_2090
1196,167,1.0,s_1552,r_0189
1196,182,1.0,s_1552,r_0206
1196,825,-1.0,s_1552,r_1075
1196,998,1.0,s_1552,r_1273
1196,3573,-1.0,s_1552,r_4210
1196,4113,1.0,s_1552,r_4765
1197,998,-1.0,s_1553,r_1273
1197,1481,-1.0,s_1553,r_2091
1198,169,-1.0,s_1554,r_0191
1198,825,1.0,s_1554,r_1075
1199,167,1.0,s_1555,r_0189
1199,826,-1.0,s_1555,r_1076
1199,4113,-1.0,s_1555,r_4765
1200,60,1.0,s_1556,r_0078
1200,278,1.0,s_1556,r_0314
1200,827,-1.0,s_1556,r_1077
1200,828,-1.0,s_1556,r_1078
1200,999,1.0,s_1556,r_1274
1200,1432,-1.0,s_1556,r_2031
1200,3409,-1.0,s_1556,r_4045
1200,3712,1.0,s_1556,r_4357
1200,3714,1.0,s_1556,r_4359
1201,999,-1.0,s_1557,r_1274
1201,1482,-1.0,s_1557,r_2092
1202,831,-1.0,s_1558,r_1081
1202,832,-1.0,s_1558,r_1082
1202,833,1.0,s_1558,r_1083
1203,270,-1.0,s_1559,r_0306
1203,271,-1.0,s_1559,r_0307
1203,353,-1.0,s_1559,r_0459
1203,593,-1.0,s_1559,r_0738
1203,647,-1.0,s_1559,r_0805
1203,651,1.0,s_1559,r_0811
1203,743,-1.0,s_1559,r_0973
1203,819,-1.0,s_1559,r_1069
1203,834,-1.0,s_1559,r_1084
1203,1000,-1.0,s_1559,r_1275
1203,1001,-1.0,s_1559,r_1276
1204,1000,1.0,s_1560,r_1275
1204,1001,1.0,s_1560,r_1276
1205,839,1.0,s_1561,r_1089
1205,3411,-0.303939602869103,s_1561,r_4047
1206,840,1.0,s_1562,r_1090
1207,1096,1.0,s_1563,r_1620
1207,1493,1.0,s_1563,r_2103
1208,1492,-1.0,s_1564,r_2102
1208,1493,-1.0,s_1564,r_2103
1209,401,-1.0,s_1565,r_0514
1209,448,1.0,s_1565,r_0565
1209,841,1.0,s_1565,r_1091
1209,1096,-1.0,s_1565,r_1620
1210,842,-1.0,s_1566,r_1092
1210,843,1.0,s_1566,r_1093
1210,1495,1.0,s_1566,r_2105
1210,3845,1.0,s_1566,r_4490
1211,1494,-1.0,s_1567,r_2104
1211,1495,-1.0,s_1567,r_2105
1212,1003,1.0,s_1568,r_1278
1212,1497,-1.0,s_1568,r_2107
1212,2627,1.0,s_1568,r_3262
1212,2628,1.0,s_1568,r_3263
1213,212,1.0,s_1569,r_0237
1213,754,-1.0,s_1569,r_0986
1213,1150,-1.0,s_1569,r_1682
1213,1497,1.0,s_1569,r_2107
1213,2918,-1.0,s_1569,r_3553
1214,1003,-1.0,s_1571,r_1278
1214,1496,-1.0,s_1571,r_2106
1215,2625,1.0,s_1572,r_3260
1215,2626,1.0,s_1572,r_3261
1215,3085,1.0,s_1572,r_3720
1216,213,1.0,s_1576,r_0238
1216,214,-1.0,s_1576,r_0239
1217,214,1.0,s_1577,r_0239
1217,215,-1.0,s_1577,r_0240
1218,209,-1.0,s_1578,r_0234
1218,215,1.0,s_1578,r_0240
1219,209,1.0,s_1579,r_0234
1219,212,-1.0,s_1579,r_0237
1220,135,-1.0,s_1582,r_0157
1220,3411,0.527012401964609,s_1582,r_4047
1220,3580,1.0,s_1582,r_4218
1221,185,-1.0,s_1583,r_0209
1221,3411,0.184592178971158,s_1583,r_4047
1221,3599,1.0,s_1583,r_4239
1222,186,-1.0,s_1584,r_0210
1223,188,-1.0,s_1585,r_0212
1223,3411,0.116820320233205,s_1585,r_4047
1224,189,-1.0,s_1586,r_0213
1225,196,-1.0,s_1587,r_0220
1225,3411,0.341731040134025,s_1587,r_4047
1226,197,-1.0,s_1588,r_0221
1227,277,-1.0,s_1589,r_0313
1227,3411,0.00758125964441183,s_1589,r_4047
1228,371,-1.0,s_1590,r_0478
1228,3411,0.121070423838014,s_1590,r_4047
1229,372,-1.0,s_1591,r_0479
1229,3411,0.346670343714861,s_1591,r_4047
1230,373,-1.0,s_1592,r_0480
1231,400,-1.0,s_1593,r_0512
1231,3411,0.33357542435412,s_1593,r_4047
1232,423,-1.0,s_1594,r_0539
1232,3411,0.0761571964321321,s_1594,r_4047
1233,424,-1.0,s_1595,r_0540
1234,527,-1.0,s_1596,r_0665
1234,3411,0.221349807713738,s_1596,r_4047
1235,528,-1.0,s_1597,r_0666
1236,559,-1.0,s_1598,r_0701
1236,3411,0.340467492580805,s_1598,r_4047
1237,560,-1.0,s_1599,r_0702
1238,567,-1.0,s_1600,r_0711
1238,3411,0.328750973172121,s_1600,r_4047
1239,568,-1.0,s_1601,r_0712
1240,584,-1.0,s_1602,r_0729
1240,3411,0.0582378601225956,s_1602,r_4047
1241,585,-1.0,s_1603,r_0730
1242,673,-1.0,s_1604,r_0852
1242,3411,0.15380767944836,s_1604,r_4047
1243,674,-1.0,s_1605,r_0853
1244,717,-1.0,s_1606,r_0941
1244,3411,0.189186891122282,s_1606,r_4047
1245,761,-1.0,s_1607,r_0995
1245,3411,0.212964470019559,s_1607,r_4047
1246,800,-1.0,s_1608,r_1042
1246,3411,0.219856538246244,s_1608,r_4047
1247,801,-1.0,s_1609,r_1043
1248,812,-1.0,s_1610,r_1057
1248,3411,0.0326223903740585,s_1610,r_4047
1249,813,-1.0,s_1611,r_1058
1250,816,-1.0,s_1612,r_1066
1250,3411,0.117164920221219,s_1612,r_4047
1250,3581,1.0,s_1612,r_4219
1251,817,-1.0,s_1613,r_1067
1252,839,-1.0,s_1614,r_1089
1252,3411,0.303939602869103,s_1614,r_4047
1253,840,-1.0,s_1615,r_1090
1254,434,-1.0,s_1616,r_0550
1254,678,-1.0,s_1616,r_0883
1254,740,-1.0,s_1616,r_0970
1254,741,-1.0,s_1616,r_0971
1254,742,-1.0,s_1616,r_0972
1254,743,-1.0,s_1616,r_0973
1254,744,-1.0,s_1616,r_0974
1254,746,-1.0,s_1616,r_0976
1254,748,-1.0,s_1616,r_0978
1254,796,1.0,s_1616,r_1038
1254,1437,-1.0,s_1616,r_2037
1254,3549,1.0,s_1616,r_4186
1254,3565,1.0,s_1616,r_4202
1254,4051,-1.0,s_1616,r_4703
1255,435,-1.0,s_1617,r_0551
1255,797,1.0,s_1617,r_1039
1256,745,-1.0,s_1618,r_0975
1256,747,-1.0,s_1618,r_0977
1256,749,-1.0,s_1618,r_0979
1256,795,-1.0,s_1618,r_1037
1257,436,-1.0,s_1619,r_0552
1257,1437,1.0,s_1619,r_2037
1258,434,1.0,s_1620,r_0550
1258,678,1.0,s_1620,r_0883
1258,740,1.0,s_1620,r_0970
1258,741,1.0,s_1620,r_0971
1258,742,1.0,s_1620,r_0972
1258,743,1.0,s_1620,r_0973
1258,744,1.0,s_1620,r_0974
1258,746,1.0,s_1620,r_0976
1258,748,1.0,s_1620,r_0978
1258,796,-1.0,s_1620,r_1038
1258,1406,-1.0,s_1620,r_1991
1258,3549,-1.0,s_1620,r_4186
1258,3565,-1.0,s_1620,r_4202
1258,3961,-1.0,s_1620,r_4612
1258,4051,1.0,s_1620,r_4703
1259,435,1.0,s_1621,r_0551
1259,797,-1.0,s_1621,r_1039
1260,745,1.0,s_1622,r_0975
1260,747,1.0,s_1622,r_0977
1260,749,1.0,s_1622,r_0979
1260,795,1.0,s_1622,r_1037
1260,3961,1.0,s_1622,r_4612
1261,436,1.0,s_1623,r_0552
1261,1406,1.0,s_1623,r_1991
1262,80,-1.0,s_1845,r_0099
1262,576,-1.0,s_1845,r_0721
1262,1519,1.0,s_1845,r_2142
1262,1520,1.0,s_1845,r_2143
1262,1521,1.0,s_1845,r_2144
1262,3637,1.0,s_1845,r_4280
1262,3638,1.0,s_1845,r_4281
1263,1500,1.0,s_2763,r_2112
1263,1501,-1.0,s_2763,r_2113
1264,1501,1.0,s_2764,r_2113
1265,1513,-1.0,s_2766,r_2134
1265,1514,-1.0,s_2766,r_2136
1266,1515,-1.0,s_2768,r_2137
1266,1516,-1.0,s_2768,r_2139
1267,1519,1.0,s_2770,r_2142
1267,1522,-1.0,s_2770,r_2145
1268,1520,-1.0,s_2771,r_2143
1268,1528,1.0,s_2771,r_2151
1269,1520,1.0,s_2772,r_2143
1269,1523,-1.0,s_2772,r_2146
1270,1521,-1.0,s_2773,r_2144
1270,1529,1.0,s_2773,r_2152
1271,1521,1.0,s_2774,r_2144
1271,1524,-1.0,s_2774,r_2147
1272,1522,1.0,s_2775,r_2145
1272,1525,-1.0,s_2775,r_2148
1273,1523,1.0,s_2776,r_2146
1273,1526,-1.0,s_2776,r_2149
1274,1524,1.0,s_2777,r_2147
1274,1527,-1.0,s_2777,r_2150
1275,1525,1.0,s_2778,r_2148
1275,1528,-1.0,s_2778,r_2151
1276,1526,1.0,s_2779,r_2149
1276,1529,-1.0,s_2779,r_2152
1277,1527,1.0,s_2780,r_2150
1277,1530,-1.0,s_2780,r_2153
1278,1531,-1.0,s_2781,r_2154
1278,1571,1.0,s_2781,r_2194
1278,2880,1.0,s_2781,r_3515
1279,1531,-1.0,s_2782,r_2154
1279,1532,-1.0,s_2782,r_2155
1279,1533,-1.0,s_2782,r_2156
1279,1534,-1.0,s_2782,r_2157
1279,1535,-1.0,s_2782,r_2158
1279,1536,-1.0,s_2782,r_2159
1279,1537,-1.0,s_2782,r_2160
1279,2879,1.0,s_2782,r_3514
1280,1531,-1.0,s_2783,r_2154
1280,1532,-1.0,s_2783,r_2155
1280,1533,-1.0,s_2783,r_2156
1280,1534,-1.0,s_2783,r_2157
1280,1535,-1.0,s_2783,r_2158
1280,1536,-1.0,s_2783,r_2159
1280,1537,-1.0,s_2783,r_2160
1280,1538,-1.0,s_2783,r_2161
1280,1539,-1.0,s_2783,r_2162
1280,1540,-1.0,s_2783,r_2163
1280,1541,-1.0,s_2783,r_2164
1280,1542,-1.0,s_2783,r_2165
1280,1543,-1.0,s_2783,r_2166
1280,1544,-1.0,s_2783,r_2167
1280,1552,-1.0,s_2783,r_2175
1280,1553,-1.0,s_2783,r_2176
1280,1554,-1.0,s_2783,r_2177
1280,1555,-1.0,s_2783,r_2178
1280,1556,-1.0,s_2783,r_2179
1280,1557,-1.0,s_2783,r_2180
1280,1558,-1.0,s_2783,r_2181
1280,1559,-1.0,s_2783,r_2182
1280,1560,-1.0,s_2783,r_2183
1280,1683,-2.0,s_2783,r_2308
1280,1684,-2.0,s_2783,r_2309
1280,1685,-2.0,s_2783,r_2310
1280,1686,-2.0,s_2783,r_2311
1280,1687,-2.0,s_2783,r_2312
1280,1688,-2.0,s_2783,r_2313
1280,1689,-2.0,s_2783,r_2314
1280,1690,-2.0,s_2783,r_2315
1280,1691,-2.0,s_2783,r_2316
1280,1692,-2.0,s_2783,r_2317
1280,1693,-2.0,s_2783,r_2318
1280,1694,-2.0,s_2783,r_2319
1280,1699,-1.0,s_2783,r_2324
1280,1700,-1.0,s_2783,r_2325
1280,1701,-1.0,s_2783,r_2326
1280,1702,-1.0,s_2783,r_2327
1280,1719,2.0,s_2783,r_2344
1280,1720,2.0,s_2783,r_2345
1280,1721,2.0,s_2783,r_2346
1280,1722,2.0,s_2783,r_2347
1280,1723,2.0,s_2783,r_2348
1280,1724,2.0,s_2783,r_2349
1280,1725,2.0,s_2783,r_2350
1280,1726,2.0,s_2783,r_2351
1280,1807,-1.0,s_2783,r_2432
1280,1808,-1.0,s_2783,r_2433
1280,1809,-1.0,s_2783,r_2434
1280,1810,-1.0,s_2783,r_2435
1280,1811,-1.0,s_2783,r_2436
1280,1812,-1.0,s_2783,r_2437
1280,1813,-1.0,s_2783,r_2438
1280,1814,-1.0,s_2783,r_2439
1280,1821,2.0,s_2783,r_2446
1280,1822,2.0,s_2783,r_2447
1280,1823,2.0,s_2783,r_2448
1280,1824,2.0,s_2783,r_2449
1280,1825,2.0,s_2783,r_2450
1280,1826,2.0,s_2783,r_2451
1280,1827,2.0,s_2783,r_2452
1280,1828,2.0,s_2783,r_2453
1280,1829,2.0,s_2783,r_2454
1280,1830,2.0,s_2783,r_2455
1280,1831,2.0,s_2783,r_2456
1280,1832,2.0,s_2783,r_2457
1280,1833,2.0,s_2783,r_2458
1280,1834,2.0,s_2783,r_2459
1280,1835,2.0,s_2783,r_2460
1280,1836,2.0,s_2783,r_2461
1280,1863,1.0,s_2783,r_2488
1280,1864,1.0,s_2783,r_2489
1280,1865,1.0,s_2783,r_2490
1280,1866,1.0,s_2783,r_2491
1280,1867,1.0,s_2783,r_2492
1280,1868,1.0,s_2783,r_2493
1280,1869,1.0,s_2783,r_2494
1280,1870,1.0,s_2783,r_2495
1280,1871,1.0,s_2783,r_2496
1280,1872,1.0,s_2783,r_2497
1280,1873,1.0,s_2783,r_2498
1280,1874,1.0,s_2783,r_2499
1280,1875,1.0,s_2783,r_2500
1280,1876,1.0,s_2783,r_2501
1280,1877,1.0,s_2783,r_2502
1280,1878,1.0,s_2783,r_2503
1280,1879,1.0,s_2783,r_2504
1280,1880,1.0,s_2783,r_2505
1280,1881,1.0,s_2783,r_2506
1280,1882,1.0,s_2783,r_2507
1280,1883,1.0,s_2783,r_2508
1280,1884,1.0,s_2783,r_2509
1280,1885,1.0,s_2783,r_2510
1280,1886,1.0,s_2783,r_2511
1280,1887,-1.0,s_2783,r_2512
1280,1888,-1.0,s_2783,r_2513
1280,1889,-1.0,s_2783,r_2514
1280,1890,-1.0,s_2783,r_2515
1280,1891,-1.0,s_2783,r_2516
1280,1892,-1.0,s_2783,r_2517
1280,1893,-1.0,s_2783,r_2518
1280,1894,-1.0,s_2783,r_2519
1280,1895,1.0,s_2783,r_2520
1280,1896,1.0,s_2783,r_2521
1280,1897,1.0,s_2783,r_2522
1280,1898,1.0,s_2783,r_2523
1280,1899,1.0,s_2783,r_2524
1280,1900,1.0,s_2783,r_2525
1280,1901,1.0,s_2783,r_2526
1280,1902,1.0,s_2783,r_2527
1280,1903,1.0,s_2783,r_2528
1280,1904,1.0,s_2783,r_2529
1280,1905,1.0,s_2783,r_2530
1280,1906,1.0,s_2783,r_2531
1280,1907,1.0,s_2783,r_2532
1280,1908,1.0,s_2783,r_2533
1280,1909,1.0,s_2783,r_2534
1280,1910,1.0,s_2783,r_2535
1280,2387,1.0,s_2783,r_3022
1280,2388,1.0,s_2783,r_3023
1280,2389,1.0,s_2783,r_3024
1280,2390,1.0,s_2783,r_3025
1280,2391,1.0,s_2783,r_3026
1280,2392,1.0,s_2783,r_3027
1280,2393,1.0,s_2783,r_3028
1280,2394,1.0,s_2783,r_3029
1280,2395,1.0,s_2783,r_3030
1280,2396,1.0,s_2783,r_3031
1280,2397,1.0,s_2783,r_3032
1280,2398,1.0,s_2783,r_3033
1280,2493,2.0,s_2783,r_3128
1280,2494,2.0,s_2783,r_3129
1280,2495,2.0,s_2783,r_3130
1280,2496,2.0,s_2783,r_3131
1280,2497,2.0,s_2783,r_3132
1280,2498,2.0,s_2783,r_3133
1280,2499,2.0,s_2783,r_3134
1280,2500,2.0,s_2783,r_3135
1280,2525,2.0,s_2783,r_3160
1280,2526,2.0,s_2783,r_3161
1280,2527,2.0,s_2783,r_3162
1280,2528,2.0,s_2783,r_3163
1280,2529,2.0,s_2783,r_3164
1280,2530,2.0,s_2783,r_3165
1280,2531,2.0,s_2783,r_3166
1280,2532,2.0,s_2783,r_3167
1280,2573,2.0,s_2783,r_3208
1280,2574,2.0,s_2783,r_3209
1280,2575,2.0,s_2783,r_3210
1280,2576,2.0,s_2783,r_3211
1280,2577,2.0,s_2783,r_3212
1280,2578,2.0,s_2783,r_3213
1280,2579,2.0,s_2783,r_3214
1280,2580,2.0,s_2783,r_3215
1280,2890,1.0,s_2783,r_3525
1280,3559,1.0,s_2783,r_4196
1280,3663,1.0,s_2783,r_4308
1281,1531,1.0,s_2784,r_2154
1281,1532,1.0,s_2784,r_2155
1281,1533,1.0,s_2784,r_2156
1281,1534,1.0,s_2784,r_2157
1281,1535,1.0,s_2784,r_2158
1281,1536,1.0,s_2784,r_2159
1281,1537,1.0,s_2784,r_2160
1281,2892,1.0,s_2784,r_3527
1282,106,1.0,s_2785,r_0126
1282,107,1.0,s_2785,r_0127
1282,108,1.0,s_2785,r_0128
1282,109,1.0,s_2785,r_0129
1282,110,1.0,s_2785,r_0130
1282,111,1.0,s_2785,r_0131
1282,112,1.0,s_2785,r_0132
1282,113,1.0,s_2785,r_0133
1282,114,1.0,s_2785,r_0134
1282,115,1.0,s_2785,r_0135
1282,1531,1.0,s_2785,r_2154
1282,1532,1.0,s_2785,r_2155
1282,1533,1.0,s_2785,r_2156
1282,1534,1.0,s_2785,r_2157
1282,1535,1.0,s_2785,r_2158
1282,1536,1.0,s_2785,r_2159
1282,1537,1.0,s_2785,r_2160
1282,1571,-1.0,s_2785,r_2194
1282,1572,-1.0,s_2785,r_2195
1282,1573,-1.0,s_2785,r_2196
1282,1574,-1.0,s_2785,r_2197
1282,1575,-1.0,s_2785,r_2198
1282,1576,-1.0,s_2785,r_2199
1282,1590,-1.0,s_2785,r_2213
1282,1591,-1.0,s_2785,r_2214
1282,1592,-1.0,s_2785,r_2215
1282,1683,1.0,s_2785,r_2308
1282,1684,1.0,s_2785,r_2309
1282,1685,1.0,s_2785,r_2310
1282,1686,1.0,s_2785,r_2311
1282,1687,1.0,s_2785,r_2312
1282,1688,1.0,s_2785,r_2313
1282,1689,1.0,s_2785,r_2314
1282,1690,1.0,s_2785,r_2315
1282,1707,1.0,s_2785,r_2332
1282,1708,1.0,s_2785,r_2333
1282,1709,1.0,s_2785,r_2334
1282,1710,1.0,s_2785,r_2335
1282,1711,1.0,s_2785,r_2336
1282,1712,1.0,s_2785,r_2337
1282,1713,1.0,s_2785,r_2338
1282,1714,1.0,s_2785,r_2339
1282,1743,1.0,s_2785,r_2368
1282,1744,1.0,s_2785,r_2369
1282,1745,1.0,s_2785,r_2370
1282,1746,1.0,s_2785,r_2371
1282,1747,1.0,s_2785,r_2372
1282,1748,1.0,s_2785,r_2373
1282,1749,1.0,s_2785,r_2374
1282,1750,1.0,s_2785,r_2375
1282,1751,1.0,s_2785,r_2376
1282,1752,1.0,s_2785,r_2377
1282,1753,1.0,s_2785,r_2378
1282,1754,1.0,s_2785,r_2379
1282,1755,1.0,s_2785,r_2380
1282,1756,1.0,s_2785,r_2381
1282,1757,1.0,s_2785,r_2382
1282,1758,1.0,s_2785,r_2383
1282,1759,1.0,s_2785,r_2384
1282,1760,1.0,s_2785,r_2385
1282,1761,1.0,s_2785,r_2386
1282,1762,1.0,s_2785,r_2387
1282,1763,1.0,s_2785,r_2388
1282,1764,1.0,s_2785,r_2389
1282,1765,1.0,s_2785,r_2390
1282,1766,1.0,s_2785,r_2391
1282,1767,1.0,s_2785,r_2392
1282,1768,1.0,s_2785,r_2393
1282,1769,1.0,s_2785,r_2394
1282,1770,1.0,s_2785,r_2395
1282,1771,1.0,s_2785,r_2396
1282,1772,1.0,s_2785,r_2397
1282,1773,1.0,s_2785,r_2398
1282,1774,1.0,s_2785,r_2399
1282,1837,1.0,s_2785,r_2462
1282,1838,1.0,s_2785,r_2463
1282,2893,1.0,s_2785,r_3528
1283,1531,1.0,s_2786,r_2154
1283,1538,-1.0,s_2786,r_2161
1284,1532,-1.0,s_2787,r_2155
1284,1552,1.0,s_2787,r_2175
1284,1572,1.0,s_2787,r_2195
1284,2881,1.0,s_2787,r_3516
1285,1532,1.0,s_2788,r_2155
1285,1539,-1.0,s_2788,r_2162
1286,1533,-1.0,s_2789,r_2156
1286,1553,1.0,s_2789,r_2176
1286,1559,-1.0,s_2789,r_2182
1286,1573,1.0,s_2789,r_2196
1286,1683,-1.0,s_2789,r_2308
1286,1687,-1.0,s_2789,r_2312
1286,1743,-1.0,s_2789,r_2368
1286,1744,-1.0,s_2789,r_2369
1286,1745,-1.0,s_2789,r_2370
1286,1746,-1.0,s_2789,r_2371
1286,1747,-1.0,s_2789,r_2372
1286,1748,-1.0,s_2789,r_2373
1286,1749,-1.0,s_2789,r_2374
1286,1750,-1.0,s_2789,r_2375
1286,2882,1.0,s_2789,r_3517
1287,1533,1.0,s_2790,r_2156
1287,1540,-1.0,s_2790,r_2163
1288,1534,-1.0,s_2791,r_2157
1288,1554,1.0,s_2791,r_2177
1288,1560,-1.0,s_2791,r_2183
1288,1575,1.0,s_2791,r_2198
1288,1685,-1.0,s_2791,r_2310
1288,1689,-1.0,s_2791,r_2314
1288,1759,-1.0,s_2791,r_2384
1288,1760,-1.0,s_2791,r_2385
1288,1761,-1.0,s_2791,r_2386
1288,1762,-1.0,s_2791,r_2387
1288,1763,-1.0,s_2791,r_2388
1288,1764,-1.0,s_2791,r_2389
1288,1765,-1.0,s_2791,r_2390
1288,1766,-1.0,s_2791,r_2391
1288,1837,-1.0,s_2791,r_2462
1288,1838,-1.0,s_2791,r_2463
1288,2884,1.0,s_2791,r_3519
1289,1534,1.0,s_2792,r_2157
1289,1541,-1.0,s_2792,r_2164
1290,1535,-1.0,s_2793,r_2158
1290,1555,1.0,s_2793,r_2178
1290,2886,1.0,s_2793,r_3521
1291,1535,1.0,s_2794,r_2158
1291,1542,-1.0,s_2794,r_2165
1292,1536,-1.0,s_2795,r_2159
1292,1556,1.0,s_2795,r_2179
1292,1590,1.0,s_2795,r_2213
1292,2887,1.0,s_2795,r_3522
1293,1536,1.0,s_2796,r_2159
1293,1543,-1.0,s_2796,r_2166
1294,1537,-1.0,s_2797,r_2160
1294,1557,1.0,s_2797,r_2180
1294,1591,1.0,s_2797,r_2214
1294,2888,1.0,s_2797,r_3523
1295,1537,1.0,s_2798,r_2160
1295,1544,-1.0,s_2798,r_2167
1296,1538,-1.0,s_2799,r_2161
1296,1539,-1.0,s_2799,r_2162
1296,1540,-1.0,s_2799,r_2163
1296,1541,-1.0,s_2799,r_2164
1296,1542,-1.0,s_2799,r_2165
1296,1543,-1.0,s_2799,r_2166
1296,1544,-1.0,s_2799,r_2167
1296,1552,-1.0,s_2799,r_2175
1296,1553,-1.0,s_2799,r_2176
1296,1554,-1.0,s_2799,r_2177
1296,1555,-1.0,s_2799,r_2178
1296,1556,-1.0,s_2799,r_2179
1296,1557,-1.0,s_2799,r_2180
1296,1558,-1.0,s_2799,r_2181
1296,1699,-1.0,s_2799,r_2324
1296,1700,-1.0,s_2799,r_2325
1296,1701,-1.0,s_2799,r_2326
1296,1702,-1.0,s_2799,r_2327
1296,2894,1.0,s_2799,r_3529
1297,1538,1.0,s_2800,r_2161
1297,1539,1.0,s_2800,r_2162
1297,1540,1.0,s_2800,r_2163
1297,1541,1.0,s_2800,r_2164
1297,1542,1.0,s_2800,r_2165
1297,1543,1.0,s_2800,r_2166
1297,1544,1.0,s_2800,r_2167
1297,1552,1.0,s_2800,r_2175
1297,1553,1.0,s_2800,r_2176
1297,1554,1.0,s_2800,r_2177
1297,1555,1.0,s_2800,r_2178
1297,1556,1.0,s_2800,r_2179
1297,1557,1.0,s_2800,r_2180
1297,1558,1.0,s_2800,r_2181
1297,1699,1.0,s_2800,r_2324
1297,1700,1.0,s_2800,r_2325
1297,1701,1.0,s_2800,r_2326
1297,1702,1.0,s_2800,r_2327
1297,2895,1.0,s_2800,r_3530
1298,1538,1.0,s_2801,r_2161
1298,1545,-1.0,s_2801,r_2168
1299,1539,1.0,s_2802,r_2162
1299,1546,-1.0,s_2802,r_2169
1300,1540,1.0,s_2803,r_2163
1300,1547,-1.0,s_2803,r_2170
1301,1541,1.0,s_2804,r_2164
1301,1548,-1.0,s_2804,r_2171
1302,1542,1.0,s_2805,r_2165
1302,1549,-1.0,s_2805,r_2172
1303,1543,1.0,s_2806,r_2166
1303,1550,-1.0,s_2806,r_2173
1304,1544,1.0,s_2807,r_2167
1304,1551,-1.0,s_2807,r_2174
1305,1545,1.0,s_2808,r_2168
1305,1546,1.0,s_2808,r_2169
1305,1547,1.0,s_2808,r_2170
1305,1548,1.0,s_2808,r_2171
1305,1549,1.0,s_2808,r_2172
1305,1550,1.0,s_2808,r_2173
1305,1551,1.0,s_2808,r_2174
1305,1559,2.0,s_2808,r_2182
1305,1560,2.0,s_2808,r_2183
1305,1719,-1.0,s_2808,r_2344
1305,1720,-1.0,s_2808,r_2345
1305,1721,-1.0,s_2808,r_2346
1305,1722,-1.0,s_2808,r_2347
1305,1723,-1.0,s_2808,r_2348
1305,1724,-1.0,s_2808,r_2349
1305,1725,-1.0,s_2808,r_2350
1305,1726,-1.0,s_2808,r_2351
1305,2387,-1.0,s_2808,r_3022
1305,2388,-1.0,s_2808,r_3023
1305,2389,-1.0,s_2808,r_3024
1305,2390,-1.0,s_2808,r_3025
1305,2391,-1.0,s_2808,r_3026
1305,2392,-1.0,s_2808,r_3027
1305,2393,-1.0,s_2808,r_3028
1305,2394,-1.0,s_2808,r_3029
1305,2395,-1.0,s_2808,r_3030
1305,2396,-1.0,s_2808,r_3031
1305,2397,-1.0,s_2808,r_3032
1305,2398,-1.0,s_2808,r_3033
1305,2493,-1.0,s_2808,r_3128
1305,2494,-1.0,s_2808,r_3129
1305,2495,-1.0,s_2808,r_3130
1305,2496,-1.0,s_2808,r_3131
1305,2497,-1.0,s_2808,r_3132
1305,2498,-1.0,s_2808,r_3133
1305,2499,-1.0,s_2808,r_3134
1305,2500,-1.0,s_2808,r_3135
1305,2525,-1.0,s_2808,r_3160
1305,2526,-1.0,s_2808,r_3161
1305,2527,-1.0,s_2808,r_3162
1305,2528,-1.0,s_2808,r_3163
1305,2529,-1.0,s_2808,r_3164
1305,2530,-1.0,s_2808,r_3165
1305,2531,-1.0,s_2808,r_3166
1305,2532,-1.0,s_2808,r_3167
1305,2573,-1.0,s_2808,r_3208
1305,2574,-1.0,s_2808,r_3209
1305,2575,-1.0,s_2808,r_3210
1305,2576,-1.0,s_2808,r_3211
1305,2577,-1.0,s_2808,r_3212
1305,2578,-1.0,s_2808,r_3213
1305,2579,-1.0,s_2808,r_3214
1305,2580,-1.0,s_2808,r_3215
1305,2891,1.0,s_2808,r_3526
1305,3663,-1.0,s_2808,r_4308
1306,1545,1.0,s_2809,r_2168
1306,1552,-1.0,s_2809,r_2175
1307,1546,1.0,s_2810,r_2169
1307,1553,-1.0,s_2810,r_2176
1308,1547,1.0,s_2811,r_2170
1308,1554,-1.0,s_2811,r_2177
1309,1548,1.0,s_2812,r_2171
1309,1555,-1.0,s_2812,r_2178
1310,1549,1.0,s_2813,r_2172
1310,1556,-1.0,s_2813,r_2179
1311,1550,1.0,s_2814,r_2173
1311,1557,-1.0,s_2814,r_2180
1312,1551,1.0,s_2815,r_2174
1312,1558,-1.0,s_2815,r_2181
1313,1558,1.0,s_2816,r_2181
1313,1592,1.0,s_2816,r_2215
1313,2889,1.0,s_2816,r_3524
1314,1559,-1.0,s_2817,r_2182
1314,1560,-1.0,s_2817,r_2183
1314,2896,1.0,s_2817,r_3531
1315,1559,-1.0,s_2818,r_2182
1315,1560,-1.0,s_2818,r_2183
1315,2897,1.0,s_2818,r_3532
1315,3559,-1.0,s_2818,r_4196
1316,111,-1.0,s_2819,r_0131
1316,112,-1.0,s_2819,r_0132
1316,113,-1.0,s_2819,r_0133
1316,114,-1.0,s_2819,r_0134
1316,115,-1.0,s_2819,r_0135
1316,1559,1.0,s_2819,r_2182
1316,1574,1.0,s_2819,r_2197
1316,1684,-1.0,s_2819,r_2309
1316,1688,-1.0,s_2819,r_2313
1316,1707,-1.0,s_2819,r_2332
1316,1709,-1.0,s_2819,r_2334
1316,1711,-1.0,s_2819,r_2336
1316,1713,-1.0,s_2819,r_2338
1316,1751,-1.0,s_2819,r_2376
1316,1752,-1.0,s_2819,r_2377
1316,1753,-1.0,s_2819,r_2378
1316,1754,-1.0,s_2819,r_2379
1316,1755,-1.0,s_2819,r_2380
1316,1756,-1.0,s_2819,r_2381
1316,1757,-1.0,s_2819,r_2382
1316,1758,-1.0,s_2819,r_2383
1316,2883,1.0,s_2819,r_3518
1317,1559,1.0,s_2820,r_2182
1317,1560,1.0,s_2820,r_2183
1317,2898,1.0,s_2820,r_3533
1317,3559,1.0,s_2820,r_4196
1318,106,-1.0,s_2821,r_0126
1318,107,-1.0,s_2821,r_0127
1318,108,-1.0,s_2821,r_0128
1318,109,-1.0,s_2821,r_0129
1318,110,-1.0,s_2821,r_0130
1318,1560,1.0,s_2821,r_2183
1318,1576,1.0,s_2821,r_2199
1318,1686,-1.0,s_2821,r_2311
1318,1690,-1.0,s_2821,r_2315
1318,1708,-1.0,s_2821,r_2333
1318,1710,-1.0,s_2821,r_2335
1318,1712,-1.0,s_2821,r_2337
1318,1714,-1.0,s_2821,r_2339
1318,1767,-1.0,s_2821,r_2392
1318,1768,-1.0,s_2821,r_2393
1318,1769,-1.0,s_2821,r_2394
1318,1770,-1.0,s_2821,r_2395
1318,1771,-1.0,s_2821,r_2396
1318,1772,-1.0,s_2821,r_2397
1318,1773,-1.0,s_2821,r_2398
1318,1774,-1.0,s_2821,r_2399
1318,2885,1.0,s_2821,r_3520
1319,1564,-1.0,s_2822,r_2187
1319,1567,-1.0,s_2822,r_2190
1320,1565,-1.0,s_2824,r_2188
1320,1568,-1.0,s_2824,r_2191
1321,1566,-1.0,s_2826,r_2189
1321,1569,-1.0,s_2826,r_2192
1322,1567,1.0,s_2828,r_2190
1322,1606,-1.0,s_2828,r_2229
1323,1568,1.0,s_2829,r_2191
1323,1607,-1.0,s_2829,r_2230
1324,1571,-1.0,s_2831,r_2194
1324,1572,-1.0,s_2831,r_2195
1324,1573,-1.0,s_2831,r_2196
1324,1574,-1.0,s_2831,r_2197
1324,1575,-1.0,s_2831,r_2198
1324,1576,-1.0,s_2831,r_2199
1324,1590,-1.0,s_2831,r_2213
1324,1591,-1.0,s_2831,r_2214
1324,1592,-1.0,s_2831,r_2215
1324,2908,1.0,s_2831,r_3543
1324,3663,-1.0,s_2831,r_4308
1324,3973,1.0,s_2831,r_4624
1325,1571,-1.0,s_2832,r_2194
1325,2873,1.0,s_2832,r_3508
1325,3046,-1.0,s_2832,r_3681
1326,1571,1.0,s_2833,r_2194
1326,1572,1.0,s_2833,r_2195
1326,1573,1.0,s_2833,r_2196
1326,1574,1.0,s_2833,r_2197
1326,1575,1.0,s_2833,r_2198
1326,1576,1.0,s_2833,r_2199
1326,1590,1.0,s_2833,r_2213
1326,1591,1.0,s_2833,r_2214
1326,1592,1.0,s_2833,r_2215
1326,2909,1.0,s_2833,r_3544
1327,1571,1.0,s_2834,r_2194
1327,1572,1.0,s_2834,r_2195
1327,1573,1.0,s_2834,r_2196
1327,1574,1.0,s_2834,r_2197
1327,1575,1.0,s_2834,r_2198
1327,1576,1.0,s_2834,r_2199
1327,1590,1.0,s_2834,r_2213
1327,1591,1.0,s_2834,r_2214
1327,1592,1.0,s_2834,r_2215
1327,1807,1.0,s_2834,r_2432
1327,1808,1.0,s_2834,r_2433
1327,1809,1.0,s_2834,r_2434
1327,1810,1.0,s_2834,r_2435
1327,1811,1.0,s_2834,r_2436
1327,1812,1.0,s_2834,r_2437
1327,1813,1.0,s_2834,r_2438
1327,1814,1.0,s_2834,r_2439
1327,2901,1.0,s_2834,r_3536
1328,1572,-1.0,s_2835,r_2195
1328,2874,1.0,s_2835,r_3509
1328,3047,-1.0,s_2835,r_3682
1329,1573,-1.0,s_2836,r_2196
1329,2395,1.0,s_2836,r_3030
1329,2875,1.0,s_2836,r_3510
1330,1574,-1.0,s_2837,r_2197
1330,2387,1.0,s_2837,r_3022
1330,2388,1.0,s_2837,r_3023
1330,2389,1.0,s_2837,r_3024
1330,2390,1.0,s_2837,r_3025
1330,2396,1.0,s_2837,r_3031
1330,2876,1.0,s_2837,r_3511
1331,1575,-1.0,s_2838,r_2198
1331,2397,1.0,s_2838,r_3032
1331,2877,1.0,s_2838,r_3512
1332,1576,-1.0,s_2839,r_2199
1332,2391,1.0,s_2839,r_3026
1332,2392,1.0,s_2839,r_3027
1332,2393,1.0,s_2839,r_3028
1332,2394,1.0,s_2839,r_3029
1332,2398,1.0,s_2839,r_3033
1332,2878,1.0,s_2839,r_3513
1333,1577,-1.0,s_2840,r_2200
1333,1578,-1.0,s_2840,r_2201
1333,1579,-1.0,s_2840,r_2202
1333,1580,-1.0,s_2840,r_2203
1333,1581,-1.0,s_2840,r_2204
1333,1582,-1.0,s_2840,r_2205
1333,1593,-1.0,s_2840,r_2216
1333,1594,-1.0,s_2840,r_2217
1333,1595,-1.0,s_2840,r_2218
1333,2950,1.0,s_2840,r_3585
1334,1577,-1.0,s_2841,r_2200
1334,3046,1.0,s_2841,r_3681
1335,1577,1.0,s_2842,r_2200
1335,1578,1.0,s_2842,r_2201
1335,1579,1.0,s_2842,r_2202
1335,1580,1.0,s_2842,r_2203
1335,1581,1.0,s_2842,r_2204
1335,1582,1.0,s_2842,r_2205
1335,1593,1.0,s_2842,r_2216
1335,1594,1.0,s_2842,r_2217
1335,1595,1.0,s_2842,r_2218
1335,2951,1.0,s_2842,r_3586
1336,1577,1.0,s_2843,r_2200
1336,2940,1.0,s_2843,r_3575
1337,1578,-1.0,s_2844,r_2201
1337,3047,1.0,s_2844,r_3682
1338,1578,1.0,s_2845,r_2201
1338,2941,1.0,s_2845,r_3576
1339,1579,-1.0,s_2846,r_2202
1339,2629,1.0,s_2846,r_3264
1339,2633,1.0,s_2846,r_3268
1339,2637,1.0,s_2846,r_3272
1339,2641,1.0,s_2846,r_3276
1339,2645,1.0,s_2846,r_3280
1339,2649,1.0,s_2846,r_3284
1339,2653,1.0,s_2846,r_3288
1339,2657,1.0,s_2846,r_3292
1339,2673,1.0,s_2846,r_3308
1339,2936,1.0,s_2846,r_3571
1340,1579,1.0,s_2847,r_2202
1340,1691,-1.0,s_2847,r_2316
1340,1695,-1.0,s_2847,r_2320
1340,1775,-1.0,s_2847,r_2400
1340,1776,-1.0,s_2847,r_2401
1340,1777,-1.0,s_2847,r_2402
1340,1778,-1.0,s_2847,r_2403
1340,1779,-1.0,s_2847,r_2404
1340,1780,-1.0,s_2847,r_2405
1340,1781,-1.0,s_2847,r_2406
1340,1782,-1.0,s_2847,r_2407
1340,2942,1.0,s_2847,r_3577
1341,1580,-1.0,s_2848,r_2203
1341,2617,1.0,s_2848,r_3252
1341,2619,1.0,s_2848,r_3254
1341,2621,1.0,s_2848,r_3256
1341,2623,1.0,s_2848,r_3258
1341,2625,1.0,s_2848,r_3260
1341,2630,1.0,s_2848,r_3265
1341,2634,1.0,s_2848,r_3269
1341,2638,1.0,s_2848,r_3273
1341,2642,1.0,s_2848,r_3277
1341,2646,1.0,s_2848,r_3281
1341,2650,1.0,s_2848,r_3285
1341,2654,1.0,s_2848,r_3289
1341,2658,1.0,s_2848,r_3293
1341,2661,1.0,s_2848,r_3296
1341,2662,1.0,s_2848,r_3297
1341,2663,1.0,s_2848,r_3298
1341,2664,1.0,s_2848,r_3299
1341,2674,1.0,s_2848,r_3309
1341,2681,1.0,s_2848,r_3316
1341,2682,1.0,s_2848,r_3317
1341,2683,1.0,s_2848,r_3318
1341,2684,1.0,s_2848,r_3319
1341,2689,1.0,s_2848,r_3324
1341,2690,1.0,s_2848,r_3325
1341,2691,1.0,s_2848,r_3326
1341,2692,1.0,s_2848,r_3327
1341,2937,1.0,s_2848,r_3572
1342,1580,1.0,s_2849,r_2203
1342,1692,-1.0,s_2849,r_2317
1342,1696,-1.0,s_2849,r_2321
1342,1783,-1.0,s_2849,r_2408
1342,1784,-1.0,s_2849,r_2409
1342,1785,-1.0,s_2849,r_2410
1342,1786,-1.0,s_2849,r_2411
1342,1787,-1.0,s_2849,r_2412
1342,1788,-1.0,s_2849,r_2413
1342,1789,-1.0,s_2849,r_2414
1342,1790,-1.0,s_2849,r_2415
1342,2943,1.0,s_2849,r_3578
1343,1581,-1.0,s_2850,r_2204
1343,2631,1.0,s_2850,r_3266
1343,2635,1.0,s_2850,r_3270
1343,2639,1.0,s_2850,r_3274
1343,2643,1.0,s_2850,r_3278
1343,2647,1.0,s_2850,r_3282
1343,2651,1.0,s_2850,r_3286
1343,2655,1.0,s_2850,r_3290
1343,2659,1.0,s_2850,r_3294
1343,2675,1.0,s_2850,r_3310
1343,2938,1.0,s_2850,r_3573
1344,1581,1.0,s_2851,r_2204
1344,1693,-1.0,s_2851,r_2318
1344,1697,-1.0,s_2851,r_2322
1344,1791,-1.0,s_2851,r_2416
1344,1792,-1.0,s_2851,r_2417
1344,1793,-1.0,s_2851,r_2418
1344,1794,-1.0,s_2851,r_2419
1344,1795,-1.0,s_2851,r_2420
1344,1796,-1.0,s_2851,r_2421
1344,1797,-1.0,s_2851,r_2422
1344,1798,-1.0,s_2851,r_2423
1344,2944,1.0,s_2851,r_3579
1345,1582,-1.0,s_2852,r_2205
1345,2618,1.0,s_2852,r_3253
1345,2620,1.0,s_2852,r_3255
1345,2622,1.0,s_2852,r_3257
1345,2624,1.0,s_2852,r_3259
1345,2626,1.0,s_2852,r_3261
1345,2632,1.0,s_2852,r_3267
1345,2636,1.0,s_2852,r_3271
1345,2640,1.0,s_2852,r_3275
1345,2644,1.0,s_2852,r_3279
1345,2648,1.0,s_2852,r_3283
1345,2652,1.0,s_2852,r_3287
1345,2656,1.0,s_2852,r_3291
1345,2660,1.0,s_2852,r_3295
1345,2665,1.0,s_2852,r_3300
1345,2666,1.0,s_2852,r_3301
1345,2667,1.0,s_2852,r_3302
1345,2668,1.0,s_2852,r_3303
1345,2676,1.0,s_2852,r_3311
1345,2685,1.0,s_2852,r_3320
1345,2686,1.0,s_2852,r_3321
1345,2687,1.0,s_2852,r_3322
1345,2688,1.0,s_2852,r_3323
1345,2693,1.0,s_2852,r_3328
1345,2694,1.0,s_2852,r_3329
1345,2695,1.0,s_2852,r_3330
1345,2696,1.0,s_2852,r_3331
1345,2939,1.0,s_2852,r_3574
1346,1582,1.0,s_2853,r_2205
1346,1694,-1.0,s_2853,r_2319
1346,1698,-1.0,s_2853,r_2323
1346,1715,-1.0,s_2853,r_2340
1346,1716,-1.0,s_2853,r_2341
1346,1717,-1.0,s_2853,r_2342
1346,1718,-1.0,s_2853,r_2343
1346,1799,-1.0,s_2853,r_2424
1346,1800,-1.0,s_2853,r_2425
1346,1801,-1.0,s_2853,r_2426
1346,1802,-1.0,s_2853,r_2427
1346,1803,-1.0,s_2853,r_2428
1346,1804,-1.0,s_2853,r_2429
1346,1805,-1.0,s_2853,r_2430
1346,1806,-1.0,s_2853,r_2431
1346,2677,-1.0,s_2853,r_3312
1346,2678,-1.0,s_2853,r_3313
1346,2679,-1.0,s_2853,r_3314
1346,2680,-1.0,s_2853,r_3315
1346,2945,1.0,s_2853,r_3580
1347,1583,1.0,s_2854,r_2206
1347,1599,1.0,s_2854,r_2222
1347,1611,-1.0,s_2854,r_2234
1347,1619,-1.0,s_2854,r_2242
1348,1585,-1.0,s_2855,r_2208
1348,1608,1.0,s_2855,r_2231
1348,1612,1.0,s_2855,r_2235
1349,1586,-1.0,s_2856,r_2209
1349,1587,-1.0,s_2856,r_2210
1349,1588,-1.0,s_2856,r_2211
1349,1589,-1.0,s_2856,r_2212
1349,2195,-1.0,s_2856,r_2820
1349,2196,-1.0,s_2856,r_2821
1349,2197,-1.0,s_2856,r_2822
1349,2198,-1.0,s_2856,r_2823
1349,2199,-1.0,s_2856,r_2824
1349,2200,-1.0,s_2856,r_2825
1349,2201,-1.0,s_2856,r_2826
1349,2202,-1.0,s_2856,r_2827
1349,2243,-1.0,s_2856,r_2868
1349,2244,-1.0,s_2856,r_2869
1349,2245,-1.0,s_2856,r_2870
1349,2246,-1.0,s_2856,r_2871
1349,2247,-1.0,s_2856,r_2872
1349,2248,-1.0,s_2856,r_2873
1349,2249,-1.0,s_2856,r_2874
1349,2250,-1.0,s_2856,r_2875
1349,2966,1.0,s_2856,r_3601
1350,1586,-1.0,s_2857,r_2209
1350,1587,-1.0,s_2857,r_2210
1350,1588,-1.0,s_2857,r_2211
1350,1589,-1.0,s_2857,r_2212
1351,1586,-1.0,s_2858,r_2209
1352,1586,1.0,s_2859,r_2209
1352,1587,1.0,s_2859,r_2210
1352,1588,1.0,s_2859,r_2211
1352,1589,1.0,s_2859,r_2212
1353,1586,1.0,s_2860,r_2209
1353,1587,1.0,s_2860,r_2210
1353,1588,1.0,s_2860,r_2211
1353,1589,1.0,s_2860,r_2212
1354,1586,1.0,s_2861,r_2209
1354,2977,-1.0,s_2861,r_3612
1355,1587,-1.0,s_2862,r_2210
1356,1587,1.0,s_2863,r_2210
1356,2978,-1.0,s_2863,r_3613
1357,1588,-1.0,s_2864,r_2211
1357,3266,-1.0,s_2864,r_3901
1358,1588,1.0,s_2865,r_2211
1358,2979,-1.0,s_2865,r_3614
1359,1589,-1.0,s_2866,r_2212
1359,3267,-1.0,s_2866,r_3902
1360,1589,1.0,s_2867,r_2212
1360,2980,-1.0,s_2867,r_3615
1361,1590,-1.0,s_2868,r_2213
1362,1591,-1.0,s_2869,r_2214
1362,3048,-1.0,s_2869,r_3683
1362,3266,1.0,s_2869,r_3901
1362,3302,-1.0,s_2869,r_3937
1363,1592,-1.0,s_2870,r_2215
1363,3049,-1.0,s_2870,r_3684
1363,3267,1.0,s_2870,r_3902
1363,3303,-1.0,s_2870,r_3938
1364,1593,-1.0,s_2871,r_2216
1365,1593,1.0,s_2872,r_2216
1365,2963,-1.0,s_2872,r_3598
1366,1594,-1.0,s_2873,r_2217
1366,3048,1.0,s_2873,r_3683
1367,1594,1.0,s_2874,r_2217
1367,2964,-1.0,s_2874,r_3599
1368,1595,-1.0,s_2875,r_2218
1368,3049,1.0,s_2875,r_3684
1369,1595,1.0,s_2876,r_2218
1369,2965,-1.0,s_2876,r_3600
1370,1599,-1.0,s_2877,r_2222
1370,2883,-1.0,s_2877,r_3518
1370,2943,-1.0,s_2877,r_3578
1370,3035,-1.0,s_2877,r_3670
1371,1602,-1.0,s_2878,r_2225
1371,2886,-1.0,s_2878,r_3521
1371,2977,1.0,s_2878,r_3612
1372,1602,1.0,s_2879,r_2225
1372,1616,-1.0,s_2879,r_2239
1372,1664,1.0,s_2879,r_2287
1373,1603,-1.0,s_2880,r_2226
1373,2887,-1.0,s_2880,r_3522
1373,2963,1.0,s_2880,r_3598
1373,2978,1.0,s_2880,r_3613
1374,1603,1.0,s_2881,r_2226
1374,1617,-1.0,s_2881,r_2240
1374,1665,1.0,s_2881,r_2288
1375,1606,1.0,s_2882,r_2229
1375,1609,1.0,s_2882,r_2232
1376,1607,1.0,s_2883,r_2230
1376,1610,1.0,s_2883,r_2233
1377,1609,-1.0,s_2884,r_2232
1377,1613,-1.0,s_2884,r_2236
1377,1661,1.0,s_2884,r_2284
1377,4031,-1.0,s_2884,r_4682
1378,1610,-1.0,s_2885,r_2233
1378,1614,-1.0,s_2885,r_2237
1378,1662,1.0,s_2885,r_2285
1378,4032,-1.0,s_2885,r_4683
1379,1613,1.0,s_2886,r_2236
1379,1631,-1.0,s_2886,r_2254
1380,1614,1.0,s_2887,r_2237
1380,1632,-1.0,s_2887,r_2255
1381,1615,1.0,s_2888,r_2238
1381,1633,-1.0,s_2888,r_2256
1382,1616,1.0,s_2889,r_2239
1382,1634,-1.0,s_2889,r_2257
1383,1617,1.0,s_2890,r_2240
1383,1635,-1.0,s_2890,r_2258
1384,1618,1.0,s_2891,r_2241
1384,1636,-1.0,s_2891,r_2259
1385,1619,1.0,s_2892,r_2242
1385,1637,-1.0,s_2892,r_2260
1386,1620,-1.0,s_2893,r_2243
1386,1666,1.0,s_2893,r_2289
1387,1620,1.0,s_2894,r_2243
1387,1638,-1.0,s_2894,r_2261
1388,1621,-1.0,s_2895,r_2244
1388,1667,1.0,s_2895,r_2290
1389,1621,1.0,s_2896,r_2244
1389,1639,-1.0,s_2896,r_2262
1389,1673,-1.0,s_2896,r_2296
1390,1622,1.0,s_2897,r_2245
1390,1640,-1.0,s_2897,r_2263
1391,1623,-1.0,s_2898,r_2246
1391,1669,1.0,s_2898,r_2292
1392,1623,1.0,s_2899,r_2246
1392,1641,-1.0,s_2899,r_2264
1393,1624,-1.0,s_2900,r_2247
1393,1670,1.0,s_2900,r_2293
1394,1624,1.0,s_2901,r_2247
1394,1642,-1.0,s_2901,r_2265
1394,1676,-1.0,s_2901,r_2299
1395,1631,1.0,s_2902,r_2254
1395,1648,-1.0,s_2902,r_2271
1396,1632,1.0,s_2903,r_2255
1396,1649,-1.0,s_2903,r_2272
1397,1633,1.0,s_2904,r_2256
1397,1650,-1.0,s_2904,r_2273
1398,1634,1.0,s_2905,r_2257
1398,1651,-1.0,s_2905,r_2274
1399,1635,1.0,s_2906,r_2258
1399,1652,-1.0,s_2906,r_2275
1400,1636,1.0,s_2907,r_2259
1400,1653,-1.0,s_2907,r_2276
1401,1637,1.0,s_2908,r_2260
1401,1654,-1.0,s_2908,r_2277
1402,1638,1.0,s_2909,r_2261
1402,1655,-1.0,s_2909,r_2278
1403,1639,1.0,s_2910,r_2262
1403,1656,-1.0,s_2910,r_2279
1404,1640,1.0,s_2911,r_2263
1404,1657,-1.0,s_2911,r_2280
1405,1641,1.0,s_2912,r_2264
1405,1658,-1.0,s_2912,r_2281
1406,1642,1.0,s_2913,r_2265
1406,1659,-1.0,s_2913,r_2282
1407,1648,1.0,s_2914,r_2271
1407,1660,-1.0,s_2914,r_2283
1408,1649,1.0,s_2915,r_2272
1408,1661,-1.0,s_2915,r_2284
1409,1650,1.0,s_2916,r_2273
1409,1662,-1.0,s_2916,r_2285
1410,1651,1.0,s_2917,r_2274
1410,1663,-1.0,s_2917,r_2286
1411,1652,1.0,s_2918,r_2275
1411,1664,-1.0,s_2918,r_2287
1412,1653,1.0,s_2919,r_2276
1412,1665,-1.0,s_2919,r_2288
1413,1654,1.0,s_2920,r_2277
1413,1666,-1.0,s_2920,r_2289
1414,1655,1.0,s_2921,r_2278
1414,1667,-1.0,s_2921,r_2290
1415,1656,1.0,s_2922,r_2279
1415,1668,-1.0,s_2922,r_2291
1416,1657,1.0,s_2923,r_2280
1416,1669,-1.0,s_2923,r_2292
1417,1658,1.0,s_2924,r_2281
1417,1670,-1.0,s_2924,r_2293
1418,1659,1.0,s_2925,r_2282
1418,1671,-1.0,s_2925,r_2294
1419,1668,1.0,s_2926,r_2291
1419,1672,-1.0,s_2926,r_2295
1420,1671,1.0,s_2927,r_2294
1420,1675,-1.0,s_2927,r_2298
1421,1673,1.0,s_2928,r_2296
1421,1678,-1.0,s_2928,r_2301
1422,1674,-1.0,s_2929,r_2297
1422,1680,1.0,s_2929,r_2303
1423,1676,1.0,s_2930,r_2299
1423,1679,-1.0,s_2930,r_2302
1424,1677,-1.0,s_2931,r_2300
1424,1681,1.0,s_2931,r_2304
1425,1678,1.0,s_2932,r_2301
1425,1680,-1.0,s_2932,r_2303
1426,1679,1.0,s_2933,r_2302
1426,1681,-1.0,s_2933,r_2304
1427,1683,-1.0,s_2934,r_2308
1427,1684,-1.0,s_2934,r_2309
1427,1685,-1.0,s_2934,r_2310
1427,1686,-1.0,s_2934,r_2311
1427,2899,1.0,s_2934,r_3534
1428,1683,1.0,s_2935,r_2308
1428,1699,1.0,s_2935,r_2324
1428,1707,-1.0,s_2935,r_2332
1428,1708,-1.0,s_2935,r_2333
1429,1684,1.0,s_2936,r_2309
1429,1700,1.0,s_2936,r_2325
1429,1709,-1.0,s_2936,r_2334
1429,1710,-1.0,s_2936,r_2335
1430,1685,1.0,s_2937,r_2310
1430,1701,1.0,s_2937,r_2326
1430,1711,-1.0,s_2937,r_2336
1430,1712,-1.0,s_2937,r_2337
1431,1686,1.0,s_2938,r_2311
1431,1702,1.0,s_2938,r_2327
1431,1713,-1.0,s_2938,r_2338
1431,1714,-1.0,s_2938,r_2339
1432,1687,-1.0,s_2939,r_2312
1432,1688,-1.0,s_2939,r_2313
1432,1689,-1.0,s_2939,r_2314
1432,1690,-1.0,s_2939,r_2315
1432,2900,1.0,s_2939,r_3535
1433,1687,1.0,s_2940,r_2312
1433,1699,-1.0,s_2940,r_2324
1434,1688,1.0,s_2941,r_2313
1434,1700,-1.0,s_2941,r_2325
1435,1689,1.0,s_2942,r_2314
1435,1701,-1.0,s_2942,r_2326
1436,1690,1.0,s_2943,r_2315
1436,1702,-1.0,s_2943,r_2327
1437,1691,1.0,s_2944,r_2316
1437,1703,1.0,s_2944,r_2328
1437,1715,-1.0,s_2944,r_2340
1438,1692,1.0,s_2945,r_2317
1438,1704,1.0,s_2945,r_2329
1438,1716,-1.0,s_2945,r_2341
1439,1693,1.0,s_2946,r_2318
1439,1705,1.0,s_2946,r_2330
1439,1717,-1.0,s_2946,r_2342
1440,1694,1.0,s_2947,r_2319
1440,1706,1.0,s_2947,r_2331
1440,1718,-1.0,s_2947,r_2343
1441,1695,1.0,s_2948,r_2320
1441,1703,-1.0,s_2948,r_2328
1442,1696,1.0,s_2949,r_2321
1442,1704,-1.0,s_2949,r_2329
1443,1697,1.0,s_2950,r_2322
1443,1705,-1.0,s_2950,r_2330
1444,1698,1.0,s_2951,r_2323
1444,1706,-1.0,s_2951,r_2331
1445,1703,-1.0,s_2952,r_2328
1445,1704,-1.0,s_2952,r_2329
1445,1705,-1.0,s_2952,r_2330
1445,1706,-1.0,s_2952,r_2331
1445,2948,1.0,s_2952,r_3583
1446,1703,1.0,s_2953,r_2328
1446,1704,1.0,s_2953,r_2329
1446,1705,1.0,s_2953,r_2330
1446,1706,1.0,s_2953,r_2331
1446,2949,1.0,s_2953,r_3584
1447,1707,1.0,s_2954,r_2332
1447,1719,-1.0,s_2954,r_2344
1447,1807,-1.0,s_2954,r_2432
1447,1887,1.0,s_2954,r_2512
1447,3124,-1.0,s_2954,r_3759
1447,3162,-1.0,s_2954,r_3797
1447,3194,-1.0,s_2954,r_3829
1447,3268,1.0,s_2954,r_3903
1447,3444,-1.0,s_2954,r_4080
1448,1708,1.0,s_2955,r_2333
1448,1720,-1.0,s_2955,r_2345
1448,1811,-1.0,s_2955,r_2436
1448,1891,1.0,s_2955,r_2516
1448,3120,1.0,s_2955,r_3755
1448,3128,-1.0,s_2955,r_3763
1448,3166,-1.0,s_2955,r_3801
1448,3198,-1.0,s_2955,r_3833
1448,3272,1.0,s_2955,r_3907
1448,3445,-1.0,s_2955,r_4081
1449,1709,1.0,s_2956,r_2334
1449,1721,-1.0,s_2956,r_2346
1449,1808,-1.0,s_2956,r_2433
1449,1888,1.0,s_2956,r_2513
1449,3125,-1.0,s_2956,r_3760
1449,3163,-1.0,s_2956,r_3798
1449,3195,-1.0,s_2956,r_3830
1449,3269,1.0,s_2956,r_3904
1449,3446,-1.0,s_2956,r_4082
1450,1710,1.0,s_2957,r_2335
1450,1722,-1.0,s_2957,r_2347
1450,1812,-1.0,s_2957,r_2437
1450,1892,1.0,s_2957,r_2517
1450,3121,1.0,s_2957,r_3756
1450,3129,-1.0,s_2957,r_3764
1450,3167,-1.0,s_2957,r_3802
1450,3199,-1.0,s_2957,r_3834
1450,3273,1.0,s_2957,r_3908
1450,3447,-1.0,s_2957,r_4083
1451,1711,1.0,s_2958,r_2336
1451,1723,-1.0,s_2958,r_2348
1451,1809,-1.0,s_2958,r_2434
1451,1889,1.0,s_2958,r_2514
1451,3126,-1.0,s_2958,r_3761
1451,3164,-1.0,s_2958,r_3799
1451,3196,-1.0,s_2958,r_3831
1451,3270,1.0,s_2958,r_3905
1451,3448,-1.0,s_2958,r_4084
1452,1712,1.0,s_2959,r_2337
1452,1724,-1.0,s_2959,r_2349
1452,1813,-1.0,s_2959,r_2438
1452,1893,1.0,s_2959,r_2518
1452,3122,1.0,s_2959,r_3757
1452,3168,-1.0,s_2959,r_3803
1452,3200,-1.0,s_2959,r_3835
1452,3274,1.0,s_2959,r_3909
1452,3449,-1.0,s_2959,r_4085
1453,1713,1.0,s_2960,r_2338
1453,1725,-1.0,s_2960,r_2350
1453,1810,-1.0,s_2960,r_2435
1453,1890,1.0,s_2960,r_2515
1453,3127,-1.0,s_2960,r_3762
1453,3165,-1.0,s_2960,r_3800
1453,3197,-1.0,s_2960,r_3832
1453,3271,1.0,s_2960,r_3906
1453,3450,-1.0,s_2960,r_4086
1454,1714,1.0,s_2961,r_2339
1454,1726,-1.0,s_2961,r_2351
1454,1814,-1.0,s_2961,r_2439
1454,1894,1.0,s_2961,r_2519
1454,3123,1.0,s_2961,r_3758
1454,3169,-1.0,s_2961,r_3804
1454,3201,-1.0,s_2961,r_3836
1454,3275,1.0,s_2961,r_3910
1454,3451,-1.0,s_2961,r_4087
1455,1715,1.0,s_2962,r_2340
1455,3120,-1.0,s_2962,r_3755
1456,1716,1.0,s_2963,r_2341
1456,3121,-1.0,s_2963,r_3756
1457,1717,1.0,s_2964,r_2342
1457,3122,-1.0,s_2964,r_3757
1458,1718,1.0,s_2965,r_2343
1458,3123,-1.0,s_2965,r_3758
1459,1719,1.0,s_2966,r_2344
1459,1720,1.0,s_2966,r_2345
1459,1721,1.0,s_2966,r_2346
1459,1722,1.0,s_2966,r_2347
1459,1723,1.0,s_2966,r_2348
1459,1724,1.0,s_2966,r_2349
1459,1725,1.0,s_2966,r_2350
1459,1726,1.0,s_2966,r_2351
1459,2493,1.0,s_2966,r_3128
1459,2494,1.0,s_2966,r_3129
1459,2495,1.0,s_2966,r_3130
1459,2496,1.0,s_2966,r_3131
1459,2497,1.0,s_2966,r_3132
1459,2498,1.0,s_2966,r_3133
1459,2499,1.0,s_2966,r_3134
1459,2500,1.0,s_2966,r_3135
1459,2525,1.0,s_2966,r_3160
1459,2526,1.0,s_2966,r_3161
1459,2527,1.0,s_2966,r_3162
1459,2528,1.0,s_2966,r_3163
1459,2529,1.0,s_2966,r_3164
1459,2530,1.0,s_2966,r_3165
1459,2531,1.0,s_2966,r_3166
1459,2532,1.0,s_2966,r_3167
1459,2573,1.0,s_2966,r_3208
1459,2574,1.0,s_2966,r_3209
1459,2575,1.0,s_2966,r_3210
1459,2576,1.0,s_2966,r_3211
1459,2577,1.0,s_2966,r_3212
1459,2578,1.0,s_2966,r_3213
1459,2579,1.0,s_2966,r_3214
1459,2580,1.0,s_2966,r_3215
1459,2902,1.0,s_2966,r_3537
1459,3305,1.0,s_2966,r_3940
1459,3663,1.0,s_2966,r_4308
1460,1719,1.0,s_2967,r_2344
1460,1743,-1.0,s_2967,r_2368
1460,1751,-1.0,s_2967,r_2376
1460,1759,-1.0,s_2967,r_2384
1460,1767,-1.0,s_2967,r_2392
1460,1887,-1.0,s_2967,r_2512
1460,1895,-1.0,s_2967,r_2520
1460,1903,-1.0,s_2967,r_2528
1460,2259,-1.0,s_2967,r_2884
1460,2260,-1.0,s_2967,r_2885
1460,2261,-1.0,s_2967,r_2886
1460,2262,-1.0,s_2967,r_2887
1460,2263,-1.0,s_2967,r_2888
1460,2264,-1.0,s_2967,r_2889
1460,2265,-1.0,s_2967,r_2890
1460,2266,-1.0,s_2967,r_2891
1460,2323,-1.0,s_2967,r_2948
1460,2324,-1.0,s_2967,r_2949
1460,2325,-1.0,s_2967,r_2950
1460,2326,-1.0,s_2967,r_2951
1460,2327,-1.0,s_2967,r_2952
1460,2328,-1.0,s_2967,r_2953
1460,2329,-1.0,s_2967,r_2954
1460,2330,-1.0,s_2967,r_2955
1460,2919,1.0,s_2967,r_3554
1460,3154,-1.0,s_2967,r_3789
1460,3452,-1.0,s_2967,r_4088
1461,1720,1.0,s_2968,r_2345
1461,1744,-1.0,s_2968,r_2369
1461,1752,-1.0,s_2968,r_2377
1461,1760,-1.0,s_2968,r_2385
1461,1768,-1.0,s_2968,r_2393
1461,1891,-1.0,s_2968,r_2516
1461,1899,-1.0,s_2968,r_2524
1461,1907,-1.0,s_2968,r_2532
1461,2291,-1.0,s_2968,r_2916
1461,2292,-1.0,s_2968,r_2917
1461,2293,-1.0,s_2968,r_2918
1461,2294,-1.0,s_2968,r_2919
1461,2295,-1.0,s_2968,r_2920
1461,2296,-1.0,s_2968,r_2921
1461,2297,-1.0,s_2968,r_2922
1461,2298,-1.0,s_2968,r_2923
1461,2355,-1.0,s_2968,r_2980
1461,2356,-1.0,s_2968,r_2981
1461,2357,-1.0,s_2968,r_2982
1461,2358,-1.0,s_2968,r_2983
1461,2359,-1.0,s_2968,r_2984
1461,2360,-1.0,s_2968,r_2985
1461,2361,-1.0,s_2968,r_2986
1461,2362,-1.0,s_2968,r_2987
1461,2923,1.0,s_2968,r_3558
1461,3158,-1.0,s_2968,r_3793
1461,3453,-1.0,s_2968,r_4089
1462,1721,1.0,s_2969,r_2346
1462,1745,-1.0,s_2969,r_2370
1462,1753,-1.0,s_2969,r_2378
1462,1761,-1.0,s_2969,r_2386
1462,1769,-1.0,s_2969,r_2394
1462,1888,-1.0,s_2969,r_2513
1462,1896,-1.0,s_2969,r_2521
1462,1904,-1.0,s_2969,r_2529
1462,2267,-1.0,s_2969,r_2892
1462,2268,-1.0,s_2969,r_2893
1462,2269,-1.0,s_2969,r_2894
1462,2270,-1.0,s_2969,r_2895
1462,2271,-1.0,s_2969,r_2896
1462,2272,-1.0,s_2969,r_2897
1462,2273,-1.0,s_2969,r_2898
1462,2274,-1.0,s_2969,r_2899
1462,2331,-1.0,s_2969,r_2956
1462,2332,-1.0,s_2969,r_2957
1462,2333,-1.0,s_2969,r_2958
1462,2334,-1.0,s_2969,r_2959
1462,2335,-1.0,s_2969,r_2960
1462,2336,-1.0,s_2969,r_2961
1462,2337,-1.0,s_2969,r_2962
1462,2338,-1.0,s_2969,r_2963
1462,2920,1.0,s_2969,r_3555
1462,3155,-1.0,s_2969,r_3790
1462,3454,-1.0,s_2969,r_4090
1463,1722,1.0,s_2970,r_2347
1463,1746,-1.0,s_2970,r_2371
1463,1754,-1.0,s_2970,r_2379
1463,1762,-1.0,s_2970,r_2387
1463,1770,-1.0,s_2970,r_2395
1463,1892,-1.0,s_2970,r_2517
1463,1900,-1.0,s_2970,r_2525
1463,1908,-1.0,s_2970,r_2533
1463,2299,-1.0,s_2970,r_2924
1463,2300,-1.0,s_2970,r_2925
1463,2301,-1.0,s_2970,r_2926
1463,2302,-1.0,s_2970,r_2927
1463,2303,-1.0,s_2970,r_2928
1463,2304,-1.0,s_2970,r_2929
1463,2305,-1.0,s_2970,r_2930
1463,2306,-1.0,s_2970,r_2931
1463,2363,-1.0,s_2970,r_2988
1463,2364,-1.0,s_2970,r_2989
1463,2365,-1.0,s_2970,r_2990
1463,2366,-1.0,s_2970,r_2991
1463,2367,-1.0,s_2970,r_2992
1463,2368,-1.0,s_2970,r_2993
1463,2369,-1.0,s_2970,r_2994
1463,2370,-1.0,s_2970,r_2995
1463,2924,1.0,s_2970,r_3559
1463,3159,-1.0,s_2970,r_3794
1463,3455,-1.0,s_2970,r_4091
1464,1723,1.0,s_2971,r_2348
1464,1747,-1.0,s_2971,r_2372
1464,1755,-1.0,s_2971,r_2380
1464,1763,-1.0,s_2971,r_2388
1464,1771,-1.0,s_2971,r_2396
1464,1889,-1.0,s_2971,r_2514
1464,1897,-1.0,s_2971,r_2522
1464,1905,-1.0,s_2971,r_2530
1464,2275,-1.0,s_2971,r_2900
1464,2276,-1.0,s_2971,r_2901
1464,2277,-1.0,s_2971,r_2902
1464,2278,-1.0,s_2971,r_2903
1464,2279,-1.0,s_2971,r_2904
1464,2280,-1.0,s_2971,r_2905
1464,2281,-1.0,s_2971,r_2906
1464,2282,-1.0,s_2971,r_2907
1464,2339,-1.0,s_2971,r_2964
1464,2340,-1.0,s_2971,r_2965
1464,2341,-1.0,s_2971,r_2966
1464,2342,-1.0,s_2971,r_2967
1464,2343,-1.0,s_2971,r_2968
1464,2344,-1.0,s_2971,r_2969
1464,2345,-1.0,s_2971,r_2970
1464,2346,-1.0,s_2971,r_2971
1464,2921,1.0,s_2971,r_3556
1464,3156,-1.0,s_2971,r_3791
1464,3456,-1.0,s_2971,r_4092
1465,1724,1.0,s_2972,r_2349
1465,1748,-1.0,s_2972,r_2373
1465,1756,-1.0,s_2972,r_2381
1465,1764,-1.0,s_2972,r_2389
1465,1772,-1.0,s_2972,r_2397
1465,1893,-1.0,s_2972,r_2518
1465,1901,-1.0,s_2972,r_2526
1465,1909,-1.0,s_2972,r_2534
1465,2307,-1.0,s_2972,r_2932
1465,2308,-1.0,s_2972,r_2933
1465,2309,-1.0,s_2972,r_2934
1465,2310,-1.0,s_2972,r_2935
1465,2311,-1.0,s_2972,r_2936
1465,2312,-1.0,s_2972,r_2937
1465,2313,-1.0,s_2972,r_2938
1465,2314,-1.0,s_2972,r_2939
1465,2371,-1.0,s_2972,r_2996
1465,2372,-1.0,s_2972,r_2997
1465,2373,-1.0,s_2972,r_2998
1465,2374,-1.0,s_2972,r_2999
1465,2375,-1.0,s_2972,r_3000
1465,2376,-1.0,s_2972,r_3001
1465,2377,-1.0,s_2972,r_3002
1465,2378,-1.0,s_2972,r_3003
1465,2925,1.0,s_2972,r_3560
1465,3160,-1.0,s_2972,r_3795
1465,3457,-1.0,s_2972,r_4093
1466,1725,1.0,s_2973,r_2350
1466,1749,-1.0,s_2973,r_2374
1466,1757,-1.0,s_2973,r_2382
1466,1765,-1.0,s_2973,r_2390
1466,1773,-1.0,s_2973,r_2398
1466,1890,-1.0,s_2973,r_2515
1466,1898,-1.0,s_2973,r_2523
1466,1906,-1.0,s_2973,r_2531
1466,2283,-1.0,s_2973,r_2908
1466,2284,-1.0,s_2973,r_2909
1466,2285,-1.0,s_2973,r_2910
1466,2286,-1.0,s_2973,r_2911
1466,2287,-1.0,s_2973,r_2912
1466,2288,-1.0,s_2973,r_2913
1466,2289,-1.0,s_2973,r_2914
1466,2290,-1.0,s_2973,r_2915
1466,2347,-1.0,s_2973,r_2972
1466,2348,-1.0,s_2973,r_2973
1466,2349,-1.0,s_2973,r_2974
1466,2350,-1.0,s_2973,r_2975
1466,2351,-1.0,s_2973,r_2976
1466,2352,-1.0,s_2973,r_2977
1466,2353,-1.0,s_2973,r_2978
1466,2354,-1.0,s_2973,r_2979
1466,2922,1.0,s_2973,r_3557
1466,3157,-1.0,s_2973,r_3792
1466,3458,-1.0,s_2973,r_4094
1467,1726,1.0,s_2974,r_2351
1467,1750,-1.0,s_2974,r_2375
1467,1758,-1.0,s_2974,r_2383
1467,1766,-1.0,s_2974,r_2391
1467,1774,-1.0,s_2974,r_2399
1467,1894,-1.0,s_2974,r_2519
1467,1902,-1.0,s_2974,r_2527
1467,1910,-1.0,s_2974,r_2535
1467,2315,-1.0,s_2974,r_2940
1467,2316,-1.0,s_2974,r_2941
1467,2317,-1.0,s_2974,r_2942
1467,2318,-1.0,s_2974,r_2943
1467,2319,-1.0,s_2974,r_2944
1467,2320,-1.0,s_2974,r_2945
1467,2321,-1.0,s_2974,r_2946
1467,2322,-1.0,s_2974,r_2947
1467,2379,-1.0,s_2974,r_3004
1467,2380,-1.0,s_2974,r_3005
1467,2381,-1.0,s_2974,r_3006
1467,2382,-1.0,s_2974,r_3007
1467,2383,-1.0,s_2974,r_3008
1467,2384,-1.0,s_2974,r_3009
1467,2385,-1.0,s_2974,r_3010
1467,2386,-1.0,s_2974,r_3011
1467,2926,1.0,s_2974,r_3561
1467,3161,-1.0,s_2974,r_3796
1467,3459,-1.0,s_2974,r_4095
1468,1727,-1.0,s_2975,r_2352
1468,2589,1.0,s_2975,r_3224
1468,2705,-1.0,s_2975,r_3340
1468,3194,1.0,s_2975,r_3829
1469,1727,-1.0,s_2976,r_2352
1469,1728,-1.0,s_2976,r_2353
1469,1729,-1.0,s_2976,r_2354
1469,1730,-1.0,s_2976,r_2355
1469,1731,-1.0,s_2976,r_2356
1469,1732,-1.0,s_2976,r_2357
1469,1733,-1.0,s_2976,r_2358
1469,1734,-1.0,s_2976,r_2359
1469,2581,-1.0,s_2976,r_3216
1469,2582,-1.0,s_2976,r_3217
1469,2583,-1.0,s_2976,r_3218
1469,2584,-1.0,s_2976,r_3219
1469,2585,-1.0,s_2976,r_3220
1469,2586,-1.0,s_2976,r_3221
1469,2587,-1.0,s_2976,r_3222
1469,2588,-1.0,s_2976,r_3223
1469,2589,-1.0,s_2976,r_3224
1469,2590,-1.0,s_2976,r_3225
1469,2591,-1.0,s_2976,r_3226
1469,2592,-1.0,s_2976,r_3227
1469,2593,-1.0,s_2976,r_3228
1469,2594,-1.0,s_2976,r_3229
1469,2595,-1.0,s_2976,r_3230
1469,2596,-1.0,s_2976,r_3231
1469,2609,-1.0,s_2976,r_3244
1469,2610,-1.0,s_2976,r_3245
1469,2611,-1.0,s_2976,r_3246
1469,2612,-1.0,s_2976,r_3247
1469,3013,1.0,s_2976,r_3648
1470,1727,1.0,s_2977,r_2352
1470,1728,1.0,s_2977,r_2353
1470,1729,1.0,s_2977,r_2354
1470,1730,1.0,s_2977,r_2355
1470,1731,1.0,s_2977,r_2356
1470,1732,1.0,s_2977,r_2357
1470,1733,1.0,s_2977,r_2358
1470,1734,1.0,s_2977,r_2359
1470,2581,1.0,s_2977,r_3216
1470,2582,1.0,s_2977,r_3217
1470,2583,1.0,s_2977,r_3218
1470,2584,1.0,s_2977,r_3219
1470,2585,1.0,s_2977,r_3220
1470,2586,1.0,s_2977,r_3221
1470,2587,1.0,s_2977,r_3222
1470,2588,1.0,s_2977,r_3223
1470,2589,1.0,s_2977,r_3224
1470,2590,1.0,s_2977,r_3225
1470,2591,1.0,s_2977,r_3226
1470,2592,1.0,s_2977,r_3227
1470,2593,1.0,s_2977,r_3228
1470,2594,1.0,s_2977,r_3229
1470,2595,1.0,s_2977,r_3230
1470,2596,1.0,s_2977,r_3231
1470,2609,1.0,s_2977,r_3244
1470,2610,1.0,s_2977,r_3245
1470,2611,1.0,s_2977,r_3246
1470,2612,1.0,s_2977,r_3247
1470,3014,1.0,s_2977,r_3649
1471,1727,1.0,s_2978,r_2352
1472,1728,-1.0,s_2979,r_2353
1472,2593,1.0,s_2979,r_3228
1472,2709,-1.0,s_2979,r_3344
1472,3198,1.0,s_2979,r_3833
1473,1728,1.0,s_2980,r_2353
1474,1729,-1.0,s_2981,r_2354
1474,2590,1.0,s_2981,r_3225
1474,2706,-1.0,s_2981,r_3341
1474,3195,1.0,s_2981,r_3830
1475,1729,1.0,s_2982,r_2354
1476,1730,-1.0,s_2983,r_2355
1476,2594,1.0,s_2983,r_3229
1476,2710,-1.0,s_2983,r_3345
1476,3199,1.0,s_2983,r_3834
1477,1730,1.0,s_2984,r_2355
1478,1731,-1.0,s_2985,r_2356
1478,2591,1.0,s_2985,r_3226
1478,2707,-1.0,s_2985,r_3342
1478,3196,1.0,s_2985,r_3831
1479,1731,1.0,s_2986,r_2356
1480,1732,-1.0,s_2987,r_2357
1480,2595,1.0,s_2987,r_3230
1480,2711,-1.0,s_2987,r_3346
1480,3200,1.0,s_2987,r_3835
1481,1732,1.0,s_2988,r_2357
1482,1733,-1.0,s_2989,r_2358
1482,2592,1.0,s_2989,r_3227
1482,2708,-1.0,s_2989,r_3343
1482,3197,1.0,s_2989,r_3832
1483,1733,1.0,s_2990,r_2358
1484,1734,-1.0,s_2991,r_2359
1484,2596,1.0,s_2991,r_3231
1484,2712,-1.0,s_2991,r_3347
1484,3201,1.0,s_2991,r_3836
1485,1734,1.0,s_2992,r_2359
1486,1735,-1.0,s_2993,r_2360
1486,2597,1.0,s_2993,r_3232
1486,2697,-1.0,s_2993,r_3332
1486,3162,1.0,s_2993,r_3797
1487,1735,-1.0,s_2994,r_2360
1487,1736,-1.0,s_2994,r_2361
1487,1737,-1.0,s_2994,r_2362
1487,1738,-1.0,s_2994,r_2363
1487,1739,-1.0,s_2994,r_2364
1487,1740,-1.0,s_2994,r_2365
1487,1741,-1.0,s_2994,r_2366
1487,1742,-1.0,s_2994,r_2367
1487,2501,-1.0,s_2994,r_3136
1487,2502,-1.0,s_2994,r_3137
1487,2503,-1.0,s_2994,r_3138
1487,2504,-1.0,s_2994,r_3139
1487,2505,-1.0,s_2994,r_3140
1487,2506,-1.0,s_2994,r_3141
1487,2507,-1.0,s_2994,r_3142
1487,2508,-1.0,s_2994,r_3143
1487,2533,-1.0,s_2994,r_3168
1487,2534,-1.0,s_2994,r_3169
1487,2535,-1.0,s_2994,r_3170
1487,2536,-1.0,s_2994,r_3171
1487,2537,-1.0,s_2994,r_3172
1487,2538,-1.0,s_2994,r_3173
1487,2539,-1.0,s_2994,r_3174
1487,2540,-1.0,s_2994,r_3175
1487,2597,-1.0,s_2994,r_3232
1487,2598,-1.0,s_2994,r_3233
1487,2599,-1.0,s_2994,r_3234
1487,2600,-1.0,s_2994,r_3235
1487,2601,-1.0,s_2994,r_3236
1487,2602,-1.0,s_2994,r_3237
1487,2603,-1.0,s_2994,r_3238
1487,2604,-1.0,s_2994,r_3239
1487,2613,-1.0,s_2994,r_3248
1487,2614,-1.0,s_2994,r_3249
1487,2615,-1.0,s_2994,r_3250
1487,2616,-1.0,s_2994,r_3251
1487,3027,1.0,s_2994,r_3662
1488,1735,1.0,s_2995,r_2360
1488,1736,1.0,s_2995,r_2361
1488,1737,1.0,s_2995,r_2362
1488,1738,1.0,s_2995,r_2363
1488,1739,1.0,s_2995,r_2364
1488,1740,1.0,s_2995,r_2365
1488,1741,1.0,s_2995,r_2366
1488,1742,1.0,s_2995,r_2367
1488,2501,1.0,s_2995,r_3136
1488,2502,1.0,s_2995,r_3137
1488,2503,1.0,s_2995,r_3138
1488,2504,1.0,s_2995,r_3139
1488,2505,1.0,s_2995,r_3140
1488,2506,1.0,s_2995,r_3141
1488,2507,1.0,s_2995,r_3142
1488,2508,1.0,s_2995,r_3143
1488,2533,1.0,s_2995,r_3168
1488,2534,1.0,s_2995,r_3169
1488,2535,1.0,s_2995,r_3170
1488,2536,1.0,s_2995,r_3171
1488,2537,1.0,s_2995,r_3172
1488,2538,1.0,s_2995,r_3173
1488,2539,1.0,s_2995,r_3174
1488,2540,1.0,s_2995,r_3175
1488,2597,1.0,s_2995,r_3232
1488,2598,1.0,s_2995,r_3233
1488,2599,1.0,s_2995,r_3234
1488,2600,1.0,s_2995,r_3235
1488,2601,1.0,s_2995,r_3236
1488,2602,1.0,s_2995,r_3237
1488,2603,1.0,s_2995,r_3238
1488,2604,1.0,s_2995,r_3239
1488,2613,1.0,s_2995,r_3248
1488,2614,1.0,s_2995,r_3249
1488,2615,1.0,s_2995,r_3250
1488,2616,1.0,s_2995,r_3251
1488,3028,1.0,s_2995,r_3663
1489,1735,1.0,s_2996,r_2360
1489,2713,1.0,s_2996,r_3348
1489,2721,1.0,s_2996,r_3356
1489,2729,1.0,s_2996,r_3364
1489,2737,1.0,s_2996,r_3372
1489,2745,1.0,s_2996,r_3380
1489,2753,1.0,s_2996,r_3388
1489,2761,1.0,s_2996,r_3396
1489,2769,1.0,s_2996,r_3404
1489,2777,1.0,s_2996,r_3412
1489,2785,1.0,s_2996,r_3420
1489,2793,1.0,s_2996,r_3428
1489,2801,1.0,s_2996,r_3436
1489,2809,1.0,s_2996,r_3444
1489,2817,1.0,s_2996,r_3452
1489,2825,1.0,s_2996,r_3460
1489,2833,1.0,s_2996,r_3468
1489,2841,1.0,s_2996,r_3476
1489,2849,1.0,s_2996,r_3484
1489,2857,1.0,s_2996,r_3492
1489,2865,1.0,s_2996,r_3500
1489,3154,1.0,s_2996,r_3789
1490,1736,-1.0,s_2997,r_2361
1490,2601,1.0,s_2997,r_3236
1490,2701,-1.0,s_2997,r_3336
1490,3166,1.0,s_2997,r_3801
1491,1736,1.0,s_2998,r_2361
1491,2717,1.0,s_2998,r_3352
1491,2725,1.0,s_2998,r_3360
1491,2733,1.0,s_2998,r_3368
1491,2741,1.0,s_2998,r_3376
1491,2749,1.0,s_2998,r_3384
1491,2757,1.0,s_2998,r_3392
1491,2765,1.0,s_2998,r_3400
1491,2773,1.0,s_2998,r_3408
1491,2781,1.0,s_2998,r_3416
1491,2789,1.0,s_2998,r_3424
1491,2797,1.0,s_2998,r_3432
1491,2805,1.0,s_2998,r_3440
1491,2813,1.0,s_2998,r_3448
1491,2821,1.0,s_2998,r_3456
1491,2829,1.0,s_2998,r_3464
1491,2837,1.0,s_2998,r_3472
1491,2845,1.0,s_2998,r_3480
1491,2853,1.0,s_2998,r_3488
1491,2861,1.0,s_2998,r_3496
1491,2869,1.0,s_2998,r_3504
1491,3158,1.0,s_2998,r_3793
1492,1737,-1.0,s_2999,r_2362
1492,2598,1.0,s_2999,r_3233
1492,2698,-1.0,s_2999,r_3333
1492,3163,1.0,s_2999,r_3798
1493,1737,1.0,s_3000,r_2362
1493,2714,1.0,s_3000,r_3349
1493,2722,1.0,s_3000,r_3357
1493,2730,1.0,s_3000,r_3365
1493,2738,1.0,s_3000,r_3373
1493,2746,1.0,s_3000,r_3381
1493,2754,1.0,s_3000,r_3389
1493,2762,1.0,s_3000,r_3397
1493,2770,1.0,s_3000,r_3405
1493,2778,1.0,s_3000,r_3413
1493,2786,1.0,s_3000,r_3421
1493,2794,1.0,s_3000,r_3429
1493,2802,1.0,s_3000,r_3437
1493,2810,1.0,s_3000,r_3445
1493,2818,1.0,s_3000,r_3453
1493,2826,1.0,s_3000,r_3461
1493,2834,1.0,s_3000,r_3469
1493,2842,1.0,s_3000,r_3477
1493,2850,1.0,s_3000,r_3485
1493,2858,1.0,s_3000,r_3493
1493,2866,1.0,s_3000,r_3501
1493,3155,1.0,s_3000,r_3790
1494,1738,-1.0,s_3001,r_2363
1494,2602,1.0,s_3001,r_3237
1494,2702,-1.0,s_3001,r_3337
1494,3167,1.0,s_3001,r_3802
1495,1738,1.0,s_3002,r_2363
1495,2718,1.0,s_3002,r_3353
1495,2726,1.0,s_3002,r_3361
1495,2734,1.0,s_3002,r_3369
1495,2742,1.0,s_3002,r_3377
1495,2750,1.0,s_3002,r_3385
1495,2758,1.0,s_3002,r_3393
1495,2766,1.0,s_3002,r_3401
1495,2774,1.0,s_3002,r_3409
1495,2782,1.0,s_3002,r_3417
1495,2790,1.0,s_3002,r_3425
1495,2798,1.0,s_3002,r_3433
1495,2806,1.0,s_3002,r_3441
1495,2814,1.0,s_3002,r_3449
1495,2822,1.0,s_3002,r_3457
1495,2830,1.0,s_3002,r_3465
1495,2838,1.0,s_3002,r_3473
1495,2846,1.0,s_3002,r_3481
1495,2854,1.0,s_3002,r_3489
1495,2862,1.0,s_3002,r_3497
1495,2870,1.0,s_3002,r_3505
1495,3159,1.0,s_3002,r_3794
1496,1739,-1.0,s_3003,r_2364
1496,2599,1.0,s_3003,r_3234
1496,2699,-1.0,s_3003,r_3334
1496,3164,1.0,s_3003,r_3799
1497,1739,1.0,s_3004,r_2364
1497,2715,1.0,s_3004,r_3350
1497,2723,1.0,s_3004,r_3358
1497,2731,1.0,s_3004,r_3366
1497,2739,1.0,s_3004,r_3374
1497,2747,1.0,s_3004,r_3382
1497,2755,1.0,s_3004,r_3390
1497,2763,1.0,s_3004,r_3398
1497,2771,1.0,s_3004,r_3406
1497,2779,1.0,s_3004,r_3414
1497,2787,1.0,s_3004,r_3422
1497,2795,1.0,s_3004,r_3430
1497,2803,1.0,s_3004,r_3438
1497,2811,1.0,s_3004,r_3446
1497,2819,1.0,s_3004,r_3454
1497,2827,1.0,s_3004,r_3462
1497,2835,1.0,s_3004,r_3470
1497,2843,1.0,s_3004,r_3478
1497,2851,1.0,s_3004,r_3486
1497,2859,1.0,s_3004,r_3494
1497,2867,1.0,s_3004,r_3502
1497,3156,1.0,s_3004,r_3791
1498,1740,-1.0,s_3005,r_2365
1498,2603,1.0,s_3005,r_3238
1498,2703,-1.0,s_3005,r_3338
1498,3168,1.0,s_3005,r_3803
1499,1740,1.0,s_3006,r_2365
1499,2719,1.0,s_3006,r_3354
1499,2727,1.0,s_3006,r_3362
1499,2735,1.0,s_3006,r_3370
1499,2743,1.0,s_3006,r_3378
1499,2751,1.0,s_3006,r_3386
1499,2759,1.0,s_3006,r_3394
1499,2767,1.0,s_3006,r_3402
1499,2775,1.0,s_3006,r_3410
1499,2783,1.0,s_3006,r_3418
1499,2791,1.0,s_3006,r_3426
1499,2799,1.0,s_3006,r_3434
1499,2807,1.0,s_3006,r_3442
1499,2815,1.0,s_3006,r_3450
1499,2823,1.0,s_3006,r_3458
1499,2831,1.0,s_3006,r_3466
1499,2839,1.0,s_3006,r_3474
1499,2847,1.0,s_3006,r_3482
1499,2855,1.0,s_3006,r_3490
1499,2863,1.0,s_3006,r_3498
1499,2871,1.0,s_3006,r_3506
1499,3160,1.0,s_3006,r_3795
1500,1741,-1.0,s_3007,r_2366
1500,2600,1.0,s_3007,r_3235
1500,2700,-1.0,s_3007,r_3335
1500,3165,1.0,s_3007,r_3800
1501,1741,1.0,s_3008,r_2366
1501,2716,1.0,s_3008,r_3351
1501,2724,1.0,s_3008,r_3359
1501,2732,1.0,s_3008,r_3367
1501,2740,1.0,s_3008,r_3375
1501,2748,1.0,s_3008,r_3383
1501,2756,1.0,s_3008,r_3391
1501,2764,1.0,s_3008,r_3399
1501,2772,1.0,s_3008,r_3407
1501,2780,1.0,s_3008,r_3415
1501,2788,1.0,s_3008,r_3423
1501,2796,1.0,s_3008,r_3431
1501,2804,1.0,s_3008,r_3439
1501,2812,1.0,s_3008,r_3447
1501,2820,1.0,s_3008,r_3455
1501,2828,1.0,s_3008,r_3463
1501,2836,1.0,s_3008,r_3471
1501,2844,1.0,s_3008,r_3479
1501,2852,1.0,s_3008,r_3487
1501,2860,1.0,s_3008,r_3495
1501,2868,1.0,s_3008,r_3503
1501,3157,1.0,s_3008,r_3792
1502,1742,-1.0,s_3009,r_2367
1502,2604,1.0,s_3009,r_3239
1502,2704,-1.0,s_3009,r_3339
1502,3169,1.0,s_3009,r_3804
1503,1742,1.0,s_3010,r_2367
1503,2720,1.0,s_3010,r_3355
1503,2728,1.0,s_3010,r_3363
1503,2736,1.0,s_3010,r_3371
1503,2744,1.0,s_3010,r_3379
1503,2752,1.0,s_3010,r_3387
1503,2760,1.0,s_3010,r_3395
1503,2768,1.0,s_3010,r_3403
1503,2776,1.0,s_3010,r_3411
1503,2784,1.0,s_3010,r_3419
1503,2792,1.0,s_3010,r_3427
1503,2800,1.0,s_3010,r_3435
1503,2808,1.0,s_3010,r_3443
1503,2816,1.0,s_3010,r_3451
1503,2824,1.0,s_3010,r_3459
1503,2832,1.0,s_3010,r_3467
1503,2840,1.0,s_3010,r_3475
1503,2848,1.0,s_3010,r_3483
1503,2856,1.0,s_3010,r_3491
1503,2864,1.0,s_3010,r_3499
1503,2872,1.0,s_3010,r_3507
1503,3161,1.0,s_3010,r_3796
1504,1743,1.0,s_3011,r_2368
1504,3050,-1.0,s_3011,r_3685
1504,3370,-1.0,s_3011,r_4006
1505,1744,1.0,s_3012,r_2369
1505,3066,-1.0,s_3012,r_3701
1505,3371,-1.0,s_3012,r_4007
1506,1745,1.0,s_3013,r_2370
1506,3054,-1.0,s_3013,r_3689
1506,3372,-1.0,s_3013,r_4008
1507,1746,1.0,s_3014,r_2371
1507,3070,-1.0,s_3014,r_3705
1507,3373,-1.0,s_3014,r_4009
1508,1747,1.0,s_3015,r_2372
1508,3058,-1.0,s_3015,r_3693
1508,3374,-1.0,s_3015,r_4010
1509,1748,1.0,s_3016,r_2373
1509,3074,-1.0,s_3016,r_3709
1509,3375,-1.0,s_3016,r_4011
1510,1749,1.0,s_3017,r_2374
1510,3062,-1.0,s_3017,r_3697
1510,3376,-1.0,s_3017,r_4012
1511,1750,1.0,s_3018,r_2375
1511,3078,-1.0,s_3018,r_3713
1511,3377,-1.0,s_3018,r_4013
1512,1751,1.0,s_3019,r_2376
1512,2259,1.0,s_3019,r_2884
1512,2260,1.0,s_3019,r_2885
1512,2261,1.0,s_3019,r_2886
1512,2262,1.0,s_3019,r_2887
1512,2323,1.0,s_3019,r_2948
1512,2324,1.0,s_3019,r_2949
1512,2325,1.0,s_3019,r_2950
1512,2326,1.0,s_3019,r_2951
1512,3051,-1.0,s_3019,r_3686
1512,3378,-1.0,s_3019,r_4014
1513,1752,1.0,s_3020,r_2377
1513,2291,1.0,s_3020,r_2916
1513,2292,1.0,s_3020,r_2917
1513,2293,1.0,s_3020,r_2918
1513,2294,1.0,s_3020,r_2919
1513,2355,1.0,s_3020,r_2980
1513,2356,1.0,s_3020,r_2981
1513,2357,1.0,s_3020,r_2982
1513,2358,1.0,s_3020,r_2983
1513,3067,-1.0,s_3020,r_3702
1513,3379,-1.0,s_3020,r_4015
1514,1753,1.0,s_3021,r_2378
1514,2267,1.0,s_3021,r_2892
1514,2268,1.0,s_3021,r_2893
1514,2269,1.0,s_3021,r_2894
1514,2270,1.0,s_3021,r_2895
1514,2331,1.0,s_3021,r_2956
1514,2332,1.0,s_3021,r_2957
1514,2333,1.0,s_3021,r_2958
1514,2334,1.0,s_3021,r_2959
1514,3055,-1.0,s_3021,r_3690
1514,3380,-1.0,s_3021,r_4016
1515,1754,1.0,s_3022,r_2379
1515,2299,1.0,s_3022,r_2924
1515,2300,1.0,s_3022,r_2925
1515,2301,1.0,s_3022,r_2926
1515,2302,1.0,s_3022,r_2927
1515,2363,1.0,s_3022,r_2988
1515,2364,1.0,s_3022,r_2989
1515,2365,1.0,s_3022,r_2990
1515,2366,1.0,s_3022,r_2991
1515,3071,-1.0,s_3022,r_3706
1515,3381,-1.0,s_3022,r_4017
1516,1755,1.0,s_3023,r_2380
1516,2275,1.0,s_3023,r_2900
1516,2276,1.0,s_3023,r_2901
1516,2277,1.0,s_3023,r_2902
1516,2278,1.0,s_3023,r_2903
1516,2339,1.0,s_3023,r_2964
1516,2340,1.0,s_3023,r_2965
1516,2341,1.0,s_3023,r_2966
1516,2342,1.0,s_3023,r_2967
1516,3059,-1.0,s_3023,r_3694
1516,3382,-1.0,s_3023,r_4018
1517,1756,1.0,s_3024,r_2381
1517,2307,1.0,s_3024,r_2932
1517,2308,1.0,s_3024,r_2933
1517,2309,1.0,s_3024,r_2934
1517,2310,1.0,s_3024,r_2935
1517,2371,1.0,s_3024,r_2996
1517,2372,1.0,s_3024,r_2997
1517,2373,1.0,s_3024,r_2998
1517,2374,1.0,s_3024,r_2999
1517,3075,-1.0,s_3024,r_3710
1517,3383,-1.0,s_3024,r_4019
1518,1757,1.0,s_3025,r_2382
1518,2283,1.0,s_3025,r_2908
1518,2284,1.0,s_3025,r_2909
1518,2285,1.0,s_3025,r_2910
1518,2286,1.0,s_3025,r_2911
1518,2347,1.0,s_3025,r_2972
1518,2348,1.0,s_3025,r_2973
1518,2349,1.0,s_3025,r_2974
1518,2350,1.0,s_3025,r_2975
1518,3063,-1.0,s_3025,r_3698
1518,3384,-1.0,s_3025,r_4020
1519,1758,1.0,s_3026,r_2383
1519,2315,1.0,s_3026,r_2940
1519,2316,1.0,s_3026,r_2941
1519,2317,1.0,s_3026,r_2942
1519,2318,1.0,s_3026,r_2943
1519,2379,1.0,s_3026,r_3004
1519,2380,1.0,s_3026,r_3005
1519,2381,1.0,s_3026,r_3006
1519,2382,1.0,s_3026,r_3007
1519,3079,-1.0,s_3026,r_3714
1519,3385,-1.0,s_3026,r_4021
1520,1759,1.0,s_3027,r_2384
1520,3052,-1.0,s_3027,r_3687
1520,3386,-1.0,s_3027,r_4022
1521,1760,1.0,s_3028,r_2385
1521,3068,-1.0,s_3028,r_3703
1521,3387,-1.0,s_3028,r_4023
1522,1761,1.0,s_3029,r_2386
1522,3056,-1.0,s_3029,r_3691
1522,3388,-1.0,s_3029,r_4024
1523,1762,1.0,s_3030,r_2387
1523,3072,-1.0,s_3030,r_3707
1523,3389,-1.0,s_3030,r_4025
1524,1763,1.0,s_3031,r_2388
1524,3060,-1.0,s_3031,r_3695
1524,3390,-1.0,s_3031,r_4026
1525,1764,1.0,s_3032,r_2389
1525,3076,-1.0,s_3032,r_3711
1525,3391,-1.0,s_3032,r_4027
1526,1765,1.0,s_3033,r_2390
1526,3064,-1.0,s_3033,r_3699
1526,3392,-1.0,s_3033,r_4028
1527,1766,1.0,s_3034,r_2391
1527,3080,-1.0,s_3034,r_3715
1527,3393,-1.0,s_3034,r_4029
1528,1767,1.0,s_3035,r_2392
1528,2263,1.0,s_3035,r_2888
1528,2264,1.0,s_3035,r_2889
1528,2265,1.0,s_3035,r_2890
1528,2266,1.0,s_3035,r_2891
1528,2327,1.0,s_3035,r_2952
1528,2328,1.0,s_3035,r_2953
1528,2329,1.0,s_3035,r_2954
1528,2330,1.0,s_3035,r_2955
1528,3053,-1.0,s_3035,r_3688
1528,3394,-1.0,s_3035,r_4030
1529,1768,1.0,s_3036,r_2393
1529,2295,1.0,s_3036,r_2920
1529,2296,1.0,s_3036,r_2921
1529,2297,1.0,s_3036,r_2922
1529,2298,1.0,s_3036,r_2923
1529,2359,1.0,s_3036,r_2984
1529,2360,1.0,s_3036,r_2985
1529,2361,1.0,s_3036,r_2986
1529,2362,1.0,s_3036,r_2987
1529,3069,-1.0,s_3036,r_3704
1529,3395,-1.0,s_3036,r_4031
1530,1769,1.0,s_3037,r_2394
1530,2271,1.0,s_3037,r_2896
1530,2272,1.0,s_3037,r_2897
1530,2273,1.0,s_3037,r_2898
1530,2274,1.0,s_3037,r_2899
1530,2335,1.0,s_3037,r_2960
1530,2336,1.0,s_3037,r_2961
1530,2337,1.0,s_3037,r_2962
1530,2338,1.0,s_3037,r_2963
1530,3057,-1.0,s_3037,r_3692
1530,3396,-1.0,s_3037,r_4032
1531,1770,1.0,s_3038,r_2395
1531,2303,1.0,s_3038,r_2928
1531,2304,1.0,s_3038,r_2929
1531,2305,1.0,s_3038,r_2930
1531,2306,1.0,s_3038,r_2931
1531,2367,1.0,s_3038,r_2992
1531,2368,1.0,s_3038,r_2993
1531,2369,1.0,s_3038,r_2994
1531,2370,1.0,s_3038,r_2995
1531,3073,-1.0,s_3038,r_3708
1531,3397,-1.0,s_3038,r_4033
1532,1771,1.0,s_3039,r_2396
1532,2279,1.0,s_3039,r_2904
1532,2280,1.0,s_3039,r_2905
1532,2281,1.0,s_3039,r_2906
1532,2282,1.0,s_3039,r_2907
1532,2343,1.0,s_3039,r_2968
1532,2344,1.0,s_3039,r_2969
1532,2345,1.0,s_3039,r_2970
1532,2346,1.0,s_3039,r_2971
1532,3061,-1.0,s_3039,r_3696
1532,3398,-1.0,s_3039,r_4034
1533,1772,1.0,s_3040,r_2397
1533,2311,1.0,s_3040,r_2936
1533,2312,1.0,s_3040,r_2937
1533,2313,1.0,s_3040,r_2938
1533,2314,1.0,s_3040,r_2939
1533,2375,1.0,s_3040,r_3000
1533,2376,1.0,s_3040,r_3001
1533,2377,1.0,s_3040,r_3002
1533,2378,1.0,s_3040,r_3003
1533,3077,-1.0,s_3040,r_3712
1533,3399,-1.0,s_3040,r_4035
1534,1773,1.0,s_3041,r_2398
1534,2287,1.0,s_3041,r_2912
1534,2288,1.0,s_3041,r_2913
1534,2289,1.0,s_3041,r_2914
1534,2290,1.0,s_3041,r_2915
1534,2351,1.0,s_3041,r_2976
1534,2352,1.0,s_3041,r_2977
1534,2353,1.0,s_3041,r_2978
1534,2354,1.0,s_3041,r_2979
1534,3065,-1.0,s_3041,r_3700
1534,3400,-1.0,s_3041,r_4036
1535,1774,1.0,s_3042,r_2399
1535,2319,1.0,s_3042,r_2944
1535,2320,1.0,s_3042,r_2945
1535,2321,1.0,s_3042,r_2946
1535,2322,1.0,s_3042,r_2947
1535,2383,1.0,s_3042,r_3008
1535,2384,1.0,s_3042,r_3009
1535,2385,1.0,s_3042,r_3010
1535,2386,1.0,s_3042,r_3011
1535,3081,-1.0,s_3042,r_3716
1535,3401,-1.0,s_3042,r_4037
1536,1775,-1.0,s_3043,r_2400
1536,1783,-1.0,s_3043,r_2408
1536,1791,-1.0,s_3043,r_2416
1536,1799,-1.0,s_3043,r_2424
1536,2629,1.0,s_3043,r_3264
1536,2630,1.0,s_3043,r_3265
1536,2631,1.0,s_3043,r_3266
1536,2632,1.0,s_3043,r_3267
1536,2661,-1.0,s_3043,r_3296
1536,2953,1.0,s_3043,r_3588
1537,1775,1.0,s_3044,r_2400
1537,2629,-1.0,s_3044,r_3264
1537,3050,1.0,s_3044,r_3685
1538,1776,-1.0,s_3045,r_2401
1538,1784,-1.0,s_3045,r_2409
1538,1792,-1.0,s_3045,r_2417
1538,1800,-1.0,s_3045,r_2425
1538,2645,1.0,s_3045,r_3280
1538,2646,1.0,s_3045,r_3281
1538,2647,1.0,s_3045,r_3282
1538,2648,1.0,s_3045,r_3283
1538,2665,-1.0,s_3045,r_3300
1538,2957,1.0,s_3045,r_3592
1539,1776,1.0,s_3046,r_2401
1539,2645,-1.0,s_3046,r_3280
1539,3066,1.0,s_3046,r_3701
1540,1777,-1.0,s_3047,r_2402
1540,1785,-1.0,s_3047,r_2410
1540,1793,-1.0,s_3047,r_2418
1540,1801,-1.0,s_3047,r_2426
1540,2633,1.0,s_3047,r_3268
1540,2634,1.0,s_3047,r_3269
1540,2635,1.0,s_3047,r_3270
1540,2636,1.0,s_3047,r_3271
1540,2662,-1.0,s_3047,r_3297
1540,2954,1.0,s_3047,r_3589
1541,1777,1.0,s_3048,r_2402
1541,2633,-1.0,s_3048,r_3268
1541,3054,1.0,s_3048,r_3689
1542,1778,-1.0,s_3049,r_2403
1542,1786,-1.0,s_3049,r_2411
1542,1794,-1.0,s_3049,r_2419
1542,1802,-1.0,s_3049,r_2427
1542,2649,1.0,s_3049,r_3284
1542,2650,1.0,s_3049,r_3285
1542,2651,1.0,s_3049,r_3286
1542,2652,1.0,s_3049,r_3287
1542,2666,-1.0,s_3049,r_3301
1542,2958,1.0,s_3049,r_3593
1543,1778,1.0,s_3050,r_2403
1543,2649,-1.0,s_3050,r_3284
1543,3070,1.0,s_3050,r_3705
1544,1779,-1.0,s_3051,r_2404
1544,1787,-1.0,s_3051,r_2412
1544,1795,-1.0,s_3051,r_2420
1544,1803,-1.0,s_3051,r_2428
1544,2637,1.0,s_3051,r_3272
1544,2638,1.0,s_3051,r_3273
1544,2639,1.0,s_3051,r_3274
1544,2640,1.0,s_3051,r_3275
1544,2663,-1.0,s_3051,r_3298
1544,2955,1.0,s_3051,r_3590
1545,1779,1.0,s_3052,r_2404
1545,2637,-1.0,s_3052,r_3272
1545,3058,1.0,s_3052,r_3693
1546,1780,-1.0,s_3053,r_2405
1546,1788,-1.0,s_3053,r_2413
1546,1796,-1.0,s_3053,r_2421
1546,1804,-1.0,s_3053,r_2429
1546,2653,1.0,s_3053,r_3288
1546,2654,1.0,s_3053,r_3289
1546,2655,1.0,s_3053,r_3290
1546,2656,1.0,s_3053,r_3291
1546,2667,-1.0,s_3053,r_3302
1546,2959,1.0,s_3053,r_3594
1547,1780,1.0,s_3054,r_2405
1547,2653,-1.0,s_3054,r_3288
1547,3074,1.0,s_3054,r_3709
1548,1781,-1.0,s_3055,r_2406
1548,1789,-1.0,s_3055,r_2414
1548,1797,-1.0,s_3055,r_2422
1548,1805,-1.0,s_3055,r_2430
1548,2641,1.0,s_3055,r_3276
1548,2642,1.0,s_3055,r_3277
1548,2643,1.0,s_3055,r_3278
1548,2644,1.0,s_3055,r_3279
1548,2664,-1.0,s_3055,r_3299
1548,2956,1.0,s_3055,r_3591
1549,1781,1.0,s_3056,r_2406
1549,2641,-1.0,s_3056,r_3276
1549,3062,1.0,s_3056,r_3697
1550,1782,-1.0,s_3057,r_2407
1550,1790,-1.0,s_3057,r_2415
1550,1798,-1.0,s_3057,r_2423
1550,1806,-1.0,s_3057,r_2431
1550,2657,1.0,s_3057,r_3292
1550,2658,1.0,s_3057,r_3293
1550,2659,1.0,s_3057,r_3294
1550,2660,1.0,s_3057,r_3295
1550,2668,-1.0,s_3057,r_3303
1550,2960,1.0,s_3057,r_3595
1551,1782,1.0,s_3058,r_2407
1551,2657,-1.0,s_3058,r_3292
1551,3078,1.0,s_3058,r_3713
1552,1783,1.0,s_3059,r_2408
1552,2630,-1.0,s_3059,r_3265
1552,3051,1.0,s_3059,r_3686
1553,1784,1.0,s_3060,r_2409
1553,2646,-1.0,s_3060,r_3281
1553,3067,1.0,s_3060,r_3702
1554,1785,1.0,s_3061,r_2410
1554,2634,-1.0,s_3061,r_3269
1554,3055,1.0,s_3061,r_3690
1555,1786,1.0,s_3062,r_2411
1555,2650,-1.0,s_3062,r_3285
1555,3071,1.0,s_3062,r_3706
1556,1787,1.0,s_3063,r_2412
1556,2638,-1.0,s_3063,r_3273
1556,3059,1.0,s_3063,r_3694
1557,1788,1.0,s_3064,r_2413
1557,2654,-1.0,s_3064,r_3289
1557,3075,1.0,s_3064,r_3710
1558,1789,1.0,s_3065,r_2414
1558,2642,-1.0,s_3065,r_3277
1558,3063,1.0,s_3065,r_3698
1559,1790,1.0,s_3066,r_2415
1559,2658,-1.0,s_3066,r_3293
1559,3079,1.0,s_3066,r_3714
1560,1791,1.0,s_3067,r_2416
1560,2631,-1.0,s_3067,r_3266
1560,3052,1.0,s_3067,r_3687
1561,1792,1.0,s_3068,r_2417
1561,2647,-1.0,s_3068,r_3282
1561,3068,1.0,s_3068,r_3703
1562,1793,1.0,s_3069,r_2418
1562,2635,-1.0,s_3069,r_3270
1562,3056,1.0,s_3069,r_3691
1563,1794,1.0,s_3070,r_2419
1563,2651,-1.0,s_3070,r_3286
1563,3072,1.0,s_3070,r_3707
1564,1795,1.0,s_3071,r_2420
1564,2639,-1.0,s_3071,r_3274
1564,3060,1.0,s_3071,r_3695
1565,1796,1.0,s_3072,r_2421
1565,2655,-1.0,s_3072,r_3290
1565,3076,1.0,s_3072,r_3711
1566,1797,1.0,s_3073,r_2422
1566,2643,-1.0,s_3073,r_3278
1566,3064,1.0,s_3073,r_3699
1567,1798,1.0,s_3074,r_2423
1567,2659,-1.0,s_3074,r_3294
1567,3080,1.0,s_3074,r_3715
1568,1799,1.0,s_3075,r_2424
1568,2632,-1.0,s_3075,r_3267
1568,3053,1.0,s_3075,r_3688
1569,1800,1.0,s_3076,r_2425
1569,2648,-1.0,s_3076,r_3283
1569,3069,1.0,s_3076,r_3704
1570,1801,1.0,s_3077,r_2426
1570,2636,-1.0,s_3077,r_3271
1570,3057,1.0,s_3077,r_3692
1571,1802,1.0,s_3078,r_2427
1571,2652,-1.0,s_3078,r_3287
1571,3073,1.0,s_3078,r_3708
1572,1803,1.0,s_3079,r_2428
1572,2640,-1.0,s_3079,r_3275
1572,3061,1.0,s_3079,r_3696
1573,1804,1.0,s_3080,r_2429
1573,2656,-1.0,s_3080,r_3291
1573,3077,1.0,s_3080,r_3712
1574,1805,1.0,s_3081,r_2430
1574,2644,-1.0,s_3081,r_3279
1574,3065,1.0,s_3081,r_3700
1575,1806,1.0,s_3082,r_2431
1575,2660,-1.0,s_3082,r_3295
1575,3081,1.0,s_3082,r_3716
1576,1807,-1.0,s_3083,r_2432
1576,1808,-1.0,s_3083,r_2433
1576,1809,-1.0,s_3083,r_2434
1576,1810,-1.0,s_3083,r_2435
1576,1811,-1.0,s_3083,r_2436
1576,1812,-1.0,s_3083,r_2437
1576,1813,-1.0,s_3083,r_2438
1576,1814,-1.0,s_3083,r_2439
1576,1887,-1.0,s_3083,r_2512
1576,1888,-1.0,s_3083,r_2513
1576,1889,-1.0,s_3083,r_2514
1576,1890,-1.0,s_3083,r_2515
1576,1891,-1.0,s_3083,r_2516
1576,1892,-1.0,s_3083,r_2517
1576,1893,-1.0,s_3083,r_2518
1576,1894,-1.0,s_3083,r_2519
1576,2903,1.0,s_3083,r_3538
1577,1807,1.0,s_3084,r_2432
1577,1821,-1.0,s_3084,r_2446
1577,1829,-1.0,s_3084,r_2454
1578,1808,1.0,s_3085,r_2433
1578,1822,-1.0,s_3085,r_2447
1578,1830,-1.0,s_3085,r_2455
1579,1809,1.0,s_3086,r_2434
1579,1823,-1.0,s_3086,r_2448
1579,1831,-1.0,s_3086,r_2456
1580,1810,1.0,s_3087,r_2435
1580,1824,-1.0,s_3087,r_2449
1580,1832,-1.0,s_3087,r_2457
1581,1811,1.0,s_3088,r_2436
1581,1825,-1.0,s_3088,r_2450
1581,1833,-1.0,s_3088,r_2458
1582,1812,1.0,s_3089,r_2437
1582,1826,-1.0,s_3089,r_2451
1582,1834,-1.0,s_3089,r_2459
1583,1813,1.0,s_3090,r_2438
1583,1827,-1.0,s_3090,r_2452
1583,1835,-1.0,s_3090,r_2460
1584,1814,1.0,s_3091,r_2439
1584,1828,-1.0,s_3091,r_2453
1584,1836,-1.0,s_3091,r_2461
1585,1815,-1.0,s_3092,r_2440
1585,3124,1.0,s_3092,r_3759
1586,1815,-1.0,s_3093,r_2440
1586,1816,-1.0,s_3093,r_2441
1586,1817,-1.0,s_3093,r_2442
1586,1818,-1.0,s_3093,r_2443
1586,1819,-1.0,s_3093,r_2444
1586,1820,-1.0,s_3093,r_2445
1586,3325,1.0,s_3093,r_3960
1587,1815,-1.0,s_3094,r_2440
1587,1816,-1.0,s_3094,r_2441
1587,1817,-1.0,s_3094,r_2442
1587,1818,-1.0,s_3094,r_2443
1587,1819,-1.0,s_3094,r_2444
1587,1820,-1.0,s_3094,r_2445
1587,1917,2.0,s_3094,r_2542
1587,1918,2.0,s_3094,r_2543
1587,1919,2.0,s_3094,r_2544
1587,1920,2.0,s_3094,r_2545
1587,1921,2.0,s_3094,r_2546
1587,1922,2.0,s_3094,r_2547
1587,1923,2.0,s_3094,r_2548
1587,1924,2.0,s_3094,r_2549
1587,1925,2.0,s_3094,r_2550
1587,1926,2.0,s_3094,r_2551
1587,1927,2.0,s_3094,r_2552
1587,1928,2.0,s_3094,r_2553
1587,1929,2.0,s_3094,r_2554
1587,1930,2.0,s_3094,r_2555
1587,1931,2.0,s_3094,r_2556
1587,1932,2.0,s_3094,r_2557
1587,1933,2.0,s_3094,r_2558
1587,1934,2.0,s_3094,r_2559
1587,1935,2.0,s_3094,r_2560
1587,1936,2.0,s_3094,r_2561
1587,1937,2.0,s_3094,r_2562
1587,1938,2.0,s_3094,r_2563
1587,1939,2.0,s_3094,r_2564
1587,1940,2.0,s_3094,r_2565
1587,1941,2.0,s_3094,r_2566
1587,1942,2.0,s_3094,r_2567
1587,1943,2.0,s_3094,r_2568
1587,1944,2.0,s_3094,r_2569
1587,1945,2.0,s_3094,r_2570
1587,1946,2.0,s_3094,r_2571
1587,1947,2.0,s_3094,r_2572
1587,1948,2.0,s_3094,r_2573
1587,1949,2.0,s_3094,r_2574
1587,1950,2.0,s_3094,r_2575
1587,1951,2.0,s_3094,r_2576
1587,1952,2.0,s_3094,r_2577
1587,1953,2.0,s_3094,r_2578
1587,1954,2.0,s_3094,r_2579
1587,1955,2.0,s_3094,r_2580
1587,1956,2.0,s_3094,r_2581
1587,1957,2.0,s_3094,r_2582
1587,1958,2.0,s_3094,r_2583
1587,1959,1.0,s_3094,r_2584
1587,1960,1.0,s_3094,r_2585
1587,1961,1.0,s_3094,r_2586
1587,1962,1.0,s_3094,r_2587
1587,1963,1.0,s_3094,r_2588
1587,1964,1.0,s_3094,r_2589
1587,1965,1.0,s_3094,r_2590
1587,1966,1.0,s_3094,r_2591
1587,1967,1.0,s_3094,r_2592
1587,1968,1.0,s_3094,r_2593
1587,1969,1.0,s_3094,r_2594
1587,1970,1.0,s_3094,r_2595
1587,1971,1.0,s_3094,r_2596
1587,1972,1.0,s_3094,r_2597
1587,1973,1.0,s_3094,r_2598
1587,1974,1.0,s_3094,r_2599
1587,1975,1.0,s_3094,r_2600
1587,1976,1.0,s_3094,r_2601
1587,1977,1.0,s_3094,r_2602
1587,1978,1.0,s_3094,r_2603
1587,1979,1.0,s_3094,r_2604
1587,1980,1.0,s_3094,r_2605
1587,1981,1.0,s_3094,r_2606
1587,1982,1.0,s_3094,r_2607
1587,1983,1.0,s_3094,r_2608
1587,1984,1.0,s_3094,r_2609
1587,1985,1.0,s_3094,r_2610
1587,1986,1.0,s_3094,r_2611
1587,1987,1.0,s_3094,r_2612
1587,1988,1.0,s_3094,r_2613
1587,1989,1.0,s_3094,r_2614
1587,1990,1.0,s_3094,r_2615
1587,1991,1.0,s_3094,r_2616
1587,1992,1.0,s_3094,r_2617
1587,1993,1.0,s_3094,r_2618
1587,1994,1.0,s_3094,r_2619
1587,2463,2.0,s_3094,r_3098
1587,2464,2.0,s_3094,r_3099
1587,2465,2.0,s_3094,r_3100
1587,2466,2.0,s_3094,r_3101
1587,2467,2.0,s_3094,r_3102
1587,2468,2.0,s_3094,r_3103
1587,3322,1.0,s_3094,r_3957
1588,1815,1.0,s_3095,r_2440
1588,1816,1.0,s_3095,r_2441
1588,1817,1.0,s_3095,r_2442
1588,1818,1.0,s_3095,r_2443
1588,1819,1.0,s_3095,r_2444
1588,1820,1.0,s_3095,r_2445
1588,3327,1.0,s_3095,r_3962
1589,1815,1.0,s_3096,r_2440
1589,1911,-1.0,s_3096,r_2536
1589,1923,-1.0,s_3096,r_2548
1589,1924,-1.0,s_3096,r_2549
1589,1925,-1.0,s_3096,r_2550
1589,1926,-1.0,s_3096,r_2551
1589,1927,-1.0,s_3096,r_2552
1589,1928,-1.0,s_3096,r_2553
1590,1816,-1.0,s_3097,r_2441
1590,3125,1.0,s_3097,r_3760
1591,1816,1.0,s_3098,r_2441
1591,1912,-1.0,s_3098,r_2537
1591,1929,-1.0,s_3098,r_2554
1591,1930,-1.0,s_3098,r_2555
1591,1931,-1.0,s_3098,r_2556
1591,1932,-1.0,s_3098,r_2557
1591,1933,-1.0,s_3098,r_2558
1591,1934,-1.0,s_3098,r_2559
1592,1817,-1.0,s_3099,r_2442
1592,3126,1.0,s_3099,r_3761
1593,1817,1.0,s_3100,r_2442
1593,1913,-1.0,s_3100,r_2538
1593,1935,-1.0,s_3100,r_2560
1593,1936,-1.0,s_3100,r_2561
1593,1937,-1.0,s_3100,r_2562
1593,1938,-1.0,s_3100,r_2563
1593,1939,-1.0,s_3100,r_2564
1593,1940,-1.0,s_3100,r_2565
1594,1818,-1.0,s_3101,r_2443
1594,3127,1.0,s_3101,r_3762
1595,1818,1.0,s_3102,r_2443
1595,1914,-1.0,s_3102,r_2539
1595,1941,-1.0,s_3102,r_2566
1595,1942,-1.0,s_3102,r_2567
1595,1943,-1.0,s_3102,r_2568
1595,1944,-1.0,s_3102,r_2569
1595,1945,-1.0,s_3102,r_2570
1595,1946,-1.0,s_3102,r_2571
1596,1819,-1.0,s_3103,r_2444
1596,3128,1.0,s_3103,r_3763
1597,1819,1.0,s_3104,r_2444
1597,1915,-1.0,s_3104,r_2540
1597,1947,-1.0,s_3104,r_2572
1597,1948,-1.0,s_3104,r_2573
1597,1949,-1.0,s_3104,r_2574
1597,1950,-1.0,s_3104,r_2575
1597,1951,-1.0,s_3104,r_2576
1597,1952,-1.0,s_3104,r_2577
1598,1820,-1.0,s_3105,r_2445
1598,3129,1.0,s_3105,r_3764
1599,1820,1.0,s_3106,r_2445
1599,1916,-1.0,s_3106,r_2541
1599,1953,-1.0,s_3106,r_2578
1599,1954,-1.0,s_3106,r_2579
1599,1955,-1.0,s_3106,r_2580
1599,1956,-1.0,s_3106,r_2581
1599,1957,-1.0,s_3106,r_2582
1599,1958,-1.0,s_3106,r_2583
1600,1821,-1.0,s_3107,r_2446
1600,1822,-1.0,s_3107,r_2447
1600,1823,-1.0,s_3107,r_2448
1600,1824,-1.0,s_3107,r_2449
1600,1825,-1.0,s_3107,r_2450
1600,1826,-1.0,s_3107,r_2451
1600,1827,-1.0,s_3107,r_2452
1600,1828,-1.0,s_3107,r_2453
1600,2910,1.0,s_3107,r_3545
1601,1821,1.0,s_3108,r_2446
1601,1822,1.0,s_3108,r_2447
1601,1823,1.0,s_3108,r_2448
1601,1824,1.0,s_3108,r_2449
1601,1825,1.0,s_3108,r_2450
1601,1826,1.0,s_3108,r_2451
1601,1827,1.0,s_3108,r_2452
1601,1828,1.0,s_3108,r_2453
1601,1829,1.0,s_3108,r_2454
1601,1830,1.0,s_3108,r_2455
1601,1831,1.0,s_3108,r_2456
1601,1832,1.0,s_3108,r_2457
1601,1833,1.0,s_3108,r_2458
1601,1834,1.0,s_3108,r_2459
1601,1835,1.0,s_3108,r_2460
1601,1836,1.0,s_3108,r_2461
1601,1895,1.0,s_3108,r_2520
1601,1896,1.0,s_3108,r_2521
1601,1897,1.0,s_3108,r_2522
1601,1898,1.0,s_3108,r_2523
1601,1899,1.0,s_3108,r_2524
1601,1900,1.0,s_3108,r_2525
1601,1901,1.0,s_3108,r_2526
1601,1902,1.0,s_3108,r_2527
1601,1903,1.0,s_3108,r_2528
1601,1904,1.0,s_3108,r_2529
1601,1905,1.0,s_3108,r_2530
1601,1906,1.0,s_3108,r_2531
1601,1907,1.0,s_3108,r_2532
1601,1908,1.0,s_3108,r_2533
1601,1909,1.0,s_3108,r_2534
1601,1910,1.0,s_3108,r_2535
1601,2905,1.0,s_3108,r_3540
1602,1821,1.0,s_3109,r_2446
1602,3130,-1.0,s_3109,r_3765
1602,3178,-1.0,s_3109,r_3813
1602,3210,-1.0,s_3109,r_3845
1602,3258,-1.0,s_3109,r_3893
1602,3343,-1.0,s_3109,r_3979
1603,1822,1.0,s_3110,r_2447
1603,3131,-1.0,s_3110,r_3766
1603,3179,-1.0,s_3110,r_3814
1603,3211,-1.0,s_3110,r_3846
1603,3259,-1.0,s_3110,r_3894
1603,3344,-1.0,s_3110,r_3980
1604,1823,1.0,s_3111,r_2448
1604,3132,-1.0,s_3111,r_3767
1604,3180,-1.0,s_3111,r_3815
1604,3212,-1.0,s_3111,r_3847
1604,3260,-1.0,s_3111,r_3895
1604,3345,-1.0,s_3111,r_3981
1605,1824,1.0,s_3112,r_2449
1605,3133,-1.0,s_3112,r_3768
1605,3181,-1.0,s_3112,r_3816
1605,3213,-1.0,s_3112,r_3848
1605,3261,-1.0,s_3112,r_3896
1605,3346,-1.0,s_3112,r_3982
1606,1825,1.0,s_3113,r_2450
1606,3134,-1.0,s_3113,r_3769
1606,3182,-1.0,s_3113,r_3817
1606,3214,-1.0,s_3113,r_3849
1606,3262,-1.0,s_3113,r_3897
1606,3347,-1.0,s_3113,r_3983
1607,1826,1.0,s_3114,r_2451
1607,3135,-1.0,s_3114,r_3770
1607,3183,-1.0,s_3114,r_3818
1607,3215,-1.0,s_3114,r_3850
1607,3263,-1.0,s_3114,r_3898
1607,3348,-1.0,s_3114,r_3984
1608,1827,1.0,s_3115,r_2452
1608,3136,-1.0,s_3115,r_3771
1608,3184,-1.0,s_3115,r_3819
1608,3216,-1.0,s_3115,r_3851
1608,3264,-1.0,s_3115,r_3899
1608,3349,-1.0,s_3115,r_3985
1609,1828,1.0,s_3116,r_2453
1609,3137,-1.0,s_3116,r_3772
1609,3185,-1.0,s_3116,r_3820
1609,3217,-1.0,s_3116,r_3852
1609,3265,-1.0,s_3116,r_3900
1609,3350,-1.0,s_3116,r_3986
1610,1829,-1.0,s_3117,r_2454
1610,1830,-1.0,s_3117,r_2455
1610,1831,-1.0,s_3117,r_2456
1610,1832,-1.0,s_3117,r_2457
1610,1833,-1.0,s_3117,r_2458
1610,1834,-1.0,s_3117,r_2459
1610,1835,-1.0,s_3117,r_2460
1610,1836,-1.0,s_3117,r_2461
1610,2911,1.0,s_3117,r_3546
1611,1829,1.0,s_3118,r_2454
1611,2493,1.0,s_3118,r_3128
1611,2525,1.0,s_3118,r_3160
1611,2927,1.0,s_3118,r_3562
1611,3170,-1.0,s_3118,r_3805
1611,3202,-1.0,s_3118,r_3837
1611,3234,-1.0,s_3118,r_3869
1611,3294,-1.0,s_3118,r_3929
1612,1830,1.0,s_3119,r_2455
1612,2494,1.0,s_3119,r_3129
1612,2526,1.0,s_3119,r_3161
1612,2928,1.0,s_3119,r_3563
1612,3171,-1.0,s_3119,r_3806
1612,3203,-1.0,s_3119,r_3838
1612,3235,-1.0,s_3119,r_3870
1612,3295,-1.0,s_3119,r_3930
1613,1831,1.0,s_3120,r_2456
1613,1837,1.0,s_3120,r_2462
1613,2495,1.0,s_3120,r_3130
1613,2527,1.0,s_3120,r_3162
1613,2929,1.0,s_3120,r_3564
1613,3172,-1.0,s_3120,r_3807
1613,3204,-1.0,s_3120,r_3839
1613,3236,-1.0,s_3120,r_3871
1613,3296,-1.0,s_3120,r_3931
1614,1832,1.0,s_3121,r_2457
1614,2496,1.0,s_3121,r_3131
1614,2528,1.0,s_3121,r_3163
1614,2930,1.0,s_3121,r_3565
1614,3173,-1.0,s_3121,r_3808
1614,3205,-1.0,s_3121,r_3840
1614,3237,-1.0,s_3121,r_3872
1614,3297,-1.0,s_3121,r_3932
1615,1833,1.0,s_3122,r_2458
1615,2497,1.0,s_3122,r_3132
1615,2529,1.0,s_3122,r_3164
1615,2931,1.0,s_3122,r_3566
1615,3174,-1.0,s_3122,r_3809
1615,3206,-1.0,s_3122,r_3841
1615,3238,-1.0,s_3122,r_3873
1615,3298,-1.0,s_3122,r_3933
1616,1834,1.0,s_3123,r_2459
1616,2498,1.0,s_3123,r_3133
1616,2530,1.0,s_3123,r_3165
1616,2932,1.0,s_3123,r_3567
1616,3175,-1.0,s_3123,r_3810
1616,3207,-1.0,s_3123,r_3842
1616,3239,-1.0,s_3123,r_3874
1616,3299,-1.0,s_3123,r_3934
1617,1835,1.0,s_3124,r_2460
1617,1838,1.0,s_3124,r_2463
1617,2499,1.0,s_3124,r_3134
1617,2531,1.0,s_3124,r_3166
1617,2933,1.0,s_3124,r_3568
1617,3176,-1.0,s_3124,r_3811
1617,3208,-1.0,s_3124,r_3843
1617,3240,-1.0,s_3124,r_3875
1617,3300,-1.0,s_3124,r_3935
1618,1836,1.0,s_3125,r_2461
1618,2500,1.0,s_3125,r_3135
1618,2532,1.0,s_3125,r_3167
1618,2934,1.0,s_3125,r_3569
1618,3177,-1.0,s_3125,r_3812
1618,3209,-1.0,s_3125,r_3844
1618,3241,-1.0,s_3125,r_3876
1618,3301,-1.0,s_3125,r_3936
1619,1837,-1.0,s_3126,r_2462
1619,3460,-1.0,s_3126,r_4096
1620,1838,-1.0,s_3127,r_2463
1620,3461,-1.0,s_3127,r_4097
1621,1839,-1.0,s_3128,r_2464
1621,3130,1.0,s_3128,r_3765
1622,1839,1.0,s_3129,r_2464
1622,1840,1.0,s_3129,r_2465
1622,1841,1.0,s_3129,r_2466
1622,1842,1.0,s_3129,r_2467
1622,1843,1.0,s_3129,r_2468
1622,1844,1.0,s_3129,r_2469
1622,1845,1.0,s_3129,r_2470
1622,1846,1.0,s_3129,r_2471
1622,3034,1.0,s_3129,r_3669
1623,1839,1.0,s_3130,r_2464
1623,3138,-1.0,s_3130,r_3773
1624,1840,-1.0,s_3131,r_2465
1624,3131,1.0,s_3131,r_3766
1625,1840,1.0,s_3132,r_2465
1625,3139,-1.0,s_3132,r_3774
1626,1841,-1.0,s_3133,r_2466
1626,3132,1.0,s_3133,r_3767
1627,1841,1.0,s_3134,r_2466
1627,3140,-1.0,s_3134,r_3775
1628,1842,-1.0,s_3135,r_2467
1628,3133,1.0,s_3135,r_3768
1629,1842,1.0,s_3136,r_2467
1629,3141,-1.0,s_3136,r_3776
1630,1843,-1.0,s_3137,r_2468
1630,3134,1.0,s_3137,r_3769
1631,1843,1.0,s_3138,r_2468
1631,3142,-1.0,s_3138,r_3777
1632,1844,-1.0,s_3139,r_2469
1632,3135,1.0,s_3139,r_3770
1633,1844,1.0,s_3140,r_2469
1633,3143,-1.0,s_3140,r_3778
1634,1845,-1.0,s_3141,r_2470
1634,3136,1.0,s_3141,r_3771
1635,1845,1.0,s_3142,r_2470
1635,3144,-1.0,s_3142,r_3779
1636,1846,-1.0,s_3143,r_2471
1636,3137,1.0,s_3143,r_3772
1637,1846,1.0,s_3144,r_2471
1637,3145,-1.0,s_3144,r_3780
1638,1847,-1.0,s_3145,r_2472
1638,3178,1.0,s_3145,r_3813
1639,1735,2.0,s_3146,r_2360
1639,1736,2.0,s_3146,r_2361
1639,1737,2.0,s_3146,r_2362
1639,1738,2.0,s_3146,r_2363
1639,1739,2.0,s_3146,r_2364
1639,1740,2.0,s_3146,r_2365
1639,1741,2.0,s_3146,r_2366
1639,1742,2.0,s_3146,r_2367
1639,2211,-1.0,s_3146,r_2836
1639,2212,-1.0,s_3146,r_2837
1639,2213,-1.0,s_3146,r_2838
1639,2214,-1.0,s_3146,r_2839
1639,2215,-1.0,s_3146,r_2840
1639,2216,-1.0,s_3146,r_2841
1639,2217,-1.0,s_3146,r_2842
1639,2218,-1.0,s_3146,r_2843
1639,2501,2.0,s_3146,r_3136
1639,2502,2.0,s_3146,r_3137
1639,2503,2.0,s_3146,r_3138
1639,2504,2.0,s_3146,r_3139
1639,2505,2.0,s_3146,r_3140
1639,2506,2.0,s_3146,r_3141
1639,2507,2.0,s_3146,r_3142
1639,2508,2.0,s_3146,r_3143
1639,2533,2.0,s_3146,r_3168
1639,2534,2.0,s_3146,r_3169
1639,2535,2.0,s_3146,r_3170
1639,2536,2.0,s_3146,r_3171
1639,2537,2.0,s_3146,r_3172
1639,2538,2.0,s_3146,r_3173
1639,2539,2.0,s_3146,r_3174
1639,2540,2.0,s_3146,r_3175
1639,2597,2.0,s_3146,r_3232
1639,2598,2.0,s_3146,r_3233
1639,2599,2.0,s_3146,r_3234
1639,2600,2.0,s_3146,r_3235
1639,2601,2.0,s_3146,r_3236
1639,2602,2.0,s_3146,r_3237
1639,2603,2.0,s_3146,r_3238
1639,2604,2.0,s_3146,r_3239
1639,2613,2.0,s_3146,r_3248
1639,2614,2.0,s_3146,r_3249
1639,2615,2.0,s_3146,r_3250
1639,2616,2.0,s_3146,r_3251
1639,2697,-1.0,s_3146,r_3332
1639,2698,-1.0,s_3146,r_3333
1639,2699,-1.0,s_3146,r_3334
1639,2700,-1.0,s_3146,r_3335
1639,2701,-1.0,s_3146,r_3336
1639,2702,-1.0,s_3146,r_3337
1639,2703,-1.0,s_3146,r_3338
1639,2704,-1.0,s_3146,r_3339
1639,3029,1.0,s_3146,r_3664
1640,1847,1.0,s_3147,r_2472
1640,1848,1.0,s_3147,r_2473
1640,1849,1.0,s_3147,r_2474
1640,1850,1.0,s_3147,r_2475
1640,1851,1.0,s_3147,r_2476
1640,1852,1.0,s_3147,r_2477
1640,1853,1.0,s_3147,r_2478
1640,1854,1.0,s_3147,r_2479
1640,3030,1.0,s_3147,r_3665
1641,1847,1.0,s_3148,r_2472
1641,3186,-1.0,s_3148,r_3821
1642,1848,-1.0,s_3149,r_2473
1642,3179,1.0,s_3149,r_3814
1643,1848,1.0,s_3150,r_2473
1643,3187,-1.0,s_3150,r_3822
1644,1849,-1.0,s_3151,r_2474
1644,3180,1.0,s_3151,r_3815
1645,1849,1.0,s_3152,r_2474
1645,3188,-1.0,s_3152,r_3823
1646,1850,-1.0,s_3153,r_2475
1646,3181,1.0,s_3153,r_3816
1647,1850,1.0,s_3154,r_2475
1647,3189,-1.0,s_3154,r_3824
1648,1851,-1.0,s_3155,r_2476
1648,3182,1.0,s_3155,r_3817
1649,1851,1.0,s_3156,r_2476
1649,3190,-1.0,s_3156,r_3825
1650,1852,-1.0,s_3157,r_2477
1650,3183,1.0,s_3157,r_3818
1651,1852,1.0,s_3158,r_2477
1651,3191,-1.0,s_3158,r_3826
1652,1853,-1.0,s_3159,r_2478
1652,3184,1.0,s_3159,r_3819
1653,1853,1.0,s_3160,r_2478
1653,3192,-1.0,s_3160,r_3827
1654,1854,-1.0,s_3161,r_2479
1654,3185,1.0,s_3161,r_3820
1655,1854,1.0,s_3162,r_2479
1655,3193,-1.0,s_3162,r_3828
1656,1855,-1.0,s_3163,r_2480
1656,3210,1.0,s_3163,r_3845
1657,1727,2.0,s_3164,r_2352
1657,1728,2.0,s_3164,r_2353
1657,1729,2.0,s_3164,r_2354
1657,1730,2.0,s_3164,r_2355
1657,1731,2.0,s_3164,r_2356
1657,1732,2.0,s_3164,r_2357
1657,1733,2.0,s_3164,r_2358
1657,1734,2.0,s_3164,r_2359
1657,2203,-1.0,s_3164,r_2828
1657,2204,-1.0,s_3164,r_2829
1657,2205,-1.0,s_3164,r_2830
1657,2206,-1.0,s_3164,r_2831
1657,2207,-1.0,s_3164,r_2832
1657,2208,-1.0,s_3164,r_2833
1657,2209,-1.0,s_3164,r_2834
1657,2210,-1.0,s_3164,r_2835
1657,2227,-1.0,s_3164,r_2852
1657,2228,-1.0,s_3164,r_2853
1657,2229,-1.0,s_3164,r_2854
1657,2230,-1.0,s_3164,r_2855
1657,2231,-1.0,s_3164,r_2856
1657,2232,-1.0,s_3164,r_2857
1657,2233,-1.0,s_3164,r_2858
1657,2234,-1.0,s_3164,r_2859
1657,2251,-1.0,s_3164,r_2876
1657,2252,-1.0,s_3164,r_2877
1657,2253,-1.0,s_3164,r_2878
1657,2254,-1.0,s_3164,r_2879
1657,2255,-1.0,s_3164,r_2880
1657,2256,-1.0,s_3164,r_2881
1657,2257,-1.0,s_3164,r_2882
1657,2258,-1.0,s_3164,r_2883
1657,2581,2.0,s_3164,r_3216
1657,2582,2.0,s_3164,r_3217
1657,2583,2.0,s_3164,r_3218
1657,2584,2.0,s_3164,r_3219
1657,2585,2.0,s_3164,r_3220
1657,2586,2.0,s_3164,r_3221
1657,2587,2.0,s_3164,r_3222
1657,2588,2.0,s_3164,r_3223
1657,2589,2.0,s_3164,r_3224
1657,2590,2.0,s_3164,r_3225
1657,2591,2.0,s_3164,r_3226
1657,2592,2.0,s_3164,r_3227
1657,2593,2.0,s_3164,r_3228
1657,2594,2.0,s_3164,r_3229
1657,2595,2.0,s_3164,r_3230
1657,2596,2.0,s_3164,r_3231
1657,2609,2.0,s_3164,r_3244
1657,2610,2.0,s_3164,r_3245
1657,2611,2.0,s_3164,r_3246
1657,2612,2.0,s_3164,r_3247
1657,2705,-1.0,s_3164,r_3340
1657,2706,-1.0,s_3164,r_3341
1657,2707,-1.0,s_3164,r_3342
1657,2708,-1.0,s_3164,r_3343
1657,2709,-1.0,s_3164,r_3344
1657,2710,-1.0,s_3164,r_3345
1657,2711,-1.0,s_3164,r_3346
1657,2712,-1.0,s_3164,r_3347
1657,3015,1.0,s_3164,r_3650
1658,1855,1.0,s_3165,r_2480
1658,1856,1.0,s_3165,r_2481
1658,1857,1.0,s_3165,r_2482
1658,1858,1.0,s_3165,r_2483
1658,1859,1.0,s_3165,r_2484
1658,1860,1.0,s_3165,r_2485
1658,1861,1.0,s_3165,r_2486
1658,1862,1.0,s_3165,r_2487
1658,3018,1.0,s_3165,r_3653
1659,1855,1.0,s_3166,r_2480
1659,3218,-1.0,s_3166,r_3853
1660,1856,-1.0,s_3167,r_2481
1660,3211,1.0,s_3167,r_3846
1661,1856,1.0,s_3168,r_2481
1661,3219,-1.0,s_3168,r_3854
1662,1857,-1.0,s_3169,r_2482
1662,3212,1.0,s_3169,r_3847
1663,1857,1.0,s_3170,r_2482
1663,3220,-1.0,s_3170,r_3855
1664,1858,-1.0,s_3171,r_2483
1664,3213,1.0,s_3171,r_3848
1665,1858,1.0,s_3172,r_2483
1665,3221,-1.0,s_3172,r_3856
1666,1859,-1.0,s_3173,r_2484
1666,3214,1.0,s_3173,r_3849
1667,1859,1.0,s_3174,r_2484
1667,3222,-1.0,s_3174,r_3857
1668,1860,-1.0,s_3175,r_2485
1668,3215,1.0,s_3175,r_3850
1669,1860,1.0,s_3176,r_2485
1669,3223,-1.0,s_3176,r_3858
1670,1861,-1.0,s_3177,r_2486
1670,3216,1.0,s_3177,r_3851
1671,1861,1.0,s_3178,r_2486
1671,3224,-1.0,s_3178,r_3859
1672,1862,-1.0,s_3179,r_2487
1672,3217,1.0,s_3179,r_3852
1673,1862,1.0,s_3180,r_2487
1673,3225,-1.0,s_3180,r_3860
1674,1863,-1.0,s_3181,r_2488
1674,1895,1.0,s_3181,r_2520
1674,2259,-1.0,s_3181,r_2884
1674,2267,-1.0,s_3181,r_2892
1674,2275,-1.0,s_3181,r_2900
1674,2283,-1.0,s_3181,r_2908
1674,2291,-1.0,s_3181,r_2916
1674,2299,-1.0,s_3181,r_2924
1674,2307,-1.0,s_3181,r_2932
1674,2315,-1.0,s_3181,r_2940
1674,3104,-1.0,s_3181,r_3739
1674,3138,1.0,s_3181,r_3773
1674,3186,1.0,s_3181,r_3821
1674,3218,1.0,s_3181,r_3853
1674,3250,-1.0,s_3181,r_3885
1674,3361,-1.0,s_3181,r_3997
1675,1863,-1.0,s_3182,r_2488
1675,1864,-1.0,s_3182,r_2489
1675,1865,-1.0,s_3182,r_2490
1675,1866,-1.0,s_3182,r_2491
1675,1867,-1.0,s_3182,r_2492
1675,1868,-1.0,s_3182,r_2493
1675,1869,-1.0,s_3182,r_2494
1675,1870,-1.0,s_3182,r_2495
1675,1871,-1.0,s_3182,r_2496
1675,1872,-1.0,s_3182,r_2497
1675,1873,-1.0,s_3182,r_2498
1675,1874,-1.0,s_3182,r_2499
1675,1875,-1.0,s_3182,r_2500
1675,1876,-1.0,s_3182,r_2501
1675,1877,-1.0,s_3182,r_2502
1675,1878,-1.0,s_3182,r_2503
1675,1879,-1.0,s_3182,r_2504
1675,1880,-1.0,s_3182,r_2505
1675,1881,-1.0,s_3182,r_2506
1675,1882,-1.0,s_3182,r_2507
1675,1883,-1.0,s_3182,r_2508
1675,1884,-1.0,s_3182,r_2509
1675,1885,-1.0,s_3182,r_2510
1675,1886,-1.0,s_3182,r_2511
1675,2912,1.0,s_3182,r_3547
1676,1863,1.0,s_3183,r_2488
1676,1864,1.0,s_3183,r_2489
1676,1865,1.0,s_3183,r_2490
1676,1866,1.0,s_3183,r_2491
1676,1867,1.0,s_3183,r_2492
1676,1868,1.0,s_3183,r_2493
1676,1869,1.0,s_3183,r_2494
1676,1870,1.0,s_3183,r_2495
1676,1871,1.0,s_3183,r_2496
1676,1872,1.0,s_3183,r_2497
1676,1873,1.0,s_3183,r_2498
1676,1874,1.0,s_3183,r_2499
1676,1875,1.0,s_3183,r_2500
1676,1876,1.0,s_3183,r_2501
1676,1877,1.0,s_3183,r_2502
1676,1878,1.0,s_3183,r_2503
1676,1879,1.0,s_3183,r_2504
1676,1880,1.0,s_3183,r_2505
1676,1881,1.0,s_3183,r_2506
1676,1882,1.0,s_3183,r_2507
1676,1883,1.0,s_3183,r_2508
1676,1884,1.0,s_3183,r_2509
1676,1885,1.0,s_3183,r_2510
1676,1886,1.0,s_3183,r_2511
1676,2913,1.0,s_3183,r_3548
1677,1863,1.0,s_3184,r_2488
1677,1871,-1.0,s_3184,r_2496
1678,1864,-1.0,s_3185,r_2489
1678,1896,1.0,s_3185,r_2521
1678,2260,-1.0,s_3185,r_2885
1678,2268,-1.0,s_3185,r_2893
1678,2276,-1.0,s_3185,r_2901
1678,2284,-1.0,s_3185,r_2909
1678,2292,-1.0,s_3185,r_2917
1678,2300,-1.0,s_3185,r_2925
1678,2308,-1.0,s_3185,r_2933
1678,2316,-1.0,s_3185,r_2941
1678,3105,-1.0,s_3185,r_3740
1678,3139,1.0,s_3185,r_3774
1678,3187,1.0,s_3185,r_3822
1678,3219,1.0,s_3185,r_3854
1678,3251,-1.0,s_3185,r_3886
1678,3362,-1.0,s_3185,r_3998
1679,1864,1.0,s_3186,r_2489
1679,1872,-1.0,s_3186,r_2497
1680,1865,-1.0,s_3187,r_2490
1680,1897,1.0,s_3187,r_2522
1680,2261,-1.0,s_3187,r_2886
1680,2269,-1.0,s_3187,r_2894
1680,2277,-1.0,s_3187,r_2902
1680,2285,-1.0,s_3187,r_2910
1680,2293,-1.0,s_3187,r_2918
1680,2301,-1.0,s_3187,r_2926
1680,2309,-1.0,s_3187,r_2934
1680,2317,-1.0,s_3187,r_2942
1680,3106,-1.0,s_3187,r_3741
1680,3140,1.0,s_3187,r_3775
1680,3188,1.0,s_3187,r_3823
1680,3220,1.0,s_3187,r_3855
1680,3252,-1.0,s_3187,r_3887
1680,3363,-1.0,s_3187,r_3999
1681,1865,1.0,s_3188,r_2490
1681,1873,-1.0,s_3188,r_2498
1682,1866,-1.0,s_3189,r_2491
1682,1898,1.0,s_3189,r_2523
1682,2262,-1.0,s_3189,r_2887
1682,2270,-1.0,s_3189,r_2895
1682,2278,-1.0,s_3189,r_2903
1682,2286,-1.0,s_3189,r_2911
1682,2294,-1.0,s_3189,r_2919
1682,2302,-1.0,s_3189,r_2927
1682,2310,-1.0,s_3189,r_2935
1682,2318,-1.0,s_3189,r_2943
1682,3107,-1.0,s_3189,r_3742
1682,3141,1.0,s_3189,r_3776
1682,3189,1.0,s_3189,r_3824
1682,3221,1.0,s_3189,r_3856
1682,3253,-1.0,s_3189,r_3888
1682,3364,-1.0,s_3189,r_4000
1683,1866,1.0,s_3190,r_2491
1683,1874,-1.0,s_3190,r_2499
1684,1867,-1.0,s_3191,r_2492
1684,1899,1.0,s_3191,r_2524
1684,2263,-1.0,s_3191,r_2888
1684,2271,-1.0,s_3191,r_2896
1684,2279,-1.0,s_3191,r_2904
1684,2287,-1.0,s_3191,r_2912
1684,2295,-1.0,s_3191,r_2920
1684,2303,-1.0,s_3191,r_2928
1684,2311,-1.0,s_3191,r_2936
1684,2319,-1.0,s_3191,r_2944
1684,3108,-1.0,s_3191,r_3743
1684,3142,1.0,s_3191,r_3777
1684,3190,1.0,s_3191,r_3825
1684,3222,1.0,s_3191,r_3857
1684,3254,-1.0,s_3191,r_3889
1684,3365,-1.0,s_3191,r_4001
1685,1867,1.0,s_3192,r_2492
1685,1875,-1.0,s_3192,r_2500
1686,1868,-1.0,s_3193,r_2493
1686,1900,1.0,s_3193,r_2525
1686,2264,-1.0,s_3193,r_2889
1686,2272,-1.0,s_3193,r_2897
1686,2280,-1.0,s_3193,r_2905
1686,2288,-1.0,s_3193,r_2913
1686,2296,-1.0,s_3193,r_2921
1686,2304,-1.0,s_3193,r_2929
1686,2312,-1.0,s_3193,r_2937
1686,2320,-1.0,s_3193,r_2945
1686,3109,-1.0,s_3193,r_3744
1686,3143,1.0,s_3193,r_3778
1686,3191,1.0,s_3193,r_3826
1686,3223,1.0,s_3193,r_3858
1686,3255,-1.0,s_3193,r_3890
1686,3366,-1.0,s_3193,r_4002
1687,1868,1.0,s_3194,r_2493
1687,1876,-1.0,s_3194,r_2501
1688,1869,-1.0,s_3195,r_2494
1688,1901,1.0,s_3195,r_2526
1688,2265,-1.0,s_3195,r_2890
1688,2273,-1.0,s_3195,r_2898
1688,2281,-1.0,s_3195,r_2906
1688,2289,-1.0,s_3195,r_2914
1688,2297,-1.0,s_3195,r_2922
1688,2305,-1.0,s_3195,r_2930
1688,2313,-1.0,s_3195,r_2938
1688,2321,-1.0,s_3195,r_2946
1688,3110,-1.0,s_3195,r_3745
1688,3144,1.0,s_3195,r_3779
1688,3192,1.0,s_3195,r_3827
1688,3224,1.0,s_3195,r_3859
1688,3256,-1.0,s_3195,r_3891
1688,3367,-1.0,s_3195,r_4003
1689,1869,1.0,s_3196,r_2494
1689,1877,-1.0,s_3196,r_2502
1690,1870,-1.0,s_3197,r_2495
1690,1902,1.0,s_3197,r_2527
1690,2266,-1.0,s_3197,r_2891
1690,2274,-1.0,s_3197,r_2899
1690,2282,-1.0,s_3197,r_2907
1690,2290,-1.0,s_3197,r_2915
1690,2298,-1.0,s_3197,r_2923
1690,2306,-1.0,s_3197,r_2931
1690,2314,-1.0,s_3197,r_2939
1690,2322,-1.0,s_3197,r_2947
1690,3111,-1.0,s_3197,r_3746
1690,3145,1.0,s_3197,r_3780
1690,3193,1.0,s_3197,r_3828
1690,3225,1.0,s_3197,r_3860
1690,3257,-1.0,s_3197,r_3892
1690,3368,-1.0,s_3197,r_4004
1691,1870,1.0,s_3198,r_2495
1691,1878,-1.0,s_3198,r_2503
1692,1871,1.0,s_3199,r_2496
1692,1879,-1.0,s_3199,r_2504
1693,1872,1.0,s_3200,r_2497
1693,1880,-1.0,s_3200,r_2505
1694,1873,1.0,s_3201,r_2498
1694,1881,-1.0,s_3201,r_2506
1695,1874,1.0,s_3202,r_2499
1695,1882,-1.0,s_3202,r_2507
1696,1875,1.0,s_3203,r_2500
1696,1883,-1.0,s_3203,r_2508
1697,1876,1.0,s_3204,r_2501
1697,1884,-1.0,s_3204,r_2509
1698,1877,1.0,s_3205,r_2502
1698,1885,-1.0,s_3205,r_2510
1699,1878,1.0,s_3206,r_2503
1699,1886,-1.0,s_3206,r_2511
1700,1879,1.0,s_3207,r_2504
1700,1903,1.0,s_3207,r_2528
1700,2323,-1.0,s_3207,r_2948
1700,2331,-1.0,s_3207,r_2956
1700,2339,-1.0,s_3207,r_2964
1700,2347,-1.0,s_3207,r_2972
1700,2355,-1.0,s_3207,r_2980
1700,2363,-1.0,s_3207,r_2988
1700,2371,-1.0,s_3207,r_2996
1700,2379,-1.0,s_3207,r_3004
1700,2387,-1.0,s_3207,r_3022
1700,3096,-1.0,s_3207,r_3731
1700,3146,-1.0,s_3207,r_3781
1700,3242,-1.0,s_3207,r_3877
1700,3352,-1.0,s_3207,r_3988
1701,1880,1.0,s_3208,r_2505
1701,1904,1.0,s_3208,r_2529
1701,2324,-1.0,s_3208,r_2949
1701,2332,-1.0,s_3208,r_2957
1701,2340,-1.0,s_3208,r_2965
1701,2348,-1.0,s_3208,r_2973
1701,2356,-1.0,s_3208,r_2981
1701,2364,-1.0,s_3208,r_2989
1701,2372,-1.0,s_3208,r_2997
1701,2380,-1.0,s_3208,r_3005
1701,2388,-1.0,s_3208,r_3023
1701,3097,-1.0,s_3208,r_3732
1701,3147,-1.0,s_3208,r_3782
1701,3243,-1.0,s_3208,r_3878
1701,3353,-1.0,s_3208,r_3989
1702,1881,1.0,s_3209,r_2506
1702,1905,1.0,s_3209,r_2530
1702,2325,-1.0,s_3209,r_2950
1702,2333,-1.0,s_3209,r_2958
1702,2341,-1.0,s_3209,r_2966
1702,2349,-1.0,s_3209,r_2974
1702,2357,-1.0,s_3209,r_2982
1702,2365,-1.0,s_3209,r_2990
1702,2373,-1.0,s_3209,r_2998
1702,2381,-1.0,s_3209,r_3006
1702,2389,-1.0,s_3209,r_3024
1702,3098,-1.0,s_3209,r_3733
1702,3148,-1.0,s_3209,r_3783
1702,3244,-1.0,s_3209,r_3879
1702,3354,-1.0,s_3209,r_3990
1703,1882,1.0,s_3210,r_2507
1703,1906,1.0,s_3210,r_2531
1703,2326,-1.0,s_3210,r_2951
1703,2334,-1.0,s_3210,r_2959
1703,2342,-1.0,s_3210,r_2967
1703,2350,-1.0,s_3210,r_2975
1703,2358,-1.0,s_3210,r_2983
1703,2366,-1.0,s_3210,r_2991
1703,2374,-1.0,s_3210,r_2999
1703,2382,-1.0,s_3210,r_3007
1703,2390,-1.0,s_3210,r_3025
1703,3099,-1.0,s_3210,r_3734
1703,3149,-1.0,s_3210,r_3784
1703,3245,-1.0,s_3210,r_3880
1703,3355,-1.0,s_3210,r_3991
1704,1883,1.0,s_3211,r_2508
1704,1907,1.0,s_3211,r_2532
1704,2327,-1.0,s_3211,r_2952
1704,2335,-1.0,s_3211,r_2960
1704,2343,-1.0,s_3211,r_2968
1704,2351,-1.0,s_3211,r_2976
1704,2359,-1.0,s_3211,r_2984
1704,2367,-1.0,s_3211,r_2992
1704,2375,-1.0,s_3211,r_3000
1704,2383,-1.0,s_3211,r_3008
1704,2391,-1.0,s_3211,r_3026
1704,3100,-1.0,s_3211,r_3735
1704,3150,-1.0,s_3211,r_3785
1704,3246,-1.0,s_3211,r_3881
1704,3356,-1.0,s_3211,r_3992
1705,1884,1.0,s_3212,r_2509
1705,1908,1.0,s_3212,r_2533
1705,2328,-1.0,s_3212,r_2953
1705,2336,-1.0,s_3212,r_2961
1705,2344,-1.0,s_3212,r_2969
1705,2352,-1.0,s_3212,r_2977
1705,2360,-1.0,s_3212,r_2985
1705,2368,-1.0,s_3212,r_2993
1705,2376,-1.0,s_3212,r_3001
1705,2384,-1.0,s_3212,r_3009
1705,2392,-1.0,s_3212,r_3027
1705,3101,-1.0,s_3212,r_3736
1705,3151,-1.0,s_3212,r_3786
1705,3247,-1.0,s_3212,r_3882
1705,3357,-1.0,s_3212,r_3993
1706,1885,1.0,s_3213,r_2510
1706,1909,1.0,s_3213,r_2534
1706,2329,-1.0,s_3213,r_2954
1706,2337,-1.0,s_3213,r_2962
1706,2345,-1.0,s_3213,r_2970
1706,2353,-1.0,s_3213,r_2978
1706,2361,-1.0,s_3213,r_2986
1706,2369,-1.0,s_3213,r_2994
1706,2377,-1.0,s_3213,r_3002
1706,2385,-1.0,s_3213,r_3010
1706,2393,-1.0,s_3213,r_3028
1706,3102,-1.0,s_3213,r_3737
1706,3152,-1.0,s_3213,r_3787
1706,3248,-1.0,s_3213,r_3883
1706,3358,-1.0,s_3213,r_3994
1707,1886,1.0,s_3214,r_2511
1707,1910,1.0,s_3214,r_2535
1707,2330,-1.0,s_3214,r_2955
1707,2338,-1.0,s_3214,r_2963
1707,2346,-1.0,s_3214,r_2971
1707,2354,-1.0,s_3214,r_2979
1707,2362,-1.0,s_3214,r_2987
1707,2370,-1.0,s_3214,r_2995
1707,2378,-1.0,s_3214,r_3003
1707,2386,-1.0,s_3214,r_3011
1707,2394,-1.0,s_3214,r_3029
1707,3103,-1.0,s_3214,r_3738
1707,3153,-1.0,s_3214,r_3788
1707,3249,-1.0,s_3214,r_3884
1707,3359,-1.0,s_3214,r_3995
1708,1887,1.0,s_3215,r_2512
1708,1888,1.0,s_3215,r_2513
1708,1889,1.0,s_3215,r_2514
1708,1890,1.0,s_3215,r_2515
1708,1891,1.0,s_3215,r_2516
1708,1892,1.0,s_3215,r_2517
1708,1893,1.0,s_3215,r_2518
1708,1894,1.0,s_3215,r_2519
1708,2904,1.0,s_3215,r_3539
1709,1895,-1.0,s_3216,r_2520
1709,1896,-1.0,s_3216,r_2521
1709,1897,-1.0,s_3216,r_2522
1709,1898,-1.0,s_3216,r_2523
1709,1899,-1.0,s_3216,r_2524
1709,1900,-1.0,s_3216,r_2525
1709,1901,-1.0,s_3216,r_2526
1709,1902,-1.0,s_3216,r_2527
1709,2906,1.0,s_3216,r_3541
1710,1903,-1.0,s_3217,r_2528
1710,1904,-1.0,s_3217,r_2529
1710,1905,-1.0,s_3217,r_2530
1710,1906,-1.0,s_3217,r_2531
1710,1907,-1.0,s_3217,r_2532
1710,1908,-1.0,s_3217,r_2533
1710,1909,-1.0,s_3217,r_2534
1710,1910,-1.0,s_3217,r_2535
1710,2907,1.0,s_3217,r_3542
1711,1911,-1.0,s_3218,r_2536
1711,1912,-1.0,s_3218,r_2537
1711,1913,-1.0,s_3218,r_2538
1711,1914,-1.0,s_3218,r_2539
1711,1915,-1.0,s_3218,r_2540
1711,1916,-1.0,s_3218,r_2541
1711,2463,1.0,s_3218,r_3098
1711,2464,1.0,s_3218,r_3099
1711,2465,1.0,s_3218,r_3100
1711,2466,1.0,s_3218,r_3101
1711,2467,1.0,s_3218,r_3102
1711,2468,1.0,s_3218,r_3103
1711,3323,1.0,s_3218,r_3958
1712,1911,1.0,s_3219,r_2536
1712,1912,1.0,s_3219,r_2537
1712,1913,1.0,s_3219,r_2538
1712,1914,1.0,s_3219,r_2539
1712,1915,1.0,s_3219,r_2540
1712,1916,1.0,s_3219,r_2541
1712,1923,1.0,s_3219,r_2548
1712,1924,1.0,s_3219,r_2549
1712,1925,1.0,s_3219,r_2550
1712,1926,1.0,s_3219,r_2551
1712,1927,1.0,s_3219,r_2552
1712,1928,1.0,s_3219,r_2553
1712,1929,1.0,s_3219,r_2554
1712,1930,1.0,s_3219,r_2555
1712,1931,1.0,s_3219,r_2556
1712,1932,1.0,s_3219,r_2557
1712,1933,1.0,s_3219,r_2558
1712,1934,1.0,s_3219,r_2559
1712,1935,1.0,s_3219,r_2560
1712,1936,1.0,s_3219,r_2561
1712,1937,1.0,s_3219,r_2562
1712,1938,1.0,s_3219,r_2563
1712,1939,1.0,s_3219,r_2564
1712,1940,1.0,s_3219,r_2565
1712,1941,1.0,s_3219,r_2566
1712,1942,1.0,s_3219,r_2567
1712,1943,1.0,s_3219,r_2568
1712,1944,1.0,s_3219,r_2569
1712,1945,1.0,s_3219,r_2570
1712,1946,1.0,s_3219,r_2571
1712,1947,1.0,s_3219,r_2572
1712,1948,1.0,s_3219,r_2573
1712,1949,1.0,s_3219,r_2574
1712,1950,1.0,s_3219,r_2575
1712,1951,1.0,s_3219,r_2576
1712,1952,1.0,s_3219,r_2577
1712,1953,1.0,s_3219,r_2578
1712,1954,1.0,s_3219,r_2579
1712,1955,1.0,s_3219,r_2580
1712,1956,1.0,s_3219,r_2581
1712,1957,1.0,s_3219,r_2582
1712,1958,1.0,s_3219,r_2583
1712,3324,1.0,s_3219,r_3959
1713,1911,1.0,s_3220,r_2536
1713,1917,-1.0,s_3220,r_2542
1714,1912,1.0,s_3221,r_2537
1714,1918,-1.0,s_3221,r_2543
1715,1913,1.0,s_3222,r_2538
1715,1919,-1.0,s_3222,r_2544
1716,1914,1.0,s_3223,r_2539
1716,1920,-1.0,s_3223,r_2545
1717,1915,1.0,s_3224,r_2540
1717,1921,-1.0,s_3224,r_2546
1718,1916,1.0,s_3225,r_2541
1718,1922,-1.0,s_3225,r_2547
1719,1917,-1.0,s_3226,r_2542
1719,1918,-1.0,s_3226,r_2543
1719,1919,-1.0,s_3226,r_2544
1719,1920,-1.0,s_3226,r_2545
1719,1921,-1.0,s_3226,r_2546
1719,1922,-1.0,s_3226,r_2547
1719,1959,-1.0,s_3226,r_2584
1719,1960,-1.0,s_3226,r_2585
1719,1961,-1.0,s_3226,r_2586
1719,1962,-1.0,s_3226,r_2587
1719,1963,-1.0,s_3226,r_2588
1719,1964,-1.0,s_3226,r_2589
1719,1965,-1.0,s_3226,r_2590
1719,1966,-1.0,s_3226,r_2591
1719,1967,-1.0,s_3226,r_2592
1719,1968,-1.0,s_3226,r_2593
1719,1969,-1.0,s_3226,r_2594
1719,1970,-1.0,s_3226,r_2595
1719,1971,-1.0,s_3226,r_2596
1719,1972,-1.0,s_3226,r_2597
1719,1973,-1.0,s_3226,r_2598
1719,1974,-1.0,s_3226,r_2599
1719,1975,-1.0,s_3226,r_2600
1719,1976,-1.0,s_3226,r_2601
1719,1977,-1.0,s_3226,r_2602
1719,1978,-1.0,s_3226,r_2603
1719,1979,-1.0,s_3226,r_2604
1719,1980,-1.0,s_3226,r_2605
1719,1981,-1.0,s_3226,r_2606
1719,1982,-1.0,s_3226,r_2607
1719,1983,-1.0,s_3226,r_2608
1719,1984,-1.0,s_3226,r_2609
1719,1985,-1.0,s_3226,r_2610
1719,1986,-1.0,s_3226,r_2611
1719,1987,-1.0,s_3226,r_2612
1719,1988,-1.0,s_3226,r_2613
1719,1989,-1.0,s_3226,r_2614
1719,1990,-1.0,s_3226,r_2615
1719,1991,-1.0,s_3226,r_2616
1719,1992,-1.0,s_3226,r_2617
1719,1993,-1.0,s_3226,r_2618
1719,1994,-1.0,s_3226,r_2619
1719,2463,-1.0,s_3226,r_3098
1719,2464,-1.0,s_3226,r_3099
1719,2465,-1.0,s_3226,r_3100
1719,2466,-1.0,s_3226,r_3101
1719,2467,-1.0,s_3226,r_3102
1719,2468,-1.0,s_3226,r_3103
1719,3033,1.0,s_3226,r_3668
1720,1917,1.0,s_3227,r_2542
1720,1923,-1.0,s_3227,r_2548
1720,1929,-1.0,s_3227,r_2554
1720,1935,-1.0,s_3227,r_2560
1720,1941,-1.0,s_3227,r_2566
1720,1947,-1.0,s_3227,r_2572
1720,1953,-1.0,s_3227,r_2578
1720,2463,-1.0,s_3227,r_3098
1720,3462,-1.0,s_3227,r_4098
1721,1917,1.0,s_3228,r_2542
1721,1918,1.0,s_3228,r_2543
1721,1919,1.0,s_3228,r_2544
1721,1920,1.0,s_3228,r_2545
1721,1921,1.0,s_3228,r_2546
1721,1922,1.0,s_3228,r_2547
1721,3326,1.0,s_3228,r_3961
1722,1918,1.0,s_3229,r_2543
1722,1924,-1.0,s_3229,r_2549
1722,1930,-1.0,s_3229,r_2555
1722,1936,-1.0,s_3229,r_2561
1722,1942,-1.0,s_3229,r_2567
1722,1948,-1.0,s_3229,r_2573
1722,1954,-1.0,s_3229,r_2579
1722,2464,-1.0,s_3229,r_3099
1722,3463,-1.0,s_3229,r_4099
1723,1919,1.0,s_3230,r_2544
1723,1925,-1.0,s_3230,r_2550
1723,1931,-1.0,s_3230,r_2556
1723,1937,-1.0,s_3230,r_2562
1723,1943,-1.0,s_3230,r_2568
1723,1949,-1.0,s_3230,r_2574
1723,1955,-1.0,s_3230,r_2580
1723,2465,-1.0,s_3230,r_3100
1723,3464,-1.0,s_3230,r_4100
1724,1920,1.0,s_3231,r_2545
1724,1926,-1.0,s_3231,r_2551
1724,1932,-1.0,s_3231,r_2557
1724,1938,-1.0,s_3231,r_2563
1724,1944,-1.0,s_3231,r_2569
1724,1950,-1.0,s_3231,r_2575
1724,1956,-1.0,s_3231,r_2581
1724,2466,-1.0,s_3231,r_3101
1724,3465,-1.0,s_3231,r_4101
1725,1921,1.0,s_3232,r_2546
1725,1927,-1.0,s_3232,r_2552
1725,1933,-1.0,s_3232,r_2558
1725,1939,-1.0,s_3232,r_2564
1725,1945,-1.0,s_3232,r_2570
1725,1951,-1.0,s_3232,r_2576
1725,1957,-1.0,s_3232,r_2582
1725,2467,-1.0,s_3232,r_3102
1725,3466,-1.0,s_3232,r_4102
1726,1922,1.0,s_3233,r_2547
1726,1928,-1.0,s_3233,r_2553
1726,1934,-1.0,s_3233,r_2559
1726,1940,-1.0,s_3233,r_2565
1726,1946,-1.0,s_3233,r_2571
1726,1952,-1.0,s_3233,r_2577
1726,1958,-1.0,s_3233,r_2583
1726,2468,-1.0,s_3233,r_3103
1726,3467,-1.0,s_3233,r_4103
1727,1923,1.0,s_3234,r_2548
1727,1959,-1.0,s_3234,r_2584
1727,1977,-1.0,s_3234,r_2602
1727,3468,-1.0,s_3234,r_4104
1728,1924,1.0,s_3235,r_2549
1728,1960,-1.0,s_3235,r_2585
1728,2091,1.0,s_3235,r_2716
1728,2092,1.0,s_3235,r_2717
1728,2093,1.0,s_3235,r_2718
1728,2094,1.0,s_3235,r_2719
1728,3469,-1.0,s_3235,r_4105
1729,1925,1.0,s_3236,r_2550
1729,1961,-1.0,s_3236,r_2586
1729,1978,-1.0,s_3236,r_2603
1729,3470,-1.0,s_3236,r_4106
1730,1926,1.0,s_3237,r_2551
1730,1962,-1.0,s_3237,r_2587
1730,2095,1.0,s_3237,r_2720
1730,2096,1.0,s_3237,r_2721
1730,2097,1.0,s_3237,r_2722
1730,2098,1.0,s_3237,r_2723
1730,3471,-1.0,s_3237,r_4107
1731,1927,1.0,s_3238,r_2552
1731,1963,-1.0,s_3238,r_2588
1731,1979,-1.0,s_3238,r_2604
1731,3472,-1.0,s_3238,r_4108
1732,1928,1.0,s_3239,r_2553
1732,1964,-1.0,s_3239,r_2589
1732,2099,1.0,s_3239,r_2724
1732,2100,1.0,s_3239,r_2725
1732,2101,1.0,s_3239,r_2726
1732,2102,1.0,s_3239,r_2727
1732,3473,-1.0,s_3239,r_4109
1733,1929,1.0,s_3240,r_2554
1733,1980,-1.0,s_3240,r_2605
1733,1995,1.0,s_3240,r_2620
1733,1996,1.0,s_3240,r_2621
1733,1997,1.0,s_3240,r_2622
1733,1998,1.0,s_3240,r_2623
1733,3474,-1.0,s_3240,r_4110
1734,1930,1.0,s_3241,r_2555
1734,2003,1.0,s_3241,r_2628
1734,2004,1.0,s_3241,r_2629
1734,2005,1.0,s_3241,r_2630
1734,2006,1.0,s_3241,r_2631
1734,2107,1.0,s_3241,r_2732
1734,2108,1.0,s_3241,r_2733
1734,2109,1.0,s_3241,r_2734
1734,2110,1.0,s_3241,r_2735
1734,3475,-1.0,s_3241,r_4111
1735,1931,1.0,s_3242,r_2556
1735,1981,-1.0,s_3242,r_2606
1735,2011,1.0,s_3242,r_2636
1735,2012,1.0,s_3242,r_2637
1735,2013,1.0,s_3242,r_2638
1735,2014,1.0,s_3242,r_2639
1735,3476,-1.0,s_3242,r_4112
1736,1932,1.0,s_3243,r_2557
1736,2019,1.0,s_3243,r_2644
1736,2020,1.0,s_3243,r_2645
1736,2021,1.0,s_3243,r_2646
1736,2022,1.0,s_3243,r_2647
1736,2111,1.0,s_3243,r_2736
1736,2112,1.0,s_3243,r_2737
1736,2113,1.0,s_3243,r_2738
1736,2114,1.0,s_3243,r_2739
1736,3477,-1.0,s_3243,r_4113
1737,1933,1.0,s_3244,r_2558
1737,1982,-1.0,s_3244,r_2607
1737,2027,1.0,s_3244,r_2652
1737,2028,1.0,s_3244,r_2653
1737,2029,1.0,s_3244,r_2654
1737,2030,1.0,s_3244,r_2655
1737,3478,-1.0,s_3244,r_4114
1738,1934,1.0,s_3245,r_2559
1738,2035,1.0,s_3245,r_2660
1738,2036,1.0,s_3245,r_2661
1738,2037,1.0,s_3245,r_2662
1738,2038,1.0,s_3245,r_2663
1738,2115,1.0,s_3245,r_2740
1738,2116,1.0,s_3245,r_2741
1738,2117,1.0,s_3245,r_2742
1738,2118,1.0,s_3245,r_2743
1738,3479,-1.0,s_3245,r_4115
1739,1935,1.0,s_3246,r_2560
1739,1965,-1.0,s_3246,r_2590
1739,1983,-1.0,s_3246,r_2608
1739,3480,-1.0,s_3246,r_4116
1740,1936,1.0,s_3247,r_2561
1740,1966,-1.0,s_3247,r_2591
1740,2123,1.0,s_3247,r_2748
1740,2124,1.0,s_3247,r_2749
1740,2125,1.0,s_3247,r_2750
1740,2126,1.0,s_3247,r_2751
1740,3481,-1.0,s_3247,r_4117
1741,1937,1.0,s_3248,r_2562
1741,1967,-1.0,s_3248,r_2592
1741,1984,-1.0,s_3248,r_2609
1741,3482,-1.0,s_3248,r_4118
1742,1938,1.0,s_3249,r_2563
1742,1968,-1.0,s_3249,r_2593
1742,2127,1.0,s_3249,r_2752
1742,2128,1.0,s_3249,r_2753
1742,2129,1.0,s_3249,r_2754
1742,2130,1.0,s_3249,r_2755
1742,3483,-1.0,s_3249,r_4119
1743,1939,1.0,s_3250,r_2564
1743,1969,-1.0,s_3250,r_2594
1743,1985,-1.0,s_3250,r_2610
1743,3484,-1.0,s_3250,r_4120
1744,1940,1.0,s_3251,r_2565
1744,1970,-1.0,s_3251,r_2595
1744,2131,1.0,s_3251,r_2756
1744,2132,1.0,s_3251,r_2757
1744,2133,1.0,s_3251,r_2758
1744,2134,1.0,s_3251,r_2759
1744,3485,-1.0,s_3251,r_4121
1745,1941,1.0,s_3252,r_2566
1745,1986,-1.0,s_3252,r_2611
1745,1999,1.0,s_3252,r_2624
1745,2000,1.0,s_3252,r_2625
1745,2001,1.0,s_3252,r_2626
1745,2002,1.0,s_3252,r_2627
1745,3486,-1.0,s_3252,r_4122
1746,1942,1.0,s_3253,r_2567
1746,2007,1.0,s_3253,r_2632
1746,2008,1.0,s_3253,r_2633
1746,2009,1.0,s_3253,r_2634
1746,2010,1.0,s_3253,r_2635
1746,2139,1.0,s_3253,r_2764
1746,2140,1.0,s_3253,r_2765
1746,2141,1.0,s_3253,r_2766
1746,2142,1.0,s_3253,r_2767
1746,3487,-1.0,s_3253,r_4123
1747,1943,1.0,s_3254,r_2568
1747,1987,-1.0,s_3254,r_2612
1747,2015,1.0,s_3254,r_2640
1747,2016,1.0,s_3254,r_2641
1747,2017,1.0,s_3254,r_2642
1747,2018,1.0,s_3254,r_2643
1747,3488,-1.0,s_3254,r_4124
1748,1944,1.0,s_3255,r_2569
1748,2023,1.0,s_3255,r_2648
1748,2024,1.0,s_3255,r_2649
1748,2025,1.0,s_3255,r_2650
1748,2026,1.0,s_3255,r_2651
1748,2143,1.0,s_3255,r_2768
1748,2144,1.0,s_3255,r_2769
1748,2145,1.0,s_3255,r_2770
1748,2146,1.0,s_3255,r_2771
1748,3489,-1.0,s_3255,r_4125
1749,1945,1.0,s_3256,r_2570
1749,1988,-1.0,s_3256,r_2613
1749,2031,1.0,s_3256,r_2656
1749,2032,1.0,s_3256,r_2657
1749,2033,1.0,s_3256,r_2658
1749,2034,1.0,s_3256,r_2659
1749,3490,-1.0,s_3256,r_4126
1750,1946,1.0,s_3257,r_2571
1750,2039,1.0,s_3257,r_2664
1750,2040,1.0,s_3257,r_2665
1750,2041,1.0,s_3257,r_2666
1750,2042,1.0,s_3257,r_2667
1750,2147,1.0,s_3257,r_2772
1750,2148,1.0,s_3257,r_2773
1750,2149,1.0,s_3257,r_2774
1750,2150,1.0,s_3257,r_2775
1750,3491,-1.0,s_3257,r_4127
1751,1947,1.0,s_3258,r_2572
1751,1971,-1.0,s_3258,r_2596
1751,1989,-1.0,s_3258,r_2614
1751,3492,-1.0,s_3258,r_4128
1752,1948,1.0,s_3259,r_2573
1752,1972,-1.0,s_3259,r_2597
1752,2155,1.0,s_3259,r_2780
1752,2156,1.0,s_3259,r_2781
1752,2157,1.0,s_3259,r_2782
1752,2158,1.0,s_3259,r_2783
1752,3493,-1.0,s_3259,r_4129
1753,1949,1.0,s_3260,r_2574
1753,1973,-1.0,s_3260,r_2598
1753,1990,-1.0,s_3260,r_2615
1753,3494,-1.0,s_3260,r_4130
1754,1950,1.0,s_3261,r_2575
1754,1974,-1.0,s_3261,r_2599
1754,2159,1.0,s_3261,r_2784
1754,2160,1.0,s_3261,r_2785
1754,2161,1.0,s_3261,r_2786
1754,2162,1.0,s_3261,r_2787
1754,3495,-1.0,s_3261,r_4131
1755,1951,1.0,s_3262,r_2576
1755,1975,-1.0,s_3262,r_2600
1755,1991,-1.0,s_3262,r_2616
1755,3496,-1.0,s_3262,r_4132
1756,1952,1.0,s_3263,r_2577
1756,1976,-1.0,s_3263,r_2601
1756,2163,1.0,s_3263,r_2788
1756,2164,1.0,s_3263,r_2789
1756,2165,1.0,s_3263,r_2790
1756,2166,1.0,s_3263,r_2791
1756,3497,-1.0,s_3263,r_4133
1757,1953,1.0,s_3264,r_2578
1757,1992,-1.0,s_3264,r_2617
1757,2043,1.0,s_3264,r_2668
1757,2044,1.0,s_3264,r_2669
1757,2045,1.0,s_3264,r_2670
1757,2046,1.0,s_3264,r_2671
1757,3498,-1.0,s_3264,r_4134
1758,1954,1.0,s_3265,r_2579
1758,2051,1.0,s_3265,r_2676
1758,2052,1.0,s_3265,r_2677
1758,2053,1.0,s_3265,r_2678
1758,2054,1.0,s_3265,r_2679
1758,2171,1.0,s_3265,r_2796
1758,2172,1.0,s_3265,r_2797
1758,2173,1.0,s_3265,r_2798
1758,2174,1.0,s_3265,r_2799
1758,3499,-1.0,s_3265,r_4135
1759,1955,1.0,s_3266,r_2580
1759,1993,-1.0,s_3266,r_2618
1759,2059,1.0,s_3266,r_2684
1759,2060,1.0,s_3266,r_2685
1759,2061,1.0,s_3266,r_2686
1759,2062,1.0,s_3266,r_2687
1759,3500,-1.0,s_3266,r_4136
1760,1956,1.0,s_3267,r_2581
1760,2067,1.0,s_3267,r_2692
1760,2068,1.0,s_3267,r_2693
1760,2069,1.0,s_3267,r_2694
1760,2070,1.0,s_3267,r_2695
1760,2175,1.0,s_3267,r_2800
1760,2176,1.0,s_3267,r_2801
1760,2177,1.0,s_3267,r_2802
1760,2178,1.0,s_3267,r_2803
1760,3501,-1.0,s_3267,r_4137
1761,1957,1.0,s_3268,r_2582
1761,1994,-1.0,s_3268,r_2619
1761,2075,1.0,s_3268,r_2700
1761,2076,1.0,s_3268,r_2701
1761,2077,1.0,s_3268,r_2702
1761,2078,1.0,s_3268,r_2703
1761,3502,-1.0,s_3268,r_4138
1762,1958,1.0,s_3269,r_2583
1762,2083,1.0,s_3269,r_2708
1762,2084,1.0,s_3269,r_2709
1762,2085,1.0,s_3269,r_2710
1762,2086,1.0,s_3269,r_2711
1762,2179,1.0,s_3269,r_2804
1762,2180,1.0,s_3269,r_2805
1762,2181,1.0,s_3269,r_2806
1762,2182,1.0,s_3269,r_2807
1762,3503,-1.0,s_3269,r_4139
1763,1959,1.0,s_3270,r_2584
1763,1965,1.0,s_3270,r_2590
1763,1995,-1.0,s_3270,r_2620
1763,1996,-1.0,s_3270,r_2621
1763,1997,-1.0,s_3270,r_2622
1763,1998,-1.0,s_3270,r_2623
1763,1999,-1.0,s_3270,r_2624
1763,2000,-1.0,s_3270,r_2625
1763,2001,-1.0,s_3270,r_2626
1763,2002,-1.0,s_3270,r_2627
1764,1959,1.0,s_3271,r_2584
1764,1960,1.0,s_3271,r_2585
1764,1961,1.0,s_3271,r_2586
1764,1962,1.0,s_3271,r_2587
1764,1963,1.0,s_3271,r_2588
1764,1964,1.0,s_3271,r_2589
1764,1971,1.0,s_3271,r_2596
1764,1972,1.0,s_3271,r_2597
1764,1973,1.0,s_3271,r_2598
1764,1974,1.0,s_3271,r_2599
1764,1975,1.0,s_3271,r_2600
1764,1976,1.0,s_3271,r_2601
1764,1977,1.0,s_3271,r_2602
1764,1979,1.0,s_3271,r_2604
1764,1980,1.0,s_3271,r_2605
1764,1982,1.0,s_3271,r_2607
1764,1983,1.0,s_3271,r_2608
1764,1985,1.0,s_3271,r_2610
1764,1986,1.0,s_3271,r_2611
1764,1988,1.0,s_3271,r_2613
1764,1989,1.0,s_3271,r_2614
1764,1991,1.0,s_3271,r_2616
1764,1992,1.0,s_3271,r_2617
1764,1994,1.0,s_3271,r_2619
1764,3043,-1.0,s_3271,r_3678
1765,1960,1.0,s_3272,r_2585
1765,1966,1.0,s_3272,r_2591
1765,2003,-1.0,s_3272,r_2628
1765,2004,-1.0,s_3272,r_2629
1765,2005,-1.0,s_3272,r_2630
1765,2006,-1.0,s_3272,r_2631
1765,2007,-1.0,s_3272,r_2632
1765,2008,-1.0,s_3272,r_2633
1765,2009,-1.0,s_3272,r_2634
1765,2010,-1.0,s_3272,r_2635
1766,1961,1.0,s_3273,r_2586
1766,1967,1.0,s_3273,r_2592
1766,2011,-1.0,s_3273,r_2636
1766,2012,-1.0,s_3273,r_2637
1766,2013,-1.0,s_3273,r_2638
1766,2014,-1.0,s_3273,r_2639
1766,2015,-1.0,s_3273,r_2640
1766,2016,-1.0,s_3273,r_2641
1766,2017,-1.0,s_3273,r_2642
1766,2018,-1.0,s_3273,r_2643
1767,1962,1.0,s_3274,r_2587
1767,1968,1.0,s_3274,r_2593
1767,2019,-1.0,s_3274,r_2644
1767,2020,-1.0,s_3274,r_2645
1767,2021,-1.0,s_3274,r_2646
1767,2022,-1.0,s_3274,r_2647
1767,2023,-1.0,s_3274,r_2648
1767,2024,-1.0,s_3274,r_2649
1767,2025,-1.0,s_3274,r_2650
1767,2026,-1.0,s_3274,r_2651
1768,1963,1.0,s_3275,r_2588
1768,1969,1.0,s_3275,r_2594
1768,2027,-1.0,s_3275,r_2652
1768,2028,-1.0,s_3275,r_2653
1768,2029,-1.0,s_3275,r_2654
1768,2030,-1.0,s_3275,r_2655
1768,2031,-1.0,s_3275,r_2656
1768,2032,-1.0,s_3275,r_2657
1768,2033,-1.0,s_3275,r_2658
1768,2034,-1.0,s_3275,r_2659
1769,1964,1.0,s_3276,r_2589
1769,1970,1.0,s_3276,r_2595
1769,2035,-1.0,s_3276,r_2660
1769,2036,-1.0,s_3276,r_2661
1769,2037,-1.0,s_3276,r_2662
1769,2038,-1.0,s_3276,r_2663
1769,2039,-1.0,s_3276,r_2664
1769,2040,-1.0,s_3276,r_2665
1769,2041,-1.0,s_3276,r_2666
1769,2042,-1.0,s_3276,r_2667
1770,1965,1.0,s_3277,r_2590
1770,1966,1.0,s_3277,r_2591
1770,1967,1.0,s_3277,r_2592
1770,1968,1.0,s_3277,r_2593
1770,1969,1.0,s_3277,r_2594
1770,1970,1.0,s_3277,r_2595
1770,1978,1.0,s_3277,r_2603
1770,1981,1.0,s_3277,r_2606
1770,1984,1.0,s_3277,r_2609
1770,1987,1.0,s_3277,r_2612
1770,1990,1.0,s_3277,r_2615
1770,1993,1.0,s_3277,r_2618
1770,3044,-1.0,s_3277,r_3679
1771,1971,1.0,s_3278,r_2596
1771,2043,-1.0,s_3278,r_2668
1771,2044,-1.0,s_3278,r_2669
1771,2045,-1.0,s_3278,r_2670
1771,2046,-1.0,s_3278,r_2671
1771,2047,-1.0,s_3278,r_2672
1771,2048,-1.0,s_3278,r_2673
1771,2049,-1.0,s_3278,r_2674
1771,2050,-1.0,s_3278,r_2675
1772,1972,1.0,s_3279,r_2597
1772,2051,-1.0,s_3279,r_2676
1772,2052,-1.0,s_3279,r_2677
1772,2053,-1.0,s_3279,r_2678
1772,2054,-1.0,s_3279,r_2679
1772,2055,-1.0,s_3279,r_2680
1772,2056,-1.0,s_3279,r_2681
1772,2057,-1.0,s_3279,r_2682
1772,2058,-1.0,s_3279,r_2683
1773,1973,1.0,s_3280,r_2598
1773,2059,-1.0,s_3280,r_2684
1773,2060,-1.0,s_3280,r_2685
1773,2061,-1.0,s_3280,r_2686
1773,2062,-1.0,s_3280,r_2687
1773,2063,-1.0,s_3280,r_2688
1773,2064,-1.0,s_3280,r_2689
1773,2065,-1.0,s_3280,r_2690
1773,2066,-1.0,s_3280,r_2691
1774,1974,1.0,s_3281,r_2599
1774,2067,-1.0,s_3281,r_2692
1774,2068,-1.0,s_3281,r_2693
1774,2069,-1.0,s_3281,r_2694
1774,2070,-1.0,s_3281,r_2695
1774,2071,-1.0,s_3281,r_2696
1774,2072,-1.0,s_3281,r_2697
1774,2073,-1.0,s_3281,r_2698
1774,2074,-1.0,s_3281,r_2699
1775,1975,1.0,s_3282,r_2600
1775,2075,-1.0,s_3282,r_2700
1775,2076,-1.0,s_3282,r_2701
1775,2077,-1.0,s_3282,r_2702
1775,2078,-1.0,s_3282,r_2703
1775,2079,-1.0,s_3282,r_2704
1775,2080,-1.0,s_3282,r_2705
1775,2081,-1.0,s_3282,r_2706
1775,2082,-1.0,s_3282,r_2707
1776,1976,1.0,s_3283,r_2601
1776,2083,-1.0,s_3283,r_2708
1776,2084,-1.0,s_3283,r_2709
1776,2085,-1.0,s_3283,r_2710
1776,2086,-1.0,s_3283,r_2711
1776,2087,-1.0,s_3283,r_2712
1776,2088,-1.0,s_3283,r_2713
1776,2089,-1.0,s_3283,r_2714
1776,2090,-1.0,s_3283,r_2715
1777,1977,1.0,s_3284,r_2602
1777,1978,1.0,s_3284,r_2603
1777,2091,-1.0,s_3284,r_2716
1777,2092,-1.0,s_3284,r_2717
1777,2093,-1.0,s_3284,r_2718
1777,2094,-1.0,s_3284,r_2719
1777,2095,-1.0,s_3284,r_2720
1777,2096,-1.0,s_3284,r_2721
1777,2097,-1.0,s_3284,r_2722
1777,2098,-1.0,s_3284,r_2723
1778,1979,1.0,s_3285,r_2604
1778,2099,-1.0,s_3285,r_2724
1778,2100,-1.0,s_3285,r_2725
1778,2101,-1.0,s_3285,r_2726
1778,2102,-1.0,s_3285,r_2727
1778,2103,-1.0,s_3285,r_2728
1778,2104,-1.0,s_3285,r_2729
1778,2105,-1.0,s_3285,r_2730
1778,2106,-1.0,s_3285,r_2731
1779,1980,1.0,s_3286,r_2605
1779,1981,1.0,s_3286,r_2606
1779,2107,-1.0,s_3286,r_2732
1779,2108,-1.0,s_3286,r_2733
1779,2109,-1.0,s_3286,r_2734
1779,2110,-1.0,s_3286,r_2735
1779,2111,-1.0,s_3286,r_2736
1779,2112,-1.0,s_3286,r_2737
1779,2113,-1.0,s_3286,r_2738
1779,2114,-1.0,s_3286,r_2739
1780,1982,1.0,s_3287,r_2607
1780,2115,-1.0,s_3287,r_2740
1780,2116,-1.0,s_3287,r_2741
1780,2117,-1.0,s_3287,r_2742
1780,2118,-1.0,s_3287,r_2743
1780,2119,-1.0,s_3287,r_2744
1780,2120,-1.0,s_3287,r_2745
1780,2121,-1.0,s_3287,r_2746
1780,2122,-1.0,s_3287,r_2747
1781,1983,1.0,s_3288,r_2608
1781,1984,1.0,s_3288,r_2609
1781,2123,-1.0,s_3288,r_2748
1781,2124,-1.0,s_3288,r_2749
1781,2125,-1.0,s_3288,r_2750
1781,2126,-1.0,s_3288,r_2751
1781,2127,-1.0,s_3288,r_2752
1781,2128,-1.0,s_3288,r_2753
1781,2129,-1.0,s_3288,r_2754
1781,2130,-1.0,s_3288,r_2755
1782,1985,1.0,s_3289,r_2610
1782,2131,-1.0,s_3289,r_2756
1782,2132,-1.0,s_3289,r_2757
1782,2133,-1.0,s_3289,r_2758
1782,2134,-1.0,s_3289,r_2759
1782,2135,-1.0,s_3289,r_2760
1782,2136,-1.0,s_3289,r_2761
1782,2137,-1.0,s_3289,r_2762
1782,2138,-1.0,s_3289,r_2763
1783,1986,1.0,s_3290,r_2611
1783,1987,1.0,s_3290,r_2612
1783,2139,-1.0,s_3290,r_2764
1783,2140,-1.0,s_3290,r_2765
1783,2141,-1.0,s_3290,r_2766
1783,2142,-1.0,s_3290,r_2767
1783,2143,-1.0,s_3290,r_2768
1783,2144,-1.0,s_3290,r_2769
1783,2145,-1.0,s_3290,r_2770
1783,2146,-1.0,s_3290,r_2771
1784,1988,1.0,s_3291,r_2613
1784,2147,-1.0,s_3291,r_2772
1784,2148,-1.0,s_3291,r_2773
1784,2149,-1.0,s_3291,r_2774
1784,2150,-1.0,s_3291,r_2775
1784,2151,-1.0,s_3291,r_2776
1784,2152,-1.0,s_3291,r_2777
1784,2153,-1.0,s_3291,r_2778
1784,2154,-1.0,s_3291,r_2779
1785,1989,1.0,s_3292,r_2614
1785,1990,1.0,s_3292,r_2615
1785,2155,-1.0,s_3292,r_2780
1785,2156,-1.0,s_3292,r_2781
1785,2157,-1.0,s_3292,r_2782
1785,2158,-1.0,s_3292,r_2783
1785,2159,-1.0,s_3292,r_2784
1785,2160,-1.0,s_3292,r_2785
1785,2161,-1.0,s_3292,r_2786
1785,2162,-1.0,s_3292,r_2787
1786,1991,1.0,s_3293,r_2616
1786,2163,-1.0,s_3293,r_2788
1786,2164,-1.0,s_3293,r_2789
1786,2165,-1.0,s_3293,r_2790
1786,2166,-1.0,s_3293,r_2791
1786,2167,-1.0,s_3293,r_2792
1786,2168,-1.0,s_3293,r_2793
1786,2169,-1.0,s_3293,r_2794
1786,2170,-1.0,s_3293,r_2795
1787,1992,1.0,s_3294,r_2617
1787,1993,1.0,s_3294,r_2618
1787,2171,-1.0,s_3294,r_2796
1787,2172,-1.0,s_3294,r_2797
1787,2173,-1.0,s_3294,r_2798
1787,2174,-1.0,s_3294,r_2799
1787,2175,-1.0,s_3294,r_2800
1787,2176,-1.0,s_3294,r_2801
1787,2177,-1.0,s_3294,r_2802
1787,2178,-1.0,s_3294,r_2803
1788,1994,1.0,s_3295,r_2619
1788,2179,-1.0,s_3295,r_2804
1788,2180,-1.0,s_3295,r_2805
1788,2181,-1.0,s_3295,r_2806
1788,2182,-1.0,s_3295,r_2807
1788,2183,-1.0,s_3295,r_2808
1788,2184,-1.0,s_3295,r_2809
1788,2185,-1.0,s_3295,r_2810
1788,2186,-1.0,s_3295,r_2811
1789,1995,-1.0,s_3296,r_2620
1789,2003,-1.0,s_3296,r_2628
1789,2011,-1.0,s_3296,r_2636
1789,2019,-1.0,s_3296,r_2644
1789,2027,-1.0,s_3296,r_2652
1789,2035,-1.0,s_3296,r_2660
1789,2043,-1.0,s_3296,r_2668
1789,2051,-1.0,s_3296,r_2676
1789,2059,-1.0,s_3296,r_2684
1789,2067,-1.0,s_3296,r_2692
1789,2075,-1.0,s_3296,r_2700
1789,2083,-1.0,s_3296,r_2708
1789,2091,-1.0,s_3296,r_2716
1789,2099,-1.0,s_3296,r_2724
1789,2107,-1.0,s_3296,r_2732
1789,2115,-1.0,s_3296,r_2740
1789,2123,-1.0,s_3296,r_2748
1789,2131,-1.0,s_3296,r_2756
1789,2139,-1.0,s_3296,r_2764
1789,2147,-1.0,s_3296,r_2772
1789,2155,-1.0,s_3296,r_2780
1789,2163,-1.0,s_3296,r_2788
1789,2171,-1.0,s_3296,r_2796
1789,2179,-1.0,s_3296,r_2804
1789,2187,1.0,s_3296,r_2812
1789,3146,1.0,s_3296,r_3781
1790,1995,1.0,s_3297,r_2620
1790,1999,1.0,s_3297,r_2624
1790,2003,1.0,s_3297,r_2628
1790,2007,1.0,s_3297,r_2632
1790,2011,1.0,s_3297,r_2636
1790,2015,1.0,s_3297,r_2640
1790,2019,1.0,s_3297,r_2644
1790,2023,1.0,s_3297,r_2648
1790,2027,1.0,s_3297,r_2652
1790,2031,1.0,s_3297,r_2656
1790,2035,1.0,s_3297,r_2660
1790,2039,1.0,s_3297,r_2664
1790,2043,1.0,s_3297,r_2668
1790,2047,1.0,s_3297,r_2672
1790,2051,1.0,s_3297,r_2676
1790,2055,1.0,s_3297,r_2680
1790,2059,1.0,s_3297,r_2684
1790,2063,1.0,s_3297,r_2688
1790,2067,1.0,s_3297,r_2692
1790,2071,1.0,s_3297,r_2696
1790,2075,1.0,s_3297,r_2700
1790,2079,1.0,s_3297,r_2704
1790,2083,1.0,s_3297,r_2708
1790,2087,1.0,s_3297,r_2712
1790,2091,1.0,s_3297,r_2716
1790,2095,1.0,s_3297,r_2720
1790,2099,1.0,s_3297,r_2724
1790,2103,1.0,s_3297,r_2728
1790,2107,1.0,s_3297,r_2732
1790,2111,1.0,s_3297,r_2736
1790,2115,1.0,s_3297,r_2740
1790,2119,1.0,s_3297,r_2744
1790,2123,1.0,s_3297,r_2748
1790,2127,1.0,s_3297,r_2752
1790,2131,1.0,s_3297,r_2756
1790,2135,1.0,s_3297,r_2760
1790,2139,1.0,s_3297,r_2764
1790,2143,1.0,s_3297,r_2768
1790,2147,1.0,s_3297,r_2772
1790,2151,1.0,s_3297,r_2776
1790,2155,1.0,s_3297,r_2780
1790,2159,1.0,s_3297,r_2784
1790,2163,1.0,s_3297,r_2788
1790,2167,1.0,s_3297,r_2792
1790,2171,1.0,s_3297,r_2796
1790,2175,1.0,s_3297,r_2800
1790,2179,1.0,s_3297,r_2804
1790,2183,1.0,s_3297,r_2808
1790,2187,-1.0,s_3297,r_2812
1790,2188,-1.0,s_3297,r_2813
1791,1996,-1.0,s_3298,r_2621
1791,2004,-1.0,s_3298,r_2629
1791,2012,-1.0,s_3298,r_2637
1791,2020,-1.0,s_3298,r_2645
1791,2028,-1.0,s_3298,r_2653
1791,2036,-1.0,s_3298,r_2661
1791,2044,-1.0,s_3298,r_2669
1791,2052,-1.0,s_3298,r_2677
1791,2060,-1.0,s_3298,r_2685
1791,2068,-1.0,s_3298,r_2693
1791,2076,-1.0,s_3298,r_2701
1791,2084,-1.0,s_3298,r_2709
1791,2092,-1.0,s_3298,r_2717
1791,2100,-1.0,s_3298,r_2725
1791,2108,-1.0,s_3298,r_2733
1791,2116,-1.0,s_3298,r_2741
1791,2124,-1.0,s_3298,r_2749
1791,2132,-1.0,s_3298,r_2757
1791,2140,-1.0,s_3298,r_2765
1791,2148,-1.0,s_3298,r_2773
1791,2156,-1.0,s_3298,r_2781
1791,2164,-1.0,s_3298,r_2789
1791,2172,-1.0,s_3298,r_2797
1791,2180,-1.0,s_3298,r_2805
1791,2189,1.0,s_3298,r_2814
1791,3147,1.0,s_3298,r_3782
1792,1996,1.0,s_3299,r_2621
1792,2000,1.0,s_3299,r_2625
1792,2004,1.0,s_3299,r_2629
1792,2008,1.0,s_3299,r_2633
1792,2012,1.0,s_3299,r_2637
1792,2016,1.0,s_3299,r_2641
1792,2020,1.0,s_3299,r_2645
1792,2024,1.0,s_3299,r_2649
1792,2028,1.0,s_3299,r_2653
1792,2032,1.0,s_3299,r_2657
1792,2036,1.0,s_3299,r_2661
1792,2040,1.0,s_3299,r_2665
1792,2044,1.0,s_3299,r_2669
1792,2048,1.0,s_3299,r_2673
1792,2052,1.0,s_3299,r_2677
1792,2056,1.0,s_3299,r_2681
1792,2060,1.0,s_3299,r_2685
1792,2064,1.0,s_3299,r_2689
1792,2068,1.0,s_3299,r_2693
1792,2072,1.0,s_3299,r_2697
1792,2076,1.0,s_3299,r_2701
1792,2080,1.0,s_3299,r_2705
1792,2084,1.0,s_3299,r_2709
1792,2088,1.0,s_3299,r_2713
1792,2092,1.0,s_3299,r_2717
1792,2096,1.0,s_3299,r_2721
1792,2100,1.0,s_3299,r_2725
1792,2104,1.0,s_3299,r_2729
1792,2108,1.0,s_3299,r_2733
1792,2112,1.0,s_3299,r_2737
1792,2116,1.0,s_3299,r_2741
1792,2120,1.0,s_3299,r_2745
1792,2124,1.0,s_3299,r_2749
1792,2128,1.0,s_3299,r_2753
1792,2132,1.0,s_3299,r_2757
1792,2136,1.0,s_3299,r_2761
1792,2140,1.0,s_3299,r_2765
1792,2144,1.0,s_3299,r_2769
1792,2148,1.0,s_3299,r_2773
1792,2152,1.0,s_3299,r_2777
1792,2156,1.0,s_3299,r_2781
1792,2160,1.0,s_3299,r_2785
1792,2164,1.0,s_3299,r_2789
1792,2168,1.0,s_3299,r_2793
1792,2172,1.0,s_3299,r_2797
1792,2176,1.0,s_3299,r_2801
1792,2180,1.0,s_3299,r_2805
1792,2184,1.0,s_3299,r_2809
1792,2189,-1.0,s_3299,r_2814
1792,2190,-1.0,s_3299,r_2815
1793,1997,-1.0,s_3300,r_2622
1793,2005,-1.0,s_3300,r_2630
1793,2013,-1.0,s_3300,r_2638
1793,2021,-1.0,s_3300,r_2646
1793,2029,-1.0,s_3300,r_2654
1793,2037,-1.0,s_3300,r_2662
1793,2045,-1.0,s_3300,r_2670
1793,2053,-1.0,s_3300,r_2678
1793,2061,-1.0,s_3300,r_2686
1793,2069,-1.0,s_3300,r_2694
1793,2077,-1.0,s_3300,r_2702
1793,2085,-1.0,s_3300,r_2710
1793,2093,-1.0,s_3300,r_2718
1793,2101,-1.0,s_3300,r_2726
1793,2109,-1.0,s_3300,r_2734
1793,2117,-1.0,s_3300,r_2742
1793,2125,-1.0,s_3300,r_2750
1793,2133,-1.0,s_3300,r_2758
1793,2141,-1.0,s_3300,r_2766
1793,2149,-1.0,s_3300,r_2774
1793,2157,-1.0,s_3300,r_2782
1793,2165,-1.0,s_3300,r_2790
1793,2173,-1.0,s_3300,r_2798
1793,2181,-1.0,s_3300,r_2806
1793,2191,1.0,s_3300,r_2816
1793,3148,1.0,s_3300,r_3783
1794,1997,1.0,s_3301,r_2622
1794,2001,1.0,s_3301,r_2626
1794,2005,1.0,s_3301,r_2630
1794,2009,1.0,s_3301,r_2634
1794,2013,1.0,s_3301,r_2638
1794,2017,1.0,s_3301,r_2642
1794,2021,1.0,s_3301,r_2646
1794,2025,1.0,s_3301,r_2650
1794,2029,1.0,s_3301,r_2654
1794,2033,1.0,s_3301,r_2658
1794,2037,1.0,s_3301,r_2662
1794,2041,1.0,s_3301,r_2666
1794,2045,1.0,s_3301,r_2670
1794,2049,1.0,s_3301,r_2674
1794,2053,1.0,s_3301,r_2678
1794,2057,1.0,s_3301,r_2682
1794,2061,1.0,s_3301,r_2686
1794,2065,1.0,s_3301,r_2690
1794,2069,1.0,s_3301,r_2694
1794,2073,1.0,s_3301,r_2698
1794,2077,1.0,s_3301,r_2702
1794,2081,1.0,s_3301,r_2706
1794,2085,1.0,s_3301,r_2710
1794,2089,1.0,s_3301,r_2714
1794,2093,1.0,s_3301,r_2718
1794,2097,1.0,s_3301,r_2722
1794,2101,1.0,s_3301,r_2726
1794,2105,1.0,s_3301,r_2730
1794,2109,1.0,s_3301,r_2734
1794,2113,1.0,s_3301,r_2738
1794,2117,1.0,s_3301,r_2742
1794,2121,1.0,s_3301,r_2746
1794,2125,1.0,s_3301,r_2750
1794,2129,1.0,s_3301,r_2754
1794,2133,1.0,s_3301,r_2758
1794,2137,1.0,s_3301,r_2762
1794,2141,1.0,s_3301,r_2766
1794,2145,1.0,s_3301,r_2770
1794,2149,1.0,s_3301,r_2774
1794,2153,1.0,s_3301,r_2778
1794,2157,1.0,s_3301,r_2782
1794,2161,1.0,s_3301,r_2786
1794,2165,1.0,s_3301,r_2790
1794,2169,1.0,s_3301,r_2794
1794,2173,1.0,s_3301,r_2798
1794,2177,1.0,s_3301,r_2802
1794,2181,1.0,s_3301,r_2806
1794,2185,1.0,s_3301,r_2810
1794,2191,-1.0,s_3301,r_2816
1794,2192,-1.0,s_3301,r_2817
1795,1998,-1.0,s_3302,r_2623
1795,2006,-1.0,s_3302,r_2631
1795,2014,-1.0,s_3302,r_2639
1795,2022,-1.0,s_3302,r_2647
1795,2030,-1.0,s_3302,r_2655
1795,2038,-1.0,s_3302,r_2663
1795,2046,-1.0,s_3302,r_2671
1795,2054,-1.0,s_3302,r_2679
1795,2062,-1.0,s_3302,r_2687
1795,2070,-1.0,s_3302,r_2695
1795,2078,-1.0,s_3302,r_2703
1795,2086,-1.0,s_3302,r_2711
1795,2094,-1.0,s_3302,r_2719
1795,2102,-1.0,s_3302,r_2727
1795,2110,-1.0,s_3302,r_2735
1795,2118,-1.0,s_3302,r_2743
1795,2126,-1.0,s_3302,r_2751
1795,2134,-1.0,s_3302,r_2759
1795,2142,-1.0,s_3302,r_2767
1795,2150,-1.0,s_3302,r_2775
1795,2158,-1.0,s_3302,r_2783
1795,2166,-1.0,s_3302,r_2791
1795,2174,-1.0,s_3302,r_2799
1795,2182,-1.0,s_3302,r_2807
1795,2193,1.0,s_3302,r_2818
1795,3149,1.0,s_3302,r_3784
1796,1998,1.0,s_3303,r_2623
1796,2002,1.0,s_3303,r_2627
1796,2006,1.0,s_3303,r_2631
1796,2010,1.0,s_3303,r_2635
1796,2014,1.0,s_3303,r_2639
1796,2018,1.0,s_3303,r_2643
1796,2022,1.0,s_3303,r_2647
1796,2026,1.0,s_3303,r_2651
1796,2030,1.0,s_3303,r_2655
1796,2034,1.0,s_3303,r_2659
1796,2038,1.0,s_3303,r_2663
1796,2042,1.0,s_3303,r_2667
1796,2046,1.0,s_3303,r_2671
1796,2050,1.0,s_3303,r_2675
1796,2054,1.0,s_3303,r_2679
1796,2058,1.0,s_3303,r_2683
1796,2062,1.0,s_3303,r_2687
1796,2066,1.0,s_3303,r_2691
1796,2070,1.0,s_3303,r_2695
1796,2074,1.0,s_3303,r_2699
1796,2078,1.0,s_3303,r_2703
1796,2082,1.0,s_3303,r_2707
1796,2086,1.0,s_3303,r_2711
1796,2090,1.0,s_3303,r_2715
1796,2094,1.0,s_3303,r_2719
1796,2098,1.0,s_3303,r_2723
1796,2102,1.0,s_3303,r_2727
1796,2106,1.0,s_3303,r_2731
1796,2110,1.0,s_3303,r_2735
1796,2114,1.0,s_3303,r_2739
1796,2118,1.0,s_3303,r_2743
1796,2122,1.0,s_3303,r_2747
1796,2126,1.0,s_3303,r_2751
1796,2130,1.0,s_3303,r_2755
1796,2134,1.0,s_3303,r_2759
1796,2138,1.0,s_3303,r_2763
1796,2142,1.0,s_3303,r_2767
1796,2146,1.0,s_3303,r_2771
1796,2150,1.0,s_3303,r_2775
1796,2154,1.0,s_3303,r_2779
1796,2158,1.0,s_3303,r_2783
1796,2162,1.0,s_3303,r_2787
1796,2166,1.0,s_3303,r_2791
1796,2170,1.0,s_3303,r_2795
1796,2174,1.0,s_3303,r_2799
1796,2178,1.0,s_3303,r_2803
1796,2182,1.0,s_3303,r_2807
1796,2186,1.0,s_3303,r_2811
1796,2193,-1.0,s_3303,r_2818
1796,2194,-1.0,s_3303,r_2819
1797,1999,-1.0,s_3304,r_2624
1797,2007,-1.0,s_3304,r_2632
1797,2015,-1.0,s_3304,r_2640
1797,2023,-1.0,s_3304,r_2648
1797,2031,-1.0,s_3304,r_2656
1797,2039,-1.0,s_3304,r_2664
1797,2047,-1.0,s_3304,r_2672
1797,2055,-1.0,s_3304,r_2680
1797,2063,-1.0,s_3304,r_2688
1797,2071,-1.0,s_3304,r_2696
1797,2079,-1.0,s_3304,r_2704
1797,2087,-1.0,s_3304,r_2712
1797,2095,-1.0,s_3304,r_2720
1797,2103,-1.0,s_3304,r_2728
1797,2111,-1.0,s_3304,r_2736
1797,2119,-1.0,s_3304,r_2744
1797,2127,-1.0,s_3304,r_2752
1797,2135,-1.0,s_3304,r_2760
1797,2143,-1.0,s_3304,r_2768
1797,2151,-1.0,s_3304,r_2776
1797,2159,-1.0,s_3304,r_2784
1797,2167,-1.0,s_3304,r_2792
1797,2175,-1.0,s_3304,r_2800
1797,2183,-1.0,s_3304,r_2808
1797,2188,1.0,s_3304,r_2813
1797,3150,1.0,s_3304,r_3785
1798,2000,-1.0,s_3305,r_2625
1798,2008,-1.0,s_3305,r_2633
1798,2016,-1.0,s_3305,r_2641
1798,2024,-1.0,s_3305,r_2649
1798,2032,-1.0,s_3305,r_2657
1798,2040,-1.0,s_3305,r_2665
1798,2048,-1.0,s_3305,r_2673
1798,2056,-1.0,s_3305,r_2681
1798,2064,-1.0,s_3305,r_2689
1798,2072,-1.0,s_3305,r_2697
1798,2080,-1.0,s_3305,r_2705
1798,2088,-1.0,s_3305,r_2713
1798,2096,-1.0,s_3305,r_2721
1798,2104,-1.0,s_3305,r_2729
1798,2112,-1.0,s_3305,r_2737
1798,2120,-1.0,s_3305,r_2745
1798,2128,-1.0,s_3305,r_2753
1798,2136,-1.0,s_3305,r_2761
1798,2144,-1.0,s_3305,r_2769
1798,2152,-1.0,s_3305,r_2777
1798,2160,-1.0,s_3305,r_2785
1798,2168,-1.0,s_3305,r_2793
1798,2176,-1.0,s_3305,r_2801
1798,2184,-1.0,s_3305,r_2809
1798,2190,1.0,s_3305,r_2815
1798,3151,1.0,s_3305,r_3786
1799,2001,-1.0,s_3306,r_2626
1799,2009,-1.0,s_3306,r_2634
1799,2017,-1.0,s_3306,r_2642
1799,2025,-1.0,s_3306,r_2650
1799,2033,-1.0,s_3306,r_2658
1799,2041,-1.0,s_3306,r_2666
1799,2049,-1.0,s_3306,r_2674
1799,2057,-1.0,s_3306,r_2682
1799,2065,-1.0,s_3306,r_2690
1799,2073,-1.0,s_3306,r_2698
1799,2081,-1.0,s_3306,r_2706
1799,2089,-1.0,s_3306,r_2714
1799,2097,-1.0,s_3306,r_2722
1799,2105,-1.0,s_3306,r_2730
1799,2113,-1.0,s_3306,r_2738
1799,2121,-1.0,s_3306,r_2746
1799,2129,-1.0,s_3306,r_2754
1799,2137,-1.0,s_3306,r_2762
1799,2145,-1.0,s_3306,r_2770
1799,2153,-1.0,s_3306,r_2778
1799,2161,-1.0,s_3306,r_2786
1799,2169,-1.0,s_3306,r_2794
1799,2177,-1.0,s_3306,r_2802
1799,2185,-1.0,s_3306,r_2810
1799,2192,1.0,s_3306,r_2817
1799,3152,1.0,s_3306,r_3787
1800,2002,-1.0,s_3307,r_2627
1800,2010,-1.0,s_3307,r_2635
1800,2018,-1.0,s_3307,r_2643
1800,2026,-1.0,s_3307,r_2651
1800,2034,-1.0,s_3307,r_2659
1800,2042,-1.0,s_3307,r_2667
1800,2050,-1.0,s_3307,r_2675
1800,2058,-1.0,s_3307,r_2683
1800,2066,-1.0,s_3307,r_2691
1800,2074,-1.0,s_3307,r_2699
1800,2082,-1.0,s_3307,r_2707
1800,2090,-1.0,s_3307,r_2715
1800,2098,-1.0,s_3307,r_2723
1800,2106,-1.0,s_3307,r_2731
1800,2114,-1.0,s_3307,r_2739
1800,2122,-1.0,s_3307,r_2747
1800,2130,-1.0,s_3307,r_2755
1800,2138,-1.0,s_3307,r_2763
1800,2146,-1.0,s_3307,r_2771
1800,2154,-1.0,s_3307,r_2779
1800,2162,-1.0,s_3307,r_2787
1800,2170,-1.0,s_3307,r_2795
1800,2178,-1.0,s_3307,r_2803
1800,2186,-1.0,s_3307,r_2811
1800,2194,1.0,s_3307,r_2819
1800,3153,1.0,s_3307,r_3788
1801,2047,1.0,s_3308,r_2672
1801,2048,1.0,s_3308,r_2673
1801,2049,1.0,s_3308,r_2674
1801,2050,1.0,s_3308,r_2675
1801,3504,-1.0,s_3308,r_4140
1802,2055,1.0,s_3309,r_2680
1802,2056,1.0,s_3309,r_2681
1802,2057,1.0,s_3309,r_2682
1802,2058,1.0,s_3309,r_2683
1802,3505,-1.0,s_3309,r_4141
1803,2063,1.0,s_3310,r_2688
1803,2064,1.0,s_3310,r_2689
1803,2065,1.0,s_3310,r_2690
1803,2066,1.0,s_3310,r_2691
1803,3506,-1.0,s_3310,r_4142
1804,2071,1.0,s_3311,r_2696
1804,2072,1.0,s_3311,r_2697
1804,2073,1.0,s_3311,r_2698
1804,2074,1.0,s_3311,r_2699
1804,3507,-1.0,s_3311,r_4143
1805,2079,1.0,s_3312,r_2704
1805,2080,1.0,s_3312,r_2705
1805,2081,1.0,s_3312,r_2706
1805,2082,1.0,s_3312,r_2707
1805,3508,-1.0,s_3312,r_4144
1806,2087,1.0,s_3313,r_2712
1806,2088,1.0,s_3313,r_2713
1806,2089,1.0,s_3313,r_2714
1806,2090,1.0,s_3313,r_2715
1806,3509,-1.0,s_3313,r_4145
1807,2103,1.0,s_3314,r_2728
1807,2104,1.0,s_3314,r_2729
1807,2105,1.0,s_3314,r_2730
1807,2106,1.0,s_3314,r_2731
1807,3510,-1.0,s_3314,r_4146
1808,2119,1.0,s_3315,r_2744
1808,2120,1.0,s_3315,r_2745
1808,2121,1.0,s_3315,r_2746
1808,2122,1.0,s_3315,r_2747
1808,3511,-1.0,s_3315,r_4147
1809,2135,1.0,s_3316,r_2760
1809,2136,1.0,s_3316,r_2761
1809,2137,1.0,s_3316,r_2762
1809,2138,1.0,s_3316,r_2763
1809,3512,-1.0,s_3316,r_4148
1810,2151,1.0,s_3317,r_2776
1810,2152,1.0,s_3317,r_2777
1810,2153,1.0,s_3317,r_2778
1810,2154,1.0,s_3317,r_2779
1810,3513,-1.0,s_3317,r_4149
1811,2167,1.0,s_3318,r_2792
1811,2168,1.0,s_3318,r_2793
1811,2169,1.0,s_3318,r_2794
1811,2170,1.0,s_3318,r_2795
1811,3514,-1.0,s_3318,r_4150
1812,2183,1.0,s_3319,r_2808
1812,2184,1.0,s_3319,r_2809
1812,2185,1.0,s_3319,r_2810
1812,2186,1.0,s_3319,r_2811
1812,3515,-1.0,s_3319,r_4151
1813,2187,-1.0,s_3320,r_2812
1813,2189,-1.0,s_3320,r_2814
1813,2191,-1.0,s_3320,r_2816
1813,2193,-1.0,s_3320,r_2818
1813,3035,1.0,s_3320,r_3670
1814,2187,1.0,s_3321,r_2812
1814,2188,1.0,s_3321,r_2813
1814,2189,1.0,s_3321,r_2814
1814,2190,1.0,s_3321,r_2815
1814,2191,1.0,s_3321,r_2816
1814,2192,1.0,s_3321,r_2817
1814,2193,1.0,s_3321,r_2818
1814,2194,1.0,s_3321,r_2819
1814,3045,-1.0,s_3321,r_3680
1815,2188,-1.0,s_3322,r_2813
1815,2190,-1.0,s_3322,r_2815
1815,2192,-1.0,s_3322,r_2817
1815,2194,-1.0,s_3322,r_2819
1815,3036,1.0,s_3322,r_3671
1816,2195,-1.0,s_3323,r_2820
1816,2435,-1.0,s_3323,r_3070
1816,2477,1.0,s_3323,r_3112
1816,2509,1.0,s_3323,r_3144
1816,3234,1.0,s_3323,r_3869
1817,2195,1.0,s_3324,r_2820
1817,2196,1.0,s_3324,r_2821
1817,2197,1.0,s_3324,r_2822
1817,2198,1.0,s_3324,r_2823
1817,2199,1.0,s_3324,r_2824
1817,2200,1.0,s_3324,r_2825
1817,2201,1.0,s_3324,r_2826
1817,2202,1.0,s_3324,r_2827
1817,2243,1.0,s_3324,r_2868
1817,2244,1.0,s_3324,r_2869
1817,2245,1.0,s_3324,r_2870
1817,2246,1.0,s_3324,r_2871
1817,2247,1.0,s_3324,r_2872
1817,2248,1.0,s_3324,r_2873
1817,2249,1.0,s_3324,r_2874
1817,2250,1.0,s_3324,r_2875
1817,2967,1.0,s_3324,r_3602
1818,2195,1.0,s_3325,r_2820
1818,2243,-1.0,s_3325,r_2868
1818,2509,-1.0,s_3325,r_3144
1818,2557,1.0,s_3325,r_3192
1818,2989,-1.0,s_3325,r_3624
1818,3276,-1.0,s_3325,r_3911
1819,2196,-1.0,s_3326,r_2821
1819,2436,-1.0,s_3326,r_3071
1819,2478,1.0,s_3326,r_3113
1819,2510,1.0,s_3326,r_3145
1819,3235,1.0,s_3326,r_3870
1820,2196,1.0,s_3327,r_2821
1820,2244,-1.0,s_3327,r_2869
1820,2510,-1.0,s_3327,r_3145
1820,2558,1.0,s_3327,r_3193
1820,2990,-1.0,s_3327,r_3625
1820,3277,-1.0,s_3327,r_3912
1821,2197,-1.0,s_3328,r_2822
1821,2437,-1.0,s_3328,r_3072
1821,2479,1.0,s_3328,r_3114
1821,2511,1.0,s_3328,r_3146
1821,3236,1.0,s_3328,r_3871
1822,2197,1.0,s_3329,r_2822
1822,2245,-1.0,s_3329,r_2870
1822,2511,-1.0,s_3329,r_3146
1822,2559,1.0,s_3329,r_3194
1822,2991,-1.0,s_3329,r_3626
1822,3278,-1.0,s_3329,r_3913
1823,2198,-1.0,s_3330,r_2823
1823,2438,-1.0,s_3330,r_3073
1823,2480,1.0,s_3330,r_3115
1823,2512,1.0,s_3330,r_3147
1823,3237,1.0,s_3330,r_3872
1824,2198,1.0,s_3331,r_2823
1824,2246,-1.0,s_3331,r_2871
1824,2512,-1.0,s_3331,r_3147
1824,2560,1.0,s_3331,r_3195
1824,2992,-1.0,s_3331,r_3627
1824,3279,-1.0,s_3331,r_3914
1825,2199,-1.0,s_3332,r_2824
1825,2439,-1.0,s_3332,r_3074
1825,2481,1.0,s_3332,r_3116
1825,2513,1.0,s_3332,r_3148
1825,3238,1.0,s_3332,r_3873
1826,2199,1.0,s_3333,r_2824
1826,2247,-1.0,s_3333,r_2872
1826,2513,-1.0,s_3333,r_3148
1826,2561,1.0,s_3333,r_3196
1826,2993,-1.0,s_3333,r_3628
1826,3280,-1.0,s_3333,r_3915
1827,2200,-1.0,s_3334,r_2825
1827,2440,-1.0,s_3334,r_3075
1827,2482,1.0,s_3334,r_3117
1827,2514,1.0,s_3334,r_3149
1827,3239,1.0,s_3334,r_3874
1828,2200,1.0,s_3335,r_2825
1828,2248,-1.0,s_3335,r_2873
1828,2514,-1.0,s_3335,r_3149
1828,2562,1.0,s_3335,r_3197
1828,2994,-1.0,s_3335,r_3629
1828,3281,-1.0,s_3335,r_3916
1829,2201,-1.0,s_3336,r_2826
1829,2441,-1.0,s_3336,r_3076
1829,2483,1.0,s_3336,r_3118
1829,2515,1.0,s_3336,r_3150
1829,3240,1.0,s_3336,r_3875
1830,2201,1.0,s_3337,r_2826
1830,2249,-1.0,s_3337,r_2874
1830,2515,-1.0,s_3337,r_3150
1830,2563,1.0,s_3337,r_3198
1830,2995,-1.0,s_3337,r_3630
1830,3282,-1.0,s_3337,r_3917
1831,2202,-1.0,s_3338,r_2827
1831,2442,-1.0,s_3338,r_3077
1831,2484,1.0,s_3338,r_3119
1831,2516,1.0,s_3338,r_3151
1831,3241,1.0,s_3338,r_3876
1832,2202,1.0,s_3339,r_2827
1832,2250,-1.0,s_3339,r_2875
1832,2516,-1.0,s_3339,r_3151
1832,2564,1.0,s_3339,r_3199
1832,2996,-1.0,s_3339,r_3631
1832,3283,-1.0,s_3339,r_3918
1833,2203,-1.0,s_3340,r_2828
1833,2227,-1.0,s_3340,r_2852
1833,3202,1.0,s_3340,r_3837
1834,2203,-1.0,s_3341,r_2828
1834,2204,-1.0,s_3341,r_2829
1834,2205,-1.0,s_3341,r_2830
1834,2206,-1.0,s_3341,r_2831
1834,2207,-1.0,s_3341,r_2832
1834,2208,-1.0,s_3341,r_2833
1834,2209,-1.0,s_3341,r_2834
1834,2210,-1.0,s_3341,r_2835
1834,2227,-1.0,s_3341,r_2852
1834,2228,-1.0,s_3341,r_2853
1834,2229,-1.0,s_3341,r_2854
1834,2230,-1.0,s_3341,r_2855
1834,2231,-1.0,s_3341,r_2856
1834,2232,-1.0,s_3341,r_2857
1834,2233,-1.0,s_3341,r_2858
1834,2234,-1.0,s_3341,r_2859
1834,2251,-1.0,s_3341,r_2876
1834,2252,-1.0,s_3341,r_2877
1834,2253,-1.0,s_3341,r_2878
1834,2254,-1.0,s_3341,r_2879
1834,2255,-1.0,s_3341,r_2880
1834,2256,-1.0,s_3341,r_2881
1834,2257,-1.0,s_3341,r_2882
1834,2258,-1.0,s_3341,r_2883
1834,2705,-1.0,s_3341,r_3340
1834,2706,-1.0,s_3341,r_3341
1834,2707,-1.0,s_3341,r_3342
1834,2708,-1.0,s_3341,r_3343
1834,2709,-1.0,s_3341,r_3344
1834,2710,-1.0,s_3341,r_3345
1834,2711,-1.0,s_3341,r_3346
1834,2712,-1.0,s_3341,r_3347
1834,3016,1.0,s_3341,r_3651
1835,2203,1.0,s_3342,r_2828
1835,2204,1.0,s_3342,r_2829
1835,2205,1.0,s_3342,r_2830
1835,2206,1.0,s_3342,r_2831
1835,2207,1.0,s_3342,r_2832
1835,2208,1.0,s_3342,r_2833
1835,2209,1.0,s_3342,r_2834
1835,2210,1.0,s_3342,r_2835
1835,2227,1.0,s_3342,r_2852
1835,2228,1.0,s_3342,r_2853
1835,2229,1.0,s_3342,r_2854
1835,2230,1.0,s_3342,r_2855
1835,2231,1.0,s_3342,r_2856
1835,2232,1.0,s_3342,r_2857
1835,2233,1.0,s_3342,r_2858
1835,2234,1.0,s_3342,r_2859
1835,2251,1.0,s_3342,r_2876
1835,2252,1.0,s_3342,r_2877
1835,2253,1.0,s_3342,r_2878
1835,2254,1.0,s_3342,r_2879
1835,2255,1.0,s_3342,r_2880
1835,2256,1.0,s_3342,r_2881
1835,2257,1.0,s_3342,r_2882
1835,2258,1.0,s_3342,r_2883
1835,2705,1.0,s_3342,r_3340
1835,2706,1.0,s_3342,r_3341
1835,2707,1.0,s_3342,r_3342
1835,2708,1.0,s_3342,r_3343
1835,2709,1.0,s_3342,r_3344
1835,2710,1.0,s_3342,r_3345
1835,2711,1.0,s_3342,r_3346
1835,2712,1.0,s_3342,r_3347
1835,3017,1.0,s_3342,r_3652
1836,2203,1.0,s_3343,r_2828
1837,2204,-1.0,s_3344,r_2829
1837,2228,-1.0,s_3344,r_2853
1837,3203,1.0,s_3344,r_3838
1838,2204,1.0,s_3345,r_2829
1839,2205,-1.0,s_3346,r_2830
1839,2229,-1.0,s_3346,r_2854
1839,3204,1.0,s_3346,r_3839
1840,2205,1.0,s_3347,r_2830
1841,2206,-1.0,s_3348,r_2831
1841,2230,-1.0,s_3348,r_2855
1841,3205,1.0,s_3348,r_3840
1842,2206,1.0,s_3349,r_2831
1843,2207,-1.0,s_3350,r_2832
1843,2231,-1.0,s_3350,r_2856
1843,3206,1.0,s_3350,r_3841
1844,2207,1.0,s_3351,r_2832
1845,2208,-1.0,s_3352,r_2833
1845,2232,-1.0,s_3352,r_2857
1845,3207,1.0,s_3352,r_3842
1846,2208,1.0,s_3353,r_2833
1847,2209,-1.0,s_3354,r_2834
1847,2233,-1.0,s_3354,r_2858
1847,3208,1.0,s_3354,r_3843
1848,2209,1.0,s_3355,r_2834
1849,2210,-1.0,s_3356,r_2835
1849,2234,-1.0,s_3356,r_2859
1849,3209,1.0,s_3356,r_3844
1850,2210,1.0,s_3357,r_2835
1851,2211,-1.0,s_3358,r_2836
1851,2501,1.0,s_3358,r_3136
1851,2533,1.0,s_3358,r_3168
1851,2713,-1.0,s_3358,r_3348
1851,2721,-1.0,s_3358,r_3356
1851,2729,-1.0,s_3358,r_3364
1851,2737,-1.0,s_3358,r_3372
1851,2745,-1.0,s_3358,r_3380
1851,2753,-1.0,s_3358,r_3388
1851,2761,-1.0,s_3358,r_3396
1851,2769,-1.0,s_3358,r_3404
1851,2777,-1.0,s_3358,r_3412
1851,2785,-1.0,s_3358,r_3420
1851,2793,-1.0,s_3358,r_3428
1851,2801,-1.0,s_3358,r_3436
1851,2809,-1.0,s_3358,r_3444
1851,2817,-1.0,s_3358,r_3452
1851,2825,-1.0,s_3358,r_3460
1851,2833,-1.0,s_3358,r_3468
1851,2841,-1.0,s_3358,r_3476
1851,2849,-1.0,s_3358,r_3484
1851,2857,-1.0,s_3358,r_3492
1851,2865,-1.0,s_3358,r_3500
1851,3170,1.0,s_3358,r_3805
1852,2211,-1.0,s_3359,r_2836
1852,2212,-1.0,s_3359,r_2837
1852,2213,-1.0,s_3359,r_2838
1852,2214,-1.0,s_3359,r_2839
1852,2215,-1.0,s_3359,r_2840
1852,2216,-1.0,s_3359,r_2841
1852,2217,-1.0,s_3359,r_2842
1852,2218,-1.0,s_3359,r_2843
1852,2697,-1.0,s_3359,r_3332
1852,2698,-1.0,s_3359,r_3333
1852,2699,-1.0,s_3359,r_3334
1852,2700,-1.0,s_3359,r_3335
1852,2701,-1.0,s_3359,r_3336
1852,2702,-1.0,s_3359,r_3337
1852,2703,-1.0,s_3359,r_3338
1852,2704,-1.0,s_3359,r_3339
1852,3031,1.0,s_3359,r_3666
1853,2211,1.0,s_3360,r_2836
1853,2212,1.0,s_3360,r_2837
1853,2213,1.0,s_3360,r_2838
1853,2214,1.0,s_3360,r_2839
1853,2215,1.0,s_3360,r_2840
1853,2216,1.0,s_3360,r_2841
1853,2217,1.0,s_3360,r_2842
1853,2218,1.0,s_3360,r_2843
1853,2697,1.0,s_3360,r_3332
1853,2698,1.0,s_3360,r_3333
1853,2699,1.0,s_3360,r_3334
1853,2700,1.0,s_3360,r_3335
1853,2701,1.0,s_3360,r_3336
1853,2702,1.0,s_3360,r_3337
1853,2703,1.0,s_3360,r_3338
1853,2704,1.0,s_3360,r_3339
1853,3032,1.0,s_3360,r_3667
1854,2211,1.0,s_3361,r_2836
1854,2533,-1.0,s_3361,r_3168
1855,2212,-1.0,s_3362,r_2837
1855,2502,1.0,s_3362,r_3137
1855,2534,1.0,s_3362,r_3169
1855,2714,-1.0,s_3362,r_3349
1855,2722,-1.0,s_3362,r_3357
1855,2730,-1.0,s_3362,r_3365
1855,2738,-1.0,s_3362,r_3373
1855,2746,-1.0,s_3362,r_3381
1855,2754,-1.0,s_3362,r_3389
1855,2762,-1.0,s_3362,r_3397
1855,2770,-1.0,s_3362,r_3405
1855,2778,-1.0,s_3362,r_3413
1855,2786,-1.0,s_3362,r_3421
1855,2794,-1.0,s_3362,r_3429
1855,2802,-1.0,s_3362,r_3437
1855,2810,-1.0,s_3362,r_3445
1855,2818,-1.0,s_3362,r_3453
1855,2826,-1.0,s_3362,r_3461
1855,2834,-1.0,s_3362,r_3469
1855,2842,-1.0,s_3362,r_3477
1855,2850,-1.0,s_3362,r_3485
1855,2858,-1.0,s_3362,r_3493
1855,2866,-1.0,s_3362,r_3501
1855,3171,1.0,s_3362,r_3806
1856,2212,1.0,s_3363,r_2837
1856,2534,-1.0,s_3363,r_3169
1857,2213,-1.0,s_3364,r_2838
1857,2503,1.0,s_3364,r_3138
1857,2535,1.0,s_3364,r_3170
1857,2715,-1.0,s_3364,r_3350
1857,2723,-1.0,s_3364,r_3358
1857,2731,-1.0,s_3364,r_3366
1857,2739,-1.0,s_3364,r_3374
1857,2747,-1.0,s_3364,r_3382
1857,2755,-1.0,s_3364,r_3390
1857,2763,-1.0,s_3364,r_3398
1857,2771,-1.0,s_3364,r_3406
1857,2779,-1.0,s_3364,r_3414
1857,2787,-1.0,s_3364,r_3422
1857,2795,-1.0,s_3364,r_3430
1857,2803,-1.0,s_3364,r_3438
1857,2811,-1.0,s_3364,r_3446
1857,2819,-1.0,s_3364,r_3454
1857,2827,-1.0,s_3364,r_3462
1857,2835,-1.0,s_3364,r_3470
1857,2843,-1.0,s_3364,r_3478
1857,2851,-1.0,s_3364,r_3486
1857,2859,-1.0,s_3364,r_3494
1857,2867,-1.0,s_3364,r_3502
1857,3172,1.0,s_3364,r_3807
1858,2213,1.0,s_3365,r_2838
1858,2535,-1.0,s_3365,r_3170
1859,2214,-1.0,s_3366,r_2839
1859,2504,1.0,s_3366,r_3139
1859,2536,1.0,s_3366,r_3171
1859,2716,-1.0,s_3366,r_3351
1859,2724,-1.0,s_3366,r_3359
1859,2732,-1.0,s_3366,r_3367
1859,2740,-1.0,s_3366,r_3375
1859,2748,-1.0,s_3366,r_3383
1859,2756,-1.0,s_3366,r_3391
1859,2764,-1.0,s_3366,r_3399
1859,2772,-1.0,s_3366,r_3407
1859,2780,-1.0,s_3366,r_3415
1859,2788,-1.0,s_3366,r_3423
1859,2796,-1.0,s_3366,r_3431
1859,2804,-1.0,s_3366,r_3439
1859,2812,-1.0,s_3366,r_3447
1859,2820,-1.0,s_3366,r_3455
1859,2828,-1.0,s_3366,r_3463
1859,2836,-1.0,s_3366,r_3471
1859,2844,-1.0,s_3366,r_3479
1859,2852,-1.0,s_3366,r_3487
1859,2860,-1.0,s_3366,r_3495
1859,2868,-1.0,s_3366,r_3503
1859,3173,1.0,s_3366,r_3808
1860,2214,1.0,s_3367,r_2839
1860,2536,-1.0,s_3367,r_3171
1861,2215,-1.0,s_3368,r_2840
1861,2505,1.0,s_3368,r_3140
1861,2537,1.0,s_3368,r_3172
1861,2717,-1.0,s_3368,r_3352
1861,2725,-1.0,s_3368,r_3360
1861,2733,-1.0,s_3368,r_3368
1861,2741,-1.0,s_3368,r_3376
1861,2749,-1.0,s_3368,r_3384
1861,2757,-1.0,s_3368,r_3392
1861,2765,-1.0,s_3368,r_3400
1861,2773,-1.0,s_3368,r_3408
1861,2781,-1.0,s_3368,r_3416
1861,2789,-1.0,s_3368,r_3424
1861,2797,-1.0,s_3368,r_3432
1861,2805,-1.0,s_3368,r_3440
1861,2813,-1.0,s_3368,r_3448
1861,2821,-1.0,s_3368,r_3456
1861,2829,-1.0,s_3368,r_3464
1861,2837,-1.0,s_3368,r_3472
1861,2845,-1.0,s_3368,r_3480
1861,2853,-1.0,s_3368,r_3488
1861,2861,-1.0,s_3368,r_3496
1861,2869,-1.0,s_3368,r_3504
1861,3174,1.0,s_3368,r_3809
1862,2215,1.0,s_3369,r_2840
1862,2537,-1.0,s_3369,r_3172
1863,2216,-1.0,s_3370,r_2841
1863,2506,1.0,s_3370,r_3141
1863,2538,1.0,s_3370,r_3173
1863,2718,-1.0,s_3370,r_3353
1863,2726,-1.0,s_3370,r_3361
1863,2734,-1.0,s_3370,r_3369
1863,2742,-1.0,s_3370,r_3377
1863,2750,-1.0,s_3370,r_3385
1863,2758,-1.0,s_3370,r_3393
1863,2766,-1.0,s_3370,r_3401
1863,2774,-1.0,s_3370,r_3409
1863,2782,-1.0,s_3370,r_3417
1863,2790,-1.0,s_3370,r_3425
1863,2798,-1.0,s_3370,r_3433
1863,2806,-1.0,s_3370,r_3441
1863,2814,-1.0,s_3370,r_3449
1863,2822,-1.0,s_3370,r_3457
1863,2830,-1.0,s_3370,r_3465
1863,2838,-1.0,s_3370,r_3473
1863,2846,-1.0,s_3370,r_3481
1863,2854,-1.0,s_3370,r_3489
1863,2862,-1.0,s_3370,r_3497
1863,2870,-1.0,s_3370,r_3505
1863,3175,1.0,s_3370,r_3810
1864,2216,1.0,s_3371,r_2841
1864,2538,-1.0,s_3371,r_3173
1865,2217,-1.0,s_3372,r_2842
1865,2507,1.0,s_3372,r_3142
1865,2539,1.0,s_3372,r_3174
1865,2719,-1.0,s_3372,r_3354
1865,2727,-1.0,s_3372,r_3362
1865,2735,-1.0,s_3372,r_3370
1865,2743,-1.0,s_3372,r_3378
1865,2751,-1.0,s_3372,r_3386
1865,2759,-1.0,s_3372,r_3394
1865,2767,-1.0,s_3372,r_3402
1865,2775,-1.0,s_3372,r_3410
1865,2783,-1.0,s_3372,r_3418
1865,2791,-1.0,s_3372,r_3426
1865,2799,-1.0,s_3372,r_3434
1865,2807,-1.0,s_3372,r_3442
1865,2815,-1.0,s_3372,r_3450
1865,2823,-1.0,s_3372,r_3458
1865,2831,-1.0,s_3372,r_3466
1865,2839,-1.0,s_3372,r_3474
1865,2847,-1.0,s_3372,r_3482
1865,2855,-1.0,s_3372,r_3490
1865,2863,-1.0,s_3372,r_3498
1865,2871,-1.0,s_3372,r_3506
1865,3176,1.0,s_3372,r_3811
1866,2217,1.0,s_3373,r_2842
1866,2539,-1.0,s_3373,r_3174
1867,2218,-1.0,s_3374,r_2843
1867,2508,1.0,s_3374,r_3143
1867,2540,1.0,s_3374,r_3175
1867,2720,-1.0,s_3374,r_3355
1867,2728,-1.0,s_3374,r_3363
1867,2736,-1.0,s_3374,r_3371
1867,2744,-1.0,s_3374,r_3379
1867,2752,-1.0,s_3374,r_3387
1867,2760,-1.0,s_3374,r_3395
1867,2768,-1.0,s_3374,r_3403
1867,2776,-1.0,s_3374,r_3411
1867,2784,-1.0,s_3374,r_3419
1867,2792,-1.0,s_3374,r_3427
1867,2800,-1.0,s_3374,r_3435
1867,2808,-1.0,s_3374,r_3443
1867,2816,-1.0,s_3374,r_3451
1867,2824,-1.0,s_3374,r_3459
1867,2832,-1.0,s_3374,r_3467
1867,2840,-1.0,s_3374,r_3475
1867,2848,-1.0,s_3374,r_3483
1867,2856,-1.0,s_3374,r_3491
1867,2864,-1.0,s_3374,r_3499
1867,2872,-1.0,s_3374,r_3507
1867,3177,1.0,s_3374,r_3812
1868,2218,1.0,s_3375,r_2843
1868,2540,-1.0,s_3375,r_3175
1869,2219,-1.0,s_3376,r_2844
1869,3294,1.0,s_3376,r_3929
1870,2219,1.0,s_3377,r_2844
1870,2235,-1.0,s_3377,r_2860
1871,2220,-1.0,s_3378,r_2845
1871,3295,1.0,s_3378,r_3930
1872,2220,1.0,s_3379,r_2845
1872,2236,-1.0,s_3379,r_2861
1873,2221,-1.0,s_3380,r_2846
1873,3296,1.0,s_3380,r_3931
1874,2221,1.0,s_3381,r_2846
1874,2237,-1.0,s_3381,r_2862
1875,2222,-1.0,s_3382,r_2847
1875,3297,1.0,s_3382,r_3932
1876,2222,1.0,s_3383,r_2847
1876,2238,-1.0,s_3383,r_2863
1877,2223,-1.0,s_3384,r_2848
1877,3298,1.0,s_3384,r_3933
1878,2223,1.0,s_3385,r_2848
1878,2239,-1.0,s_3385,r_2864
1879,2224,-1.0,s_3386,r_2849
1879,3299,1.0,s_3386,r_3934
1880,2224,1.0,s_3387,r_2849
1880,2240,-1.0,s_3387,r_2865
1881,2225,-1.0,s_3388,r_2850
1881,3300,1.0,s_3388,r_3935
1882,2225,1.0,s_3389,r_2850
1882,2241,-1.0,s_3389,r_2866
1883,2226,-1.0,s_3390,r_2851
1883,3301,1.0,s_3390,r_3936
1884,2226,1.0,s_3391,r_2851
1884,2242,-1.0,s_3391,r_2867
1885,2227,1.0,s_3392,r_2852
1885,2251,-1.0,s_3392,r_2876
1885,2581,1.0,s_3392,r_3216
1885,3226,-1.0,s_3392,r_3861
1885,3306,-1.0,s_3392,r_3941
1886,2228,1.0,s_3393,r_2853
1886,2252,-1.0,s_3393,r_2877
1886,2582,1.0,s_3393,r_3217
1886,3227,-1.0,s_3393,r_3862
1886,3307,-1.0,s_3393,r_3942
1887,2229,1.0,s_3394,r_2854
1887,2253,-1.0,s_3394,r_2878
1887,2583,1.0,s_3394,r_3218
1887,3228,-1.0,s_3394,r_3863
1887,3308,-1.0,s_3394,r_3943
1888,2230,1.0,s_3395,r_2855
1888,2254,-1.0,s_3395,r_2879
1888,2584,1.0,s_3395,r_3219
1888,3229,-1.0,s_3395,r_3864
1888,3309,-1.0,s_3395,r_3944
1889,2231,1.0,s_3396,r_2856
1889,2255,-1.0,s_3396,r_2880
1889,2585,1.0,s_3396,r_3220
1889,3230,-1.0,s_3396,r_3865
1889,3310,-1.0,s_3396,r_3945
1890,2232,1.0,s_3397,r_2857
1890,2256,-1.0,s_3397,r_2881
1890,2586,1.0,s_3397,r_3221
1890,3231,-1.0,s_3397,r_3866
1890,3311,-1.0,s_3397,r_3946
1891,2233,1.0,s_3398,r_2858
1891,2257,-1.0,s_3398,r_2882
1891,2587,1.0,s_3398,r_3222
1891,3232,-1.0,s_3398,r_3867
1891,3312,-1.0,s_3398,r_3947
1892,2234,1.0,s_3399,r_2859
1892,2258,-1.0,s_3399,r_2883
1892,2588,1.0,s_3399,r_3223
1892,3233,-1.0,s_3399,r_3868
1892,3313,-1.0,s_3399,r_3948
1893,2235,1.0,s_3400,r_2860
1893,2455,-1.0,s_3400,r_3090
1893,2997,-1.0,s_3400,r_3632
1894,2236,1.0,s_3401,r_2861
1894,2456,-1.0,s_3401,r_3091
1894,2998,-1.0,s_3401,r_3633
1895,2237,1.0,s_3402,r_2862
1895,2457,-1.0,s_3402,r_3092
1895,2999,-1.0,s_3402,r_3634
1896,2238,1.0,s_3403,r_2863
1896,2458,-1.0,s_3403,r_3093
1896,3000,-1.0,s_3403,r_3635
1897,2239,1.0,s_3404,r_2864
1897,2459,-1.0,s_3404,r_3094
1897,3001,-1.0,s_3404,r_3636
1898,2240,1.0,s_3405,r_2865
1898,2460,-1.0,s_3405,r_3095
1898,3002,-1.0,s_3405,r_3637
1899,2241,1.0,s_3406,r_2866
1899,2461,-1.0,s_3406,r_3096
1899,3003,-1.0,s_3406,r_3638
1900,2242,1.0,s_3407,r_2867
1900,2462,-1.0,s_3407,r_3097
1900,3004,-1.0,s_3407,r_3639
1901,2243,1.0,s_3408,r_2868
1901,2557,-1.0,s_3408,r_3192
1901,2981,-1.0,s_3408,r_3616
1901,3284,-1.0,s_3408,r_3919
1902,2244,1.0,s_3409,r_2869
1902,2558,-1.0,s_3409,r_3193
1902,2982,-1.0,s_3409,r_3617
1902,3285,-1.0,s_3409,r_3920
1903,2245,1.0,s_3410,r_2870
1903,2559,-1.0,s_3410,r_3194
1903,2983,-1.0,s_3410,r_3618
1903,3286,-1.0,s_3410,r_3921
1904,2246,1.0,s_3411,r_2871
1904,2560,-1.0,s_3411,r_3195
1904,2984,-1.0,s_3411,r_3619
1904,3287,-1.0,s_3411,r_3922
1905,2247,1.0,s_3412,r_2872
1905,2561,-1.0,s_3412,r_3196
1905,2985,-1.0,s_3412,r_3620
1905,3288,-1.0,s_3412,r_3923
1906,2248,1.0,s_3413,r_2873
1906,2562,-1.0,s_3413,r_3197
1906,2986,-1.0,s_3413,r_3621
1906,3289,-1.0,s_3413,r_3924
1907,2249,1.0,s_3414,r_2874
1907,2563,-1.0,s_3414,r_3198
1907,2987,-1.0,s_3414,r_3622
1907,3290,-1.0,s_3414,r_3925
1908,2250,1.0,s_3415,r_2875
1908,2564,-1.0,s_3415,r_3199
1908,2988,-1.0,s_3415,r_3623
1908,3291,-1.0,s_3415,r_3926
1909,2251,1.0,s_3416,r_2876
1909,2581,-1.0,s_3416,r_3216
1909,3019,-1.0,s_3416,r_3654
1909,3314,-1.0,s_3416,r_3949
1910,2252,1.0,s_3417,r_2877
1910,2582,-1.0,s_3417,r_3217
1910,3020,-1.0,s_3417,r_3655
1910,3315,-1.0,s_3417,r_3950
1911,2253,1.0,s_3418,r_2878
1911,2583,-1.0,s_3418,r_3218
1911,3021,-1.0,s_3418,r_3656
1911,3316,-1.0,s_3418,r_3951
1912,2254,1.0,s_3419,r_2879
1912,2584,-1.0,s_3419,r_3219
1912,3022,-1.0,s_3419,r_3657
1912,3317,-1.0,s_3419,r_3952
1913,2255,1.0,s_3420,r_2880
1913,2585,-1.0,s_3420,r_3220
1913,3023,-1.0,s_3420,r_3658
1913,3318,-1.0,s_3420,r_3953
1914,2256,1.0,s_3421,r_2881
1914,2586,-1.0,s_3421,r_3221
1914,3024,-1.0,s_3421,r_3659
1914,3319,-1.0,s_3421,r_3954
1915,2257,1.0,s_3422,r_2882
1915,2587,-1.0,s_3422,r_3222
1915,3025,-1.0,s_3422,r_3660
1915,3320,-1.0,s_3422,r_3955
1916,2258,1.0,s_3423,r_2883
1916,2588,-1.0,s_3423,r_3223
1916,3026,-1.0,s_3423,r_3661
1916,3321,-1.0,s_3423,r_3956
1917,2259,1.0,s_3424,r_2884
1917,2263,1.0,s_3424,r_2888
1917,2267,1.0,s_3424,r_2892
1917,2271,1.0,s_3424,r_2896
1917,2275,1.0,s_3424,r_2900
1917,2279,1.0,s_3424,r_2904
1917,2283,1.0,s_3424,r_2908
1917,2287,1.0,s_3424,r_2912
1917,2291,1.0,s_3424,r_2916
1917,2295,1.0,s_3424,r_2920
1917,2299,1.0,s_3424,r_2924
1917,2303,1.0,s_3424,r_2928
1917,2307,1.0,s_3424,r_2932
1917,2311,1.0,s_3424,r_2936
1917,2315,1.0,s_3424,r_2940
1917,2319,1.0,s_3424,r_2944
1917,3116,-1.0,s_3424,r_3751
1918,2260,1.0,s_3425,r_2885
1918,2264,1.0,s_3425,r_2889
1918,2268,1.0,s_3425,r_2893
1918,2272,1.0,s_3425,r_2897
1918,2276,1.0,s_3425,r_2901
1918,2280,1.0,s_3425,r_2905
1918,2284,1.0,s_3425,r_2909
1918,2288,1.0,s_3425,r_2913
1918,2292,1.0,s_3425,r_2917
1918,2296,1.0,s_3425,r_2921
1918,2300,1.0,s_3425,r_2925
1918,2304,1.0,s_3425,r_2929
1918,2308,1.0,s_3425,r_2933
1918,2312,1.0,s_3425,r_2937
1918,2316,1.0,s_3425,r_2941
1918,2320,1.0,s_3425,r_2945
1918,3117,-1.0,s_3425,r_3752
1919,2261,1.0,s_3426,r_2886
1919,2265,1.0,s_3426,r_2890
1919,2269,1.0,s_3426,r_2894
1919,2273,1.0,s_3426,r_2898
1919,2277,1.0,s_3426,r_2902
1919,2281,1.0,s_3426,r_2906
1919,2285,1.0,s_3426,r_2910
1919,2289,1.0,s_3426,r_2914
1919,2293,1.0,s_3426,r_2918
1919,2297,1.0,s_3426,r_2922
1919,2301,1.0,s_3426,r_2926
1919,2305,1.0,s_3426,r_2930
1919,2309,1.0,s_3426,r_2934
1919,2313,1.0,s_3426,r_2938
1919,2317,1.0,s_3426,r_2942
1919,2321,1.0,s_3426,r_2946
1919,3118,-1.0,s_3426,r_3753
1920,2262,1.0,s_3427,r_2887
1920,2266,1.0,s_3427,r_2891
1920,2270,1.0,s_3427,r_2895
1920,2274,1.0,s_3427,r_2899
1920,2278,1.0,s_3427,r_2903
1920,2282,1.0,s_3427,r_2907
1920,2286,1.0,s_3427,r_2911
1920,2290,1.0,s_3427,r_2915
1920,2294,1.0,s_3427,r_2919
1920,2298,1.0,s_3427,r_2923
1920,2302,1.0,s_3427,r_2927
1920,2306,1.0,s_3427,r_2931
1920,2310,1.0,s_3427,r_2935
1920,2314,1.0,s_3427,r_2939
1920,2318,1.0,s_3427,r_2943
1920,2322,1.0,s_3427,r_2947
1920,3119,-1.0,s_3427,r_3754
1921,2323,1.0,s_3428,r_2948
1921,2327,1.0,s_3428,r_2952
1921,2331,1.0,s_3428,r_2956
1921,2335,1.0,s_3428,r_2960
1921,2339,1.0,s_3428,r_2964
1921,2343,1.0,s_3428,r_2968
1921,2347,1.0,s_3428,r_2972
1921,2351,1.0,s_3428,r_2976
1921,2355,1.0,s_3428,r_2980
1921,2359,1.0,s_3428,r_2984
1921,2363,1.0,s_3428,r_2988
1921,2367,1.0,s_3428,r_2992
1921,2371,1.0,s_3428,r_2996
1921,2375,1.0,s_3428,r_3000
1921,2379,1.0,s_3428,r_3004
1921,2383,1.0,s_3428,r_3008
1921,2387,1.0,s_3428,r_3022
1921,2391,1.0,s_3428,r_3026
1921,2395,-1.0,s_3428,r_3030
1921,3112,-1.0,s_3428,r_3747
1922,2324,1.0,s_3429,r_2949
1922,2328,1.0,s_3429,r_2953
1922,2332,1.0,s_3429,r_2957
1922,2336,1.0,s_3429,r_2961
1922,2340,1.0,s_3429,r_2965
1922,2344,1.0,s_3429,r_2969
1922,2348,1.0,s_3429,r_2973
1922,2352,1.0,s_3429,r_2977
1922,2356,1.0,s_3429,r_2981
1922,2360,1.0,s_3429,r_2985
1922,2364,1.0,s_3429,r_2989
1922,2368,1.0,s_3429,r_2993
1922,2372,1.0,s_3429,r_2997
1922,2376,1.0,s_3429,r_3001
1922,2380,1.0,s_3429,r_3005
1922,2384,1.0,s_3429,r_3009
1922,2388,1.0,s_3429,r_3023
1922,2392,1.0,s_3429,r_3027
1922,2396,-1.0,s_3429,r_3031
1922,3113,-1.0,s_3429,r_3748
1923,2325,1.0,s_3430,r_2950
1923,2329,1.0,s_3430,r_2954
1923,2333,1.0,s_3430,r_2958
1923,2337,1.0,s_3430,r_2962
1923,2341,1.0,s_3430,r_2966
1923,2345,1.0,s_3430,r_2970
1923,2349,1.0,s_3430,r_2974
1923,2353,1.0,s_3430,r_2978
1923,2357,1.0,s_3430,r_2982
1923,2361,1.0,s_3430,r_2986
1923,2365,1.0,s_3430,r_2990
1923,2369,1.0,s_3430,r_2994
1923,2373,1.0,s_3430,r_2998
1923,2377,1.0,s_3430,r_3002
1923,2381,1.0,s_3430,r_3006
1923,2385,1.0,s_3430,r_3010
1923,2389,1.0,s_3430,r_3024
1923,2393,1.0,s_3430,r_3028
1923,2397,-1.0,s_3430,r_3032
1923,3114,-1.0,s_3430,r_3749
1924,2326,1.0,s_3431,r_2951
1924,2330,1.0,s_3431,r_2955
1924,2334,1.0,s_3431,r_2959
1924,2338,1.0,s_3431,r_2963
1924,2342,1.0,s_3431,r_2967
1924,2346,1.0,s_3431,r_2971
1924,2350,1.0,s_3431,r_2975
1924,2354,1.0,s_3431,r_2979
1924,2358,1.0,s_3431,r_2983
1924,2362,1.0,s_3431,r_2987
1924,2366,1.0,s_3431,r_2991
1924,2370,1.0,s_3431,r_2995
1924,2374,1.0,s_3431,r_2999
1924,2378,1.0,s_3431,r_3003
1924,2382,1.0,s_3431,r_3007
1924,2386,1.0,s_3431,r_3011
1924,2390,1.0,s_3431,r_3025
1924,2394,1.0,s_3431,r_3029
1924,2398,-1.0,s_3431,r_3033
1924,3115,-1.0,s_3431,r_3750
1925,106,-1.0,s_3432,r_0126
1925,111,-1.0,s_3432,r_0131
1925,2914,1.0,s_3432,r_3549
1925,3082,-1.0,s_3432,r_3717
1926,106,1.0,s_3433,r_0126
1926,3089,-1.0,s_3433,r_3724
1927,111,1.0,s_3434,r_0131
1927,3088,-1.0,s_3434,r_3723
1928,108,-1.0,s_3435,r_0128
1928,113,-1.0,s_3435,r_0133
1928,2915,1.0,s_3435,r_3550
1928,3083,-1.0,s_3435,r_3718
1929,108,1.0,s_3436,r_0128
1929,3091,-1.0,s_3436,r_3726
1930,113,1.0,s_3437,r_0133
1930,3090,-1.0,s_3437,r_3725
1931,109,-1.0,s_3438,r_0129
1931,114,-1.0,s_3438,r_0134
1931,2916,1.0,s_3438,r_3551
1931,3084,-1.0,s_3438,r_3719
1932,109,1.0,s_3439,r_0129
1932,3093,-1.0,s_3439,r_3728
1933,114,1.0,s_3440,r_0134
1933,3092,-1.0,s_3440,r_3727
1934,107,-1.0,s_3441,r_0127
1934,112,-1.0,s_3441,r_0132
1934,2917,1.0,s_3441,r_3552
1934,3304,1.0,s_3441,r_3939
1935,107,1.0,s_3442,r_0127
1935,3087,-1.0,s_3442,r_3722
1935,3337,-1.0,s_3442,r_3972
1936,112,1.0,s_3443,r_0132
1936,3086,-1.0,s_3443,r_3721
1936,3336,-1.0,s_3443,r_3971
1937,110,-1.0,s_3444,r_0130
1937,115,-1.0,s_3444,r_0135
1937,2918,1.0,s_3444,r_3553
1937,3085,-1.0,s_3444,r_3720
1938,110,1.0,s_3445,r_0130
1938,3095,-1.0,s_3445,r_3730
1938,3293,-1.0,s_3445,r_3928
1939,115,1.0,s_3446,r_0135
1939,3094,-1.0,s_3446,r_3729
1939,3292,-1.0,s_3446,r_3927
1940,2395,1.0,s_3447,r_3030
1940,2396,1.0,s_3447,r_3031
1940,2397,1.0,s_3447,r_3032
1940,2398,1.0,s_3447,r_3033
1940,2935,-1.0,s_3447,r_3570
1941,2399,-1.0,s_3448,r_3034
1941,2469,-1.0,s_3448,r_3104
1941,3242,1.0,s_3448,r_3877
1942,2399,-1.0,s_3449,r_3034
1942,2400,-1.0,s_3449,r_3035
1942,2401,-1.0,s_3449,r_3036
1942,2402,-1.0,s_3449,r_3037
1942,2403,-1.0,s_3449,r_3038
1942,2404,-1.0,s_3449,r_3039
1942,2405,-1.0,s_3449,r_3040
1942,2406,-1.0,s_3449,r_3041
1942,2407,-1.0,s_3449,r_3042
1942,2408,-1.0,s_3449,r_3043
1942,2409,-1.0,s_3449,r_3044
1942,2410,-1.0,s_3449,r_3045
1942,2411,-1.0,s_3449,r_3046
1942,2412,-1.0,s_3449,r_3047
1942,2413,-1.0,s_3449,r_3048
1942,2414,-1.0,s_3449,r_3049
1942,2415,-1.0,s_3449,r_3050
1942,2416,-1.0,s_3449,r_3051
1942,2417,-1.0,s_3449,r_3052
1942,2418,-1.0,s_3449,r_3053
1942,2419,-1.0,s_3449,r_3054
1942,2420,-1.0,s_3449,r_3055
1942,2421,-1.0,s_3449,r_3056
1942,2422,-1.0,s_3449,r_3057
1942,2423,-1.0,s_3449,r_3058
1942,2424,-1.0,s_3449,r_3059
1942,2425,-1.0,s_3449,r_3060
1942,2426,-1.0,s_3449,r_3061
1942,2427,-1.0,s_3449,r_3062
1942,2428,-1.0,s_3449,r_3063
1942,2429,-1.0,s_3449,r_3064
1942,2430,-1.0,s_3449,r_3065
1942,2431,-1.0,s_3449,r_3066
1942,2432,-1.0,s_3449,r_3067
1942,2433,-1.0,s_3449,r_3068
1942,2434,-1.0,s_3449,r_3069
1942,2435,-1.0,s_3449,r_3070
1942,2436,-1.0,s_3449,r_3071
1942,2437,-1.0,s_3449,r_3072
1942,2438,-1.0,s_3449,r_3073
1942,2439,-1.0,s_3449,r_3074
1942,2440,-1.0,s_3449,r_3075
1942,2441,-1.0,s_3449,r_3076
1942,2442,-1.0,s_3449,r_3077
1942,2443,-1.0,s_3449,r_3078
1942,2444,-1.0,s_3449,r_3079
1942,2445,-1.0,s_3449,r_3080
1942,2446,-1.0,s_3449,r_3081
1942,2469,-1.0,s_3449,r_3104
1942,2470,-1.0,s_3449,r_3105
1942,2471,-1.0,s_3449,r_3106
1942,2472,-1.0,s_3449,r_3107
1942,2473,-1.0,s_3449,r_3108
1942,2474,-1.0,s_3449,r_3109
1942,2475,-1.0,s_3449,r_3110
1942,2476,-1.0,s_3449,r_3111
1942,2477,-1.0,s_3449,r_3112
1942,2478,-1.0,s_3449,r_3113
1942,2479,-1.0,s_3449,r_3114
1942,2480,-1.0,s_3449,r_3115
1942,2481,-1.0,s_3449,r_3116
1942,2482,-1.0,s_3449,r_3117
1942,2483,-1.0,s_3449,r_3118
1942,2484,-1.0,s_3449,r_3119
1942,2509,-1.0,s_3449,r_3144
1942,2510,-1.0,s_3449,r_3145
1942,2511,-1.0,s_3449,r_3146
1942,2512,-1.0,s_3449,r_3147
1942,2513,-1.0,s_3449,r_3148
1942,2514,-1.0,s_3449,r_3149
1942,2515,-1.0,s_3449,r_3150
1942,2516,-1.0,s_3449,r_3151
1942,2541,-1.0,s_3449,r_3176
1942,2542,-1.0,s_3449,r_3177
1942,2543,-1.0,s_3449,r_3178
1942,2544,-1.0,s_3449,r_3179
1942,2545,-1.0,s_3449,r_3180
1942,2546,-1.0,s_3449,r_3181
1942,2547,-1.0,s_3449,r_3182
1942,2548,-1.0,s_3449,r_3183
1942,2557,-1.0,s_3449,r_3192
1942,2558,-1.0,s_3449,r_3193
1942,2559,-1.0,s_3449,r_3194
1942,2560,-1.0,s_3449,r_3195
1942,2561,-1.0,s_3449,r_3196
1942,2562,-1.0,s_3449,r_3197
1942,2563,-1.0,s_3449,r_3198
1942,2564,-1.0,s_3449,r_3199
1942,2627,-1.0,s_3449,r_3262
1942,2628,-1.0,s_3449,r_3263
1942,2969,1.0,s_3449,r_3604
1943,2399,1.0,s_3450,r_3034
1943,2403,1.0,s_3450,r_3038
1943,2407,-1.0,s_3450,r_3042
1944,2399,1.0,s_3451,r_3034
1944,2400,1.0,s_3451,r_3035
1944,2401,1.0,s_3451,r_3036
1944,2402,1.0,s_3451,r_3037
1944,2408,1.0,s_3451,r_3043
1944,2411,1.0,s_3451,r_3046
1944,2412,1.0,s_3451,r_3047
1944,2413,1.0,s_3451,r_3048
1944,2414,1.0,s_3451,r_3049
1944,2420,1.0,s_3451,r_3055
1944,2423,1.0,s_3451,r_3058
1944,2424,1.0,s_3451,r_3059
1944,2425,1.0,s_3451,r_3060
1944,2426,1.0,s_3451,r_3061
1944,2432,1.0,s_3451,r_3067
1944,2435,1.0,s_3451,r_3070
1944,2436,1.0,s_3451,r_3071
1944,2437,1.0,s_3451,r_3072
1944,2438,1.0,s_3451,r_3073
1944,2444,1.0,s_3451,r_3079
1944,2627,1.0,s_3451,r_3262
1944,2974,-1.0,s_3451,r_3609
1945,2400,-1.0,s_3452,r_3035
1945,2470,-1.0,s_3452,r_3105
1945,3243,1.0,s_3452,r_3878
1946,2400,1.0,s_3453,r_3035
1946,2404,1.0,s_3453,r_3039
1946,2408,-1.0,s_3453,r_3043
1947,2401,-1.0,s_3454,r_3036
1947,2471,-1.0,s_3454,r_3106
1947,3244,1.0,s_3454,r_3879
1948,2401,1.0,s_3455,r_3036
1948,2405,1.0,s_3455,r_3040
1948,2409,-1.0,s_3455,r_3044
1949,2402,-1.0,s_3456,r_3037
1949,2472,-1.0,s_3456,r_3107
1949,3245,1.0,s_3456,r_3880
1950,2402,1.0,s_3457,r_3037
1950,2406,1.0,s_3457,r_3041
1950,2410,-1.0,s_3457,r_3045
1951,2403,-1.0,s_3458,r_3038
1951,2473,-1.0,s_3458,r_3108
1951,3246,1.0,s_3458,r_3881
1952,2403,1.0,s_3459,r_3038
1952,2404,1.0,s_3459,r_3039
1952,2405,1.0,s_3459,r_3040
1952,2406,1.0,s_3459,r_3041
1952,2410,1.0,s_3459,r_3045
1952,2415,1.0,s_3459,r_3050
1952,2416,1.0,s_3459,r_3051
1952,2417,1.0,s_3459,r_3052
1952,2418,1.0,s_3459,r_3053
1952,2422,1.0,s_3459,r_3057
1952,2427,1.0,s_3459,r_3062
1952,2428,1.0,s_3459,r_3063
1952,2429,1.0,s_3459,r_3064
1952,2430,1.0,s_3459,r_3065
1952,2434,1.0,s_3459,r_3069
1952,2439,1.0,s_3459,r_3074
1952,2440,1.0,s_3459,r_3075
1952,2441,1.0,s_3459,r_3076
1952,2442,1.0,s_3459,r_3077
1952,2446,1.0,s_3459,r_3081
1952,2628,1.0,s_3459,r_3263
1952,2976,-1.0,s_3459,r_3611
1953,2404,-1.0,s_3460,r_3039
1953,2474,-1.0,s_3460,r_3109
1953,3247,1.0,s_3460,r_3882
1954,2405,-1.0,s_3461,r_3040
1954,2475,-1.0,s_3461,r_3110
1954,3248,1.0,s_3461,r_3883
1955,2406,-1.0,s_3462,r_3041
1955,2476,-1.0,s_3462,r_3111
1955,3249,1.0,s_3462,r_3884
1956,2407,1.0,s_3463,r_3042
1956,2419,1.0,s_3463,r_3054
1956,2431,1.0,s_3463,r_3066
1956,2443,1.0,s_3463,r_3078
1956,2973,-1.0,s_3463,r_3608
1957,2409,1.0,s_3464,r_3044
1957,2421,1.0,s_3464,r_3056
1957,2433,1.0,s_3464,r_3068
1957,2445,1.0,s_3464,r_3080
1957,2975,-1.0,s_3464,r_3610
1958,2411,-1.0,s_3465,r_3046
1958,3250,1.0,s_3465,r_3885
1959,2411,1.0,s_3466,r_3046
1959,2415,1.0,s_3466,r_3050
1959,2419,-1.0,s_3466,r_3054
1960,2412,-1.0,s_3467,r_3047
1960,3251,1.0,s_3467,r_3886
1961,2412,1.0,s_3468,r_3047
1961,2416,1.0,s_3468,r_3051
1961,2420,-1.0,s_3468,r_3055
1962,2413,-1.0,s_3469,r_3048
1962,3252,1.0,s_3469,r_3887
1963,2413,1.0,s_3470,r_3048
1963,2417,1.0,s_3470,r_3052
1963,2421,-1.0,s_3470,r_3056
1964,2414,-1.0,s_3471,r_3049
1964,3253,1.0,s_3471,r_3888
1965,2414,1.0,s_3472,r_3049
1965,2418,1.0,s_3472,r_3053
1965,2422,-1.0,s_3472,r_3057
1966,2415,-1.0,s_3473,r_3050
1966,3254,1.0,s_3473,r_3889
1967,2416,-1.0,s_3474,r_3051
1967,3255,1.0,s_3474,r_3890
1968,2417,-1.0,s_3475,r_3052
1968,3256,1.0,s_3475,r_3891
1969,2418,-1.0,s_3476,r_3053
1969,3257,1.0,s_3476,r_3892
1970,2419,1.0,s_3477,r_3054
1970,2420,1.0,s_3477,r_3055
1970,2421,1.0,s_3477,r_3056
1970,2422,1.0,s_3477,r_3057
1971,2423,-1.0,s_3478,r_3058
1971,3258,1.0,s_3478,r_3893
1972,2423,1.0,s_3479,r_3058
1972,2427,1.0,s_3479,r_3062
1972,2431,-1.0,s_3479,r_3066
1973,2424,-1.0,s_3480,r_3059
1973,3259,1.0,s_3480,r_3894
1974,2424,1.0,s_3481,r_3059
1974,2428,1.0,s_3481,r_3063
1974,2432,-1.0,s_3481,r_3067
1975,2425,-1.0,s_3482,r_3060
1975,3260,1.0,s_3482,r_3895
1976,2425,1.0,s_3483,r_3060
1976,2429,1.0,s_3483,r_3064
1976,2433,-1.0,s_3483,r_3068
1977,2426,-1.0,s_3484,r_3061
1977,3261,1.0,s_3484,r_3896
1978,2426,1.0,s_3485,r_3061
1978,2430,1.0,s_3485,r_3065
1978,2434,-1.0,s_3485,r_3069
1979,2427,-1.0,s_3486,r_3062
1979,3262,1.0,s_3486,r_3897
1980,2428,-1.0,s_3487,r_3063
1980,3263,1.0,s_3487,r_3898
1981,2429,-1.0,s_3488,r_3064
1981,3264,1.0,s_3488,r_3899
1982,2430,-1.0,s_3489,r_3065
1982,3265,1.0,s_3489,r_3900
1983,2431,1.0,s_3490,r_3066
1983,2432,1.0,s_3490,r_3067
1983,2433,1.0,s_3490,r_3068
1983,2434,1.0,s_3490,r_3069
1984,2435,1.0,s_3491,r_3070
1984,2439,1.0,s_3491,r_3074
1984,2443,-1.0,s_3491,r_3078
1985,2436,1.0,s_3492,r_3071
1985,2440,1.0,s_3492,r_3075
1985,2444,-1.0,s_3492,r_3079
1986,2437,1.0,s_3493,r_3072
1986,2441,1.0,s_3493,r_3076
1986,2445,-1.0,s_3493,r_3080
1987,2438,1.0,s_3494,r_3073
1987,2442,1.0,s_3494,r_3077
1987,2446,-1.0,s_3494,r_3081
1988,2443,1.0,s_3495,r_3078
1988,2444,1.0,s_3495,r_3079
1988,2445,1.0,s_3495,r_3080
1988,2446,1.0,s_3495,r_3081
1988,2972,-1.0,s_3495,r_3607
1989,2447,-1.0,s_3496,r_3082
1989,2565,-1.0,s_3496,r_3200
1989,2981,1.0,s_3496,r_3616
1989,2997,1.0,s_3496,r_3632
1990,2447,1.0,s_3497,r_3082
1990,2919,-1.0,s_3497,r_3554
1990,2953,-1.0,s_3497,r_3588
1990,3005,1.0,s_3497,r_3640
1990,3037,1.0,s_3497,r_3672
1991,2447,1.0,s_3498,r_3082
1991,2448,1.0,s_3498,r_3083
1991,2449,1.0,s_3498,r_3084
1991,2450,1.0,s_3498,r_3085
1991,2451,1.0,s_3498,r_3086
1991,2452,1.0,s_3498,r_3087
1991,2453,1.0,s_3498,r_3088
1991,2454,1.0,s_3498,r_3089
1992,2448,-1.0,s_3499,r_3083
1992,2566,-1.0,s_3499,r_3201
1992,2982,1.0,s_3499,r_3617
1992,2998,1.0,s_3499,r_3633
1993,2448,1.0,s_3500,r_3083
1993,2920,-1.0,s_3500,r_3555
1993,2954,-1.0,s_3500,r_3589
1993,3006,1.0,s_3500,r_3641
1993,3038,1.0,s_3500,r_3673
1994,2449,-1.0,s_3501,r_3084
1994,2567,-1.0,s_3501,r_3202
1994,2983,1.0,s_3501,r_3618
1994,2999,1.0,s_3501,r_3634
1995,2449,1.0,s_3502,r_3084
1995,2921,-1.0,s_3502,r_3556
1995,2955,-1.0,s_3502,r_3590
1995,3007,1.0,s_3502,r_3642
1995,3039,1.0,s_3502,r_3674
1996,2450,-1.0,s_3503,r_3085
1996,2568,-1.0,s_3503,r_3203
1996,2984,1.0,s_3503,r_3619
1996,3000,1.0,s_3503,r_3635
1997,2450,1.0,s_3504,r_3085
1997,2922,-1.0,s_3504,r_3557
1997,2956,-1.0,s_3504,r_3591
1997,3008,1.0,s_3504,r_3643
1997,3040,1.0,s_3504,r_3675
1998,2451,-1.0,s_3505,r_3086
1998,2569,-1.0,s_3505,r_3204
1998,2985,1.0,s_3505,r_3620
1998,3001,1.0,s_3505,r_3636
1999,2451,1.0,s_3506,r_3086
1999,2923,-1.0,s_3506,r_3558
1999,2957,-1.0,s_3506,r_3592
1999,3009,1.0,s_3506,r_3644
1999,3041,1.0,s_3506,r_3676
2000,2452,-1.0,s_3507,r_3087
2000,2570,-1.0,s_3507,r_3205
2000,2986,1.0,s_3507,r_3621
2000,3002,1.0,s_3507,r_3637
2001,2452,1.0,s_3508,r_3087
2001,2924,-1.0,s_3508,r_3559
2001,2958,-1.0,s_3508,r_3593
2001,3010,1.0,s_3508,r_3645
2001,3042,1.0,s_3508,r_3677
2002,2453,-1.0,s_3509,r_3088
2002,2571,-1.0,s_3509,r_3206
2002,2987,1.0,s_3509,r_3622
2002,3003,1.0,s_3509,r_3638
2003,2453,1.0,s_3510,r_3088
2003,2925,-1.0,s_3510,r_3560
2003,2959,-1.0,s_3510,r_3594
2003,3011,1.0,s_3510,r_3646
2004,2454,-1.0,s_3511,r_3089
2004,2572,-1.0,s_3511,r_3207
2004,2988,1.0,s_3511,r_3623
2004,3004,1.0,s_3511,r_3639
2005,2454,1.0,s_3512,r_3089
2005,2926,-1.0,s_3512,r_3561
2005,2960,-1.0,s_3512,r_3595
2005,3012,1.0,s_3512,r_3647
2006,2455,1.0,s_3513,r_3090
2006,3005,-1.0,s_3513,r_3640
2007,2456,1.0,s_3514,r_3091
2007,3006,-1.0,s_3514,r_3641
2008,2457,1.0,s_3515,r_3092
2008,3007,-1.0,s_3515,r_3642
2009,2458,1.0,s_3516,r_3093
2009,3008,-1.0,s_3516,r_3643
2010,2459,1.0,s_3517,r_3094
2010,3009,-1.0,s_3517,r_3644
2011,2460,1.0,s_3518,r_3095
2011,3010,-1.0,s_3518,r_3645
2012,2461,1.0,s_3519,r_3096
2012,3011,-1.0,s_3519,r_3646
2013,2462,1.0,s_3520,r_3097
2013,3012,-1.0,s_3520,r_3647
2014,2463,1.0,s_3521,r_3098
2014,3037,-1.0,s_3521,r_3672
2015,2464,1.0,s_3522,r_3099
2015,3038,-1.0,s_3522,r_3673
2016,2465,1.0,s_3523,r_3100
2016,3039,-1.0,s_3523,r_3674
2017,2466,1.0,s_3524,r_3101
2017,3040,-1.0,s_3524,r_3675
2018,2467,1.0,s_3525,r_3102
2018,3041,-1.0,s_3525,r_3676
2019,2468,1.0,s_3526,r_3103
2019,3042,-1.0,s_3526,r_3677
2020,2469,1.0,s_3527,r_3104
2020,3268,-1.0,s_3527,r_3903
2021,2470,1.0,s_3528,r_3105
2021,3269,-1.0,s_3528,r_3904
2022,2471,1.0,s_3529,r_3106
2022,3270,-1.0,s_3529,r_3905
2023,2472,1.0,s_3530,r_3107
2023,3271,-1.0,s_3530,r_3906
2024,2473,1.0,s_3531,r_3108
2024,3272,-1.0,s_3531,r_3907
2025,2474,1.0,s_3532,r_3109
2025,3273,-1.0,s_3532,r_3908
2026,2475,1.0,s_3533,r_3110
2026,3274,-1.0,s_3533,r_3909
2027,2476,1.0,s_3534,r_3111
2027,3275,-1.0,s_3534,r_3910
2028,2477,-1.0,s_3535,r_3112
2028,2541,1.0,s_3535,r_3176
2029,2477,1.0,s_3536,r_3112
2029,2478,1.0,s_3536,r_3113
2029,2479,1.0,s_3536,r_3114
2029,2480,1.0,s_3536,r_3115
2029,2481,1.0,s_3536,r_3116
2029,2482,1.0,s_3536,r_3117
2029,2483,1.0,s_3536,r_3118
2029,2484,1.0,s_3536,r_3119
2029,2509,1.0,s_3536,r_3144
2029,2510,1.0,s_3536,r_3145
2029,2511,1.0,s_3536,r_3146
2029,2512,1.0,s_3536,r_3147
2029,2513,1.0,s_3536,r_3148
2029,2514,1.0,s_3536,r_3149
2029,2515,1.0,s_3536,r_3150
2029,2516,1.0,s_3536,r_3151
2029,2541,1.0,s_3536,r_3176
2029,2542,1.0,s_3536,r_3177
2029,2543,1.0,s_3536,r_3178
2029,2544,1.0,s_3536,r_3179
2029,2545,1.0,s_3536,r_3180
2029,2546,1.0,s_3536,r_3181
2029,2547,1.0,s_3536,r_3182
2029,2548,1.0,s_3536,r_3183
2029,2557,1.0,s_3536,r_3192
2029,2558,1.0,s_3536,r_3193
2029,2559,1.0,s_3536,r_3194
2029,2560,1.0,s_3536,r_3195
2029,2561,1.0,s_3536,r_3196
2029,2562,1.0,s_3536,r_3197
2029,2563,1.0,s_3536,r_3198
2029,2564,1.0,s_3536,r_3199
2029,2970,1.0,s_3536,r_3605
2030,2478,-1.0,s_3537,r_3113
2030,2542,1.0,s_3537,r_3177
2031,2479,-1.0,s_3538,r_3114
2031,2543,1.0,s_3538,r_3178
2032,2480,-1.0,s_3539,r_3115
2032,2544,1.0,s_3539,r_3179
2033,2481,-1.0,s_3540,r_3116
2033,2545,1.0,s_3540,r_3180
2034,2482,-1.0,s_3541,r_3117
2034,2546,1.0,s_3541,r_3181
2035,2483,-1.0,s_3542,r_3118
2035,2547,1.0,s_3542,r_3182
2036,2484,-1.0,s_3543,r_3119
2036,2548,1.0,s_3543,r_3183
2037,2485,-1.0,s_3544,r_3120
2037,2549,1.0,s_3544,r_3184
2038,2485,1.0,s_3545,r_3120
2038,2517,1.0,s_3545,r_3152
2038,2927,-1.0,s_3545,r_3562
2038,3328,-1.0,s_3545,r_3963
2039,2486,-1.0,s_3546,r_3121
2039,2550,1.0,s_3546,r_3185
2040,2486,1.0,s_3547,r_3121
2040,2518,1.0,s_3547,r_3153
2040,2928,-1.0,s_3547,r_3563
2040,3329,-1.0,s_3547,r_3964
2041,2487,-1.0,s_3548,r_3122
2041,2551,1.0,s_3548,r_3186
2042,2487,1.0,s_3549,r_3122
2042,2519,1.0,s_3549,r_3154
2042,2929,-1.0,s_3549,r_3564
2042,3330,-1.0,s_3549,r_3965
2043,2488,-1.0,s_3550,r_3123
2043,2552,1.0,s_3550,r_3187
2044,2488,1.0,s_3551,r_3123
2044,2520,1.0,s_3551,r_3155
2044,2930,-1.0,s_3551,r_3565
2044,3331,-1.0,s_3551,r_3966
2045,2489,-1.0,s_3552,r_3124
2045,2553,1.0,s_3552,r_3188
2046,2489,1.0,s_3553,r_3124
2046,2521,1.0,s_3553,r_3156
2046,2931,-1.0,s_3553,r_3566
2046,3332,-1.0,s_3553,r_3967
2047,2490,-1.0,s_3554,r_3125
2047,2554,1.0,s_3554,r_3189
2048,2490,1.0,s_3555,r_3125
2048,2522,1.0,s_3555,r_3157
2048,2932,-1.0,s_3555,r_3567
2048,3333,-1.0,s_3555,r_3968
2049,2491,-1.0,s_3556,r_3126
2049,2555,1.0,s_3556,r_3190
2050,2491,1.0,s_3557,r_3126
2050,2523,1.0,s_3557,r_3158
2050,2933,-1.0,s_3557,r_3568
2050,3334,-1.0,s_3557,r_3969
2051,2492,-1.0,s_3558,r_3127
2051,2556,1.0,s_3558,r_3191
2052,2492,1.0,s_3559,r_3127
2052,2524,1.0,s_3559,r_3159
2052,2934,-1.0,s_3559,r_3569
2052,3335,-1.0,s_3559,r_3970
2053,2493,-1.0,s_3560,r_3128
2053,3226,1.0,s_3560,r_3861
2054,2494,-1.0,s_3561,r_3129
2054,3227,1.0,s_3561,r_3862
2055,2495,-1.0,s_3562,r_3130
2055,3228,1.0,s_3562,r_3863
2056,2496,-1.0,s_3563,r_3131
2056,3229,1.0,s_3563,r_3864
2057,2497,-1.0,s_3564,r_3132
2057,3230,1.0,s_3564,r_3865
2058,2498,-1.0,s_3565,r_3133
2058,3231,1.0,s_3565,r_3866
2059,2499,-1.0,s_3566,r_3134
2059,3232,1.0,s_3566,r_3867
2060,2500,-1.0,s_3567,r_3135
2060,3233,1.0,s_3567,r_3868
2061,2501,-1.0,s_3568,r_3136
2061,3306,1.0,s_3568,r_3941
2062,2502,-1.0,s_3569,r_3137
2062,3307,1.0,s_3569,r_3942
2063,2503,-1.0,s_3570,r_3138
2063,3308,1.0,s_3570,r_3943
2064,2504,-1.0,s_3571,r_3139
2064,3309,1.0,s_3571,r_3944
2065,2505,-1.0,s_3572,r_3140
2065,3310,1.0,s_3572,r_3945
2066,2506,-1.0,s_3573,r_3141
2066,3311,1.0,s_3573,r_3946
2067,2507,-1.0,s_3574,r_3142
2067,3312,1.0,s_3574,r_3947
2068,2508,-1.0,s_3575,r_3143
2068,3313,1.0,s_3575,r_3948
2069,2517,-1.0,s_3576,r_3152
2069,2565,1.0,s_3576,r_3200
2069,2989,1.0,s_3576,r_3624
2070,2518,-1.0,s_3577,r_3153
2070,2566,1.0,s_3577,r_3201
2070,2990,1.0,s_3577,r_3625
2071,2519,-1.0,s_3578,r_3154
2071,2567,1.0,s_3578,r_3202
2071,2991,1.0,s_3578,r_3626
2072,2520,-1.0,s_3579,r_3155
2072,2568,1.0,s_3579,r_3203
2072,2992,1.0,s_3579,r_3627
2073,2521,-1.0,s_3580,r_3156
2073,2569,1.0,s_3580,r_3204
2073,2993,1.0,s_3580,r_3628
2074,2522,-1.0,s_3581,r_3157
2074,2570,1.0,s_3581,r_3205
2074,2994,1.0,s_3581,r_3629
2075,2523,-1.0,s_3582,r_3158
2075,2571,1.0,s_3582,r_3206
2075,2995,1.0,s_3582,r_3630
2076,2524,-1.0,s_3583,r_3159
2076,2572,1.0,s_3583,r_3207
2076,2996,1.0,s_3583,r_3631
2077,2525,-1.0,s_3584,r_3160
2077,2573,1.0,s_3584,r_3208
2077,3276,1.0,s_3584,r_3911
2078,2526,-1.0,s_3585,r_3161
2078,2574,1.0,s_3585,r_3209
2078,3277,1.0,s_3585,r_3912
2079,2527,-1.0,s_3586,r_3162
2079,2575,1.0,s_3586,r_3210
2079,3278,1.0,s_3586,r_3913
2080,2528,-1.0,s_3587,r_3163
2080,2576,1.0,s_3587,r_3211
2080,3279,1.0,s_3587,r_3914
2081,2529,-1.0,s_3588,r_3164
2081,2577,1.0,s_3588,r_3212
2081,3280,1.0,s_3588,r_3915
2082,2530,-1.0,s_3589,r_3165
2082,2578,1.0,s_3589,r_3213
2082,3281,1.0,s_3589,r_3916
2083,2531,-1.0,s_3590,r_3166
2083,2579,1.0,s_3590,r_3214
2083,3282,1.0,s_3590,r_3917
2084,2532,-1.0,s_3591,r_3167
2084,2580,1.0,s_3591,r_3215
2084,3283,1.0,s_3591,r_3918
2085,2541,-1.0,s_3592,r_3176
2085,3314,1.0,s_3592,r_3949
2086,2542,-1.0,s_3593,r_3177
2086,3315,1.0,s_3593,r_3950
2087,2543,-1.0,s_3594,r_3178
2087,3316,1.0,s_3594,r_3951
2088,2544,-1.0,s_3595,r_3179
2088,3317,1.0,s_3595,r_3952
2089,2545,-1.0,s_3596,r_3180
2089,3318,1.0,s_3596,r_3953
2090,2546,-1.0,s_3597,r_3181
2090,3319,1.0,s_3597,r_3954
2091,2547,-1.0,s_3598,r_3182
2091,3320,1.0,s_3598,r_3955
2092,2548,-1.0,s_3599,r_3183
2092,3321,1.0,s_3599,r_3956
2093,2549,-1.0,s_3600,r_3184
2093,3019,1.0,s_3600,r_3654
2094,2550,-1.0,s_3601,r_3185
2094,3020,1.0,s_3601,r_3655
2095,2551,-1.0,s_3602,r_3186
2095,3021,1.0,s_3602,r_3656
2096,2552,-1.0,s_3603,r_3187
2096,3022,1.0,s_3603,r_3657
2097,2553,-1.0,s_3604,r_3188
2097,3023,1.0,s_3604,r_3658
2098,2554,-1.0,s_3605,r_3189
2098,3024,1.0,s_3605,r_3659
2099,2555,-1.0,s_3606,r_3190
2099,3025,1.0,s_3606,r_3660
2100,2556,-1.0,s_3607,r_3191
2100,3026,1.0,s_3607,r_3661
2101,2573,-1.0,s_3608,r_3208
2101,3284,1.0,s_3608,r_3919
2102,2574,-1.0,s_3609,r_3209
2102,3285,1.0,s_3609,r_3920
2103,2575,-1.0,s_3610,r_3210
2103,3286,1.0,s_3610,r_3921
2104,2576,-1.0,s_3611,r_3211
2104,3287,1.0,s_3611,r_3922
2105,2577,-1.0,s_3612,r_3212
2105,3288,1.0,s_3612,r_3923
2106,2578,-1.0,s_3613,r_3213
2106,3289,1.0,s_3613,r_3924
2107,2579,-1.0,s_3614,r_3214
2107,3290,1.0,s_3614,r_3925
2108,2580,-1.0,s_3615,r_3215
2108,3291,1.0,s_3615,r_3926
2109,2589,-1.0,s_3616,r_3224
2109,2705,1.0,s_3616,r_3340
2110,2590,-1.0,s_3617,r_3225
2110,2706,1.0,s_3617,r_3341
2111,2591,-1.0,s_3618,r_3226
2111,2707,1.0,s_3618,r_3342
2112,2592,-1.0,s_3619,r_3227
2112,2708,1.0,s_3619,r_3343
2113,2593,-1.0,s_3620,r_3228
2113,2709,1.0,s_3620,r_3344
2114,2594,-1.0,s_3621,r_3229
2114,2710,1.0,s_3621,r_3345
2115,2595,-1.0,s_3622,r_3230
2115,2711,1.0,s_3622,r_3346
2116,2596,-1.0,s_3623,r_3231
2116,2712,1.0,s_3623,r_3347
2117,2597,-1.0,s_3624,r_3232
2117,2697,1.0,s_3624,r_3332
2118,2598,-1.0,s_3625,r_3233
2118,2698,1.0,s_3625,r_3333
2119,2599,-1.0,s_3626,r_3234
2119,2699,1.0,s_3626,r_3334
2120,2600,-1.0,s_3627,r_3235
2120,2700,1.0,s_3627,r_3335
2121,2601,-1.0,s_3628,r_3236
2121,2701,1.0,s_3628,r_3336
2122,2602,-1.0,s_3629,r_3237
2122,2702,1.0,s_3629,r_3337
2123,2603,-1.0,s_3630,r_3238
2123,2703,1.0,s_3630,r_3338
2124,2604,-1.0,s_3631,r_3239
2124,2704,1.0,s_3631,r_3339
2125,2605,-1.0,s_3632,r_3240
2126,2605,1.0,s_3633,r_3240
2127,2606,-1.0,s_3634,r_3241
2128,2606,1.0,s_3635,r_3241
2129,2607,-1.0,s_3636,r_3242
2130,2607,1.0,s_3637,r_3242
2131,2608,-1.0,s_3638,r_3243
2132,2608,1.0,s_3639,r_3243
2133,2609,-1.0,s_3640,r_3244
2134,2609,1.0,s_3641,r_3244
2135,2610,-1.0,s_3642,r_3245
2136,2610,1.0,s_3643,r_3245
2137,2611,-1.0,s_3644,r_3246
2138,2611,1.0,s_3645,r_3246
2139,2612,-1.0,s_3646,r_3247
2140,2612,1.0,s_3647,r_3247
2141,2613,-1.0,s_3648,r_3248
2142,2613,1.0,s_3649,r_3248
2143,2614,-1.0,s_3650,r_3249
2144,2614,1.0,s_3651,r_3249
2145,2615,-1.0,s_3652,r_3250
2146,2615,1.0,s_3653,r_3250
2147,2616,-1.0,s_3654,r_3251
2148,2616,1.0,s_3655,r_3251
2149,2617,-1.0,s_3656,r_3252
2149,3086,1.0,s_3656,r_3721
2150,2617,-1.0,s_3657,r_3252
2150,2618,-1.0,s_3657,r_3253
2150,2619,-1.0,s_3657,r_3254
2150,2620,-1.0,s_3657,r_3255
2150,2621,-1.0,s_3657,r_3256
2150,2622,-1.0,s_3657,r_3257
2150,2623,-1.0,s_3657,r_3258
2150,2624,-1.0,s_3657,r_3259
2150,2625,-1.0,s_3657,r_3260
2150,2626,-1.0,s_3657,r_3261
2150,2629,-1.0,s_3657,r_3264
2150,2630,-1.0,s_3657,r_3265
2150,2631,-1.0,s_3657,r_3266
2150,2632,-1.0,s_3657,r_3267
2150,2633,-1.0,s_3657,r_3268
2150,2634,-1.0,s_3657,r_3269
2150,2635,-1.0,s_3657,r_3270
2150,2636,-1.0,s_3657,r_3271
2150,2637,-1.0,s_3657,r_3272
2150,2638,-1.0,s_3657,r_3273
2150,2639,-1.0,s_3657,r_3274
2150,2640,-1.0,s_3657,r_3275
2150,2641,-1.0,s_3657,r_3276
2150,2642,-1.0,s_3657,r_3277
2150,2643,-1.0,s_3657,r_3278
2150,2644,-1.0,s_3657,r_3279
2150,2645,-1.0,s_3657,r_3280
2150,2646,-1.0,s_3657,r_3281
2150,2647,-1.0,s_3657,r_3282
2150,2648,-1.0,s_3657,r_3283
2150,2649,-1.0,s_3657,r_3284
2150,2650,-1.0,s_3657,r_3285
2150,2651,-1.0,s_3657,r_3286
2150,2652,-1.0,s_3657,r_3287
2150,2653,-1.0,s_3657,r_3288
2150,2654,-1.0,s_3657,r_3289
2150,2655,-1.0,s_3657,r_3290
2150,2656,-1.0,s_3657,r_3291
2150,2657,-1.0,s_3657,r_3292
2150,2658,-1.0,s_3657,r_3293
2150,2659,-1.0,s_3657,r_3294
2150,2660,-1.0,s_3657,r_3295
2150,2661,-1.0,s_3657,r_3296
2150,2662,-1.0,s_3657,r_3297
2150,2663,-1.0,s_3657,r_3298
2150,2664,-1.0,s_3657,r_3299
2150,2665,-1.0,s_3657,r_3300
2150,2666,-1.0,s_3657,r_3301
2150,2667,-1.0,s_3657,r_3302
2150,2668,-1.0,s_3657,r_3303
2150,2673,-1.0,s_3657,r_3308
2150,2674,-1.0,s_3657,r_3309
2150,2675,-1.0,s_3657,r_3310
2150,2676,-1.0,s_3657,r_3311
2150,2681,-1.0,s_3657,r_3316
2150,2682,-1.0,s_3657,r_3317
2150,2683,-1.0,s_3657,r_3318
2150,2684,-1.0,s_3657,r_3319
2150,2685,-1.0,s_3657,r_3320
2150,2686,-1.0,s_3657,r_3321
2150,2687,-1.0,s_3657,r_3322
2150,2688,-1.0,s_3657,r_3323
2150,2689,-1.0,s_3657,r_3324
2150,2690,-1.0,s_3657,r_3325
2150,2691,-1.0,s_3657,r_3326
2150,2692,-1.0,s_3657,r_3327
2150,2693,-1.0,s_3657,r_3328
2150,2694,-1.0,s_3657,r_3329
2150,2695,-1.0,s_3657,r_3330
2150,2696,-1.0,s_3657,r_3331
2150,2961,1.0,s_3657,r_3596
2151,2618,-1.0,s_3658,r_3253
2151,3087,1.0,s_3658,r_3722
2152,2619,-1.0,s_3659,r_3254
2152,3088,1.0,s_3659,r_3723
2153,2619,1.0,s_3660,r_3254
2153,2620,1.0,s_3660,r_3255
2153,3082,1.0,s_3660,r_3717
2154,2620,-1.0,s_3661,r_3255
2154,3089,1.0,s_3661,r_3724
2155,2621,-1.0,s_3662,r_3256
2155,3090,1.0,s_3662,r_3725
2156,2622,-1.0,s_3663,r_3257
2156,3091,1.0,s_3663,r_3726
2157,2623,-1.0,s_3664,r_3258
2157,3092,1.0,s_3664,r_3727
2158,2623,1.0,s_3665,r_3258
2158,2624,1.0,s_3665,r_3259
2158,3084,1.0,s_3665,r_3719
2159,2624,-1.0,s_3666,r_3259
2159,3093,1.0,s_3666,r_3728
2160,2625,-1.0,s_3667,r_3260
2160,3094,1.0,s_3667,r_3729
2161,2626,-1.0,s_3668,r_3261
2161,3095,1.0,s_3668,r_3730
2162,2627,-1.0,s_3669,r_3262
2162,3292,1.0,s_3669,r_3927
2163,2628,-1.0,s_3670,r_3263
2163,3293,1.0,s_3670,r_3928
2164,2661,1.0,s_3671,r_3296
2164,2665,1.0,s_3671,r_3300
2164,2673,-1.0,s_3671,r_3308
2165,2662,1.0,s_3672,r_3297
2165,2666,1.0,s_3672,r_3301
2165,2674,-1.0,s_3672,r_3309
2166,2663,1.0,s_3673,r_3298
2166,2667,1.0,s_3673,r_3302
2166,2675,-1.0,s_3673,r_3310
2167,2664,1.0,s_3674,r_3299
2167,2668,1.0,s_3674,r_3303
2167,2676,-1.0,s_3674,r_3311
2168,2669,-1.0,s_3675,r_3304
2169,2669,1.0,s_3676,r_3304
2170,2669,1.0,s_3677,r_3304
2170,2670,1.0,s_3677,r_3305
2170,2671,1.0,s_3677,r_3306
2170,2672,1.0,s_3677,r_3307
2170,3962,1.0,s_3677,r_4613
2171,2670,-1.0,s_3678,r_3305
2172,2670,1.0,s_3679,r_3305
2173,2671,-1.0,s_3680,r_3306
2174,2671,1.0,s_3681,r_3306
2175,2672,-1.0,s_3682,r_3307
2176,2672,1.0,s_3683,r_3307
2177,2673,1.0,s_3684,r_3308
2177,2674,1.0,s_3684,r_3309
2177,2675,1.0,s_3684,r_3310
2177,2676,1.0,s_3684,r_3311
2177,2962,-1.0,s_3684,r_3597
2178,2677,-1.0,s_3685,r_3312
2178,2689,1.0,s_3685,r_3324
2178,2693,1.0,s_3685,r_3328
2178,3116,1.0,s_3685,r_3751
2179,2677,1.0,s_3686,r_3312
2179,2693,-1.0,s_3686,r_3328
2179,3108,1.0,s_3686,r_3743
2180,2678,-1.0,s_3687,r_3313
2180,2690,1.0,s_3687,r_3325
2180,2694,1.0,s_3687,r_3329
2180,3117,1.0,s_3687,r_3752
2181,2678,1.0,s_3688,r_3313
2181,2694,-1.0,s_3688,r_3329
2181,3109,1.0,s_3688,r_3744
2182,2679,-1.0,s_3689,r_3314
2182,2691,1.0,s_3689,r_3326
2182,2695,1.0,s_3689,r_3330
2182,3118,1.0,s_3689,r_3753
2183,2679,1.0,s_3690,r_3314
2183,2695,-1.0,s_3690,r_3330
2183,3110,1.0,s_3690,r_3745
2184,2680,-1.0,s_3691,r_3315
2184,2692,1.0,s_3691,r_3327
2184,2696,1.0,s_3691,r_3331
2184,3119,1.0,s_3691,r_3754
2185,2680,1.0,s_3692,r_3315
2185,2696,-1.0,s_3692,r_3331
2185,3111,1.0,s_3692,r_3746
2186,2681,-1.0,s_3693,r_3316
2186,3096,1.0,s_3693,r_3731
2187,2681,1.0,s_3694,r_3316
2187,2685,1.0,s_3694,r_3320
2187,3112,1.0,s_3694,r_3747
2188,2682,-1.0,s_3695,r_3317
2188,3097,1.0,s_3695,r_3732
2189,2682,1.0,s_3696,r_3317
2189,2686,1.0,s_3696,r_3321
2189,3113,1.0,s_3696,r_3748
2190,2683,-1.0,s_3697,r_3318
2190,3098,1.0,s_3697,r_3733
2191,2683,1.0,s_3698,r_3318
2191,2687,1.0,s_3698,r_3322
2191,3114,1.0,s_3698,r_3749
2192,2684,-1.0,s_3699,r_3319
2192,3099,1.0,s_3699,r_3734
2193,2684,1.0,s_3700,r_3319
2193,2688,1.0,s_3700,r_3323
2193,3115,1.0,s_3700,r_3750
2194,2685,-1.0,s_3701,r_3320
2194,3100,1.0,s_3701,r_3735
2195,2686,-1.0,s_3702,r_3321
2195,3101,1.0,s_3702,r_3736
2196,2687,-1.0,s_3703,r_3322
2196,3102,1.0,s_3703,r_3737
2197,2688,-1.0,s_3704,r_3323
2197,3103,1.0,s_3704,r_3738
2198,2689,-1.0,s_3705,r_3324
2198,3104,1.0,s_3705,r_3739
2199,2690,-1.0,s_3706,r_3325
2199,3105,1.0,s_3706,r_3740
2200,2691,-1.0,s_3707,r_3326
2200,3106,1.0,s_3707,r_3741
2201,2692,-1.0,s_3708,r_3327
2201,3107,1.0,s_3708,r_3742
2202,3336,0.63305448,s_3709,r_3971
2202,3337,0.66110824,s_3709,r_3972
2202,3338,-1.0,s_3709,r_3973
2203,3343,0.733964182,s_3710,r_3979
2203,3344,0.731948302,s_3710,r_3980
2203,3345,0.762017942,s_3710,r_3981
2203,3346,0.760002062,s_3710,r_3982
2203,3347,0.762017942,s_3710,r_3983
2203,3348,0.760002062,s_3710,r_3984
2203,3349,0.790071702,s_3710,r_3985
2203,3350,0.788055822,s_3710,r_3986
2203,3351,-1.0,s_3710,r_3987
2204,3352,0.732035022,s_3711,r_3988
2204,3353,0.730019142,s_3711,r_3989
2204,3354,0.744089382,s_3711,r_3990
2204,3355,0.742073502,s_3711,r_3991
2204,3356,0.760088782,s_3711,r_3992
2204,3357,0.758072902,s_3711,r_3993
2204,3358,0.772143142,s_3711,r_3994
2204,3359,0.770127262,s_3711,r_3995
2204,3360,-1.0,s_3711,r_3996
2205,3361,0.689954382,s_3712,r_3997
2205,3362,0.687938502,s_3712,r_3998
2205,3363,0.718008142,s_3712,r_3999
2205,3364,0.715992262,s_3712,r_4000
2205,3365,0.718008142,s_3712,r_4001
2205,3366,0.715992262,s_3712,r_4002
2205,3367,0.746061902,s_3712,r_4003
2205,3368,0.744046022,s_3712,r_4004
2205,3369,-1.0,s_3712,r_4005
2206,3370,0.80531964,s_3713,r_4006
2206,3371,0.8333734,s_3713,r_4007
2206,3372,0.80330376,s_3713,r_4008
2206,3373,0.83135752,s_3713,r_4009
2206,3374,0.8333734,s_3713,r_4010
2206,3375,0.86142716,s_3713,r_4011
2206,3376,0.83135752,s_3713,r_4012
2206,3377,0.85941128,s_3713,r_4013
2206,3378,0.80330376,s_3713,r_4014
2206,3379,0.83135752,s_3713,r_4015
2206,3380,0.80128788,s_3713,r_4016
2206,3381,0.82934164,s_3713,r_4017
2206,3382,0.83135752,s_3713,r_4018
2206,3383,0.85941128,s_3713,r_4019
2206,3384,0.82934164,s_3713,r_4020
2206,3385,0.8573954,s_3713,r_4021
2206,3386,0.8333734,s_3713,r_4022
2206,3387,0.86142716,s_3713,r_4023
2206,3388,0.83135752,s_3713,r_4024
2206,3389,0.85941128,s_3713,r_4025
2206,3390,0.86142716,s_3713,r_4026
2206,3391,0.88948092,s_3713,r_4027
2206,3392,0.85941128,s_3713,r_4028
2206,3393,0.88746504,s_3713,r_4029
2206,3394,0.83135752,s_3713,r_4030
2206,3395,0.85941128,s_3713,r_4031
2206,3396,0.82934164,s_3713,r_4032
2206,3397,0.8573954,s_3713,r_4033
2206,3398,0.85941128,s_3713,r_4034
2206,3399,0.88746504,s_3713,r_4035
2206,3400,0.8573954,s_3713,r_4036
2206,3401,0.88544916,s_3713,r_4037
2206,3402,-1.0,s_3713,r_4038
2207,3404,1.0,s_3714,r_4040
2207,4127,-1.0,s_3714,r_4779
2208,3406,-1.0,s_3715,r_4042
2208,3407,-1.0,s_3715,r_4043
2209,3406,1.0,s_3716,r_4042
2209,3408,-1.0,s_3716,r_4044
2210,3405,-1.0,s_3717,r_4041
2210,3411,1.0,s_3717,r_4047
2211,3405,-1.0,s_3718,r_4041
2211,3412,1.0,s_3718,r_4048
2212,3405,-1.0,s_3719,r_4041
2212,3413,1.0,s_3719,r_4049
2213,3405,-1.0,s_3720,r_4041
2213,3414,1.0,s_3720,r_4050
2214,3415,-1.0,s_3721,r_4051
2214,3430,0.65214184,s_3721,r_4066
2214,3431,0.6801956,s_3721,r_4067
2214,3432,0.66814124,s_3721,r_4068
2214,3433,0.696195,s_3721,r_4069
2214,3434,0.66814124,s_3721,r_4070
2214,3435,0.696195,s_3721,r_4071
2214,3436,0.68414064,s_3721,r_4072
2214,3437,0.7121944,s_3721,r_4073
2214,3438,0.70014004,s_3721,r_4074
2214,3439,0.7281938,s_3721,r_4075
2215,3415,1.0,s_3722,r_4051
2216,3416,1.0,s_3723,r_4052
2217,3417,1.0,s_3724,r_4053
2218,3418,1.0,s_3725,r_4054
2219,3419,-1.0,s_3726,r_4055
2219,3440,0.3175126,s_3726,r_4076
2219,3442,0.30252114,s_3726,r_4078
2220,3419,1.0,s_3727,r_4055
2221,3420,-1.0,s_3728,r_4056
2221,3441,0.397492502,s_3728,r_4077
2221,3443,0.380485162,s_3728,r_4079
2222,3420,1.0,s_3729,r_4056
2223,3421,-1.0,s_3730,r_4057
2223,3444,0.644870062,s_3730,r_4080
2223,3445,0.674939702,s_3730,r_4081
2223,3446,0.644870062,s_3730,r_4082
2223,3447,0.672923822,s_3730,r_4083
2223,3448,0.674939702,s_3730,r_4084
2223,3449,0.702993462,s_3730,r_4085
2223,3450,0.672923822,s_3730,r_4086
2223,3451,0.700977582,s_3730,r_4087
2224,3421,1.0,s_3731,r_4057
2225,3422,-1.0,s_3732,r_4058
2225,3452,0.56892192,s_3732,r_4088
2225,3453,0.5949598,s_3732,r_4089
2225,3454,0.56489016,s_3732,r_4090
2225,3455,0.59294392,s_3732,r_4091
2225,3456,0.5949598,s_3732,r_4092
2225,3457,0.62301356,s_3732,r_4093
2225,3458,0.59294392,s_3732,r_4094
2225,3459,0.62099768,s_3732,r_4095
2226,3422,1.0,s_3733,r_4058
2227,3423,-1.0,s_3734,r_4059
2227,3460,0.564567102,s_3734,r_4096
2227,3461,0.592620862,s_3734,r_4097
2228,3423,1.0,s_3735,r_4059
2229,3424,-1.0,s_3736,r_4060
2229,3462,0.720965382,s_3736,r_4098
2229,3463,0.718949502,s_3736,r_4099
2229,3464,0.749019142,s_3736,r_4100
2229,3465,0.747003262,s_3736,r_4101
2229,3466,0.749019142,s_3736,r_4102
2229,3467,0.747003262,s_3736,r_4103
2230,3424,1.0,s_3737,r_4060
2231,3425,-1.0,s_3738,r_4061
2231,3468,1.351851924,s_3738,r_4104
2231,3469,1.347820164,s_3738,r_4105
2231,3470,1.379905684,s_3738,r_4106
2231,3471,1.375873924,s_3738,r_4107
2231,3472,1.379905684,s_3738,r_4108
2231,3473,1.375873924,s_3738,r_4109
2231,3474,1.349836044,s_3738,r_4110
2231,3475,1.345804284,s_3738,r_4111
2231,3476,1.377889804,s_3738,r_4112
2231,3477,1.373858044,s_3738,r_4113
2231,3478,1.377889804,s_3738,r_4114
2231,3479,1.373858044,s_3738,r_4115
2231,3480,1.379905684,s_3738,r_4116
2231,3481,1.375873924,s_3738,r_4117
2231,3482,1.407959444,s_3738,r_4118
2231,3483,1.403927684,s_3738,r_4119
2231,3484,1.407959444,s_3738,r_4120
2231,3485,1.403927684,s_3738,r_4121
2231,3486,1.377889804,s_3738,r_4122
2231,3487,1.373858044,s_3738,r_4123
2231,3488,1.405943564,s_3738,r_4124
2231,3489,1.401911804,s_3738,r_4125
2231,3490,1.405943564,s_3738,r_4126
2231,3491,1.401911804,s_3738,r_4127
2231,3492,1.379905684,s_3738,r_4128
2231,3493,1.375873924,s_3738,r_4129
2231,3494,1.407959444,s_3738,r_4130
2231,3495,1.403927684,s_3738,r_4131
2231,3496,1.407959444,s_3738,r_4132
2231,3497,1.403927684,s_3738,r_4133
2231,3498,1.377889804,s_3738,r_4134
2231,3499,1.373858044,s_3738,r_4135
2231,3500,1.405943564,s_3738,r_4136
2231,3501,1.401911804,s_3738,r_4137
2231,3502,1.405943564,s_3738,r_4138
2231,3503,1.401911804,s_3738,r_4139
2231,3504,1.405943564,s_3738,r_4140
2231,3505,1.401911804,s_3738,r_4141
2231,3506,1.433997324,s_3738,r_4142
2231,3507,1.429965564,s_3738,r_4143
2231,3508,1.433997324,s_3738,r_4144
2231,3509,1.429965564,s_3738,r_4145
2231,3510,1.403927684,s_3738,r_4146
2231,3511,1.401911804,s_3738,r_4147
2231,3512,1.431981444,s_3738,r_4148
2231,3513,1.429965564,s_3738,r_4149
2231,3514,1.431981444,s_3738,r_4150
2231,3515,1.429965564,s_3738,r_4151
2232,3425,1.0,s_3739,r_4061
2233,3328,0.25642888,s_3740,r_3963
2233,3332,0.25642888,s_3740,r_3967
2233,3339,0.25642888,s_3740,r_3975
2233,3343,0.25642888,s_3740,r_3979
2233,3347,0.25642888,s_3740,r_3983
2233,3352,0.25642888,s_3740,r_3988
2233,3356,0.25642888,s_3740,r_3992
2233,3361,0.25642888,s_3740,r_3997
2233,3365,0.25642888,s_3740,r_4001
2233,3370,0.51285776,s_3740,r_4006
2233,3371,0.51285776,s_3740,r_4007
2233,3372,0.25642888,s_3740,r_4008
2233,3373,0.25642888,s_3740,r_4009
2233,3374,0.25642888,s_3740,r_4010
2233,3375,0.25642888,s_3740,r_4011
2233,3376,0.25642888,s_3740,r_4012
2233,3377,0.25642888,s_3740,r_4013
2233,3378,0.25642888,s_3740,r_4014
2233,3379,0.25642888,s_3740,r_4015
2233,3386,0.25642888,s_3740,r_4022
2233,3387,0.25642888,s_3740,r_4023
2233,3394,0.25642888,s_3740,r_4030
2233,3395,0.25642888,s_3740,r_4031
2233,3429,-0.00808584038168192,s_3740,r_4065
2233,3444,0.25642888,s_3740,r_4080
2233,3445,0.25642888,s_3740,r_4081
2233,3452,0.25642888,s_3740,r_4088
2233,3453,0.25642888,s_3740,r_4089
2233,3462,0.25642888,s_3740,r_4098
2233,3466,0.25642888,s_3740,r_4102
2233,3468,0.51285776,s_3740,r_4104
2233,3469,0.25642888,s_3740,r_4105
2233,3470,0.25642888,s_3740,r_4106
2233,3471,0.25642888,s_3740,r_4107
2233,3472,0.51285776,s_3740,r_4108
2233,3473,0.25642888,s_3740,r_4109
2233,3474,0.25642888,s_3740,r_4110
2233,3478,0.25642888,s_3740,r_4114
2233,3480,0.25642888,s_3740,r_4116
2233,3484,0.25642888,s_3740,r_4120
2233,3486,0.25642888,s_3740,r_4122
2233,3490,0.25642888,s_3740,r_4126
2233,3492,0.51285776,s_3740,r_4128
2233,3493,0.25642888,s_3740,r_4129
2233,3494,0.25642888,s_3740,r_4130
2233,3495,0.25642888,s_3740,r_4131
2233,3496,0.51285776,s_3740,r_4132
2233,3497,0.25642888,s_3740,r_4133
2233,3498,0.25642888,s_3740,r_4134
2233,3502,0.25642888,s_3740,r_4138
2233,3504,0.25642888,s_3740,r_4140
2233,3508,0.25642888,s_3740,r_4144
2233,3510,0.25642888,s_3740,r_4146
2233,3514,0.25642888,s_3740,r_4150
2234,3328,0.254413,s_3741,r_3963
2234,3329,0.508826,s_3741,r_3964
2234,3330,0.254413,s_3741,r_3965
2234,3331,0.254413,s_3741,r_3966
2234,3333,0.254413,s_3741,r_3968
2234,3336,0.254413,s_3741,r_3971
2234,3340,0.254413,s_3741,r_3976
2234,3343,0.254413,s_3741,r_3979
2234,3344,0.508826,s_3741,r_3980
2234,3345,0.254413,s_3741,r_3981
2234,3346,0.254413,s_3741,r_3982
2234,3348,0.254413,s_3741,r_3984
2234,3352,0.254413,s_3741,r_3988
2234,3353,0.508826,s_3741,r_3989
2234,3354,0.254413,s_3741,r_3990
2234,3355,0.254413,s_3741,r_3991
2234,3357,0.254413,s_3741,r_3993
2234,3361,0.254413,s_3741,r_3997
2234,3362,0.508826,s_3741,r_3998
2234,3363,0.254413,s_3741,r_3999
2234,3364,0.254413,s_3741,r_4000
2234,3366,0.254413,s_3741,r_4002
2234,3370,0.254413,s_3741,r_4006
2234,3372,0.508826,s_3741,r_4008
2234,3373,0.254413,s_3741,r_4009
2234,3374,0.254413,s_3741,r_4010
2234,3376,0.254413,s_3741,r_4012
2234,3378,0.508826,s_3741,r_4014
2234,3379,0.254413,s_3741,r_4015
2234,3380,0.763239,s_3741,r_4016
2234,3381,0.508826,s_3741,r_4017
2234,3382,0.508826,s_3741,r_4018
2234,3383,0.254413,s_3741,r_4019
2234,3384,0.508826,s_3741,r_4020
2234,3385,0.254413,s_3741,r_4021
2234,3386,0.254413,s_3741,r_4022
2234,3388,0.508826,s_3741,r_4024
2234,3389,0.254413,s_3741,r_4025
2234,3390,0.254413,s_3741,r_4026
2234,3392,0.254413,s_3741,r_4028
2234,3394,0.254413,s_3741,r_4030
2234,3396,0.508826,s_3741,r_4032
2234,3397,0.254413,s_3741,r_4033
2234,3398,0.254413,s_3741,r_4034
2234,3400,0.254413,s_3741,r_4036
2234,3429,-0.0237302090972662,s_3741,r_4065
2234,3444,0.254413,s_3741,r_4080
2234,3446,0.508826,s_3741,r_4082
2234,3447,0.254413,s_3741,r_4083
2234,3448,0.254413,s_3741,r_4084
2234,3450,0.254413,s_3741,r_4086
2234,3452,0.254413,s_3741,r_4088
2234,3454,0.508826,s_3741,r_4090
2234,3455,0.254413,s_3741,r_4091
2234,3456,0.254413,s_3741,r_4092
2234,3458,0.254413,s_3741,r_4094
2234,3460,0.254413,s_3741,r_4096
2234,3462,0.254413,s_3741,r_4098
2234,3463,0.508826,s_3741,r_4099
2234,3464,0.254413,s_3741,r_4100
2234,3465,0.254413,s_3741,r_4101
2234,3467,0.254413,s_3741,r_4103
2234,3468,0.508826,s_3741,r_4104
2234,3469,0.763239,s_3741,r_4105
2234,3470,0.508826,s_3741,r_4106
2234,3471,0.508826,s_3741,r_4107
2234,3472,0.254413,s_3741,r_4108
2234,3473,0.508826,s_3741,r_4109
2234,3474,0.763239,s_3741,r_4110
2234,3475,1.017652,s_3741,r_4111
2234,3476,0.763239,s_3741,r_4112
2234,3477,0.763239,s_3741,r_4113
2234,3478,0.508826,s_3741,r_4114
2234,3479,0.763239,s_3741,r_4115
2234,3480,0.508826,s_3741,r_4116
2234,3481,0.763239,s_3741,r_4117
2234,3482,0.508826,s_3741,r_4118
2234,3483,0.508826,s_3741,r_4119
2234,3484,0.254413,s_3741,r_4120
2234,3485,0.508826,s_3741,r_4121
2234,3486,0.508826,s_3741,r_4122
2234,3487,0.763239,s_3741,r_4123
2234,3488,0.508826,s_3741,r_4124
2234,3489,0.508826,s_3741,r_4125
2234,3490,0.254413,s_3741,r_4126
2234,3491,0.508826,s_3741,r_4127
2234,3492,0.254413,s_3741,r_4128
2234,3493,0.508826,s_3741,r_4129
2234,3494,0.254413,s_3741,r_4130
2234,3495,0.254413,s_3741,r_4131
2234,3497,0.254413,s_3741,r_4133
2234,3498,0.508826,s_3741,r_4134
2234,3499,0.763239,s_3741,r_4135
2234,3500,0.508826,s_3741,r_4136
2234,3501,0.508826,s_3741,r_4137
2234,3502,0.254413,s_3741,r_4138
2234,3503,0.508826,s_3741,r_4139
2234,3504,0.254413,s_3741,r_4140
2234,3505,0.508826,s_3741,r_4141
2234,3506,0.254413,s_3741,r_4142
2234,3507,0.254413,s_3741,r_4143
2234,3509,0.254413,s_3741,r_4145
2234,3510,0.254413,s_3741,r_4146
2234,3511,0.508826,s_3741,r_4147
2234,3512,0.254413,s_3741,r_4148
2234,3513,0.254413,s_3741,r_4149
2234,3515,0.254413,s_3741,r_4151
2235,1004,0.28448264,s_3742,r_1449
2235,1005,0.28448264,s_3742,r_1450
2235,1006,0.28448264,s_3742,r_1451
2235,1007,0.28448264,s_3742,r_1452
2235,1008,0.28448264,s_3742,r_1453
2235,1009,0.28448264,s_3742,r_1454
2235,1010,0.28448264,s_3742,r_1455
2235,1011,0.28448264,s_3742,r_1456
2235,1012,0.28448264,s_3742,r_1457
2235,1013,0.28448264,s_3742,r_1458
2235,1014,0.28448264,s_3742,r_1479
2235,1015,0.28448264,s_3742,r_1480
2235,1016,0.28448264,s_3742,r_1481
2235,1017,0.28448264,s_3742,r_1482
2235,1018,0.28448264,s_3742,r_1483
2235,1019,0.28448264,s_3742,r_1484
2235,1020,0.28448264,s_3742,r_1485
2235,1021,0.28448264,s_3742,r_1486
2235,1022,0.28448264,s_3742,r_1487
2235,1023,0.28448264,s_3742,r_1488
2235,1024,0.28448264,s_3742,r_1509
2235,1025,0.28448264,s_3742,r_1510
2235,1026,0.28448264,s_3742,r_1511
2235,1027,0.28448264,s_3742,r_1512
2235,1028,0.28448264,s_3742,r_1513
2235,1029,0.28448264,s_3742,r_1514
2235,1030,0.28448264,s_3742,r_1515
2235,1031,0.28448264,s_3742,r_1516
2235,1032,0.28448264,s_3742,r_1517
2235,1033,0.28448264,s_3742,r_1518
2235,3330,0.28448264,s_3742,r_3965
2235,3334,0.28448264,s_3742,r_3969
2235,3341,0.28448264,s_3742,r_3977
2235,3345,0.28448264,s_3742,r_3981
2235,3349,0.28448264,s_3742,r_3985
2235,3354,0.28448264,s_3742,r_3990
2235,3358,0.28448264,s_3742,r_3994
2235,3363,0.28448264,s_3742,r_3999
2235,3367,0.28448264,s_3742,r_4003
2235,3374,0.28448264,s_3742,r_4010
2235,3375,0.28448264,s_3742,r_4011
2235,3382,0.28448264,s_3742,r_4018
2235,3383,0.28448264,s_3742,r_4019
2235,3386,0.28448264,s_3742,r_4022
2235,3387,0.28448264,s_3742,r_4023
2235,3388,0.28448264,s_3742,r_4024
2235,3389,0.28448264,s_3742,r_4025
2235,3390,0.56896528,s_3742,r_4026
2235,3391,0.56896528,s_3742,r_4027
2235,3392,0.28448264,s_3742,r_4028
2235,3393,0.28448264,s_3742,r_4029
2235,3398,0.28448264,s_3742,r_4034
2235,3399,0.28448264,s_3742,r_4035
2235,3429,-0.00226631597615778,s_3742,r_4065
2235,3430,0.28448264,s_3742,r_4066
2235,3431,0.28448264,s_3742,r_4067
2235,3432,0.28448264,s_3742,r_4068
2235,3433,0.28448264,s_3742,r_4069
2235,3434,0.28448264,s_3742,r_4070
2235,3435,0.28448264,s_3742,r_4071
2235,3436,0.28448264,s_3742,r_4072
2235,3437,0.28448264,s_3742,r_4073
2235,3438,0.28448264,s_3742,r_4074
2235,3439,0.28448264,s_3742,r_4075
2235,3440,0.28448264,s_3742,r_4076
2235,3441,0.28448264,s_3742,r_4077
2235,3442,0.28448264,s_3742,r_4078
2235,3443,0.28448264,s_3742,r_4079
2235,3448,0.28448264,s_3742,r_4084
2235,3449,0.28448264,s_3742,r_4085
2235,3456,0.28448264,s_3742,r_4092
2235,3457,0.28448264,s_3742,r_4093
2235,3464,0.28448264,s_3742,r_4100
2235,3470,0.28448264,s_3742,r_4106
2235,3476,0.28448264,s_3742,r_4112
2235,3480,0.28448264,s_3742,r_4116
2235,3481,0.28448264,s_3742,r_4117
2235,3482,0.56896528,s_3742,r_4118
2235,3483,0.28448264,s_3742,r_4119
2235,3484,0.28448264,s_3742,r_4120
2235,3485,0.28448264,s_3742,r_4121
2235,3488,0.28448264,s_3742,r_4124
2235,3494,0.28448264,s_3742,r_4130
2235,3500,0.28448264,s_3742,r_4136
2235,3506,0.28448264,s_3742,r_4142
2235,3512,0.28448264,s_3742,r_4148
2236,3331,0.28246676,s_3743,r_3966
2236,3332,0.28246676,s_3743,r_3967
2236,3333,0.28246676,s_3743,r_3968
2236,3334,0.28246676,s_3743,r_3969
2236,3335,0.56493352,s_3743,r_3970
2236,3337,0.28246676,s_3743,r_3972
2236,3342,0.28246676,s_3743,r_3978
2236,3346,0.28246676,s_3743,r_3982
2236,3347,0.28246676,s_3743,r_3983
2236,3348,0.28246676,s_3743,r_3984
2236,3349,0.28246676,s_3743,r_3985
2236,3350,0.56493352,s_3743,r_3986
2236,3355,0.28246676,s_3743,r_3991
2236,3356,0.28246676,s_3743,r_3992
2236,3357,0.28246676,s_3743,r_3993
2236,3358,0.28246676,s_3743,r_3994
2236,3359,0.56493352,s_3743,r_3995
2236,3364,0.28246676,s_3743,r_4000
2236,3365,0.28246676,s_3743,r_4001
2236,3366,0.28246676,s_3743,r_4002
2236,3367,0.28246676,s_3743,r_4003
2236,3368,0.56493352,s_3743,r_4004
2236,3371,0.28246676,s_3743,r_4007
2236,3373,0.28246676,s_3743,r_4009
2236,3375,0.28246676,s_3743,r_4011
2236,3376,0.28246676,s_3743,r_4012
2236,3377,0.56493352,s_3743,r_4013
2236,3379,0.28246676,s_3743,r_4015
2236,3381,0.28246676,s_3743,r_4017
2236,3383,0.28246676,s_3743,r_4019
2236,3384,0.28246676,s_3743,r_4020
2236,3385,0.56493352,s_3743,r_4021
2236,3387,0.28246676,s_3743,r_4023
2236,3389,0.28246676,s_3743,r_4025
2236,3391,0.28246676,s_3743,r_4027
2236,3392,0.28246676,s_3743,r_4028
2236,3393,0.56493352,s_3743,r_4029
2236,3394,0.28246676,s_3743,r_4030
2236,3395,0.56493352,s_3743,r_4031
2236,3396,0.28246676,s_3743,r_4032
2236,3397,0.56493352,s_3743,r_4033
2236,3398,0.28246676,s_3743,r_4034
2236,3399,0.56493352,s_3743,r_4035
2236,3400,0.56493352,s_3743,r_4036
2236,3401,0.84740028,s_3743,r_4037
2236,3429,-0.00870663858950138,s_3743,r_4065
2236,3445,0.28246676,s_3743,r_4081
2236,3447,0.28246676,s_3743,r_4083
2236,3449,0.28246676,s_3743,r_4085
2236,3450,0.28246676,s_3743,r_4086
2236,3451,0.56493352,s_3743,r_4087
2236,3453,0.28246676,s_3743,r_4089
2236,3455,0.28246676,s_3743,r_4091
2236,3457,0.28246676,s_3743,r_4093
2236,3458,0.28246676,s_3743,r_4094
2236,3459,0.56493352,s_3743,r_4095
2236,3461,0.28246676,s_3743,r_4097
2236,3465,0.28246676,s_3743,r_4101
2236,3466,0.28246676,s_3743,r_4102
2236,3467,0.28246676,s_3743,r_4103
2236,3471,0.28246676,s_3743,r_4107
2236,3472,0.28246676,s_3743,r_4108
2236,3473,0.28246676,s_3743,r_4109
2236,3477,0.28246676,s_3743,r_4113
2236,3478,0.28246676,s_3743,r_4114
2236,3479,0.28246676,s_3743,r_4115
2236,3483,0.28246676,s_3743,r_4119
2236,3484,0.28246676,s_3743,r_4120
2236,3485,0.28246676,s_3743,r_4121
2236,3486,0.28246676,s_3743,r_4122
2236,3487,0.28246676,s_3743,r_4123
2236,3488,0.28246676,s_3743,r_4124
2236,3489,0.56493352,s_3743,r_4125
2236,3490,0.56493352,s_3743,r_4126
2236,3491,0.56493352,s_3743,r_4127
2236,3492,0.28246676,s_3743,r_4128
2236,3493,0.28246676,s_3743,r_4129
2236,3494,0.28246676,s_3743,r_4130
2236,3495,0.56493352,s_3743,r_4131
2236,3496,0.56493352,s_3743,r_4132
2236,3497,0.56493352,s_3743,r_4133
2236,3498,0.28246676,s_3743,r_4134
2236,3499,0.28246676,s_3743,r_4135
2236,3500,0.28246676,s_3743,r_4136
2236,3501,0.56493352,s_3743,r_4137
2236,3502,0.56493352,s_3743,r_4138
2236,3503,0.56493352,s_3743,r_4139
2236,3504,0.56493352,s_3743,r_4140
2236,3505,0.56493352,s_3743,r_4141
2236,3506,0.56493352,s_3743,r_4142
2236,3507,0.84740028,s_3743,r_4143
2236,3508,0.84740028,s_3743,r_4144
2236,3509,0.84740028,s_3743,r_4145
2236,3510,0.56493352,s_3743,r_4146
2236,3511,0.56493352,s_3743,r_4147
2236,3512,0.56493352,s_3743,r_4148
2236,3513,0.84740028,s_3743,r_4149
2236,3514,0.84740028,s_3743,r_4150
2236,3515,0.84740028,s_3743,r_4151
2237,1004,0.36864392,s_3744,r_1449
2237,1006,0.36864392,s_3744,r_1451
2237,1008,0.36864392,s_3744,r_1453
2237,1010,0.36864392,s_3744,r_1455
2237,1012,0.36864392,s_3744,r_1457
2237,1014,0.36864392,s_3744,r_1479
2237,1016,0.36864392,s_3744,r_1481
2237,1018,0.36864392,s_3744,r_1483
2237,1020,0.36864392,s_3744,r_1485
2237,1022,0.36864392,s_3744,r_1487
2237,1024,0.36864392,s_3744,r_1509
2237,1026,0.36864392,s_3744,r_1511
2237,1028,0.36864392,s_3744,r_1513
2237,1030,0.36864392,s_3744,r_1515
2237,1032,0.36864392,s_3744,r_1517
2237,3430,0.36864392,s_3744,r_4066
2237,3432,0.36864392,s_3744,r_4068
2237,3434,0.36864392,s_3744,r_4070
2237,3436,0.36864392,s_3744,r_4072
2237,3438,0.36864392,s_3744,r_4074
2238,1005,0.39669768,s_3745,r_1450
2238,1007,0.39669768,s_3745,r_1452
2238,1009,0.39669768,s_3745,r_1454
2238,1011,0.39669768,s_3745,r_1456
2238,1013,0.39669768,s_3745,r_1458
2238,1015,0.39669768,s_3745,r_1480
2238,1017,0.39669768,s_3745,r_1482
2238,1019,0.39669768,s_3745,r_1484
2238,1021,0.39669768,s_3745,r_1486
2238,1023,0.39669768,s_3745,r_1488
2238,1025,0.39669768,s_3745,r_1510
2238,1027,0.39669768,s_3745,r_1512
2238,1029,0.39669768,s_3745,r_1514
2238,1031,0.39669768,s_3745,r_1516
2238,1033,0.39669768,s_3745,r_1518
2238,3431,0.39669768,s_3745,r_4067
2238,3433,0.39669768,s_3745,r_4069
2238,3435,0.39669768,s_3745,r_4071
2238,3437,0.39669768,s_3745,r_4073
2238,3439,0.39669768,s_3745,r_4075
2239,1498,-1.0,s_3746,r_2108
2239,3426,-1.0,s_3746,r_4062
2239,3427,1.0,s_3746,r_4063
2240,1498,-1.0,s_3747,r_2108
2240,3428,-1.0,s_3747,r_4064
2240,3429,1.0,s_3747,r_4065
2241,3516,-1.0,s_3748,r_4152
2242,3516,1.0,s_3749,r_4152
2243,3517,-1.0,s_3750,r_4153
2244,3518,-1.0,s_3751,r_4154
2244,3963,1.0,s_3751,r_4614
2245,3518,1.0,s_3752,r_4154
2246,3518,1.0,s_3753,r_4154
2247,3519,-1.0,s_3754,r_4155
2248,3519,-1.0,s_3755,r_4155
2248,3964,1.0,s_3755,r_4615
2249,3519,1.0,s_3756,r_4155
2250,3520,-1.0,s_3757,r_4156
2250,3804,1.0,s_3757,r_4449
2251,3520,1.0,s_3758,r_4156
2251,3717,1.0,s_3758,r_4362
2251,3795,1.0,s_3758,r_4440
2252,3520,1.0,s_3759,r_4156
2252,3566,1.0,s_3759,r_4203
2252,3567,1.0,s_3759,r_4204
2252,3741,1.0,s_3759,r_4386
2252,3764,1.0,s_3759,r_4409
2252,3769,1.0,s_3759,r_4414
2252,3770,1.0,s_3759,r_4415
2252,3771,1.0,s_3759,r_4416
2252,3837,1.0,s_3759,r_4482
2253,3521,-1.0,s_3760,r_4157
2254,3521,1.0,s_3761,r_4157
2254,3524,-1.0,s_3761,r_4160
2254,3952,-1.0,s_3761,r_4603
2255,3522,-2.0,s_3762,r_4158
2256,3522,2.0,s_3763,r_4158
2257,3523,-1.0,s_3764,r_4159
2257,3534,-1.0,s_3764,r_4170
2257,3595,-1.0,s_3764,r_4234
2257,3694,-1.0,s_3764,r_4339
2258,3523,-1.0,s_3765,r_4159
2258,3534,1.0,s_3765,r_4170
2259,3523,1.0,s_3766,r_4159
2259,3595,1.0,s_3766,r_4234
2259,3683,1.0,s_3766,r_4328
2260,3523,1.0,s_3767,r_4159
2261,3524,1.0,s_3768,r_4160
2262,3528,-1.0,s_3769,r_4164
2263,3528,1.0,s_3770,r_4164
2264,3529,-1.0,s_3771,r_4165
2264,3600,1.0,s_3771,r_4241
2265,3529,1.0,s_3772,r_4165
2265,3530,1.0,s_3772,r_4166
2265,3600,1.0,s_3772,r_4241
2266,3529,1.0,s_3773,r_4165
2266,3530,-1.0,s_3773,r_4166
2267,3530,1.0,s_3774,r_4166
2267,3628,-1.0,s_3774,r_4271
2267,3629,-1.0,s_3774,r_4272
2268,3531,-1.0,s_3775,r_4167
2269,3531,-1.0,s_3776,r_4167
2270,3531,-1.0,s_3777,r_4167
2271,3531,1.0,s_3778,r_4167
2271,3620,1.0,s_3778,r_4263
2271,3937,1.0,s_3778,r_4588
2271,3948,-0.00129000004380941,s_3778,r_4599
2272,3532,1.0,s_3779,r_4168
2273,3533,1.0,s_3780,r_4169
2274,3534,1.0,s_3781,r_4170
2274,3965,1.0,s_3781,r_4616
2275,3536,-1.0,s_3782,r_4172
2276,3536,1.0,s_3783,r_4172
2277,3537,-1.0,s_3784,r_4173
2278,3537,-1.0,s_3785,r_4173
2278,3608,1.0,s_3785,r_4249
2278,4049,-1.0,s_3785,r_4701
2279,3537,1.0,s_3786,r_4173
2280,3538,-1.0,s_3787,r_4174
2281,3538,1.0,s_3788,r_4174
2282,3539,-1.0,s_3789,r_4175
2283,3539,1.0,s_3790,r_4175
2284,3540,-1.0,s_3791,r_4176
2285,3540,1.0,s_3792,r_4176
2286,3541,-1.0,s_3793,r_4177
2287,3541,1.0,s_3794,r_4177
2288,3542,-1.0,s_3795,r_4178
2289,3542,1.0,s_3796,r_4178
2290,3543,-1.0,s_3797,r_4179
2291,3543,1.0,s_3798,r_4179
2292,3544,-1.0,s_3799,r_4180
2292,4065,-1.0,s_3799,r_4717
2293,3544,1.0,s_3800,r_4180
2294,3545,-1.0,s_3801,r_4181
2294,3939,1.0,s_3801,r_4590
2294,3948,-0.00273000006563962,s_3801,r_4599
2295,3545,1.0,s_3802,r_4181
2296,3546,-1.0,s_3805,r_4183
2297,3547,-1.0,s_3806,r_4184
2298,3549,1.0,s_3807,r_4186
2299,3550,-1.0,s_3808,r_4187
2300,3550,1.0,s_3809,r_4187
2301,3551,1.0,s_3810,r_4188
2301,3568,-1.0,s_3810,r_4205
2302,3552,-1.0,s_3811,r_4189
2303,3552,1.0,s_3812,r_4189
2304,3553,-2.0,s_3813,r_4190
2305,3554,-1.0,s_3814,r_4191
2306,3554,1.0,s_3815,r_4191
2307,3555,-1.0,s_3816,r_4192
2308,3555,1.0,s_3817,r_4192
2309,3556,-1.0,s_3818,r_4193
2309,3966,1.0,s_3818,r_4617
2310,3556,-1.0,s_3819,r_4193
2311,3556,1.0,s_3820,r_4193
2312,3556,1.0,s_3821,r_4193
2313,3557,-1.0,s_3822,r_4194
2313,3940,1.0,s_3822,r_4591
2313,3948,-0.000747999991290271,s_3822,r_4599
2314,3557,1.0,s_3823,r_4194
2315,3560,-2.0,s_3826,r_4197
2316,3560,2.0,s_3827,r_4197
2317,3561,-1.0,s_3828,r_4198
2318,3561,1.0,s_3829,r_4198
2319,3562,-1.0,s_3830,r_4199
2320,3562,-1.0,s_3831,r_4199
2320,3967,1.0,s_3831,r_4618
2321,3562,1.0,s_3832,r_4199
2322,3562,1.0,s_3833,r_4199
2323,3563,-1.0,s_3834,r_4200
2324,3563,1.0,s_3835,r_4200
2325,3563,1.0,s_3836,r_4200
2326,3565,1.0,s_3837,r_4202
2326,3833,1.0,s_3837,r_4478
2327,3566,-1.0,s_3838,r_4203
2327,3829,1.0,s_3838,r_4474
2328,3566,1.0,s_3839,r_4203
2328,3717,1.0,s_3839,r_4362
2328,3772,1.0,s_3839,r_4417
2328,3773,1.0,s_3839,r_4418
2328,3794,1.0,s_3839,r_4439
2328,3838,1.0,s_3839,r_4483
2329,3567,-1.0,s_3840,r_4204
2329,3827,1.0,s_3840,r_4472
2330,3569,-1.0,s_3841,r_4206
2331,3570,-1.0,s_3842,r_4207
2332,3570,-1.0,s_3843,r_4207
2332,3572,-2.0,s_3843,r_4209
2333,3570,1.0,s_3844,r_4207
2334,3570,1.0,s_3845,r_4207
2335,3571,-1.0,s_3846,r_4208
2336,3571,1.0,s_3847,r_4208
2337,3572,-1.0,s_3848,r_4209
2338,3572,1.0,s_3849,r_4209
2339,3572,1.0,s_3850,r_4209
2340,3573,1.0,s_3851,r_4210
2341,3574,-1.0,s_3852,r_4211
2342,3577,-1.0,s_3853,r_4215
2343,3577,1.0,s_3854,r_4215
2344,3579,4.0,s_3855,r_4217
2345,3580,-1.0,s_3856,r_4218
2346,3581,-1.0,s_3857,r_4219
2347,3581,1.0,s_3858,r_4219
2348,3582,-1.0,s_3859,r_4220
2349,3582,1.0,s_3860,r_4220
2350,3583,-1.0,s_3861,r_4221
2351,3584,-1.0,s_3862,r_4222
2352,3585,-1.0,s_3863,r_4223
2353,3585,1.0,s_3864,r_4223
2354,3587,-1.0,s_3865,r_4225
2355,3587,1.0,s_3866,r_4225
2356,3589,-1.0,s_3867,r_4227
2357,3590,-1.0,s_3868,r_4228
2358,3591,-1.0,s_3871,r_4230
2359,3591,1.0,s_3872,r_4230
2360,3592,-1.0,s_3873,r_4231
2361,3592,1.0,s_3874,r_4231
2361,4063,-1.0,s_3874,r_4715
2362,3593,-1.0,s_3875,r_4232
2362,3739,1.0,s_3875,r_4384
2362,3921,1.0,s_3875,r_4567
2363,3594,-1.0,s_3876,r_4233
2364,3594,1.0,s_3877,r_4233
2365,3595,-1.0,s_3878,r_4234
2366,3595,1.0,s_3879,r_4234
2367,3597,-1.0,s_3880,r_4237
2367,3598,-1.0,s_3880,r_4238
2367,3936,1.0,s_3880,r_4587
2367,3948,-0.000216999993426725,s_3880,r_4599
2368,3597,-1.0,s_3881,r_4237
2368,3968,1.0,s_3881,r_4619
2369,3597,1.0,s_3882,r_4237
2370,3597,1.0,s_3883,r_4237
2370,3968,-1.0,s_3883,r_4619
2371,3599,-1.0,s_3884,r_4239
2372,3599,1.0,s_3885,r_4239
2373,3612,1.0,s_3887,r_4253
2374,3609,-1.0,s_3888,r_4250
2375,3600,-1.0,s_3889,r_4241
2376,3601,-1.0,s_3890,r_4242
2376,3602,-1.0,s_3890,r_4243
2376,3603,-1.0,s_3890,r_4244
2376,3665,-2.0,s_3890,r_4310
2376,3666,-2.0,s_3890,r_4311
2377,3601,-1.0,s_3891,r_4242
2377,3629,1.0,s_3891,r_4272
2378,3601,1.0,s_3892,r_4242
2378,3602,1.0,s_3892,r_4243
2378,3603,1.0,s_3892,r_4244
2378,3665,2.0,s_3892,r_4310
2378,3666,2.0,s_3892,r_4311
2379,3601,1.0,s_3893,r_4242
2380,3602,-1.0,s_3894,r_4243
2381,3602,1.0,s_3895,r_4243
2381,3603,-1.0,s_3895,r_4244
2382,3603,1.0,s_3896,r_4244
2382,3665,-1.0,s_3896,r_4310
2383,3604,-1.0,s_3897,r_4245
2384,3604,1.0,s_3898,r_4245
2384,3969,1.0,s_3898,r_4620
2385,3604,1.0,s_3899,r_4245
2386,3605,-1.0,s_3900,r_4246
2387,3605,1.0,s_3901,r_4246
2388,3605,1.0,s_3902,r_4246
2389,3606,1.0,s_3903,r_4247
2390,3607,-1.0,s_3904,r_4248
2390,3762,1.0,s_3904,r_4407
2391,3608,-1.0,s_3905,r_4249
2391,3970,1.0,s_3905,r_4621
2392,3608,-1.0,s_3906,r_4249
2392,3971,1.0,s_3906,r_4622
2392,4049,1.0,s_3906,r_4701
2393,3610,-1.0,s_3907,r_4251
2394,3610,1.0,s_3908,r_4251
2395,3611,-1.0,s_3909,r_4252
2396,3611,1.0,s_3910,r_4252
2396,4129,-1.0,s_3910,r_4781
2396,4130,1.0,s_3910,r_4782
2397,3612,-1.0,s_3911,r_4253
2397,3675,-1.0,s_3911,r_4320
2397,3676,-1.0,s_3911,r_4321
2397,3683,1.0,s_3911,r_4328
2398,3612,-1.0,s_3912,r_4253
2398,3676,1.0,s_3912,r_4321
2399,3613,-2.0,s_3913,r_4254
2399,3614,-2.0,s_3913,r_4255
2400,3613,2.0,s_3914,r_4254
2400,3614,2.0,s_3914,r_4255
2401,3615,-1.0,s_3915,r_4256
2401,3616,-1.0,s_3915,r_4258
2402,3615,1.0,s_3916,r_4256
2403,3616,-1.0,s_3917,r_4258
2404,3616,1.0,s_3918,r_4258
2405,3617,-1.0,s_3923,r_4260
2406,3618,-1.0,s_3924,r_4261
2407,3618,1.0,s_3925,r_4261
2407,3972,1.0,s_3925,r_4623
2408,3620,-1.0,s_3926,r_4263
2409,3622,-1.0,s_3927,r_4265
2410,3622,1.0,s_3928,r_4265
2411,3626,-1.0,s_3929,r_4269
2412,3626,1.0,s_3930,r_4269
2413,3627,-2.0,s_3931,r_4270
2414,3628,1.0,s_3932,r_4271
2415,3628,4.0,s_3933,r_4271
2415,3629,1.0,s_3933,r_4272
2416,3630,-1.0,s_3934,r_4273
2417,3630,1.0,s_3935,r_4273
2418,3632,-2.0,s_3936,r_4275
2419,3634,-1.0,s_3937,r_4277
2420,3634,-1.0,s_3938,r_4277
2421,3634,1.0,s_3939,r_4277
2422,3635,-1.0,s_3940,r_4278
2423,3635,1.0,s_3941,r_4278
2424,3636,-1.0,s_3942,r_4279
2425,3636,1.0,s_3943,r_4279
2426,3637,-1.0,s_3944,r_4280
2426,3638,-1.0,s_3944,r_4281
2427,3637,1.0,s_3945,r_4280
2427,3678,-1.0,s_3945,r_4323
2428,3638,-1.0,s_3946,r_4281
2428,3679,1.0,s_3946,r_4324
2429,3638,1.0,s_3947,r_4281
2429,3678,1.0,s_3947,r_4323
2430,3639,-1.0,s_3948,r_4282
2430,3640,1.0,s_3948,r_4283
2430,3644,1.0,s_3948,r_4287
2431,3641,-1.0,s_3949,r_4284
2431,4098,1.0,s_3949,r_4750
2432,3641,1.0,s_3950,r_4284
2432,3645,1.0,s_3950,r_4288
2433,3642,-1.0,s_3951,r_4285
2433,3673,1.0,s_3951,r_4318
2433,3693,2.0,s_3951,r_4338
2433,4098,-1.0,s_3951,r_4750
2434,3642,1.0,s_3952,r_4285
2434,3645,-1.0,s_3952,r_4288
2435,3643,-1.0,s_3953,r_4286
2435,3822,1.0,s_3953,r_4467
2436,3644,-1.0,s_3954,r_4287
2437,3646,1.0,s_3958,r_4291
2438,3650,-1.0,s_3959,r_4295
2439,3650,1.0,s_3960,r_4295
2440,3651,-1.0,s_3961,r_4296
2441,3651,1.0,s_3962,r_4296
2442,3652,-1.0,s_3963,r_4297
2443,3652,1.0,s_3964,r_4297
2444,3653,-1.0,s_3965,r_4298
2445,3653,1.0,s_3966,r_4298
2446,3654,-1.0,s_3967,r_4299
2447,3654,1.0,s_3968,r_4299
2448,3655,-1.0,s_3969,r_4300
2449,3655,1.0,s_3970,r_4300
2450,3656,-1.0,s_3971,r_4301
2451,3656,1.0,s_3972,r_4301
2452,3657,-1.0,s_3973,r_4302
2453,3657,1.0,s_3974,r_4302
2454,3658,-1.0,s_3975,r_4303
2455,3658,1.0,s_3976,r_4303
2456,3659,-1.0,s_3977,r_4304
2457,3659,1.0,s_3978,r_4304
2458,3660,-1.0,s_3979,r_4305
2459,3660,1.0,s_3980,r_4305
2460,3661,-1.0,s_3981,r_4306
2461,3661,1.0,s_3982,r_4306
2462,3662,-1.0,s_3983,r_4307
2463,3662,1.0,s_3984,r_4307
2464,3663,-1.0,s_3985,r_4308
2465,3663,1.0,s_3986,r_4308
2466,3663,1.0,s_3987,r_4308
2466,3973,-1.0,s_3987,r_4624
2467,3664,-1.0,s_3988,r_4309
2468,3665,1.0,s_3989,r_4310
2468,3666,-1.0,s_3989,r_4311
2469,3666,1.0,s_3990,r_4311
2470,3667,-1.0,s_3991,r_4312
2471,3667,1.0,s_3992,r_4312
2472,3668,-1.0,s_3993,r_4313
2473,3668,1.0,s_3994,r_4313
2473,3671,-1.0,s_3994,r_4316
2474,3669,-1.0,s_3995,r_4314
2474,3671,1.0,s_3995,r_4316
2475,3669,1.0,s_3996,r_4314
2475,3675,-1.0,s_3996,r_4320
2476,3670,-1.0,s_3997,r_4315
2476,3705,1.0,s_3997,r_4350
2477,3672,-1.0,s_3998,r_4317
2477,3935,-1.0,s_3998,r_4586
2478,3673,-1.0,s_3999,r_4318
2479,3674,-1.0,s_4000,r_4319
2480,3675,1.0,s_4001,r_4320
2480,3676,-1.0,s_4001,r_4321
2481,3677,-1.0,s_4002,r_4322
2482,3677,1.0,s_4003,r_4322
2483,3678,-2.0,s_4004,r_4323
2483,3679,-2.0,s_4004,r_4324
2484,3678,2.0,s_4005,r_4323
2484,3679,2.0,s_4005,r_4324
2485,3680,-1.0,s_4006,r_4325
2486,3680,-1.0,s_4007,r_4325
2487,3680,1.0,s_4008,r_4325
2488,3681,-1.0,s_4009,r_4326
2489,3681,-1.0,s_4010,r_4326
2489,3974,1.0,s_4010,r_4625
2490,3681,1.0,s_4011,r_4326
2490,3975,1.0,s_4011,r_4626
2491,3681,1.0,s_4012,r_4326
2492,3682,-1.0,s_4013,r_4327
2492,3941,1.0,s_4013,r_4592
2492,3948,-0.0012425429886207,s_4013,r_4599
2493,3682,1.0,s_4014,r_4327
2494,3683,-1.0,s_4015,r_4328
2494,3976,1.0,s_4015,r_4627
2495,3684,1.0,s_4016,r_4329
2496,3686,1.0,s_4017,r_4331
2497,3688,-1.0,s_4018,r_4333
2497,4092,1.0,s_4018,r_4744
2497,4093,-1.0,s_4018,r_4745
2497,4094,-1.0,s_4018,r_4746
2498,3689,-1.0,s_4019,r_4334
2498,3938,1.0,s_4019,r_4589
2498,3948,-0.000659000012092292,s_4019,r_4599
2499,3689,1.0,s_4020,r_4334
2500,3691,-1.0,s_4021,r_4336
2501,3692,-1.0,s_4022,r_4337
2502,3692,1.0,s_4023,r_4337
2503,3693,-1.0,s_4024,r_4338
2504,3694,1.0,s_4025,r_4339
2504,3977,1.0,s_4025,r_4628
2505,3558,-1.0,s_4026,r_4195
2506,3558,1.0,s_4027,r_4195
2507,3564,-1.0,s_4028,r_4201
2508,3564,1.0,s_4029,r_4201
2509,3564,1.0,s_4030,r_4201
2510,3633,-2.0,s_4031,r_4276
2511,3695,-1.0,s_4032,r_4340
2512,3695,1.0,s_4033,r_4340
2513,3753,-1.0,s_4034,r_4398
2513,3863,-1.0,s_4034,r_4508
2514,3753,1.0,s_4035,r_4398
2514,3781,-1.0,s_4035,r_4426
2515,3769,-1.0,s_4036,r_4414
2515,3781,1.0,s_4036,r_4426
2516,3763,-1.0,s_4037,r_4408
2516,3868,-1.0,s_4037,r_4513
2517,3754,-1.0,s_4038,r_4399
2517,3763,1.0,s_4038,r_4408
2518,3754,1.0,s_4039,r_4399
2518,3764,-1.0,s_4039,r_4409
2519,3757,-1.0,s_4040,r_4402
2519,3872,-1.0,s_4040,r_4517
2520,3756,-1.0,s_4041,r_4401
2520,3757,1.0,s_4041,r_4402
2521,3756,1.0,s_4042,r_4401
2521,3771,-1.0,s_4042,r_4416
2522,3771,1.0,s_4043,r_4416
2522,3796,1.0,s_4043,r_4441
2523,3768,-1.0,s_4044,r_4413
2523,3788,1.0,s_4044,r_4433
2524,3788,-1.0,s_4045,r_4433
2524,3915,-1.0,s_4045,r_4560
2525,3789,1.0,s_4046,r_4434
2525,3791,-1.0,s_4046,r_4436
2526,3789,-1.0,s_4047,r_4434
2526,3914,-1.0,s_4047,r_4559
2527,3760,1.0,s_4048,r_4405
2527,3790,-1.0,s_4048,r_4435
2528,3760,-1.0,s_4049,r_4405
2528,3877,-1.0,s_4049,r_4522
2529,3784,-1.0,s_4050,r_4429
2529,3866,-1.0,s_4050,r_4511
2530,3784,1.0,s_4051,r_4429
2530,3785,-1.0,s_4051,r_4430
2531,3770,-1.0,s_4052,r_4415
2531,3785,1.0,s_4052,r_4430
2532,3759,-1.0,s_4053,r_4404
2532,3867,-1.0,s_4053,r_4512
2533,3759,1.0,s_4054,r_4404
2533,3834,-1.0,s_4054,r_4479
2534,3772,-1.0,s_4055,r_4417
2534,3834,1.0,s_4055,r_4479
2535,3779,-1.0,s_4056,r_4424
2535,3865,-1.0,s_4056,r_4510
2536,3779,1.0,s_4057,r_4424
2536,3780,-1.0,s_4057,r_4425
2537,3773,-1.0,s_4058,r_4418
2537,3780,1.0,s_4058,r_4425
2538,3792,-1.0,s_4059,r_4437
2538,3871,-1.0,s_4059,r_4516
2539,3792,1.0,s_4060,r_4437
2539,3793,-1.0,s_4060,r_4438
2540,3793,1.0,s_4061,r_4438
2540,3794,-1.0,s_4061,r_4439
2541,3696,1.0,s_4062,r_4341
2541,3697,-1.0,s_4062,r_4342
2542,3696,-1.0,s_4063,r_4341
2542,3890,-1.0,s_4063,r_4535
2543,3698,1.0,s_4064,r_4343
2543,3699,-1.0,s_4064,r_4344
2544,3698,-1.0,s_4065,r_4343
2544,3897,-1.0,s_4065,r_4542
2545,3700,-1.0,s_4066,r_4345
2545,3701,1.0,s_4066,r_4346
2545,3767,1.0,s_4066,r_4412
2546,3701,-1.0,s_4067,r_4346
2546,3889,-1.0,s_4067,r_4534
2547,3702,-1.0,s_4068,r_4347
2547,3703,1.0,s_4068,r_4348
2548,3703,-1.0,s_4069,r_4348
2548,3891,-1.0,s_4069,r_4536
2549,3704,-1.0,s_4070,r_4349
2549,3892,-1.0,s_4070,r_4537
2550,3704,1.0,s_4071,r_4349
2550,3705,-1.0,s_4071,r_4350
2551,3706,-1.0,s_4072,r_4351
2551,3707,1.0,s_4072,r_4352
2552,3706,1.0,s_4073,r_4351
2552,3708,-1.0,s_4073,r_4353
2552,3835,1.0,s_4073,r_4480
2553,3797,-1.0,s_4074,r_4442
2553,3835,-1.0,s_4074,r_4480
2554,3707,-1.0,s_4075,r_4352
2554,3888,-1.0,s_4075,r_4533
2555,3708,1.0,s_4076,r_4353
2555,3709,-1.0,s_4076,r_4354
2556,3761,1.0,s_4077,r_4406
2556,3762,-1.0,s_4077,r_4407
2557,3761,-1.0,s_4078,r_4406
2557,3881,-1.0,s_4078,r_4526
2558,3710,1.0,s_4079,r_4355
2558,3711,1.0,s_4079,r_4356
2559,3711,-1.0,s_4080,r_4356
2559,3875,-1.0,s_4080,r_4520
2560,3712,-1.0,s_4081,r_4357
2560,3713,1.0,s_4081,r_4358
2560,3727,1.0,s_4081,r_4372
2561,3713,-1.0,s_4082,r_4358
2561,3917,-1.0,s_4082,r_4562
2562,3714,-1.0,s_4083,r_4359
2562,3715,1.0,s_4083,r_4360
2563,3715,-1.0,s_4084,r_4360
2563,3918,-1.0,s_4084,r_4563
2564,3716,-1.0,s_4085,r_4361
2564,3869,-1.0,s_4085,r_4514
2565,3716,1.0,s_4086,r_4361
2565,3778,-1.0,s_4086,r_4423
2566,3717,-1.0,s_4087,r_4362
2566,3778,1.0,s_4087,r_4423
2567,3718,-1.0,s_4088,r_4363
2567,3719,1.0,s_4088,r_4364
2568,3718,1.0,s_4089,r_4363
2568,3720,1.0,s_4089,r_4365
2569,3719,-1.0,s_4090,r_4364
2570,3720,-1.0,s_4091,r_4365
2571,3721,-1.0,s_4092,r_4366
2571,3722,1.0,s_4092,r_4367
2572,3722,-1.0,s_4093,r_4367
2572,3885,-1.0,s_4093,r_4530
2573,3767,-1.0,s_4094,r_4412
2573,3798,1.0,s_4094,r_4443
2574,3798,-1.0,s_4095,r_4443
2574,3895,-1.0,s_4095,r_4540
2575,3723,-1.0,s_4096,r_4368
2575,3783,1.0,s_4096,r_4428
2576,3783,-1.0,s_4097,r_4428
2576,3896,-1.0,s_4097,r_4541
2577,3724,1.0,s_4098,r_4369
2577,3758,-1.0,s_4098,r_4403
2578,3724,-1.0,s_4099,r_4369
2578,3883,-1.0,s_4099,r_4528
2579,3725,-1.0,s_4100,r_4370
2579,3726,1.0,s_4100,r_4371
2579,3743,1.0,s_4100,r_4388
2580,3726,-1.0,s_4101,r_4371
2580,3916,-1.0,s_4101,r_4561
2581,3727,-1.0,s_4102,r_4372
2581,3728,1.0,s_4102,r_4373
2582,3728,-1.0,s_4103,r_4373
2582,3920,-1.0,s_4103,r_4565
2583,3729,-1.0,s_4104,r_4374
2583,3730,1.0,s_4104,r_4375
2584,3730,-1.0,s_4105,r_4375
2584,3906,-1.0,s_4105,r_4551
2585,3731,-1.0,s_4106,r_4376
2585,3732,1.0,s_4106,r_4377
2586,3732,-1.0,s_4107,r_4377
2586,3900,-1.0,s_4107,r_4545
2587,3733,-1.0,s_4108,r_4378
2587,3734,1.0,s_4108,r_4379
2588,3734,-1.0,s_4109,r_4379
2588,3853,-1.0,s_4109,r_4498
2589,3735,-1.0,s_4110,r_4380
2589,3736,1.0,s_4110,r_4381
2590,3736,-1.0,s_4111,r_4381
2590,3907,-1.0,s_4111,r_4552
2591,3737,1.0,s_4112,r_4382
2591,3738,1.0,s_4112,r_4383
2592,3737,-2.0,s_4113,r_4382
2592,3817,1.0,s_4113,r_4462
2592,3974,-1.0,s_4113,r_4625
2592,4055,1.0,s_4113,r_4707
2593,3738,-1.0,s_4114,r_4383
2594,3776,1.0,s_4115,r_4421
2594,3787,-1.0,s_4115,r_4432
2595,3776,-1.0,s_4116,r_4421
2595,3909,-1.0,s_4116,r_4554
2596,3739,-1.0,s_4117,r_4384
2596,3740,1.0,s_4117,r_4385
2597,3740,-1.0,s_4118,r_4385
2597,3854,-1.0,s_4118,r_4499
2598,3742,-1.0,s_4119,r_4387
2598,3870,-1.0,s_4119,r_4515
2599,3742,1.0,s_4120,r_4387
2599,3786,-1.0,s_4120,r_4431
2600,3741,-1.0,s_4121,r_4386
2600,3786,1.0,s_4121,r_4431
2601,3745,-1.0,s_4122,r_4390
2601,3747,1.0,s_4122,r_4392
2602,3745,1.0,s_4123,r_4390
2602,3746,-1.0,s_4123,r_4391
2603,3746,1.0,s_4124,r_4391
2603,3849,-1.0,s_4124,r_4494
2604,3747,-1.0,s_4125,r_4392
2604,3860,-1.0,s_4125,r_4505
2605,3743,-1.0,s_4126,r_4388
2605,3744,1.0,s_4126,r_4389
2606,3744,-1.0,s_4127,r_4389
2606,3919,-1.0,s_4127,r_4564
2607,3748,-1.0,s_4128,r_4393
2607,3750,1.0,s_4128,r_4395
2608,3748,1.0,s_4129,r_4393
2608,3749,-1.0,s_4129,r_4394
2609,3750,-1.0,s_4130,r_4395
2609,3855,-1.0,s_4130,r_4500
2610,3775,-1.0,s_4131,r_4420
2610,3856,-1.0,s_4131,r_4501
2611,3751,-1.0,s_4132,r_4396
2611,3843,1.0,s_4132,r_4488
2611,3848,1.0,s_4132,r_4493
2612,3848,-1.0,s_4133,r_4493
2612,3910,-1.0,s_4133,r_4555
2613,3752,-1.0,s_4134,r_4397
2613,3782,1.0,s_4134,r_4427
2614,3782,-1.0,s_4135,r_4427
2614,3904,-1.0,s_4135,r_4549
2615,3765,-1.0,s_4136,r_4410
2615,3777,1.0,s_4136,r_4422
2616,3777,-1.0,s_4137,r_4422
2616,3852,-1.0,s_4137,r_4497
2617,3766,-1.0,s_4138,r_4411
2617,3774,1.0,s_4138,r_4419
2618,3774,-1.0,s_4139,r_4419
2618,3908,-1.0,s_4139,r_4553
2619,3755,-1.0,s_4140,r_4400
2619,3858,-1.0,s_4140,r_4503
2620,3799,-1.0,s_4141,r_4444
2620,3878,-1.0,s_4141,r_4523
2621,3800,-1.0,s_4142,r_4445
2621,3898,-1.0,s_4142,r_4543
2622,3803,-1.0,s_4143,r_4448
2622,3873,-1.0,s_4143,r_4518
2623,3803,1.0,s_4144,r_4448
2623,3804,-1.0,s_4144,r_4449
2624,3801,-1.0,s_4145,r_4446
2624,3859,-1.0,s_4145,r_4504
2625,3802,-1.0,s_4146,r_4447
2625,3886,-1.0,s_4146,r_4531
2626,3805,-1.0,s_4147,r_4450
2626,3880,-1.0,s_4147,r_4525
2627,3806,-1.0,s_4148,r_4451
2627,3879,-1.0,s_4148,r_4524
2628,3807,-1.0,s_4149,r_4452
2629,3808,-1.0,s_4150,r_4453
2629,3857,-1.0,s_4150,r_4502
2630,3809,-1.0,s_4151,r_4454
2630,3912,-1.0,s_4151,r_4557
2631,3810,-1.0,s_4152,r_4455
2631,3884,-1.0,s_4152,r_4529
2632,3811,-1.0,s_4153,r_4456
2632,3894,-1.0,s_4153,r_4539
2633,3812,-1.0,s_4154,r_4457
2633,3887,-1.0,s_4154,r_4532
2634,3813,-1.0,s_4155,r_4458
2634,3893,-1.0,s_4155,r_4538
2635,3814,-1.0,s_4156,r_4459
2635,3902,-1.0,s_4156,r_4547
2636,3815,-1.0,s_4157,r_4460
2636,3882,-1.0,s_4157,r_4527
2637,3816,-1.0,s_4158,r_4461
2637,3876,-1.0,s_4158,r_4521
2638,3817,-1.0,s_4159,r_4462
2639,3818,-1.0,s_4160,r_4463
2639,3903,-1.0,s_4160,r_4548
2640,3819,-1.0,s_4161,r_4464
2640,3901,-1.0,s_4161,r_4546
2641,3820,-1.0,s_4162,r_4465
2641,3899,-1.0,s_4162,r_4544
2642,3821,-1.0,s_4163,r_4466
2642,3913,-1.0,s_4163,r_4558
2643,3822,-1.0,s_4164,r_4467
2643,3861,-1.0,s_4164,r_4506
2644,3823,-1.0,s_4165,r_4468
2645,3824,-1.0,s_4166,r_4469
2645,3874,-1.0,s_4166,r_4519
2646,3825,-1.0,s_4167,r_4470
2646,3862,-1.0,s_4167,r_4507
2647,3826,-1.0,s_4168,r_4471
2647,3864,-1.0,s_4168,r_4509
2648,3826,1.0,s_4169,r_4471
2648,3827,-1.0,s_4169,r_4472
2649,3828,-1.0,s_4170,r_4473
2649,3851,-1.0,s_4170,r_4496
2650,3828,1.0,s_4171,r_4473
2650,3829,-1.0,s_4171,r_4474
2651,3830,-1.0,s_4172,r_4475
2651,3911,-1.0,s_4172,r_4556
2652,3830,1.0,s_4173,r_4475
2652,3831,-1.0,s_4173,r_4476
2653,3832,-1.0,s_4174,r_4477
2654,3832,1.0,s_4175,r_4477
2655,3833,-1.0,s_4176,r_4478
2655,3905,-1.0,s_4176,r_4550
2656,3840,1.0,s_4177,r_4485
2656,3841,-1.0,s_4177,r_4486
2657,3841,1.0,s_4178,r_4486
2657,3842,-1.0,s_4178,r_4487
2658,3842,1.0,s_4179,r_4487
2658,3843,-1.0,s_4179,r_4488
2659,3844,1.0,s_4180,r_4489
2659,3845,-1.0,s_4180,r_4490
2660,3846,1.0,s_4181,r_4491
2660,3847,-1.0,s_4181,r_4492
2661,3924,-1.0,s_4182,r_4570
2661,3925,-1.0,s_4182,r_4571
2662,3925,1.0,s_4183,r_4571
2662,3931,-1.0,s_4183,r_4582
2662,3957,-1.0,s_4183,r_4608
2663,3926,1.0,s_4184,r_4572
2663,3927,-1.0,s_4184,r_4573
2663,3928,-1.0,s_4184,r_4574
2663,3929,-1.0,s_4184,r_4575
2664,3930,-1.0,s_4189,r_4581
2664,3931,1.0,s_4189,r_4582
2665,3932,-1.0,s_4190,r_4583
2665,3933,1.0,s_4190,r_4584
2666,3932,1.0,s_4191,r_4583
2666,3933,-1.0,s_4191,r_4584
2667,3934,-1.0,s_4192,r_4585
2667,3935,-1.0,s_4192,r_4586
2668,3934,1.0,s_4193,r_4585
2668,3935,2.0,s_4193,r_4586
2669,3922,1.0,s_4194,r_4568
2669,3923,1.0,s_4194,r_4569
2670,3923,-1.0,s_4195,r_4569
2671,3598,-1.0,s_4196,r_4238
2672,3598,1.0,s_4197,r_4238
2673,3598,1.0,s_4198,r_4238
2674,3936,-1.0,s_4199,r_4587
2674,3949,-1.0,s_4199,r_4600
2675,3937,-1.0,s_4200,r_4588
2675,3942,-1.0,s_4200,r_4593
2676,3938,-1.0,s_4201,r_4589
2676,3943,-1.0,s_4201,r_4594
2677,3939,-1.0,s_4202,r_4590
2677,3944,-1.0,s_4202,r_4595
2678,3940,-1.0,s_4203,r_4591
2678,3945,-1.0,s_4203,r_4596
2679,3941,-1.0,s_4204,r_4592
2679,3946,-1.0,s_4204,r_4597
2680,3405,-1.0,s_4205,r_4041
2680,3947,1.0,s_4205,r_4598
2681,3405,-1.0,s_4206,r_4041
2681,3948,1.0,s_4206,r_4599
2682,545,1.0,s_4207,r_0687
2682,4108,-1.0,s_4207,r_4760
2683,216,-6.0,s_4209,r_0241
2683,3559,2.0,s_4209,r_4196
2684,216,6.0,s_4210,r_0241
2684,3559,-2.0,s_4210,r_4196
2685,3978,-1.0,s_4211,r_4629
2685,4032,1.0,s_4211,r_4683
2686,3978,1.0,s_4212,r_4629
2686,3983,-1.0,s_4212,r_4634
2687,3979,-1.0,s_4213,r_4630
2687,4033,1.0,s_4213,r_4684
2688,3979,1.0,s_4214,r_4630
2688,3984,-1.0,s_4214,r_4635
2689,3980,-1.0,s_4215,r_4631
2689,4031,1.0,s_4215,r_4682
2690,3980,1.0,s_4216,r_4631
2690,3985,-1.0,s_4216,r_4636
2691,3981,-1.0,s_4217,r_4632
2692,3981,1.0,s_4218,r_4632
2692,3986,-1.0,s_4218,r_4637
2693,3982,-1.0,s_4219,r_4633
2693,4034,1.0,s_4219,r_4685
2694,3982,1.0,s_4220,r_4633
2694,3987,-1.0,s_4220,r_4638
2695,3983,1.0,s_4221,r_4634
2695,3988,-1.0,s_4221,r_4639
2696,3984,1.0,s_4222,r_4635
2696,3989,-1.0,s_4222,r_4640
2697,3985,1.0,s_4223,r_4636
2697,3990,-1.0,s_4223,r_4641
2698,3986,1.0,s_4224,r_4637
2698,3991,-1.0,s_4224,r_4642
2699,3987,1.0,s_4225,r_4638
2699,3992,-1.0,s_4225,r_4643
2700,3988,1.0,s_4226,r_4639
2700,3993,-1.0,s_4226,r_4644
2701,3989,1.0,s_4227,r_4640
2701,3994,-1.0,s_4227,r_4645
2702,3990,1.0,s_4228,r_4641
2702,3995,-1.0,s_4228,r_4646
2703,3991,1.0,s_4229,r_4642
2703,3996,-1.0,s_4229,r_4647
2704,3992,1.0,s_4230,r_4643
2704,3997,-1.0,s_4230,r_4648
2705,3998,1.0,s_4231,r_4649
2705,3999,-1.0,s_4231,r_4650
2706,4000,1.0,s_4232,r_4651
2706,4001,-1.0,s_4232,r_4652
2706,4003,-1.0,s_4232,r_4654
2706,4005,-1.0,s_4232,r_4656
2706,4027,-1.0,s_4232,r_4678
2707,4001,1.0,s_4233,r_4652
2707,4003,1.0,s_4233,r_4654
2707,4004,1.0,s_4233,r_4655
2707,4006,-1.0,s_4233,r_4657
2707,4042,-1.0,s_4233,r_4693
2708,4002,-1.0,s_4234,r_4653
2709,4002,1.0,s_4235,r_4653
2709,4004,-1.0,s_4235,r_4655
2710,4005,1.0,s_4236,r_4656
2710,4007,-1.0,s_4236,r_4658
2711,4006,1.0,s_4237,r_4657
2711,4008,-1.0,s_4237,r_4659
2712,4009,1.0,s_4238,r_4660
2712,4010,-1.0,s_4238,r_4661
2712,4012,-1.0,s_4238,r_4663
2712,4014,-1.0,s_4238,r_4665
2713,4010,1.0,s_4239,r_4661
2713,4012,1.0,s_4239,r_4663
2713,4013,1.0,s_4239,r_4664
2713,4015,-1.0,s_4239,r_4666
2713,4039,-1.0,s_4239,r_4690
2714,4011,-1.0,s_4240,r_4662
2715,4011,1.0,s_4241,r_4662
2715,4013,-1.0,s_4241,r_4664
2716,4014,1.0,s_4242,r_4665
2716,4016,-1.0,s_4242,r_4667
2717,4015,1.0,s_4243,r_4666
2717,4017,-1.0,s_4243,r_4668
2718,4018,1.0,s_4244,r_4669
2718,4019,-1.0,s_4244,r_4670
2718,4021,-1.0,s_4244,r_4672
2718,4023,-1.0,s_4244,r_4674
2719,4019,1.0,s_4245,r_4670
2719,4021,1.0,s_4245,r_4672
2719,4022,1.0,s_4245,r_4673
2719,4024,-1.0,s_4245,r_4675
2719,4036,-1.0,s_4245,r_4687
2720,4020,-1.0,s_4246,r_4671
2721,4020,1.0,s_4247,r_4671
2721,4022,-1.0,s_4247,r_4673
2722,4023,1.0,s_4248,r_4674
2722,4025,-1.0,s_4248,r_4676
2723,4024,1.0,s_4249,r_4675
2723,4026,-1.0,s_4249,r_4677
2724,4027,1.0,s_4250,r_4678
2724,4035,1.0,s_4250,r_4686
2725,4028,-1.0,s_4251,r_4679
2725,4035,-1.0,s_4251,r_4686
2726,4028,1.0,s_4252,r_4679
2726,4030,-1.0,s_4252,r_4681
2727,4029,1.0,s_4253,r_4680
2727,4045,-1.0,s_4253,r_4697
2728,4036,1.0,s_4254,r_4687
2728,4037,-1.0,s_4254,r_4688
2729,4037,1.0,s_4255,r_4688
2729,4038,-1.0,s_4255,r_4689
2730,4039,1.0,s_4256,r_4690
2730,4040,-1.0,s_4256,r_4691
2731,4040,1.0,s_4257,r_4691
2731,4041,-1.0,s_4257,r_4692
2732,4042,1.0,s_4258,r_4693
2732,4043,-1.0,s_4258,r_4694
2733,4043,1.0,s_4259,r_4694
2733,4044,-1.0,s_4259,r_4695
2734,4045,1.0,s_4261,r_4697
2734,4046,-1.0,s_4261,r_4698
2735,4046,1.0,s_4262,r_4698
2735,4047,-1.0,s_4262,r_4699
2736,4048,1.0,s_4263,r_4700
2736,4056,-1.0,s_4263,r_4708
2737,4050,1.0,s_4264,r_4702
2737,4051,-1.0,s_4264,r_4703
2738,4052,1.0,s_4265,r_4704
2738,4054,-1.0,s_4265,r_4706
2739,4052,-1.0,s_4266,r_4704
2739,4057,-1.0,s_4266,r_4709
2740,4053,1.0,s_4267,r_4705
2741,4053,-1.0,s_4268,r_4705
2741,4058,-1.0,s_4268,r_4710
2742,4055,-1.0,s_4269,r_4707
2743,4074,1.0,s_4270,r_4726
2743,4075,-1.0,s_4270,r_4727
2744,4059,1.0,s_4271,r_4711
2744,4074,-1.0,s_4271,r_4726
2745,4076,1.0,s_4272,r_4728
2745,4077,-1.0,s_4272,r_4729
2746,4060,1.0,s_4273,r_4712
2746,4076,-1.0,s_4273,r_4728
2747,4061,1.0,s_4274,r_4713
2747,4078,-1.0,s_4274,r_4730
2748,4078,1.0,s_4275,r_4730
2748,4079,-1.0,s_4275,r_4731
2749,4062,1.0,s_4276,r_4714
2749,4080,-1.0,s_4276,r_4732
2750,4080,1.0,s_4277,r_4732
2750,4081,-1.0,s_4277,r_4733
2751,4063,1.0,s_4278,r_4715
2751,4082,-1.0,s_4278,r_4734
2752,4082,1.0,s_4279,r_4734
2752,4083,-1.0,s_4279,r_4735
2753,4064,1.0,s_4280,r_4716
2753,4084,-1.0,s_4280,r_4736
2754,4084,1.0,s_4281,r_4736
2754,4085,-1.0,s_4281,r_4737
2755,4067,1.0,s_4282,r_4719
2755,4069,-1.0,s_4282,r_4721
2756,4069,1.0,s_4283,r_4721
2756,4090,-1.0,s_4283,r_4742
2757,4090,1.0,s_4284,r_4742
2757,4091,-1.0,s_4284,r_4743
2758,4066,1.0,s_4285,r_4718
2758,4068,-1.0,s_4285,r_4720
2759,4068,1.0,s_4286,r_4720
2759,4088,-1.0,s_4286,r_4740
2760,4088,1.0,s_4287,r_4740
2760,4089,-1.0,s_4287,r_4741
2761,4065,1.0,s_4288,r_4717
2761,4086,-1.0,s_4288,r_4738
2762,4086,1.0,s_4289,r_4738
2762,4087,-1.0,s_4289,r_4739
2763,4070,1.0,s_4290,r_4722
2763,4071,-1.0,s_4290,r_4723
2763,4092,-1.0,s_4290,r_4744
2764,4072,-1.0,s_4291,r_4724
2764,4093,1.0,s_4291,r_4745
2765,4073,-1.0,s_4292,r_4725
2765,4094,1.0,s_4292,r_4746
2766,4073,2.0,s_4293,r_4725
2767,4115,1.0,s_4294,r_4767
2768,4102,-1.0,s_4295,r_4754
2769,4099,-1.0,s_4296,r_4751
2770,4099,1.0,s_4297,r_4751
2771,4102,-1.0,s_4298,r_4754
2772,4100,-1.0,s_4299,r_4752
2773,4100,1.0,s_4300,r_4752
2774,4101,-1.0,s_4301,r_4753
2775,4103,-1.0,s_4302,r_4755
2776,4116,1.0,s_4303,r_4768
2777,4105,-1.0,s_4304,r_4757
2778,4106,1.0,s_4305,r_4758
2779,4110,-1.0,s_4306,r_4762
2780,4110,1.0,s_4307,r_4762
2781,4111,-1.0,s_4308,r_4763
2782,4111,1.0,s_4309,r_4763
2783,4112,-1.0,s_4310,r_4764
2784,4112,1.0,s_4311,r_4764
2785,4102,1.0,s_4312,r_4754
2786,4124,1.0,s_4313,r_4776
2787,4124,-1.0,s_4314,r_4776
2788,4107,-1.0,s_4315,r_4759
2789,4107,1.0,s_4316,r_4759
2790,4117,-1.0,s_4317,r_4769
2791,4119,1.0,s_4318,r_4771
2792,4119,-1.0,s_4319,r_4771
2793,4121,1.0,s_4320,r_4773
2794,4121,-1.0,s_4321,r_4773
2795,4118,-1.0,s_4322,r_4770
2796,4120,-1.0,s_4323,r_4772
2797,4120,1.0,s_4324,r_4772
2798,4122,-1.0,s_4325,r_4774
2799,4122,1.0,s_4326,r_4774
2800,4125,-1.0,s_4327,r_4777
2801,4125,1.0,s_4328,r_4777
2802,4126,-1.0,s_4329,r_4778
2803,4126,1.0,s_4330,r_4778
2804,4109,1.0,s_4331,r_4761
2805,4127,1.0,s_4332,r_4779
2805,4128,-1.0,s_4332,r_4780
