-0.00016735838627185442,-0.00019248838272033436,-0.00020016489300453318,-0.00016767291649742597,-0.00018675699401701442,-0.0001667165303878802,-0.0001574285217742396,-5.803045091228433e-5
-0.00014326363343644514,-0.00016772101444345838,-0.00017471111886362622,-0.0001447919690971979,-0.00016249990061822722,-0.0001432283744076802,-0.00013420540036584175,-4.2751794367769634e-5
-5.31177391711001e-5,-9.4967397174415e-5,-0.0001319377313977701,-8.167761636428705e-6,-9.636847427486933e-5,-2.2933712252900334e-5,-5.416374965995521e-5,0.00013941046609569255
0.00011130964374593464,6.65436660430853e-5,6.278903363349522e-5,8.163307395149477e-5,7.135778340885164e-5,7.896833968756065e-5,8.125756008726691e-5,0.00012844132340175072
5.958893905004359e-5,0.00018329012323255953,0.00019349242739796242,0.00018512701843419904,0.00016182047130265157,7.087706241793031e-5,-0.0001222405999426623,-0.000810505227646161
1.990973919535719e-5,6.124053506265689e-5,6.464930882041025e-5,6.185427486173691e-5,5.406713726695944e-5,2.368130473405109e-5,-4.0842787992436506e-5,-0.0002708044088768287
0.0001265920698854751,0.00012020923829564334,0.00011449440548895909,0.00014984510597947895,0.00012617786640146416,0.00014275682335523792,0.0001469047900281802,0.00021648663394419223
-2.589144684916468e-5,-5.115825702260025e-5,-6.053208049447476e-5,-3.881248875155004e-5,-5.865908867965994e-5,-4.1998900913724996e-5,-3.309129994330853e-5,7.441208616668546e-5
2.9773955729343672e-6,4.6403016193940926e-6,2.252700475043837e-5,-7.798583968481003e-5,-5.057888326142569e-6,-3.58977607543723e-5,3.867970482011446e-6,-6.124988805045058e-5
7.65212641794454e-5,5.643876696982043e-5,4.937839081380551e-5,7.407782231693883e-5,5.492494417027566e-5,8.95304885410249e-5,8.230293997650092e-5,0.00014837261613715111
7.652126763423245e-5,5.6438770438891155e-5,4.937839428850968e-5,7.4077825787766e-5,5.492494765224654e-5,8.953049202222981e-5,8.230294346247462e-5,0.00014837261961593391
0.0001466253645101297,0.00015197883632401022,0.00015982713198709527,0.00012870650174253036,0.00015642977455272426,0.0001424094878305774,0.00014953575173745718,9.918576071841002e-5
-6.929106340082379e-5,-9.775764748924243e-5,-9.645518583562147e-5,-0.00010913404590165792,-9.457862368870677e-5,-8.393012413781536e-5,-3.8280945332693614e-5,9.352804390364931e-5
0.0001248258334598478,0.00019312386718801819,8.68739483000267e-5,0.0002177678582527427,8.46862130336077e-5,0.00023481118342123214,-3.873779990209975e-5,-0.000339897780948584
-3.784646431104381e-5,-4.62572011091202e-5,-3.944151093560327e-5,-4.193232422436753e-5,-3.0400123770970144e-5,-2.522443530721774e-5,4.616950657711535e-6,4.68785235291818e-5
0.00011661973136771437,0.00010836508919965406,0.00010180612370911948,0.00010398015690966776,0.00010359948973172789,0.00010776411067464604,0.00010119661266484877,8.264414713508198e-5
-1.7350785565149254e-11,-1.806309007056533e-11,-1.7970920121599258e-11,-1.812313055734001e-11,-1.803744533291188e-11,-1.821920866649752e-11,-1.801071967493438e-11,-1.795028469371609e-11
-2.1408064420557672e-11,-2.227490786538576e-11,-2.2160621580452256e-11,-2.2355441918448554e-11,-2.2241484340450178e-11,-2.2472365326547214e-11,-2.2206761371517924e-11,-2.2135049781097087e-11
-0.0001785718044243023,-0.00016108134801372785,-0.0001595377686093731,-0.0004981175669064614,-0.00016392259641516242,-0.0003141610931884614,-0.00017198950297934342,-0.0005396116912908536
0.00012273268044105587,8.332775989171152e-5,8.849671325644891e-5,0.00023494201266637584,0.00010336546456098405,0.00015887934832438977,0.00011832330992550346,0.00031115819125004246
1.225474344864866e-5,-2.7779598608917995e-5,-3.029853688069706e-6,5.1254693166355106e-6,-8.027412562517633e-7,-6.370819465922943e-7,4.7153705950325514e-5,0.00017582737707266789
0.000269259617486319,0.00027380012129861784,0.0002620823746239425,0.00036031383022441907,0.00027536027371738805,0.0003294159358460398,0.000311209449213314,0.0004827056850158993
0.00012482583884104438,0.00019312387226121225,8.687395340847332e-5,0.000217767863327394,8.468621810658197e-5,0.00023481118845422762,-3.8737794810251243e-5,-0.0003398977757776481
-4.518238660881544e-5,-9.340028658126141e-5,-9.839179507421479e-5,-8.311671261171608e-5,-8.831219711903657e-5,-7.9829306953795e-5,-6.209773804563448e-5,2.0847526753702206e-5
0.00017857179637531672,0.00016108134020187376,0.00015953776077089896,0.000498117559167445,0.0001639225885983008,0.0003141610854209987,0.00017198949516796457,0.000539611683538537
1.4979275692996182e-12,1.4076760884975308e-12,1.4208473282667047e-12,1.3746959936881544e-12,1.417094467818338e-12,1.3946235238572132e-12,1.4214641189492217e-12,1.4037640149043632e-12
7.701662531391551e-5,1.1597617341971967e-5,1.5507324628091185e-5,2.6727541701250903e-5,2.8160905419003066e-5,7.114327618409662e-5,0.00012399510590558238,0.00039101699607484863
8.638695973843519e-5,6.957458552655997e-5,7.257616995821198e-5,6.905649113184668e-5,7.478539117698085e-5,7.31703246293454e-5,9.6159289601315e-5,0.00018951296408181202
-8.074571139307091e-13,-8.449244688517888e-13,-8.39306493325802e-13,-8.406846942536426e-13,-8.39295322969775e-13,-8.38036561870194e-13,-8.32859470306863e-13,-8.263169623416718e-13
-1.4703366773561772e-12,-1.4391507738284819e-12,-1.438914464114975e-12,-1.4384954686823438e-12,-1.431392291909378e-12,-1.431159002429759e-12,-1.4278162002105194e-12,-1.4288213368763235e-12
6.0419226538912214e-5,5.891497452451547e-5,5.965416167848363e-5,5.2735474820009377e-5,5.7392251189411226e-5,4.778420482104607e-5,5.376296306513248e-5,4.7824268351611394e-5
-1.9109741317705652e-12,-1.8652284118714264e-12,-1.8687017514751826e-12,-1.8686023923885406e-12,-1.8639872609096884e-12,-1.8646472418950874e-12,-1.8649041682390835e-12,-1.869658580959868e-12
0.0001530425181931669,0.00011287752381002633,9.875677146292772e-5,0.00014815563449328584,0.0001098498781549691,0.000179060966908834,0.0001646058697540741,0.00029674522209774824
0.00012067487042729631,8.3857435949533e-5,7.718195170911818e-5,9.796003345109223e-5,9.313496839908228e-5,0.00010794250347304036,0.00011976521586840276,0.00020235978648911861
0.00012067487201634496,8.385743749515875e-5,7.718195325838216e-5,9.7960034995846e-5,9.313496993831401e-5,0.00010794250501180446,0.00011976521740795013,0.00020235978803291664
-3.792312340857606e-6,-4.6804012265123526e-6,-3.73763881406867e-6,-6.5006321445365655e-6,-3.906140602306397e-6,-6.420874721001623e-6,-3.892091356327277e-6,-5.790160187107792e-6
4.055144565961254e-6,-2.45076478208086e-5,-2.4624166562057813e-5,-6.020118034188028e-6,-1.046451592039713e-5,1.7839820784441542e-7,1.8568608611993087e-5,0.00011971564475985244
-3.62168431344026e-11,-3.763727601088693e-11,-3.743520948158134e-11,-3.782440425305987e-11,-3.756690492447274e-11,-3.8012499574937e-11,-3.749800142441081e-11,-3.7404043312681195e-11
-2.5211967005989764e-11,-2.6216335619140254e-11,-2.607938912596861e-11,-2.6325168136822663e-11,-2.6172295266531877e-11,-2.645819481510149e-11,-2.61283391097324e-11,-2.6051852421630837e-11
-3.2155290629493256e-5,-9.910475300262044e-6,-1.92465357863354e-5,2.6909549284832638e-5,-2.5609966013651793e-5,2.1851092409443665e-5,-4.6251026254152594e-5,-3.9678519243747725e-5
1.4843925932338601e-5,1.9434493700163478e-5,1.8013545419078376e-5,2.1574793335777836e-5,1.7456417072715533e-5,2.027479764990247e-5,1.2635359957547158e-5,4.7067335664558894e-7
-3.215529131657244e-5,-9.91047597985794e-6,-1.924653646483549e-5,2.6909548602617106e-5,-2.5609966694571e-5,2.1851091721994435e-5,-4.625102694680693e-5,-3.967851994767201e-5
1.091734970580327e-12,1.0557809606884895e-12,1.0597874472766553e-12,1.0522463720618343e-12,1.0560657155080897e-12,1.0519285458163399e-12,1.054948416264127e-12,1.0532813089069557e-12
-0.00017857180313461267,-0.00016108134674184727,-0.00015953776733664422,-0.0004981175656400885,-0.0001639225951457426,-0.0003141610919221267,-0.0001719895017123462,-0.0005396116900292199
0.0001785718003780872,0.0001610813440407574,0.00015953776462834853,0.0004981175629479922,0.00016392259244318023,0.00031416108922763144,0.00017198949901098392,0.0005396116873348666
-4.072063589511524e-5,1.9617180424150533e-5,-2.8340761832787494e-5,-0.0001409940918385328,-1.8791056549291112e-5,-1.2770892955498292e-5,2.376611812560343e-5,-5.027792171903654e-5
-3.7846463553601025e-5,-4.625720042567933e-5,-3.944151024417498e-5,-4.193232355022474e-5,-3.0400123090032687e-5,-2.5224434633959907e-5,4.616951338605913e-6,4.687852421118454e-5
-1.077969529262507e-5,8.798119231223012e-6,2.3210990793197476e-5,-5.076186491845733e-5,9.363096782455299e-6,-1.8243740464620657e-5,1.939518254092188e-5,-4.822195641640504e-6
0.00012067486562959971,8.385743118984474e-5,7.718194695121471e-5,9.796002870303705e-5,9.313496365742803e-5,0.0001079424987310328,0.00011976521112565034,0.00020235978174169117
0.00015170694400736288,0.0001416797508352545,0.00016001968687116489,0.00013840194635393054,0.00014267986915304358,0.00015361345047008824,0.00016361548399043232,0.00021351099966954713
0.00015170694166611486,0.00014167974850075958,0.00016001968453868432,0.0001384019440216888,0.0001426798668246826,0.00015361344814102893,0.00016361548166275868,0.00021351099733779902
0.00019627482590930896,0.00021305925159123768,0.00021186660637372346,0.00020512852032251425,0.00021896321129882094,0.00020567301679149728,0.00022547567807827972,0.0002431800021546524
-5.357900218212446e-13,-5.584569071318195e-13,-5.557483803055998e-13,-5.571186462578468e-13,-5.575161560368706e-13,-5.575714314240848e-13,-5.553453613679749e-13,-5.511387957408719e-13
-3.208654872230571e-12,-3.0268399795777823e-12,-3.047888492435653e-12,-3.038192777585928e-12,-3.0309384680624862e-12,-3.0273920786653824e-12,-3.0333087831545535e-12,-3.0506206511485933e-12
0.00015908374013070425,0.0001251349690062364,0.00011782530192334633,0.0012026003248912754,0.0001266548553845826,0.0006031077097295346,0.00015787078586683098,0.0014502885590762364
0.00013283434832795317,0.00016268695502248,0.0001640222187915587,0.00016404728172349773,0.00015858062983796888,0.0001412586488133981,0.00010036788441369242,-4.971722088420696e-5
-0.00013283435082183024,-0.00016268695752381438,-0.00016402222128837765,-0.0001640472842249288,-0.0001585806323394405,-0.0001412586513137146,-0.00010036788690929183,4.9717218413139156e-5
2.977394324007038e-6,4.6403003397890255e-6,2.252700345874765e-5,-7.798584097881684e-5,-5.057889638285009e-6,-3.5897762077200666e-5,3.867969150605173e-6,-6.124988937403562e-5
8.640561220835919e-5,-2.075758327853443e-6,-3.564048181748293e-6,-1.9879497058376735e-6,4.778032559568689e-6,4.1306581490190547e-5,0.00011769966480127203,0.00043393413066083835
1.6631065312012638e-5,-3.511809053367904e-5,-3.3550318192780584e-5,-3.695718407795669e-5,-3.0245102212238083e-5,-1.3768230525610978e-5,3.0502922236981844e-5,0.00021610654668404963
8.36581449141139e-5,4.057189993147261e-5,4.212181317370677e-5,5.399563116660622e-5,5.477941530613923e-5,7.635033629533727e-5,0.00011319441602781848,0.0002870784102508428
3.582370264071077e-5,-3.378301367116373e-5,-4.266808236368576e-5,4.648941309689617e-6,-1.1079031661333898e-5,3.6352264188878904e-5,0.00010014538138047758,0.00041481846588071
0.0001617220045709944,0.00015816967268038795,0.00017621359121143508,0.0001288826604838195,0.00017108442188430752,0.00014717169454695335,0.0001622188854829704,8.847481949333718e-5
0.0002932373547641686,0.0002234495960661099,0.0002362442710706093,0.00018004994017399134,0.00024197025338378093,0.00022132083434911579,0.0002762556371261786,0.0003242525353401393
4.325775609112758e-5,-3.131973786029107e-5,-3.088433156113388e-5,-3.1402021506275434e-5,-2.4201038461357825e-5,4.886339340237876e-6,6.852371745811196e-5,0.0003390756630555152
0.0001302259379759541,5.757685017489411e-5,5.712203490840195e-5,5.6056949080009014e-5,6.548029999463457e-5,9.534965749394816e-5,0.00016450549080411288,0.00043207537545424937
-7.199170581732372e-6,5.019402369745729e-6,6.246047960820715e-6,-3.894147769794808e-6,3.163318628395672e-6,-1.0858109168199894e-5,-2.2214077163992533e-5,-9.981179891652424e-5
-8.181373283662186e-13,-8.184178198024701e-13,-8.182371839245962e-13,-8.184147459683945e-13,-8.179707569851475e-13,-8.182135944666536e-13,-8.180383833265656e-13,-8.185502514433281e-13
2.977394096352339e-6,4.640300135683452e-6,2.252700326010218e-5,-7.79858411729578e-5,-5.057889824118447e-6,-3.589776225550692e-5,3.867968974811311e-6,-6.12498895542312e-5
2.97739421121619e-6,4.640300238823986e-6,2.2527003360465412e-5,-7.798584107479749e-5,-5.057889730172295e-6,-3.589776216530373e-5,3.867969063718236e-6,-6.124988946306059e-5
0.00013283435197388295,0.00016268695863679093,0.000164022222401251,0.00016404728534286065,0.00015858063345469995,0.00014125865242722258,0.00010036788801937503,-4.971721732101905e-5
-4.586617264124542e-5,-7.37903730928511e-5,-7.601585842698391e-5,-7.65883172538694e-5,-6.88992974951321e-5,-5.079533676865813e-5,-4.38611716888414e-6,0.0001427169272405272
-3.4414559141827524e-5,-9.503350767506457e-5,-0.0001058048121183106,-0.00014302744288834852,-0.0001552585830394597,-0.00014789254278502371,-9.733417882364497e-5,0.0001068185879061985
-4.010805235265474e-5,-4.698047629931332e-5,-5.8409964507409625e-5,-3.010542724272282e-5,-5.027534850967868e-5,-3.8685633908306285e-5,-2.7948811520332972e-5,6.157199519884279e-5
0.00013727437488084086,0.00016779610479664606,0.00016899297519501488,0.00016905665514390115,0.0001634863332283813,0.00014594508829695685,0.0001044824964456572,-5.01256038671999e-5
-0.00013727437736948934,-0.00016779610729345304,-0.00016899297768713264,-0.00016905665764066496,-0.0001634863357251955,-0.00014594509079263632,-0.00010448249893659624,5.0125601400816014e-5
-4.285321150182863e-12,-4.164759450209564e-12,-4.178972595514861e-12,-4.167643163075188e-12,-4.163509650897268e-12,-4.1564689810729886e-12,-4.154435134891174e-12,-4.146337705453617e-12
0.00028188317521675704,0.0003305839908873386,0.00033158264342355383,0.000346115153973922,0.0003320097360162967,0.0003314606740829005,0.0003180330723476302,0.000286996251586487
0.00011834272932887976,0.0001319170900244941,0.00012275594969509307,0.00012927968648729772,0.00011355222816088485,0.00011146261220120425,8.886380095130453e-5,5.626581070808454e-5
0.00011834273169805618,0.00013191709236216387,0.00012275595203463675,0.00012927968882126733,0.00011355223049486908,0.00011146261453243923,8.886380328503972e-5,5.6265813043046866e-5
-1.053346293047083e-11,-1.0755139231459946e-11,-1.0736848904755883e-11,-1.0751524169014544e-11,-1.0748601210281783e-11,-1.0753944981118067e-11,-1.0729917344715232e-11,-1.0699753077410724e-11
4.4408741644919745e-6,9.066116409595865e-6,7.725074157676898e-6,1.1777160691081504e-5,7.422924887069798e-6,9.267874965738891e-6,1.4394069197790115e-6,-1.250955019541913e-5
7.649176561943217e-5,7.59583313859988e-5,7.504734752236312e-5,7.665285914115787e-5,7.539309454287312e-5,7.720616761995378e-5,7.7477644251831e-5,8.444990598012084e-5
1.0627293745005745e-5,1.4261951740420243e-5,1.4222964786008463e-5,1.2784122060007326e-5,1.308903876516001e-5,1.0494155699716329e-5,8.06228065918407e-6,-4.782630116135135e-6
0.00014420686855287434,0.00013789062648889898,9.859261351863431e-5,0.0002320786497117695,0.00013145140634459294,0.00015678195475429693,9.422775370920294e-5,9.65666769906293e-5
-9.294888064802745e-6,-1.800136018023399e-5,-1.2536368516833121e-5,-4.374155327657888e-6,-7.835328435821141e-6,8.637227539492526e-6,4.7266100712426745e-5,0.00019215806754136443
1.4843922100053567e-5,1.943449004248341e-5,1.8013541743576938e-5,2.157478967207489e-5,1.7456413419088992e-5,2.0274794002819022e-5,1.2635356310256999e-5,4.706697017340647e-7
-0.0001153770201452012,-0.00010327742412551077,-0.00010595668350020602,-9.799327127979292e-5,-0.00010682138979139751,-0.00010127724603915376,-0.00011255872738685693,-0.00012272680410247146
1.0057734056801172e-6,1.1394935265544731e-5,9.690107135012467e-6,1.4866835989437672e-5,8.6371431343113e-6,1.2789122960749204e-5,1.2672437846607322e-6,-1.6789421295531845e-5
-5.130150338079256e-11,-5.26236169879051e-11,-5.250404021229485e-11,-5.25830984958219e-11,-5.2573383164748316e-11,-5.259182967792217e-11,-5.246752181426196e-11,-5.231040910581437e-11
-0.00313300171367137,-0.003059255186516936,-0.00306956016255227,-0.003093951943216746,-0.003072498316966762,-0.00296143771847003,-0.002838195989439398,-0.002262391833696032
0.00010305501481165622,6.070903239046663e-5,7.735992400353496e-5,8.675662563146289e-6,7.109646632208991e-5,3.8525372956562295e-5,0.00011148564180008222,0.00015887515302085223
-9.006813798399205e-5,-0.00011104997248768784,-0.00010562096062099842,-7.2212948234915e-5,-0.00010565119691417451,-7.883076537000803e-5,-6.321413686600881e-5,0.0001470941837734644
5.845055549041711e-5,2.333823947194794e-5,1.5484074768757167e-5,2.8421678779680383e-5,2.1965366852453177e-5,5.479115688175463e-5,8.817718835922638e-5,0.00025707749637840917
-1.596276002928649e-11,-1.555831768379973e-11,-1.5613422286558528e-11,-1.560531991939364e-11,-1.557705251750882e-11,-1.557193430142516e-11,-1.555953289863929e-11,-1.5726074272417914e-11
8.174914142372713e-5,6.377872248426546e-5,7.25259252225666e-5,6.196827083416152e-5,7.257497681246734e-5,7.759680187914393e-5,0.00010175564949211703,0.00016753741493080477
-0.00016456869538265603,-0.00015520436034930534,-0.00015325330578808854,-0.00017360818624066195,-0.00015592482135759898,-0.0001712182110625302,-0.00013891946041998126,-0.00014545538564038788
-4.518238880462145e-5,-9.340028873908987e-5,-9.839179723210263e-5,-8.311671476522294e-5,-8.831219926701949e-5,-7.982930909941796e-5,-6.209774018800655e-5,2.0847524615335445e-5
8.174913593611041e-5,6.377871709801859e-5,7.252591982934831e-5,6.196826544068933e-5,7.257497142703735e-5,7.759679649426912e-5,0.00010175564410113898,0.0001675374095194038
6.929239178591334e-5,2.2072113077886134e-5,2.535711578915317e-5,6.784639612342177e-7,2.8532345616239503e-5,3.77673028377077e-5,0.00010841679693970185,0.000311979652179421
-0.00012301422377888037,-0.00011834769323572455,-0.00012005393214217573,-0.00011400711483286249,-0.00011990465771314,-0.00011331327602103866,-0.0001194801465595868,-0.00011864553293944115
-8.608744792429271e-5,-8.06387255887606e-5,-8.186262236499469e-5,-7.521822630505927e-5,-8.099483934608435e-5,-7.6968511183755e-5,-8.281865095946411e-5,-8.438405629584307e-5
7.649177006302442e-5,7.595833500970701e-5,7.504735122847094e-5,7.66528627924262e-5,7.539309817588516e-5,7.720617122472428e-5,7.747764789635266e-5,8.444990969586842e-5
1.0627306074583682e-5,1.4261963505723077e-5,1.4222976611650145e-5,1.27841338470569e-5,1.3089050525856322e-5,1.0494167440407535e-5,8.06229240845445e-6,-4.782618335597059e-6
4.440886560995764e-6,9.066128230874379e-6,7.725086040996815e-6,1.177717253338778e-5,7.422936704946679e-6,9.267886761990156e-6,1.4394187276926671e-6,-1.2509538355098587e-5
-2.2610283246941014e-5,-1.9971665921261197e-5,-2.149303469674724e-5,-1.5672179063955837e-5,-2.058277105602262e-5,-2.065590734062358e-5,-2.472973078841361e-5,-2.7885359606387394e-5
-0.000628888837687406,-0.0006308458646480382,-0.0006318127014988619,-0.0006284242892700199,-0.0006296549157270908,-0.0006269845805577899,-0.0006222653535570073,-0.0006113310968161715
0.00017115512712901617,0.00017031561388567177,0.00016956277257969466,0.000172037961385011,0.00017033722674444153,0.0001725033695217632,0.0001730625215650311,0.0001780399352680059
-0.0006288969366589632,-0.0006308539580418517,-0.0006318207919133543,-0.0006284323888347819,-0.0006296630115571571,-0.0006269926873808769,-0.0006222734800452931,-0.0006113392635150222
0.00011783343547366339,0.00011670050779635776,0.00011617006544111856,0.00011766797349008097,0.00011701284010260164,0.00011827085898673949,0.00012028481619428107,0.0001253600436634706
-0.0010400580747319756,-0.0010385006454574901,-0.0010389073208865356,-0.0010349984946114897,-0.0010352429291347017,-0.00103612698445324,-0.0010314836244195392,-0.0010432457847558848
-0.0005152412761673836,-0.0005169858423036251,-0.00051814148996965,-0.0005144203694482526,-0.0005160577604075212,-0.0005130626011244695,-0.0005089928797749426,-0.0004990916472033337
-0.000648807289177782,-0.0006491232637189098,-0.0006499411423163268,-0.0006469070248602579,-0.0006479760902950282,-0.0006458724753080148,-0.0006423841395102032,-0.0006413286478513409
-0.000515249841564854,-0.0005169944024116022,-0.000518150046603727,-0.0005144289358708814,-0.000516066322250606,-0.0005130711746847873,-0.0005090014712124391,-0.0004991002752300297
-0.0005838158557229144,-0.0005855464299365874,-0.0005867118494145435,-0.0005828366205444702,-0.000584552490080516,-0.0005815441600171927,-0.0005774597685800556,-0.0005673782276805883
-0.0008683022340483426,-0.0008662862609957441,-0.000866900068116462,-0.000862782917496622,-0.0008633878510092446,-0.0008639581796041105,-0.0008599000432950583,-0.0008725895482385794
1.8439942342005338e-12,1.5981825968496528e-12,1.618801750735084e-12,1.605262067974127e-12,1.599229070984137e-12,1.5970551345446708e-12,1.6160333709590362e-12,1.6549273718726577e-12
6.110033174676994e-5,6.11511164755366e-5,6.262620237657687e-5,4.790073563083583e-5,5.346000766974682e-5,4.800435589472842e-5,5.0596405650022966e-5,4.5243697000973106e-5
9.28091393236961e-6,3.5917703981506724e-5,4.354489361561462e-5,9.56624803534647e-6,3.1454820427665286e-5,2.890620514937516e-6,-3.035196412841331e-6,-9.2789226338453e-5
6.765855450094048e-5,6.705717130355448e-5,6.803205966754578e-5,5.579390293276114e-5,5.949201550115126e-5,5.514638709958182e-5,5.710568554873486e-5,5.7275506255973615e-5
7.6364984396317e-5,-2.8986312589611683e-5,-2.9448135985595743e-5,-3.3514391050264576e-5,-1.878008485874297e-5,2.472929247023587e-5,0.00012221323376056158,0.0005171002513072579
0.0001309468354669325,0.00013617742231163832,0.00013738077490461025,0.00013016878368924564,0.00012799871748698347,0.00011914998828736058,0.00010463369773108925,3.780285421825432e-5
8.544383958415773e-5,7.778294892505077e-5,7.620915605416906e-5,9.311833176503606e-5,7.868848634623359e-5,8.427004345815306e-5,9.477795968505304e-5,0.0001843753985298145
2.977397711527828e-6,4.640303660699297e-6,2.252700678521336e-5,-7.798583765898108e-5,-5.057886319788476e-6,-3.589775876482475e-5,3.8679724674601475e-6,-6.124988604969823e-5
2.7579481963277754e-12,2.7146944935034145e-12,2.7199412102282617e-12,2.716578465909407e-12,2.7139851601243937e-12,2.71233400886556e-12,2.7130066334700496e-12,2.713844085085204e-12
8.638696150275454e-5,6.957458726196609e-5,7.257617169528996e-5,6.905649286902852e-5,7.478539290983453e-5,7.317032636207578e-5,9.615929133282216e-5,0.00018951296581587172
5.5311632169197584e-5,-6.429438650751527e-5,-6.677788020437814e-5,-7.388265998411873e-5,-6.167199251631261e-5,-1.6551429114932272e-5,8.50280714308946e-5,0.0004539961073838213
4.587044394744469e-6,-3.666146568181293e-5,-4.258449026881902e-5,-3.340697374408456e-5,-3.573864410822365e-5,-6.082824815041913e-6,4.370744612328117e-5,0.00024608540365060984
-2.5999045631731734e-5,-6.776085682600852e-5,-7.662149510264237e-5,-7.448482419353352e-5,-7.203055933407706e-5,-4.1887266358936515e-5,4.9471831054153975e-6,0.00018723490764157482
6.01398070273107e-5,2.1151686543677365e-5,6.805341930995962e-6,6.409930996068444e-5,2.463106981503534e-5,6.92704279936953e-5,9.575406311793916e-5,0.0003303026195102083
0.00036157211722350873,0.00031218662902404617,0.00031579949939115437,0.0003342928620987764,0.0003229359052013184,0.00034919696064044975,0.00040184075543417907,0.0006201964951995081
0.0003615721195662189,0.0003121866313471388,0.0003157995017148214,0.0003342928644218333,0.0003229359075198625,0.00034919696295936597,0.00040184075775061463,0.0006201964975153045
-0.00022977115857226603,-0.00023873595415187888,-0.0002536572772401644,-0.000198024225837793,-0.00025291027935140807,-0.00018327465212953942,-0.00021701732643336549,-9.566927554745376e-5
0.00012098974099486428,0.00012898500447691778,0.00013868598776955928,9.425322185524012e-5,0.0001273378447347345,0.00010586393825500013,0.0001285994863674001,0.00010218532685110935
9.578827660243125e-6,1.2991047819200678e-5,3.6837309260002996e-5,2.5450989794566738e-5,3.696410430372319e-5,2.7755359320626985e-5,6.655737414142867e-5,0.0001258166513968375
4.248832449930009e-5,0.00013068821698292415,0.00013796250700155355,0.00013199783629499844,0.0001153799788681001,5.053648447870077e-5,-8.715807001715822e-5,-0.0005778962018548755
0.0002495525678799049,0.00023221730098606314,0.00023096068337265116,0.00023757883294404017,0.00023397086932401066,0.00023228176112438605,0.0002299313138035945,0.00023150324292416205
0.0003065077512238754,0.00032136767722708954,0.00031568174483551645,0.00031955413531129916,0.00031956580039195395,0.00031608122146722516,0.00031018156337987604,0.0002861807293872146
0.0002481998517970781,0.00024308982413470036,0.00025191972809331077,-7.93623087374078e-5,0.0002535126257354014,9.694574894016634e-5,0.00025033113416208814,-0.00010444504344096146
0.00021172216372268858,0.00019172906878369125,0.00020826104135004644,0.00019605180036320638,0.00020765299481835403,0.0002011236203402204,0.00020632272346885692,0.00020106940575374165
0.00027965875889769074,0.0002748814421768605,0.000380462546182141,0.00022584557637082728,0.00025821035992411453,0.00025283773043798907,0.0002533933677439263,0.00024656505320037273
-0.0001539717750436236,-4.537889805438289e-5,-5.850973665869e-5,-2.7863511800927065e-5,-5.1126182672447344e-5,-3.064492591964475e-5,-4.024737290119833e-5,-2.7912313557295715e-5
3.271738704396226e-5,7.27138912063386e-5,9.089429332027824e-5,3.3313891173019315e-5,6.724147609418196e-5,1.937937565061112e-5,-1.5362354154280253e-5,-0.0002754834152503789
0.00019620656643153908,8.382311861234016e-5,0.00010183908732847103,-1.140568210999959e-7,8.578195871014312e-5,4.758026943702807e-5,7.925524040008656e-5,1.472300507670738e-5
9.687715127327171e-5,9.411482103363499e-5,0.00010140669045800696,8.644315477443642e-5,9.759432672611775e-5,8.187398708762256e-5,9.171833405172047e-5,7.582486399598982e-5
0.00017522992164730066,0.00016461290469049745,0.00017846329562836894,8.918827928399407e-5,0.0001635465399292249,0.00013116395783356117,0.00016142591417372672,8.173426182329758e-5
0.0002643566694259338,0.00023793664844866277,0.0002497243350771795,0.00022134998936424263,0.00024069703130171123,0.00022587578034621972,0.00023122298426269064,0.00019004836328368008
3.940216299042458e-5,4.708124457722048e-5,-0.00014040722134991065,0.000128046300297763,7.11398169714989e-5,7.431161251268022e-5,7.07787317565497e-5,9.403905518030832e-5
7.617680922470412e-5,7.621874196584953e-5,-0.00010458882038844115,8.838509956757519e-5,9.668497930038063e-5,8.415619181424625e-5,0.00010018171300047457,6.00898173240421e-5
7.01284482460246e-5,6.364992542147078e-5,-0.00018867645389998133,0.00015208557949572215,8.484089747312747e-5,9.903884286353732e-5,8.20953657067817e-5,9.1920009051142e-5
-7.022381734023509e-6,-1.858013820242776e-5,-3.56528813124816e-5,-2.1313912777110546e-5,-2.9861834398685417e-5,5.279521332183276e-7,-5.692144385732427e-6,4.1456386022687134e-5
-4.3878946062889544e-5,-2.386012199853758e-5,-2.5747415921827154e-5,-5.2874117998057576e-5,-1.4254477027259601e-5,-3.232227663919027e-5,6.184327312229316e-6,2.9927574361260823e-5
-9.838749237845817e-5,-8.850177587867156e-5,-0.00011953926154913799,1.1328078191892154e-5,-9.962550975893268e-5,-2.493487471054941e-5,-6.47521113466309e-5,0.00011431959719182387
-1.2618138712866355e-6,-4.283414066679306e-6,-1.1557611894635944e-5,2.057592723961957e-6,-9.521376053678898e-6,1.8904686496285925e-5,3.464751765690541e-5,0.00012868571495192884
-6.166588141337527e-6,-6.652834346296598e-6,-1.2921979293364429e-5,4.046715387509876e-5,-5.103985684847503e-6,1.0882235899917163e-5,-1.097754911293011e-5,1.9366073527528918e-5
3.008507552248137e-7,1.2899917999851035e-5,9.876890754174764e-6,7.738798150720686e-6,1.1848254288627026e-5,7.741838049319305e-6,1.354038722021765e-5,2.4068641183809864e-5
4.4961527539766725e-5,3.616133239431084e-5,4.908903843882627e-5,1.9487851746670364e-6,4.111454927464993e-5,2.0675753438404563e-5,4.529474461448575e-5,7.927234047172775e-6
8.676160260319738e-5,9.277520544200831e-5,6.14053987675944e-5,0.0012479741532766457,6.78459900429482e-5,0.0005727584618460357,6.727410214349972e-5,0.0013666881988481606
0.00012163730992536287,0.00012516712148473105,0.00010490186235970599,0.0011824265056063188,0.00010361978403963131,0.0005767699325212004,0.00010833567912618179,0.0013184123827179209
0.00012073099317672823,0.00011581363790525531,7.170296123384655e-5,0.0015252842003301475,7.620732091695624e-5,0.0007288711590132161,7.321715366495641e-5,0.001656449527832163
7.286239092316459e-5,0.00014703006333136186,4.1308587486592724e-5,9.824373546116926e-5,5.2785382717536865e-5,0.00012553434528305793,4.4592390347753404e-5,3.4600499256308943e-5
0.00011916328416313714,0.00019720985159807014,8.700827223862267e-5,0.00011463958866274245,8.630936402711365e-5,0.00017223334537871571,8.28932259378018e-5,5.441719969403571e-5
0.00014085893661291955,0.00023461965661315814,8.27548738110282e-5,0.0002137945836356613,9.265456964998456e-5,0.00027017538273396176,8.090119095631023e-5,8.503035981112934e-5
3.806044300276902e-12,3.785900245975887e-12,3.744025612087155e-12,3.677145408748074e-12,3.6880724868558e-12,3.683056780709869e-12,3.690563130165441e-12,3.701334722199466e-12
9.5090644580559e-5,0.00010486923966301196,0.00011580968476007105,0.00010728051505338445,0.00011463174326100988,0.00010076961185290299,0.00011106143011683,9.587784562676695e-5
9.972742502446143e-5,0.00010190481733482006,0.00011953451982271581,3.246655390345526e-5,0.00010596981471560307,7.592744033721013e-5,0.0001058273104308921,2.1643471841209197e-5
-0.0001826049230647426,-0.00024229979071260004,-0.0002439929772855438,-0.0002338424195528073,-0.00023341339728867564,-0.00019254083588086176,-0.00013087229333974565,0.00014609524111761232
-0.0005339743789114987,-0.0005582942982682566,-0.0005514702706547857,-0.0005855172944792227,-0.0005548572661809319,-0.0005693307859870511,-0.0005438833371089313,-0.0005454849068972574
-0.00037846888531843523,-0.0003809495205519284,-0.00037214719453971135,-0.0004242481145166919,-0.00038612434191419,-0.00041103229132836646,-0.00038697593678479965,-0.0004252114244598877
-0.00032873962224291316,-0.00038794231870935985,-0.0003838805674439099,-0.00043144766468360704,-0.00038581971544683044,-0.00038108102804443767,-0.0002917531688739085,-6.825807764866249e-5
-9.367115244132426e-13,-1.0170653788847998e-12,-1.0097525958415273e-12,-1.0135988700675644e-12,-1.017841649924558e-12,-1.018368767044959e-12,-1.0133632483963713e-12,-9.993855940655548e-13
-2.6218575718209236e-5,-3.354213414941414e-5,-1.03238760641045e-5,3.3622431093697534e-5,8.295152565747076e-5,0.00010585710706314371,0.00012895360490211915,0.0001552096775500474
-8.063849918932122e-5,-7.694301729840178e-5,-5.151886633302869e-5,2.158713446124108e-5,7.135370346891245e-5,0.00011014674288663658,0.0001314093654776304,0.0002005062953788281
9.642170784202389e-5,4.218846765696711e-5,5.5443151999256766e-5,0.00010055037499829373,0.00012993652222254148,0.00017614027191504889,0.00024720857124335395,0.0005191989340904352
6.683037534179895e-5,0.00010957933017668847,0.00016789275665379723,0.00029179564674752405,0.0003968325482356109,0.00043858733846329986,0.0004328124671280773,0.00032998496315200874
-7.615550137845382e-14,-7.487859357039767e-14,-7.537315285647946e-14,-7.58119927106847e-14,-7.643911369361269e-14,-7.666722447506988e-14,-7.78310536051726e-14,-8.026462818560686e-14
-0.00028915843108088683,-0.00024401115351130773,-0.0002657586395242207,-0.00020126872644635514,-0.0002600148240990597,-0.00021520004416264267,-0.0002635887580080586,-0.00023851646092874724
0.00031903046753416117,0.0003089048992387696,0.00030769322689987703,0.00034624861872981506,0.0003111695769680036,0.0003236059710559974,0.00030510994474161054,0.0003169583289463357
9.319168473254638e-5,8.682232404592603e-5,8.640725057458966e-5,7.507232335060338e-5,7.956376375633514e-5,8.776688441559818e-5,8.087929329822263e-5,6.581289329892531e-5
1.5303768213014847e-6,-4.9453779091643645e-6,7.847774333924493e-6,-2.1939539295603517e-5,-1.7692136465231516e-5,-2.892880567077611e-5,-4.939240493458278e-5,-0.00010070748681501619
-0.0002477091791986047,-0.0003467850364272866,-0.00035369081989021576,-0.00035153486566260174,-0.00033321470838188947,-0.00026480729954589144,-0.00010746795512208793,0.0005276145671911059
0.00022065258979077465,0.0002216629455463045,0.00023581977007112816,0.00018075048661995823,0.00021898215358078584,0.00019652277174676504,0.0002068875196700539,0.0001319624348021983
0.00014847927282574927,0.00014381928844722563,0.00015448831931473813,0.00012337693561855672,0.00015828918680344973,0.00015256504802685649,0.00020186764218469824,0.00028239283722565584
-0.00041607703514643074,-0.00045397891758728747,-0.00045395360242898647,-0.00044898444807866666,-0.0004574187492059438,-0.0004433107647493464,-0.0003550018153709903,1.5521447466478695e-5
-0.0004160770324942337,-0.0004539789149614483,-0.0004539535997999032,-0.0004489844454484953,-0.0004574187465800509,-0.00044331076212192447,-0.0003550018127422967,1.5521450105902205e-5
1.4882028102088303e-5,4.5775058804649526e-5,4.8322962883007156e-5,4.623376809722012e-5,4.041317165150894e-5,1.770098902277593e-5,-3.052811858472463e-5,-0.00020241481558777385
1.3004882576693942e-13,9.626226452365615e-14,9.925724749316798e-14,9.942864533385017e-14,9.729106687573006e-14,9.800472029377412e-14,1.0090787095219552e-13,1.1003048095675319e-13
-0.00021544605761507398,-0.0002088526201707135,-0.00020505122870395913,-0.00020855767568341853,-0.0002118489619594343,-0.0002329424790262696,-0.00025117608153091617,-0.00031063657807290127
9.418184286832155e-6,2.8969032880811274e-5,3.058148998282717e-5,2.925932993679517e-5,2.5575728906686072e-5,1.1202181431426685e-5,-1.931991233754935e-5,-0.00012809948848424384
-3.3187512207647816e-13,-3.581980095268543e-13,-3.560780749881769e-13,-3.556483590708252e-13,-3.5735600017193757e-13,-3.5709821414684727e-13,-3.5478787627300363e-13,-3.470429513798678e-13
0.00010706648800281557,7.846563228209206e-5,6.86129733177247e-5,0.00012968703110344094,9.174263368137646e-5,0.00013677704056422953,0.00014825155875755744,0.0003194326733012376
0.00022625190359421682,0.00017268301475727865,0.00019240057334276363,0.00014308673065013182,0.00017927797471007766,0.00017742543163135313,0.0002217747269703062,0.00030049822042324493
0.0004234014857549585,0.0005587935984460382,0.0005441325724711021,0.00035960101641140953,0.0005159702299504514,0.0004102234924508195,0.0003521572670520931,-0.00036425233749632366
0.0006310591396219718,0.0006321903784827366,0.0006345633293987937,0.0006406836286267049,0.0006402480352509509,0.0006460734252167499,0.0006560656364346818,0.000678434312520416
0.0001747844343197524,0.00015499604644237216,0.0001521523421493538,0.00015959592448836147,0.0001510220562952276,0.00015741661122167628,0.0001579689219393941,0.00018962553997616064
0.00022625190195178226,0.00017268301314082618,0.00019240057172370664,0.00014308672902783902,0.00017927797309133346,0.00017742543001180453,0.00022177472535038164,0.00030049821879661847
2.7550735632771324e-5,8.474225691018557e-5,8.945913014606985e-5,8.559145432560284e-5,7.48159247886307e-5,3.2769409941874376e-5,-5.651597149103498e-5,-0.00037472565991870596
8.067652709920066e-13,7.871266849242812e-13,7.8804458817384e-13,7.889872556693619e-13,7.861971351645492e-13,7.869679469703379e-13,7.869327417762669e-13,7.925783965292428e-13
-0.00024770917690787955,-0.0003467850341519822,-0.00035369081761466015,-0.0003515348633832889,-0.0003332147061098599,-0.0002648072972750493,-0.00010746795285864807,0.0005276145694516791
3.0305880098013745e-12,2.9521147572707386e-12,2.9586351189950553e-12,2.960040565289522e-12,2.9519056642052082e-12,2.9504282755447507e-12,2.947955142727873e-12,2.9519173130758484e-12
3.564362921624663e-12,3.469409094059648e-12,3.4771707939426213e-12,3.4777792133022203e-12,3.4689967617778895e-12,3.4673716717582406e-12,3.4659114933767937e-12,3.470695635244866e-12
0.00012659208339870705,0.00012020925164878409,0.00011449441886463165,0.00014984511933502454,0.00012617787975551046,0.00014275683670227223,0.0001469048033794678,0.00021648664729465706
-0.00022455864677821736,-0.00010745000344879947,-0.00010568756619575503,-0.00012493962555151406,-0.00012057902464907718,-0.00015900032558345892,-0.000254858211445859,-0.0005942197331864862
3.5867494181597466e-5,-9.8666911931549e-5,-9.903835243471615e-5,-7.038341848470393e-5,-6.0330374014938486e-5,1.6038128837293547e-5,0.00016506134290454277,0.0008034646777118834
-3.496206050144383e-13,-4.1500678366854083e-13,-4.0914701007918093e-13,-4.1298552828964063e-13,-4.158576773840964e-13,-4.1602174153592414e-13,-4.114197341316805e-13,-4.0088136837952955e-13
4.093557036768138e-12,4.032323645556859e-12,4.038105027388443e-12,4.040321120845956e-12,4.03488676503229e-12,4.038016529086639e-12,4.038570620508636e-12,4.04413153977248e-12
1.6474499199944451e-13,1.1160276689370071e-13,1.1727611752753412e-13,1.1602328979129426e-13,1.10549997004818e-13,1.0930759291450206e-13,1.0851258947615053e-13,1.1190229080262138e-13
-0.00012289720348081443,-0.00019801485545112827,-5.688973082999586e-5,-0.0005277514645684983,-6.344494457016567e-5,-0.0005704470584981081,-5.83897305631049e-5,-0.00017120904411904958
3.580591064440492e-5,5.4580426381168216e-5,3.2004601003923183e-5,0.00012761889359190533,3.893771875463946e-5,0.00013327277605087418,3.1338329728134686e-5,1.834695325484979e-5
8.149381091825124e-5,0.0001090211628693048,9.96626287078355e-5,0.000121153579808518,0.0001022287927072664,0.00012728027896136585,9.483633359111496e-5,5.844235813813049e-5
8.149381080533444e-5,0.0001090211628208097,9.966262865749151e-5,0.00012115357973229164,0.00010222879265789651,0.00012728027888538236,9.483633354172191e-5,5.844235807323392e-5
8.149381078290292e-5,0.00010902116279047533,9.966262862720705e-5,0.00012115357970968841,0.00010222879262829339,0.00012728027886499166,9.483633351270782e-5,5.844235804732772e-5
8.14938108878593e-5,0.00010902116283965562,9.966262867916104e-5,0.00012115357977851563,0.0001022287926791901,0.00012728027893287212,9.483633356328639e-5,5.8442358109150576e-5
8.149381137887731e-5,0.00010902116336996554,9.966262920549845e-5,0.0001211535802994193,0.00010222879320547972,0.00012728027945292268,9.483633408900461e-5,5.844235862988559e-5
8.149381157549884e-5,0.00010902116355412581,9.966262938871092e-5,0.00012115358049002117,0.0001022287933878052,0.00012728027964196002,9.483633427015147e-5,5.8442358814367894e-5
8.149381173240101e-5,0.00010902116370091057,9.966262953706927e-5,0.00012115358064000031,0.0001022287935367749,0.00012728027979305912,9.483633441999797e-5,5.844235896539493e-5
8.149381069958223e-5,0.00010902116274327014,9.966262857926708e-5,0.00012115357964693983,0.00010222879257984386,0.00012728027879989668,9.483633346346872e-5,5.844235798905425e-5
3.5805910495455486e-5,5.45804262284287e-5,3.200460085083123e-5,0.00012761889344026312,3.893771860087859e-5,0.00013327277589789054,3.1338329573762965e-5,1.8346953101291002e-5
6.820157259000485e-5,7.800615624074132e-5,7.028362264919595e-5,0.0001021995524656731,7.075306424252962e-5,0.00010552544760597475,6.604030080392536e-5,5.286136605383587e-5
6.660545934870346e-5,8.638745822423305e-5,7.709689980027923e-5,0.0001034090905330961,7.491690307178894e-5,0.00010804291090910668,6.172659729357869e-5,3.1746450144160774e-5
-2.84794014236159e-13,-3.006834251362084e-13,-3.005887524860731e-13,-3.0238310209716785e-13,-3.0476367784733344e-13,-3.0431491735405977e-13,-3.0341772824325733e-13,-2.981444359851043e-13
-7.456128368067484e-5,-0.00018573503294530612,-0.00020232120416918142,-0.0001444643399991391,-0.00017435544181953192,-8.360233709759934e-5,5.2597730362306446e-5,0.0007213359256734242
0.00014463992988160654,0.00014463358656114882,0.00013681576995640791,0.00016219855794242128,0.00014195747870058873,0.00014712889041079675,0.000132993599792002,0.00013233951475764876
-0.0005308230259117387,-0.0005297026505115945,-0.0005258775875639959,-0.0005431118981895999,-0.0005306613921666975,-0.0005280186975894564,-0.0005305901967628576,-0.0005544112984847629
-0.0003861830986646948,-0.0003850690665515471,-0.0003890618202078305,-0.00038091334285653654,-0.00038870391606035605,-0.0003808898097745875,-0.0003975965995594177,-0.0004220717863245385
0.0002490887790620261,0.00027160366909143025,0.00026571540896255384,0.0002616054216594393,0.00025878933440671097,0.00025641469784391644,0.0002361077375946656,0.0001748910354072122
-0.00015385770639010968,-0.00013513384330340926,-0.00014039813992624856,-0.00013377777015480594,-0.00014312633232142335,-0.0001386305354686437,-0.00016194135711582896,-0.00021602301404618793
4.4755410491332644e-5,5.7030007377664995e-5,4.6936042056786065e-5,7.409651934380619e-5,4.739310071534822e-5,7.412178497299736e-5,4.485170492207145e-5,5.7062469971348164e-5
2.066103828229578e-5,2.8636933533680952e-5,2.222773910298931e-5,3.9231156268816644e-5,2.245621353017537e-5,3.926023432683403e-5,2.086058963995533e-5,2.8820222584779034e-5
4.503913740361875e-5,5.737510110480704e-5,4.7225011601741516e-5,7.453657517644549e-5,4.768417082214976e-5,7.455230273014451e-5,4.513676942491713e-5,5.747415452898627e-5
2.065683476156235e-5,2.8658297517305415e-5,2.2224768283790234e-5,3.93143177589235e-5,2.2453665181516812e-5,3.933148209473564e-5,2.0858851482083398e-5,2.889270228989256e-5
-0.0003085162328863158,-0.0003068982183057864,-0.0003127745668456653,-0.0002960286996302543,-0.00031088354985754147,-0.0002924790041085746,-0.0002981521204398597,-0.0002727293678023866
-0.00031143338419225707,-0.0003098313054435427,-0.0003156820003090059,-0.0002989973359623951,-0.0003137941948383056,-0.00029545315840754136,-0.0003010743399126542,-0.0002757359786303838
-7.650619911818261e-5,-7.841796918113051e-5,-7.951181611131334e-5,-7.815681965164564e-5,-7.90001690888502e-5,-7.471309509884482e-5,-7.11123148189666e-5,-6.318488041891584e-5
-7.812284608709883e-5,-7.997568308166668e-5,-8.111393551802282e-5,-7.961901422070675e-5,-8.060383143826915e-5,-7.619916468441996e-5,-7.273574549059595e-5,-6.47208488531874e-5
1.7147668341077645e-6,1.699692393073199e-5,5.05990816705307e-6,3.686735057764859e-5,5.105993735977554e-6,3.721299150941755e-5,2.3545434594206707e-6,1.5798945266071607e-5
2.6382154508010267e-7,1.5754122296030455e-5,3.6243886382322302e-6,3.6037539637752446e-5,3.6731478788692674e-6,3.631388400625648e-5,8.862262065529919e-7,1.4811845754311987e-5
9.924080277452036e-6,2.340337930718939e-5,1.2771362180436636e-5,4.115831262264736e-5,1.2900993858543547e-5,4.1373680799315006e-5,1.0409188602652254e-5,2.2737630734360295e-5
8.92584736381938e-6,2.2561758683470668e-5,1.1784221828441469e-5,4.0632097916070786e-5,1.1915843153133358e-5,4.079445524750902e-5,9.398687382030968e-6,2.2093063494074138e-5
-1.4975683331616224e-13,-1.8461277727300212e-13,-1.812212871501745e-13,-1.8900276386718413e-13,-1.9194466838958503e-13,-1.9291315577834215e-13,-1.891714821392259e-13,-1.8606240607471747e-13
1.9034232443753121e-6,5.854751649696599e-6,6.180639043630967e-6,5.913426722971202e-6,5.168956673932119e-6,2.263994308016126e-6,-3.904671984848153e-6,-2.5889583972143316e-5
1.7802177261861605e-5,-2.3281758245837764e-5,-2.616016599288611e-5,-2.5405616690841464e-5,-2.3143233738244646e-5,-7.502882267097667e-6,3.523509047222628e-5,0.0001899277951954956
9.857627461631942e-5,6.764928858114902e-5,6.785451780199978e-5,7.048546926771736e-5,7.248892339246259e-5,8.466481479138603e-5,0.0001125954353356781,0.00020620174492309233
-3.256242369070415e-5,-5.287690821442692e-5,-9.06854810034162e-5,-1.850234459117459e-5,-3.185273557582024e-5,-1.6742112055667462e-5,5.542165431433528e-6,8.95563021048809e-5
0.00012067486215775708,8.385742773202003e-5,7.718194349362412e-5,9.796002524806555e-5,9.313496020642383e-5,0.0001079424952799792,0.00011976520767681164,0.0002023597782936158
3.8668629362423616e-5,4.3849900120168485e-5,3.8787544883110874e-5,6.717627021457243e-5,4.2409769751700856e-5,4.4670832749796445e-5,3.090029437117097e-5,3.2694435629795646e-5
-7.913051191130403e-12,-8.082758118338708e-12,-8.037675629995244e-12,-8.142234476215481e-12,-8.038408600142585e-12,-8.167283251371746e-12,-8.030440402822e-12,-8.063289854993977e-12
-7.045782642761887e-12,-7.1795530774275015e-12,-7.144015120857051e-12,-7.2268204282092915e-12,-7.144976928901676e-12,-7.2467507267830565e-12,-7.138691763440302e-12,-7.164601250876427e-12
-6.1438471864560285e-12,-6.244681598969618e-12,-6.217888639441018e-12,-6.2806580749607656e-12,-6.218912397478709e-12,-6.295842090490989e-12,-6.21416905149477e-12,-6.23371756308261e-12
-5.2074207887274214e-12,-5.278319660134212e-12,-5.2594730626788824e-12,-5.303953921943197e-12,-5.260438091951258e-12,-5.314780698694192e-12,-5.2570956231464266e-12,-5.270862153258297e-12
-4.236561030639911e-12,-4.280524851671708e-12,-4.268826726359689e-12,-4.296790810022502e-12,-4.26965056038771e-12,-4.303663323363115e-12,-4.267568250827342e-12,-4.276131798344029e-12
-3.23121887832055e-12,-3.2512481480988866e-12,-3.245901221980504e-12,-3.259140621365122e-12,-3.246533036104609e-12,-3.262473383424504e-12,-3.245570354085582e-12,-3.249509921596428e-12
-2.191239548782227e-12,-2.190334773525934e-12,-2.1905422834717833e-12,-2.1908658636244365e-12,-2.1909574158177874e-12,-2.1910829291923796e-12,-2.190973983874952e-12,-2.190868577022686e-12
-1.1163555667297032e-12,-1.0975172585751164e-12,-1.102482860864427e-12,-1.0917132954851009e-12,-1.102678194648534e-12,-1.0892465823979184e-12,-1.103533762524109e-12,-1.0999623894642727e-12
-6.171704949669724e-15,2.7599619091899357e-14,1.8671925546593572e-14,3.870067301783135e-14,1.8681884834519834e-14,4.341281070225598e-14,1.712746318283932e-14,2.3585792232099555e-14
1.1398616730252813e-12,1.1855654919762743e-12,1.1734714310694267e-12,1.2009162566133835e-12,1.173657903349792e-12,1.2074302466987117e-12,1.1715446893936926e-12,1.1803109625291414e-12
2.322495944176912e-12,2.3771317338757423e-12,2.3626668078808617e-12,2.395677293833078e-12,2.3629895850798327e-12,2.4035453822873537e-12,2.360457572458417e-12,2.370952776407409e-12
3.5427744331398486e-12,3.6033416668913626e-12,3.5873012023919165e-12,3.624021127635133e-12,3.5877110019174976e-12,3.632792235660543e-12,3.5849001303393223e-12,3.596545250715507e-12
4.802221810757849e-12,4.865719959807386e-12,4.848899141670438e-12,4.887467594718432e-12,4.849339340247755e-12,4.896687949735289e-12,4.846389505883441e-12,4.858605527368039e-12
6.103284458727232e-12,6.166712992399018e-12,6.14990687700738e-12,6.188458673374274e-12,6.150314156694682e-12,6.197672041717274e-12,6.14736521650428e-12,6.1595731229012695e-12
6.103289121284342e-12,6.163647530135406e-12,6.147652696270413e-12,6.18437293046187e-12,6.14804227066071e-12,6.1931517913134415e-12,6.145234542689649e-12,6.1568553265833055e-12
4.802235867549868e-12,4.856523642137289e-12,4.842136668582714e-12,4.875210435190991e-12,4.842523751410368e-12,4.883127267789269e-12,4.839997553705e-12,4.850452207679675e-12
3.5431410953499194e-12,3.588357707961116e-12,3.5763738680108407e-12,3.6039431242252604e-12,3.5767062869039084e-12,3.6105457641870884e-12,3.574601542171286e-12,3.5833110511502397e-12
2.3237916305239253e-12,2.356936557236488e-12,2.348151389963764e-12,2.3683668861615702e-12,2.3483907183306163e-12,2.373208202353295e-12,2.346847429908926e-12,2.3532327803902785e-12
1.1429535495259638e-12,1.1610262704592658e-12,1.156235603444798e-12,1.1672576151558593e-12,1.1563582962013483e-12,1.1698959202660174e-12,1.1555165550874269e-12,1.1589987352522178e-12
-0.00015408526094896387,-0.00016231985490513672,-0.00017573576078110567,-0.0001140101815824198,-0.00016416437561562073,-0.0001650088590537762,-0.00016679187734110884,-8.615165766620141e-5
0.00037480435009819735,0.00040019056834586096,0.0003743624033780965,0.00043886030915534917,0.000372533665374443,0.00039553772665525214,0.0003173330559767666,0.00023070933984323103
3.866863053635384e-5,4.384990128105084e-5,3.8787546039804145e-5,6.717627137341642e-5,4.240977089910549e-5,4.467083389858281e-5,3.090029550984844e-5,3.269443675921369e-5
-6.78774695150033e-5,-5.072242478631832e-5,-6.621759461223793e-5,-2.8063531870211805e-5,-6.088619289826434e-5,-5.4625307077484087e-5,-8.689373702350749e-5,-0.00011982966657627517
3.867355954933485e-5,3.082371563420913e-5,3.137101139161745e-5,2.6901070858038894e-5,3.284782378476879e-5,2.9993562608960046e-5,3.5192342347450604e-5,3.776956676243014e-5
7.379723318871199e-5,3.2975429950382583e-5,2.959678932281641e-5,4.604094352664794e-6,2.6787077231860097e-5,4.3890459835257445e-5,0.00010832838612581003,0.0002729678660752876
2.8504560915543163e-5,-6.91583848837072e-5,-6.857383780351397e-5,-7.134282263547527e-5,-6.273099613327866e-5,-2.8600157888670566e-5,5.465423581186493e-5,0.00037474846428041305
4.064603786101141e-5,4.7776934859687626e-5,4.689179870152676e-5,3.86084821889184e-5,4.571089758986594e-5,4.8760866090933564e-5,5.5929317811536486e-5,6.462265768759912e-5
8.537510854063983e-5,7.155580340001676e-5,7.854887142907431e-5,6.554664930316531e-5,8.607643907829496e-5,7.650524479399702e-5,0.00010188038160542934,0.00013156293206577084
0.00012548465078730814,0.00012216741264624404,0.0001228063333719771,0.00012523502310215017,0.00012502856407643233,0.00012106432512501683,0.00012343718623485843,0.00012569194398020386
5.5173922305240165e-5,6.107403357345953e-5,6.070991274990852e-5,5.536867698416681e-5,5.758849869983457e-5,5.5078930272711305e-5,4.687730198885302e-5,8.803692495366768e-6
0.0001735976672447813,0.00016812116519701717,0.00016583796760879092,0.00014990085318788879,0.00016217064208576412,0.000152155178167053,0.00015533424013975075,0.00013585913172645575
6.112094116672255e-7,1.8799960252372974e-6,1.9846392587930404e-6,1.898835361746168e-6,1.6597816095049878e-6,7.269850264938885e-7,-1.253799800672268e-6,-8.313241251015957e-6
0.00013513865654584485,0.0001231441503288005,0.00011841925824653568,0.00012045106984889277,0.00011006984337589564,0.00011419936837988948,0.00010807674889614418,0.00012558047591592486
1.9694293084809743e-5,2.5964211456401343e-5,2.8207707527168244e-5,2.0194181723565364e-5,2.909816460376726e-5,1.846790692824819e-5,1.7846464704353995e-5,-2.0317785105492237e-5
-0.00012289720375138145,-0.00019801485574402956,-5.688973111769973e-5,-0.0005277514648799026,-6.344494486045882e-5,-0.0005704470588178623,-5.8389730854129176e-5,-0.00017120904441844691
0.00011202493583305005,5.751540391532896e-5,5.0605138220691167e-5,5.505888479569009e-5,5.135576731227687e-5,7.488976527716352e-5,0.000116805450001026,0.00030080728263929895
-4.469715286740589e-13,-4.596607569248119e-13,-4.625782561286997e-13,-4.555747151099514e-13,-4.668982837451111e-13,-4.629191912716848e-13,-4.700798436767793e-13,-4.655444373411655e-13
-6.683723923502683e-5,-7.614325438340972e-5,-7.58730022738969e-5,-7.682863245494428e-5,-7.785248706514626e-5,-7.185071068374139e-5,-7.905514785087994e-5,-8.75726302960706e-5
6.68372388986014e-5,7.614325401991794e-5,7.587300190657175e-5,7.682863209739971e-5,7.785248669011074e-5,7.185071031345523e-5,7.905514747084925e-5,8.757262992479651e-5
2.4901993231458225e-5,4.4695531385808035e-5,5.32772879804836e-5,2.634751303802727e-5,4.216489244118859e-5,1.9081686900186215e-5,4.3041925812569495e-7,-0.00012999000000292986
-0.00016640038961876402,-0.00021243462167412565,-0.00026860173919875444,-0.00025904001028093104,-0.0003859854691362844,-0.0003663837411045827,-0.00039467605082669295,-0.000243083352951879
-0.0001702319842284396,-0.00013956649430126,-0.0001374034123197644,-0.00015268579048973775,-0.0001391411746997516,-0.00015596951363444219,-0.00016866208109897197,-0.0002993487905803428
4.463209763627362e-5,1.2856665926888692e-5,1.5985198214864712e-5,8.843324190565658e-6,1.6269994196476596e-5,1.919894718595536e-5,4.17134918967813e-5,0.00012819893414272627
0.00014129563655353522,0.00013459255729021983,0.00013649441385804373,0.00013355032307692095,0.00013593190082903774,0.00013091180104546365,0.00013500299008857168,0.00014780515386223945
0.00011639558783290223,8.39975155549019e-5,8.218729174891259e-5,8.990410141042792e-5,8.530229664645061e-5,9.962622378900435e-5,0.00011506110375776127,0.00020691970539664844
-0.0005759327536989637,-0.0007143332442570773,-0.0007281400102662574,-0.0007150973066639903,-0.0007014937334618093,-0.000603573111602265,-0.00038765144223182487,0.0004884868941107904
1.3037513399529193e-13,1.2093040312817291e-13,1.2189166977840411e-13,1.3061488743993275e-13,1.242392112553826e-13,1.2819066528739554e-13,1.2459379889659728e-13,1.2762175013535855e-13
1.1246696113276057e-13,8.175953051784684e-14,8.561214623385098e-14,8.511976563403039e-14,8.48497207835535e-14,8.481528088747559e-14,8.641366445209356e-14,8.794380173892022e-14
8.912031323647891e-5,5.8175665221956246e-5,6.302273094398776e-5,3.345568495331561e-5,5.945068159141815e-5,5.341663569401713e-5,8.660450512993392e-5,0.0001186647061474739
6.268159592813816e-12,6.124437957553078e-12,6.13801396451522e-12,6.141933079256728e-12,6.1287750170737094e-12,6.134193755530289e-12,6.1352556556014496e-12,6.149413301465444e-12
0.00040075121270453777,0.0004008832640042437,0.0004042133496203786,0.00039536867136172945,0.0004032365297117768,0.0003910166804089786,0.00038950077512234254,0.000369621015997833
0.00040551158685137376,0.0004055435492369803,0.00040894757776087023,0.00039991848819486873,0.0004079733399771525,0.00039558801558876324,0.00039427440449914784,0.00037428473140354966
-5.0016932238914865e-5,-4.996306235907988e-5,-5.1888998992220193e-5,-4.6820814696580396e-5,-5.114888234121412e-5,-4.554874147998565e-5,-4.762810232951064e-5,-4.0476901419940736e-5
-4.995404788552804e-5,-4.992974943180023e-5,-5.1827202351055905e-5,-4.681691190227379e-5,-5.1088222590681316e-5,-4.554755815224078e-5,-4.756452663702874e-5,-4.0471157276297196e-5
0.00010853809580144719,8.842341186322171e-5,9.725726469283722e-5,7.869469799172948e-5,9.350526791416863e-5,8.673786185587565e-5,0.00010354384241355259,0.0001164367282765836
1.197657175340417e-12,6.006796703425853e-13,6.749679895750207e-13,6.507721593141954e-13,6.411994963013199e-13,6.410406847016913e-13,6.837049516674594e-13,7.580228744994315e-13
1.0689279083849249e-5,-1.347076221019133e-5,-1.3749235167222077e-5,-5.621284632375433e-6,-9.987498333627013e-6,1.0279764946205827e-5,3.811684553183983e-5,0.00017409359253981404
1.0689280330364508e-5,-1.3470761166642792e-5,-1.3749234091845954e-5,-5.621283564817424e-6,-9.987497261522648e-6,1.0279766020414764e-5,3.81168466130563e-5,0.00017409359361390497
0.00019329420876519255,0.0002288290347366053,0.00023024374840943416,0.00022822114119593471,0.00022342590523405427,0.00020282060711126337,0.0001689891451730077,2.7998357731339497e-5
-0.00010706648707003211,-7.846563137327833e-5,-6.861297240470247e-5,-0.00012968703019015113,-9.174263276801842e-5,-0.00013677703965006362,-0.00014825155784096506,-0.00031943267237999616
7.998034326589314e-5,8.42868859037679e-5,8.270595131592504e-5,0.00010351276191211243,8.459112599970967e-5,9.42098897306471e-5,7.639779151471219e-5,8.0565549279543e-5
-6.929106395997151e-5,-9.775764796679023e-5,-9.645518632501263e-5,-0.00010913404638932409,-9.457862417781186e-5,-8.393012462718073e-5,-3.828094582522308e-5,9.35280434123526e-5
0.00011834272752985017,0.0001319170882457382,0.00012275594791314796,0.00012927968471442965,0.00011355222638147311,0.00011146261042521542,8.886379917009201e-5,5.6265808929182974e-5
0.00014662535995721855,0.00015197883181211847,0.0001598271274720583,0.00012870649723513975,0.00015642977004501124,0.0001424094833265112,0.00014953574722990912,9.918575620848668e-5
0.00026515395010120145,0.00024303376343328095,0.0002397617386911238,0.0002564831948083898,0.00025254575814781874,0.0002759912888841901,0.000306725483846524,0.00042803863806165716
-5.554154885124025e-5,-7.077896561006212e-5,-8.049924392328839e-5,-4.4371511127237526e-5,-7.421476593284652e-5,-2.4828525853424932e-5,-3.407100312033106e-5,7.863516841474575e-5
2.6458018837043103e-12,2.6503830426724795e-12,2.6509606792086528e-12,2.651793598320993e-12,2.6511806319036857e-12,2.650791242085065e-12,2.648190790714673e-12,2.6408630390829877e-12
-1.3849981540037686e-5,-0.00011363339449257446,-0.00011542065960237421,-0.00011651104806971669,-0.00010134220478686819,-5.3938666009907195e-5,5.74990565654174e-5,0.000482515391957721
0.000169290569612167,0.00012795308699754687,0.00012958817761510555,0.00012913392793330888,0.00013104342953929848,0.0001428017626555159,0.00016636767377155694,0.00028967286439906354
-2.0717232607815358e-16,-2.7625969702821634e-15,-2.6322955511118456e-15,-2.149698690842517e-15,-2.9118719189349977e-15,-2.8745242187129388e-15,-3.4476689087904633e-15,-3.2918383517603026e-15
-1.919669678475661e-13,-2.545970669251035e-13,-2.501455036423879e-13,-2.4997771978416656e-13,-2.558394760989432e-13,-2.5621330650052386e-13,-2.549700892812067e-13,-2.451390283375912e-13
5.659794913606675e-5,0.00017409013862549537,0.00018378035407012308,0.0001758348338533958,0.0001536981230782337,6.731947928078162e-5,-0.00011610493760764659,-0.0007698231761593783
5.659795775791977e-5,0.0001740901501399698,0.00018378036531283487,0.00017583484523699697,0.00015369813453829453,6.731949074622264e-5,-0.0001161049263624349,-0.0007698231653787879
0.0001062401686107372,3.8740448605169944e-5,3.741025873438449e-5,4.0503262434691384e-5,4.3884401702539236e-5,6.725767968706959e-5,0.00012540133694778925,0.0003641128394891939
-6.273468532232336e-5,-0.00013361243296740777,-0.00013147972468136593,-0.00015254998523411454,-0.00012843103138504886,-0.0001131864497236862,-9.511852401307041e-6,0.0003101697273579022
0.0001590036563760284,0.00016056162147863958,0.00016124487003897864,0.0001393374705676833,0.00014600109583109858,0.00013517439285692183,0.00014186502497293434,0.00013319981073970705
0.0014635765904877666,0.0016594672369540508,0.0016123704696473398,0.001897556254599057,0.0016494876209151583,0.0016420785746119127,0.0012111773162919708,0.00039169524390498747
9.557481248662509e-5,6.325035377055096e-5,5.387314243312845e-5,9.028645559672207e-5,6.711424229869509e-5,9.873547869154462e-5,0.00011529222328419104,0.00026361375823957735
0.00011646240302222026,8.86611776008015e-5,9.383666514843237e-5,5.322502527570789e-5,9.336102997776933e-5,6.90855310727417e-5,9.694456348095885e-5,8.175392758158541e-5
-5.279633325899975e-5,1.6107447803095623e-5,0.00017527111327426116,0.0005116964826137469,0.0008055819915713956,0.0009507417451351445,0.001018435807217549,0.0010247729942239271
-5.055661912978283e-11,-5.2548532148882986e-11,-5.22336956400209e-11,-5.28837565070362e-11,-5.240060204914104e-11,-5.314820727171874e-11,-5.229847439652024e-11,-5.2230962227227273e-11
-0.00015556339871478016,-0.00018727925948559102,-0.00018716286030948624,-0.00019232911421744955,-0.00017790807371265466,-0.00015100117540190752,-7.366203653736553e-5,0.00016647362532969646
0.00015084688050146538,0.00016271734951317366,0.0001675662772944377,0.0001609160434226639,0.00016224599158245115,0.0001447656570382423,0.00011598770339825789,1.0518989279215905e-5
0.00026494085075158254,0.0002748073284118997,0.0002799395071672715,0.0002681044855988102,0.0002729074486050326,0.0002520948478393464,0.00022443797345606475,0.0001055954760109291
-0.0004807207925414624,-0.000508760788489226,-0.0005069105819031872,-0.000514322738275237,-0.0004982927564088154,-0.0004681829149216373,-0.000381438901739045,-0.00011291118607041686
0.00017000958443355745,0.00018216974509023868,0.0001852940556866085,0.00018297506149950827,0.0001806783294945402,0.00016499317058453234,0.00013304162272671593,2.7249919205707044e-5
3.867355135912809e-5,3.0823707456946926e-5,3.137100323160756e-5,2.6901062678924407e-5,3.2847815646651795e-5,2.9993554435759757e-5,3.519233423767741e-5,3.776955867131996e-5
1.8574523094541382e-5,-9.878897374008377e-6,-1.414025963257602e-5,-3.687213337770178e-7,-4.263548155161009e-6,-1.806709243490951e-6,1.7883579514410805e-5,8.791756669594343e-5
-0.0006790030033872553,-0.0006981993152727715,-0.0007028363045135066,-0.0006666468798257186,-0.0006928515064025107,-0.0006709083247124787,-0.0006792956841369457,-0.0006194977852135757
-0.0001216146034301377,-6.531282467311676e-5,-5.347143443959606e-5,-0.00010286035038923128,-7.279019091511218e-5,-0.00010628430727588742,-0.00011138790128687827,-0.0002494904048214367
-0.00016174964994421784,-0.00015804787848393024,-0.00016081121903962996,-0.000152252329011452,-0.00016059734077552453,-0.00016471490533100905,-0.0001826445132907085,-0.00021760359444399001
-7.07250787583928e-5,-7.927735749246664e-6,2.3972557116925e-6,-1.3898384681678853e-5,-8.213143140623782e-6,-1.3120881808453198e-5,-2.7410936769147967e-5,-0.00010488529900517968
0.0001474251754387696,0.0002021160296422199,0.0002136895102302505,0.00018920264821418033,0.00019295503216001282,0.00019715252113955956,0.00016497682997499078,5.6960136273131556e-5
-1.6421041840650938e-12,-1.6713004249146613e-12,-1.66988658214711e-12,-1.6649930098303152e-12,-1.6703172544056424e-12,-1.6667937199745661e-12,-1.67056203743254e-12,-1.6665464774109348e-12
-2.8097179462525582e-5,-4.4474551734615306e-5,4.449727533865178e-6,-0.00017729635539498028,1.934798208117005e-5,-0.00017665502235542056,8.409328753875919e-6,-0.00012749435542847094
0.000224735122649775,0.00011087119401869343,0.00013844332508759657,5.3300660713243605e-5,0.00013306238677777382,0.00010933452778976359,0.00024579290684998356,0.0005507472347087093
-1.7891440169305554e-5,-7.398403136097759e-5,-5.367896352968389e-5,-0.00013327941451884092,-5.3702617304241424e-5,-8.697199065428612e-5,3.293927960925776e-5,0.00016221867387956342
0.00018177521382819616,9.244609682905583e-5,0.00010242317341688492,0.0001322762296412011,0.00015913438650200478,0.0002080027494722863,0.0002900343420650927,0.0006209693990347166
-0.00032857846526762537,-0.00041412302615789857,-0.0004141516027253789,-0.0004409134174519441,-0.00041307533891196484,-0.00037897476605932217,-0.0002609236029891944,0.00013638148508617236
0.0002297456299675764,0.0002540611860637343,0.00024440933526070994,0.00031256073055357795,0.000266099036848287,0.0002767115622335396,0.000210685815410497,0.00011717105051267879
-0.00025478443044962595,-0.0002673781141772943,-0.0002697470958512132,-0.0001969107203435461,-0.00023929150958179227,-0.0002425848894117608,-0.00021359226631759685,-6.814529868411784e-5
-3.1035763128442495e-5,-0.00019429968385462402,-0.0002192936499795703,-0.00016598009715201536,-0.00022141831982713507,-0.0001498974460601476,-3.3761657846304385e-5,0.0006220482870611757
0.00010706648707119775,7.84656314074457e-5,6.861297243653306e-5,0.00012968703021986306,9.174263280188296e-5,0.00013677703968288296,0.00014825155787390957,0.00031943267240575697
-0.00012080828419627628,-0.00011606427754469388,-0.00012737718430587373,-9.309520398374961e-5,-0.00012968675182315034,-0.0001153553172059083,-0.00014844879442545904,-0.00013521480724723597
0.00016175045466356065,0.00015805035670126284,0.000160813835295038,0.00015225483208786117,0.00016059952852295163,0.00016471586268258418,0.00018264285790325343,0.0002175926273624297
1.7000233896049627e-13,1.5076698213610077e-13,1.5369557408486386e-13,1.5429593101385272e-13,1.5260674182454927e-13,1.534919398485542e-13,1.581020611561813e-13,1.7159376977808522e-13
3.7219218885395646e-5,2.5598219295899176e-5,2.3336184161611926e-5,2.832135252467185e-5,2.6164128333728514e-5,3.192970654046445e-5,3.396829463387822e-5,6.116564086328532e-5
-1.19586530490434e-5,-7.511126096963142e-6,-8.139271138777281e-6,-5.550114922007972e-6,-4.671490584203249e-6,-4.8250691082174214e-6,-6.366531168384491e-6,-1.854293894463805e-5
-7.812571201178616e-5,-0.00019635583141754316,-0.00019669163637870053,-0.00018466703765660658,-0.00017596389706933164,-0.00010853714721929949,2.7742543229043237e-5,0.0006091274089948759
-4.912902800272666e-11,-5.106209881746959e-11,-5.076127571115982e-11,-5.1379747998315574e-11,-5.092704018675153e-11,-5.16361524066381e-11,-5.08279507608084e-11,-5.0752707556116115e-11
-5.55415487891449e-5,-7.077896551387926e-5,-8.049924383524441e-5,-4.4371511023863524e-5,-7.42147658457078e-5,-2.482852574691623e-5,-3.407100303487348e-5,7.86351685052882e-5
-0.00026476347079240566,-0.0002983917465618108,-0.00028655891124250557,-0.00023378802031673253,-0.00020046203211082416,-0.00014492475096015628,-6.478610908369023e-5,0.00023989106039291717
0.00017802288278324097,0.0001438860611434865,0.00014991573764075434,0.00015986098004611753,0.00017563828466728068,0.00019250449872866495,0.0002265706321404722,0.0003327635336958444
7.230059182378285e-5,8.748499841232192e-5,8.136201301888135e-5,9.150569197912453e-5,7.629885464782245e-5,7.547114941062075e-5,4.063054686224263e-5,-4.992035761148133e-5
-4.010805173407105e-5,-4.698047571434383e-5,-5.8409963920249164e-5,-3.0105426658625026e-5,-5.0275347931973816e-5,-3.868563333053122e-5,-2.79488109432602e-5,6.157199577874581e-5
-0.0003784998260499558,-0.00040084788722324937,-0.00047609091433612713,-0.0006044947297051593,-0.0007477611241625482,-0.0007786400648026963,-0.0008385066301328937,-0.0009174929242099531
0.00018997585672997808,0.0001471042821904453,0.00016853097340885343,0.00013481287484204976,0.00017080967597275196,0.00016938778726559815,0.0002482374212440962,0.0004151319597606688
-0.0002344081955536704,-0.0002202676803882355,-0.00021536837723500947,-0.0002365390522176609,-0.00020719180401653948,-0.00022470259953524165,-0.00018664428677705314,-0.00016746967036285418
0.00023884507070665628,0.0002259404692691219,0.00021051984670318767,0.00031195506142303234,0.0002235540322040795,0.0002693190024705441,0.0002532470206846677,0.00043615572859133215
3.932763695735776e-5,3.791737681953552e-5,5.3284901832317266e-5,-4.120728118355608e-5,3.8998064905352816e-5,3.6627965710844774e-6,1.1873242957948288e-5,-0.00015631040396684159
0.00015200379402461684,0.0002115267926330648,0.00022609767920161243,0.00010913624286353134,0.00020512490819994816,0.00013786462140530457,0.00011329807515913586,-0.0002542168456516197
0.0001899758561500976,0.00014710428165584416,0.0001685309728692993,0.0001348128743027882,0.00017080967543523984,0.00016938778672876477,0.0002482374207032509,0.0004151319592089187
0.0002332889427810126,0.0002723913889003843,0.00027233500486511933,0.0002517217129888659,0.0002608916849783118,0.00023426839102022972,0.00018271633171245146,-6.099129791051611e-5
-0.00012756625492483313,-0.0003173399586730335,-0.00031435143576740896,-0.00030338214040588884,-0.00029595631039488644,-0.00022659658070212188,-7.943004788269541e-5,0.0005983594516561344
0.00027801406457793885,0.0003079249187941276,0.0003128879117707923,0.00028914396427581713,0.0003100659911100663,0.000290508679015496,0.0002816273944061479,0.00016579809754778256
9.760832185428262e-6,3.002297084137106e-5,3.169409162124069e-5,3.0323829351473586e-5,2.6506213230149375e-5,1.1609733906820838e-5,-2.0022800753960422e-5,-0.00013275994581996448
2.794894771593255e-5,8.596710236568364e-5,9.07521522276122e-5,8.682857388966545e-5,7.589729727364627e-5,3.324305155925808e-5,-5.733284068935669e-5,-0.0003801418603679225
1.8849669313183932e-13,1.5814975168627755e-13,1.6039718639375195e-13,1.6004518306790399e-13,1.5809087799609365e-13,1.5820957368413255e-13,1.604639521704269e-13,1.6923642605565412e-13
0.0002719667934818548,0.000293911874834888,0.0002944743814301581,0.0002825768868238729,0.0002832873276951157,0.0002903044956586466,0.00025370510310387403,0.00013705638233396346
-9.287263732815256e-6,4.939446494899978e-6,7.070127622631845e-6,1.843584779655171e-7,2.131771889729681e-6,9.03352432367428e-7,-8.941791947384407e-6,-4.395878553434394e-5
0.00016930947072183795,0.00017636776218097318,0.0001751845465905751,0.00019884060161249264,0.00017558295127864443,0.0002108022186248148,0.0001781754314074198,0.00016710510760153103
-9.287263862155662e-6,4.939446373454972e-6,7.070127500894522e-6,1.843583594342464e-7,2.1317717697616686e-6,9.033523116646761e-7,-8.941792066673481e-6,-4.3958785653302644e-5
-7.812571257773792e-5,-0.000196355831984541,-0.0001966916369457019,-0.00018466703822114179,-0.00017596389763576556,-0.00010853714778450652,2.7742542661092128e-5,0.0006091274084243993
0.0018205690202458078,0.0021621418613654293,0.0021058661213431105,0.002427125658500572,0.002120266850807366,0.002039825817149535,0.0014525694184662295,0.00015548884284422807
0.0006140020153177603,0.0006088205775765132,0.0006072670406582043,0.0006169154764361228,0.0006204654944400143,0.000638702172595607,0.0006694041612003973,0.0007266429911590358
9.91329932066548e-5,1.4405119325353643e-5,5.947417824110098e-6,4.167901154316312e-5,2.324491482253377e-5,7.29612959250061e-5,0.00013541851111780444,0.000477234432339497
8.999243818886195e-5,2.7455742308472442e-5,3.560390039388042e-5,-1.309222213009736e-7,3.3837747474300197e-5,4.403649516706876e-5,0.00011396523280896564,0.0003131718362286669
6.683361167988719e-5,9.314433036389596e-5,9.396872568379942e-5,9.79721110438165e-5,8.957185955319037e-5,9.135944055590368e-5,6.728535758314389e-5,7.96572811298225e-6
5.158863622206267e-5,5.9784459197355944e-5,6.55498686882025e-5,5.404012502064025e-5,6.249410744131403e-5,5.483968759649616e-5,6.871610542419406e-5,7.052135053067823e-5
0.00013254656491804633,0.00013478426848918243,0.0001467805639517878,6.415298751539992e-5,0.00013272621292618894,0.00010999371744756565,0.00014269547723438298,7.925211697867965e-5
0.00012174380615996436,0.0001190151158807662,0.00011595496390290133,0.00013178927368897287,0.00011943145054150734,0.00012533097038339622,0.00012689366669676623,0.00017232945988721038
3.5823704789231824e-5,-3.378301149123695e-5,-4.2668080185930235e-5,4.648943484646914e-6,-1.1079029483937519e-5,3.635226636544691e-5,0.00010014538355716984,0.0004148184680529893
4.297996688670083e-6,2.01421948646657e-6,1.0439784939564742e-5,-1.1339011168492815e-5,1.1568638757111666e-5,-1.953796108544159e-6,2.6560564699679395e-5,5.105769952196509e-5
0.0001482892640680793,0.0001558904552465046,0.00014863463573098332,0.00017784429406936058,0.00014476153939571825,0.00015012154323210204,0.00013521764082465536,0.00014093791043436686
0.0003694635733470572,0.00032131974377515684,0.0003050589585604207,0.0004729276197948772,0.00035358482470872784,0.0004612327424818955,0.00048056097585721263,0.0008908534848247357
-0.0003441390382699842,-0.00030438324938244376,-0.00030672410287698896,-0.00026782980967110075,-0.0002869617806279468,-0.0002593453365968531,-0.0003237661289250189,-0.0004154316587932976
8.168694488631615e-5,7.893517665561568e-5,7.710850607173462e-5,7.860843716910176e-5,7.135043215082627e-5,7.58999589057498e-5,6.89611665669551e-5,6.65926732030608e-5
0.00011012415278783348,0.0001252771537396115,0.00012214326207991272,0.00014274149196706165,0.00013002762153008159,0.00012495895827444573,0.0001263636130991476,0.0001364623565813086
9.42078089076032e-5,9.728445086867758e-5,9.5218416878225e-5,0.0001027241718997812,9.415230578502103e-5,9.507139296805938e-5,9.12649957927316e-5,9.256092809362213e-5
9.420780801615523e-5,9.728444997717202e-5,9.521841598473046e-5,0.0001027241710078635,9.415230488970199e-5,9.507139207290954e-5,9.126499489441453e-5,9.25609271942372e-5
9.420780824981828e-5,9.72844502024325e-5,9.521841621088433e-5,0.00010272417123584851,9.41523051156153e-5,9.507139229942173e-5,9.126499512108434e-5,9.256092742495738e-5
8.168694479183186e-5,7.893517656148795e-5,7.710850597525831e-5,7.860843707315956e-5,7.13504320517655e-5,7.589995880653826e-5,6.896116646388705e-5,6.659267309505624e-5
1.0022977596049312e-5,2.6027599328860276e-5,3.3607156051765645e-5,5.2928144653164344e-5,6.561616815360565e-5,6.542201287180693e-5,6.629715169273812e-5,5.0570403511365074e-5
6.799134707057467e-5,9.203257680680967e-5,7.682349090092918e-5,3.746754150169628e-5,1.2305720274146192e-5,-1.6380366513282468e-5,-3.6464119217240784e-5,-0.00013073585388618806
2.6893220387890386e-5,8.27198317771354e-5,8.732413401190291e-5,8.354876258848365e-5,7.303039751377619e-5,3.19873479062388e-5,-5.5167184465299707e-5,-0.0003657826082478915
-9.814224583316132e-5,-9.552606193773786e-5,-9.436294899750341e-5,-9.465924964869096e-5,-8.885058550543571e-5,-0.0001005752761827677,-9.895305573394997e-5,-0.00010999783723938643
1.1079445452381361e-12,9.897700623485136e-13,1.000274669864715e-12,9.90771732921727e-13,9.90955422407441e-13,9.891817194604567e-13,1.0001171344033427e-12,1.0169698857192057e-12
4.1386248934796116e-13,5.671657741028561e-14,8.872476990907744e-14,7.115863857295407e-14,6.174751100939285e-14,6.023923295981536e-14,8.743910447209118e-14,1.4490968441778224e-13
-1.7156252602782194e-13,-4.1237307289996235e-13,-3.903944613975726e-13,-4.019426911834589e-13,-4.0824758010027057e-13,-4.090113989917896e-13,-3.9065263594160467e-13,-3.517303776453368e-13
-1.2631722103119363e-12,-1.6390983014270788e-12,-1.6039309389048295e-12,-1.6215176546073261e-12,-1.630977662254134e-12,-1.631740800386083e-12,-1.6028781000472572e-12,-1.541770419014619e-12
-1.5100954279006855e-12,-1.7934674229438848e-12,-1.7665299289230726e-12,-1.7801107800028156e-12,-1.7862415366463855e-12,-1.7869251930775316e-12,-1.7646212988519078e-12,-1.7184530954455536e-12
-3.3463246815934985e-13,-3.452728302256314e-13,-3.440331095983551e-13,-3.4454126494979246e-13,-3.444977319172901e-13,-3.4447769130799415e-13,-3.4349140851868196e-13,-3.416799222513358e-13
1.068929143311329e-5,-1.347075028536009e-5,-1.3749223178249463e-5,-5.621272656215809e-6,-9.987486354836742e-6,1.0279776933122473e-5,3.8116857530487184e-5,0.00017409360453579062
7.652127164657995e-5,5.643877443990998e-5,4.937839829547137e-5,7.407782979356432e-5,5.492495166275579e-5,8.953049603327364e-5,8.230294747600014e-5,0.00014837262362690453
8.568874445059836e-7,1.6363123021152455e-5,2.105260914013713e-5,-3.3283277048225872e-6,6.559833232481509e-6,-1.695124937229575e-5,-3.285972672087896e-5,-0.00011884628728721249
7.251513228785474e-5,9.019503540567157e-5,9.47146940398338e-5,8.043105353596368e-5,8.753941571562241e-5,7.161051183744051e-5,5.9198650810374164e-5,-1.960781414897183e-5
4.156688954344135e-5,-4.4306270160588486e-5,-4.315232141822748e-5,-4.772198998346973e-5,-3.595286812468922e-5,-5.495242552513977e-6,7.392459907315823e-5,0.00038383457643330533
0.00037913166329040806,0.00032381931187230395,0.0003237640573911133,0.00032523279924894687,0.00033006088818091507,0.00035737497974209587,0.0003982390838271088,0.0005593125922042938
3.867354761274519e-5,3.082370369668022e-5,3.137099948525349e-5,2.6901058902500152e-5,3.284781190562103e-5,2.999355066403141e-5,3.519233050680389e-5,3.776955492716793e-5
3.867354808184893e-5,3.0823704157034533e-5,3.137099994553661e-5,2.6901059359198697e-5,3.284781236359879e-5,2.9993551116508494e-5,3.519233096333174e-5,3.776955538676666e-5
-9.676587238266018e-12,-1.0060643944404211e-11,-1.0013855899482367e-11,-1.0084978535019808e-11,-1.0049961102181248e-11,-1.0138212824930337e-11,-1.0037610968766675e-11,-9.99819213772236e-12
0.0004309269961449692,0.00044071404108026076,0.0004918157176913704,0.0006577411955504773,0.0007473134605857755,0.0008192500137659405,0.0008320276288358994,0.0008709330129375894
-7.985370221219193e-5,-0.00015228086680649024,-0.0001738341048494722,-0.00024307977702794909,-0.0002739302930515201,-0.0002851886863136575,-0.00024287874350647007,-6.872883132130065e-5
3.735964964410175e-5,2.4891560149629083e-5,2.1280680727467657e-5,2.261155478406043e-5,1.717481867843049e-5,2.2196074013950434e-5,2.3371417291437736e-5,5.034629182652709e-5
0.00012659206508758945,0.00012020923350107695,0.00011449440067390328,0.00014984510118587696,0.00012617786157681108,0.00014275681853938952,0.00014690478520513136,0.00021648662909702366
0.0001265920639289947,0.00012020923232658462,0.00011449439950711086,0.00014984510001376256,0.00012617786041325794,0.00014275681737451485,0.0001469047840453526,0.0002164866279518924
0.0001265920634020636,0.00012020923182411017,0.00011449439900688547,0.0001498450995116581,0.00012617785991932755,0.00014275681687966134,0.0001469047835517704,0.00021648662746533636
6.13987723928955e-6,1.888541509520173e-5,1.9936603899021237e-5,1.907466479273023e-5,1.667326128143668e-5,7.302895951323344e-6,-1.259498727729538e-5,-8.351028292869828e-5
-1.2649559923586618e-12,-1.3095963105412629e-12,-1.3047097755446319e-12,-1.3051954954993147e-12,-1.306065078135417e-12,-1.3063113621331025e-12,-1.3047602434457568e-12,-1.290629053788162e-12
-6.038109350574917e-13,-6.453005059397101e-13,-6.375426712279052e-13,-6.374678204102355e-13,-6.360801941151225e-13,-6.365244675162356e-13,-6.361318200864559e-13,-6.165138552872609e-13
0.0001248258375426512,0.0001931238710190178,8.6873952161503e-5,0.0002177678620855241,8.468621686770898e-5,0.00023481118722177107,-3.8737796049897616e-5,-0.00033989777702629175
2.0492372328841366e-12,2.0275838727174997e-12,2.0298902265545455e-12,2.030765232894204e-12,2.0273909275660044e-12,2.0266633553697682e-12,2.027563585811528e-12,2.030493795032207e-12
0.00016308775672848835,0.00015051261433772254,0.00014613222859397208,0.00016208525933728246,0.00015090102980219521,0.00015520089904507795,0.00014993000993008827,0.00018659908203292545
0.0001248258359288117,0.00019312386945947435,8.687395059566098e-5,0.000217767860527212,8.468621530855958e-5,0.00023481118567015934,-3.873779761222007e-5,-0.00033989777859916884
3.7568691930832946e-6,-1.4228021575528527e-5,-5.99417549576138e-6,-2.4650570061227e-5,-1.0006685780734892e-5,-1.3446455068795695e-5,9.951424059474805e-6,5.4455360461346514e-5
0.00022249503074327193,0.00018691103273148668,0.00019839474523204704,0.00016773729710001646,0.00018928465688639365,0.00019087188309390931,0.0002118232993029958,0.0002460428563390146
4.556111591790186e-5,-1.3726363247759858e-5,-1.3763773885127114e-5,-7.781533687035759e-6,-1.310598115663452e-5,1.1498668682345454e-5,4.916526703685886e-5,0.0002303607364332648
0.0002582012420414739,0.0002586755862567146,0.0002654971166169212,0.00024086092324758008,0.00026328246178981623,0.00024573212815413696,0.0002389522016030256,0.00014506621487594395
0.00015919708370758397,0.0001775257769462993,0.00016752144668231658,0.00021116571214395267,0.00016992810828599702,0.00020511105166643945,0.0001593939401528556,0.0001314860799662656
-9.287264171224849e-6,4.939446065035269e-6,7.070127193368737e-6,1.8435803813578396e-7,2.1317714443105467e-6,9.033519886692678e-7,-8.94179239416801e-6,-4.395878599406293e-5
0.0004626693983821929,0.0004629634129212808,0.0004556181617798233,0.0004820372521510196,0.0004564423522799587,0.0004827471498615104,0.00045731192209908466,0.0004787923749133482
-3.64416384824413e-5,-3.6585903906532336e-5,-3.6401793204495e-5,-3.605545821385421e-5,-3.616484437386399e-5,-3.56089906623744e-5,-3.58203009505198e-5,-3.427032060950784e-5
-1.0796721023882996e-12,-1.0500544290518579e-12,-1.0506462941488806e-12,-1.0480110028499545e-12,-1.044603790874704e-12,-1.0432515338702817e-12,-1.0417783254248684e-12,-1.0439034407668103e-12
-4.248912571026885e-11,-4.41669234921679e-11,-4.392260938589435e-11,-4.441400861181918e-11,-4.407893320987184e-11,-4.463607198828147e-11,-4.3993794228506564e-11,-4.389461835693966e-11
0.00011710167709466646,8.433933947079358e-5,8.10789918354789e-5,8.465639703296164e-5,7.579416173623839e-5,9.181995074669845e-5,0.00011549452374562581,0.00024632926668506844
3.8673550899075836e-5,3.08237068980717e-5,3.137100262824102e-5,2.690106216883316e-5,3.284781496331635e-5,2.9993553854417995e-5,3.519233344605169e-5,3.776955785026815e-5
-9.294899022704591e-6,-1.80013707062266e-5,-1.2536379094037865e-5,-4.3741658836977675e-6,-7.83533897156667e-6,8.637217025712399e-6,4.726609018449795e-5,0.0001921580569814588
-9.294891481716802e-6,-1.8001363441959826e-5,-1.253637179722849e-5,-4.374158601892515e-6,-7.83533170258847e-6,8.637224278821662e-6,4.726609744673495e-5,0.00019215806426197993
9.278556142687503e-5,2.9404628070164573e-5,3.160555633102852e-5,2.520601718714578e-5,4.008404905404686e-5,5.8901775736110104e-5,0.00011988583078671542,0.00033084510182662425
4.4381798019547396e-5,7.4215595508508e-5,8.287493429622018e-5,5.356178163496757e-5,7.003076373549479e-5,3.472631782204578e-5,1.0909279689275668e-5,-0.00015133130653535823
0.00012659206662535023,0.0001202092350735213,0.00011449440225797348,0.00014984510275833232,0.00012617786317546112,0.0001427568201325342,0.00014690478680270426,0.00021648663072008572
0.00012659206438572057,0.0001202092328241583,0.00011449440000665424,0.0001498451005097588,0.00012617786092126914,0.0001427568178801034,0.00014690478454948191,0.0002164866284641741
0.0002039254246887894,0.00017221306787588108,0.0001573526307592624,0.00020027734034648727,0.00017032426397426244,0.00019902892453396877,0.00021375500317137244,0.00038533499856850055
9.319167807205273e-5,8.682231744288715e-5,8.640724396663106e-5,7.507231674634565e-5,7.956375715456146e-5,8.776687780908749e-5,8.087928667488557e-5,6.581288664046835e-5
0.00018879699234613617,0.00017756075112800599,0.00021359384977505863,0.0001531455109165147,0.0002267741060829152,0.0001901890037516507,0.000249446532084332,0.00022740090545076948
8.788026726714088e-5,-5.872507191731851e-5,-5.791740119901383e-5,-5.23326615366046e-5,-3.9220692213670966e-5,2.5348598503266853e-5,0.00013509686574193612,0.0006164162967764121
5.4717360673271005e-5,-8.030835120012588e-5,-8.182867884458497e-5,-7.25966159461875e-5,-6.441975636836004e-5,-1.3543891449007455e-5,8.217223734222541e-5,0.0004493015334788346
0.00018673187141475143,0.00014136091940935354,0.00012129974197287721,0.0002139444105126196,0.00015080893077974215,0.00021202724591744412,0.00024265884770807835,0.0005467892480263857
-0.00018314053424706546,-0.00024158646485379902,-0.00024500882057830123,-0.00024564495933975363,-0.0002323856176681637,-0.00019674041201731275,-0.0001088686005700211,0.00019284254404490245
1.1004938885296514e-11,1.0799337946253699e-11,1.080718163060663e-11,1.0818287851639e-11,1.081530792721371e-11,1.0809083155405945e-11,1.0806290761465239e-11,1.0719971299214018e-11
1.1004937418892839e-11,1.0799338162173032e-11,1.0807181850876452e-11,1.0818287456097881e-11,1.0815292618950804e-11,1.0809082496460638e-11,1.0806306649740561e-11,1.0719970818531463e-11
1.3302625513024815e-11,1.3049981711442356e-11,1.3063156283051065e-11,1.3073324408314927e-11,1.3069903220545385e-11,1.3062081804314942e-11,1.3060449176516921e-11,1.296225660743339e-11
1.330262697942851e-11,1.3049981495523791e-11,1.3063156062781336e-11,1.3073324803856036e-11,1.3069918528808479e-11,1.3062082463260238e-11,1.3060433288241281e-11,1.2962257088115943e-11
-6.441872701247691e-6,2.8703121175671445e-6,-4.009761930333197e-6,1.4052749681693038e-5,-4.102270371698708e-6,1.3913896553141164e-5,-6.554269530905215e-6,-6.574424131212056e-7
-4.766165696513841e-6,-5.430890072497099e-7,-3.7172022842288382e-6,4.705955399801033e-6,-3.7768478949029993e-6,4.7807211224308425e-6,-4.6809691535745034e-6,-1.8460344177916675e-6
-4.1707263310312196e-6,-1.6396523980002605e-6,-3.3780056298670717e-6,1.0100683165925662e-6,-3.430045763446791e-6,8.496969935141165e-7,-4.32905143332173e-6,-3.2019003695056352e-6
-2.3590635465376267e-6,-4.932532740957019e-6,-2.950801096509083e-6,-8.244459110874812e-6,-2.970194731655154e-6,-8.187238605836632e-6,-2.3182347582449104e-6,-4.283957751858567e-6
5.9421677451242545e-6,1.0318842550557674e-5,6.98761638718552e-6,1.5882295043771635e-5,7.034240339789129e-6,1.5661152496500146e-5,5.737513659436005e-6,8.860423257446539e-6
7.88491476675246e-6,7.174033772833247e-6,7.54783378100342e-6,6.7937579595082085e-6,7.627938705846977e-6,6.790536316640518e-6,7.879022087097407e-6,7.936053511872047e-6
1.1610887016253619e-6,1.6661888069060297e-6,1.3060588080781904e-6,2.20811864220818e-6,1.314383866319595e-6,2.164579529233717e-6,1.1130682825105022e-6,1.3763116201345098e-6
2.618099309012257e-6,-1.90288464274589e-6,1.3853831103506143e-6,-7.1835293071387885e-6,1.4281987806270737e-6,-7.031400099196447e-6,2.762395123842967e-6,1.0747331408867694e-7
-5.154053817350595e-7,-4.593720757409343e-6,-1.4792201747092388e-6,-9.831988306043082e-6,-1.4739999596999433e-6,-9.77975703559188e-6,-4.798230779789518e-7,-3.4134988125229704e-6
6.469610944358667e-7,-8.417499899361012e-6,-1.691903154918459e-6,-1.93929705122418e-5,-1.6514051732661191e-6,-1.9162189474322385e-5,8.703466068926557e-7,-4.877430107176325e-6
-6.851126213821884e-6,3.357316254323742e-6,-4.257403485033445e-6,1.5691598991974974e-5,-4.337893593558068e-6,1.565335417418037e-5,-6.805300864274918e-6,2.793489780068377e-7
-4.96074768871235e-6,-4.6049826794177214e-7,-3.8559456615442315e-6,5.12865605813863e-6,-3.912846178684758e-6,5.228649969769981e-6,-4.832907069644813e-6,-1.6551506792876534e-6
-4.4470750909412605e-6,-1.5002134352164573e-6,-3.5856608008153966e-6,1.7016363064269712e-6,-3.632377861303082e-6,1.595350176817876e-6,-4.522841064224749e-6,-2.8167423239456606e-6
-2.398361308293019e-6,-5.179563953118415e-6,-3.027548834722254e-6,-8.758977071107487e-6,-3.0509455586312794e-6,-8.721575879499466e-6,-2.3908517210940367e-6,-4.632844700040648e-6
5.998012018904293e-6,1.0852257582264854e-5,7.1233450479808265e-6,1.7048433039175695e-5,7.17923876243703e-6,1.6878067331709236e-5,5.876832305978113e-6,9.660671485115992e-6
8.184277554378057e-6,7.32794071780908e-6,7.821011127785845e-6,6.7606191355079925e-6,7.901146720498477e-6,6.734643301398367e-6,8.14600641006494e-6,8.008829366622653e-6
1.1609147103499368e-6,1.7562218546969634e-6,1.3200812832148732e-6,2.419194574634065e-6,1.3301419224860821e-6,2.3866785399035416e-6,1.1305062917070312e-6,1.5230633013931305e-6
2.8559555413869236e-6,-2.1984833410994995e-6,1.5313007812573157e-6,-8.17706838513578e-6,1.5665867945644027e-6,-8.087874770502106e-6,2.9015077049477685e-6,-4.797132569859515e-7
-4.738633564911422e-7,-4.8743411724475925e-6,-1.4968416599948032e-6,-1.0524982703452276e-5,-1.4967799020068181e-6,-1.050374496913049e-5,-4.899397983591177e-7,-3.845482105919002e-6
9.320114307533916e-7,-9.08063883153816e-6,-1.5723403748991038e-6,-2.1289112531837065e-5,-1.5462737073235542e-6,-2.1163550478625906e-5,9.869852078255906e-7,-6.041982631951829e-6
7.852950256324427e-14,8.006788294523754e-14,8.012407929854538e-14,7.989499809929083e-14,8.038752376489731e-14,8.037793090850522e-14,8.054362720647483e-14,7.984536459950354e-14
7.852950256324418e-14,8.006788294523767e-14,8.012407929854553e-14,7.989499809929065e-14,8.038752376489743e-14,8.037793090850508e-14,8.054362720647481e-14,7.984536459950335e-14
7.852950256324421e-14,8.006788294523764e-14,8.012407929854563e-14,7.989499809929071e-14,8.03875237648972e-14,8.037793090850514e-14,8.054362720647484e-14,7.98453645995034e-14
7.852950256324498e-14,8.006788294523776e-14,8.012407929854562e-14,7.98949980992907e-14,8.038752376489723e-14,8.037793090850502e-14,8.054362720647464e-14,7.984536459950353e-14
7.852950256324486e-14,8.006788294523757e-14,8.012407929854562e-14,7.989499809929057e-14,8.03875237648973e-14,8.03779309085053e-14,8.054362720647457e-14,7.984536459950353e-14
7.852950256324485e-14,8.006788294523764e-14,8.012407929854545e-14,7.989499809929071e-14,8.038752376489731e-14,8.037793090850502e-14,8.054362720647481e-14,7.984536459950341e-14
7.852950256324509e-14,8.00678829452375e-14,8.012407929854562e-14,7.989499809929066e-14,8.038752376489738e-14,8.037793090850512e-14,8.054362720647488e-14,7.984536459950355e-14
7.852950256324422e-14,8.006788294523754e-14,8.01240792985456e-14,7.989499809929066e-14,8.038752376489749e-14,8.037793090850522e-14,8.054362720647505e-14,7.984536459950336e-14
7.852950256324498e-14,8.006788294523767e-14,8.012407929854569e-14,7.989499809929063e-14,8.038752376489725e-14,8.037793090850518e-14,8.054362720647475e-14,7.98453645995035e-14
7.852950256324512e-14,8.006788294523749e-14,8.01240792985455e-14,7.989499809929075e-14,8.038752376489738e-14,8.037793090850497e-14,8.054362720647484e-14,7.98453645995037e-14
-8.463091462749497e-14,-8.452522032911946e-14,-8.442968849484068e-14,-8.45879053318292e-14,-8.43338382446924e-14,-8.439888302980834e-14,-8.415880698361143e-14,-8.407430647741053e-14
-8.463091462749476e-14,-8.452522032911957e-14,-8.442968849484078e-14,-8.458790533182922e-14,-8.433383824469225e-14,-8.439888302980819e-14,-8.415880698361157e-14,-8.407430647741035e-14
-8.463091462749507e-14,-8.452522032911952e-14,-8.442968849484071e-14,-8.458790533182925e-14,-8.433383824469232e-14,-8.439888302980826e-14,-8.415880698361141e-14,-8.407430647741048e-14
-8.463091462749522e-14,-8.452522032911943e-14,-8.442968849484137e-14,-8.458790533182908e-14,-8.433383824469237e-14,-8.439888302980812e-14,-8.415880698361144e-14,-8.407430647741042e-14
-8.463091462749513e-14,-8.452522032911952e-14,-8.442968849484076e-14,-8.458790533182919e-14,-8.433383824469224e-14,-8.43988830298083e-14,-8.415880698361147e-14,-8.407430647741035e-14
-8.463091462749514e-14,-8.452522032911952e-14,-8.442968849484081e-14,-8.458790533182918e-14,-8.433383824469225e-14,-8.439888302980824e-14,-8.415880698361143e-14,-8.407430647741056e-14
-8.46309146274952e-14,-8.452522032911965e-14,-8.44296884948408e-14,-8.45879053318293e-14,-8.433383824469225e-14,-8.439888302980819e-14,-8.415880698361141e-14,-8.40743064774105e-14
-8.463091462749499e-14,-8.45252203291194e-14,-8.442968849484073e-14,-8.458790533182914e-14,-8.433383824469246e-14,-8.439888302980832e-14,-8.415880698361156e-14,-8.407430647741056e-14
-8.46309146274952e-14,-8.45252203291195e-14,-8.442968849484093e-14,-8.458790533182929e-14,-8.433383824469237e-14,-8.439888302980819e-14,-8.41588069836116e-14,-8.407430647741045e-14
-8.46309146274953e-14,-8.45252203291194e-14,-8.442968849484119e-14,-8.458790533182917e-14,-8.433383824469234e-14,-8.439888302980817e-14,-8.415880698361156e-14,-8.407430647741069e-14
-8.463091462749497e-14,-8.45252203291195e-14,-8.442968849484086e-14,-8.45879053318293e-14,-8.433383824469225e-14,-8.43988830298082e-14,-8.415880698361147e-14,-8.407430647741061e-14
-8.463091462749512e-14,-8.45252203291194e-14,-8.442968849484081e-14,-8.458790533182908e-14,-8.43338382446925e-14,-8.439888302980827e-14,-8.415880698361147e-14,-8.40743064774106e-14
-8.463091462749486e-14,-8.45252203291195e-14,-8.442968849484099e-14,-8.458790533182912e-14,-8.433383824469228e-14,-8.439888302980822e-14,-8.415880698361155e-14,-8.407430647741045e-14
-8.463091462749517e-14,-8.452522032911971e-14,-8.442968849484055e-14,-8.458790533182927e-14,-8.433383824469222e-14,-8.43988830298082e-14,-8.415880698361141e-14,-8.407430647741058e-14
-8.463091462749513e-14,-8.45252203291194e-14,-8.44296884948413e-14,-8.458790533182906e-14,-8.43338382446924e-14,-8.439888302980826e-14,-8.415880698361117e-14,-8.407430647741065e-14
-8.463091462749522e-14,-8.452522032911956e-14,-8.442968849484079e-14,-8.458790533182933e-14,-8.433383824469238e-14,-8.439888302980809e-14,-8.415880698361153e-14,-8.407430647741031e-14
-8.463091462749527e-14,-8.452522032911933e-14,-8.442968849484086e-14,-8.458790533182913e-14,-8.43338382446924e-14,-8.439888302980827e-14,-8.415880698361162e-14,-8.40743064774105e-14
-8.463091462749486e-14,-8.452522032911957e-14,-8.442968849484091e-14,-8.458790533182927e-14,-8.433383824469233e-14,-8.439888302980831e-14,-8.415880698361155e-14,-8.407430647741041e-14
-8.463091462749518e-14,-8.452522032911958e-14,-8.442968849484084e-14,-8.458790533182906e-14,-8.43338382446922e-14,-8.43988830298083e-14,-8.415880698361134e-14,-8.40743064774106e-14
-8.463091462749526e-14,-8.452522032911944e-14,-8.442968849484065e-14,-8.458790533182929e-14,-8.433383824469225e-14,-8.439888302980809e-14,-8.415880698361147e-14,-8.407430647741049e-14
7.737812191393029e-6,9.884598010696288e-6,7.657368138864443e-6,1.4987465094579952e-5,7.598246934107877e-6,1.312852402782302e-5,4.87527132064943e-6,4.239309057344259e-6
7.360893883921797e-6,9.286056823153325e-6,7.234407046735521e-6,1.4482558180848271e-5,7.13054240042765e-6,1.2536697197691266e-5,4.266041457040944e-6,2.421052905869681e-6
7.900123778726629e-6,8.444954467895266e-6,7.533708586732487e-6,1.1143773196087002e-5,7.494756694310355e-6,9.109041524956793e-6,4.920541287182157e-6,3.1288932104555144e-6
7.650472037795792e-6,7.951050156679434e-6,7.237251158897595e-6,1.0701493352735146e-5,7.153950828333454e-6,8.58402124243947e-6,4.442483744958085e-6,1.4044314251004636e-6
1.1792884668651325e-5,1.3031840116125473e-5,1.1481796467848225e-5,1.7107753762717604e-5,1.1468658774892053e-5,1.5088758429776801e-5,8.756153368574958e-6,7.385108972867112e-6
1.1596233361488853e-5,1.2596206599423278e-5,1.123807374694839e-5,1.6731961454938972e-5,1.1180547115265247e-5,1.4630187146918541e-5,8.329985351255453e-6,5.722877851205655e-6
9.389881911797479e-6,1.0135746545757373e-5,9.031863285149338e-6,1.3482211066879968e-5,8.977563896971456e-6,1.1415171955887885e-5,6.257916760322193e-6,3.9491679368227874e-6
9.09184483548014e-6,9.60643475757469e-6,8.689830901499993e-6,1.3018051644257946e-5,8.592315374446364e-6,1.0865278187561107e-5,5.735097998644456e-6,2.2180333152694645e-6
8.232414969780331e-6,8.197300261981153e-6,7.757058424706562e-6,1.0414964279354457e-5,7.684067108813938e-6,8.25948475212998e-6,4.994689758866502e-6,1.7199573081820648e-6
7.906889294894982e-6,7.640155275179289e-6,7.3893324672333346e-6,9.917436537370254e-6,7.27394971344186e-6,7.674852513589465e-6,4.448376511664147e-6,-2.4148924908577014e-8
3.7160808463319406e-5,3.144258582937455e-5,1.7939179758104458e-5,0.00040457399728398904,1.9944341341040354e-5,0.00018880227534900503,1.8126570209102648e-5,0.0004359623783861057
1.9269960898625576e-5,3.806675349979152e-5,9.494628874231121e-6,3.1103691991218657e-7,1.3795808035800916e-5,1.537078479555797e-5,9.896267632242516e-6,-1.7230302611887764e-5
0.00019157328421536576,0.00019105622898237968,0.000186698133322088,0.0002582489414848003,0.0001965176612674313,0.00020832845768146627,0.00018938111481896997,0.00025313148495049786
-0.0004659766692086401,-0.0004912321040353788,-0.0005189072736749767,-0.0005123100001572227,-0.000520457933334686,-0.0005231632365421887,-0.0005477520166213877,-0.0005870471205920624
9.180301936912352e-5,9.344046723996028e-5,9.38703771386166e-5,8.871679043577637e-5,9.118168240710029e-5,9.643572783976847e-5,9.109571861297842e-5,7.651758203225524e-5
9.320397699090266e-5,0.00015792455684634192,0.00014880901771578884,0.00020505006804348827,0.00016179812753920332,0.0001735099164514137,0.00013417449239062044,8.565166274396321e-5
-4.017791249999226e-6,-4.5479546724252773e-5,-6.585844177271835e-5,-7.395450542652052e-5,-7.243764047990303e-5,-3.548716855597787e-5,3.193534786551636e-5,0.00026425838211361843
-4.839065099984538e-5,-4.330644035726141e-5,-3.2288344944319954e-5,-2.7764436163617058e-5,-2.782678521702762e-5,-4.841770882589892e-5,-8.45716636082246e-5,-0.00014973236371612845
1.784546701717228e-5,5.489019150708494e-5,5.794545679442523e-5,5.5440243047851e-5,4.846059791449318e-5,2.122576442433013e-5,-3.660715003250397e-5,-0.00024272144774848566
7.694768438409837e-14,4.42061689183412e-14,4.683917462409735e-14,4.6664819163150543e-14,4.448163847066021e-14,4.474901539251836e-14,4.664192155326922e-14,5.744763792969304e-14
-5.554154814188491e-5,-7.077896492994486e-5,-8.049924323723705e-5,-4.437151044836579e-5,-7.421476524536625e-5,-2.4828525175327024e-5,-3.407100243131277e-5,7.863516910111323e-5
1.4194376573114334e-12,1.3151012610200933e-12,1.3271448526222634e-12,1.3222565376732894e-12,1.319709952984663e-12,1.3177289632450184e-12,1.322698200762357e-12,1.332478375315603e-12
0.00014662536199590648,0.0001519788338373126,0.0001598271294989616,0.00012870649925749412,0.00015642977206958727,0.00014240948534916036,0.00014953574925497538,9.918575823353472e-5
9.166130946967672e-5,9.176770350533452e-5,7.855947779198034e-5,9.701186419829583e-5,9.725590177512352e-5,0.00011669569164279624,0.00013027169979522082,0.00016652038168850938
-3.2155288069998444e-5,-9.910472773146801e-6,-1.9246533266024063e-5,2.6909551821014402e-5,-2.5609963497505516e-5,2.185109494332924e-5,-4.625102372129091e-5,-3.967851667348558e-5
-2.657952803215353e-6,-2.6579526772107994e-6,-2.657953409360329e-6,-2.6579782532057752e-6,-2.6579940039506676e-6,-2.6579942122800473e-6,-2.657993981094805e-6,-2.6579935676608694e-6
2.657953287438e-6,2.657953147871975e-6,2.657953880078832e-6,2.657978726332901e-6,2.657994472462819e-6,2.6579946804037154e-6,2.6579944482951393e-6,2.6579940364910307e-6
-7.2414759408207e-5,-4.9731772424971494e-5,-5.560152392369449e-5,-6.055777957430574e-5,-6.607866885629523e-5,-6.959871400594639e-5,-8.879835296315718e-5,-0.00015850761027833246
0.0002848604288842,0.00024199692855046234,0.0002553188491023769,0.00021260773213313346,0.0002484461798580957,0.00021715383478837166,0.00023702818781814116,0.0001874587559053022
-0.00028486043139987525,-0.00024199693106449673,-0.00025531885161938036,-0.00021260773464990788,-0.00024844618237735154,-0.0002171538373079465,-0.0002370281903405157,-0.00018745875842988738
0.00012482583276591142,0.0001931238665923797,8.687394768929251e-5,0.00021776785765243806,8.468621242974135e-5,0.0002348111828300003,-3.873780051950757e-5,-0.0003398977816069122
-9.797376392778776e-5,-0.00010135240680585913,-9.625612080489134e-5,-0.000130515475266435,-9.725697899966082e-5,-0.0001158501636453252,-9.241788531660032e-5,-9.36977667224297e-5
7.900012631550876e-5,6.33532247128741e-5,5.0032427030170784e-5,5.314815870795159e-5,3.277774158386448e-5,3.3637899890819e-5,2.3158375656693395e-5,4.321258011468173e-5
-0.00019136642038349803,-0.00019538236051862458,-0.00019323894868493246,-0.00019020055409414165,-0.00019364139994333408,-0.0001934936795785735,-0.00019939571274863306,-0.0002062723825393525
3.277661048840817e-5,3.334065244571844e-5,2.961394744837774e-5,2.1507114048771128e-5,2.8682105611326105e-5,2.7410192681451988e-5,3.8675443532522516e-5,5.1254181039541805e-5
0.00015858980843298613,0.0001620417065967888,0.00016362499975652943,0.00016869343856571123,0.00016495929284534645,0.00016608348540879888,0.00016072026772103034,0.0001550181999934782
0.00031118788434010824,0.000294090472325385,0.00029490794573171496,0.00028933110179563386,0.00029130588010835106,0.0002978947608367764,0.000289641885682566,0.00027518911647715654
0.00018634837331520592,0.00018522125946623805,0.00018538164083049287,0.00018601233027488483,0.0001848788790645903,0.00019302256133047998,0.00019221225761763863,0.0002046819250869838
7.740637879879425e-5,7.42571259588687e-5,8.041542163969088e-5,5.5449554695195264e-5,8.646051173181398e-5,7.825104785742694e-5,0.00011398697266574222,0.00015366694252106052
-8.478062086607564e-13,-8.771541814731087e-13,-8.737371244529885e-13,-8.722926751007438e-13,-8.753561633536942e-13,-8.745740172184935e-13,-8.716896810637861e-13,-8.605298518971138e-13
-2.8160453336516714e-6,-1.1799781518663532e-5,-1.5676493402817894e-5,5.6088016152091426e-5,4.979284529791039e-5,0.00013810982205150337,0.00023843595921543958,0.0005382054282187499
0.0001474204702846088,0.0001357082269816899,0.00014441251155218932,0.00014035896224146661,0.00015235807018273818,0.00016673526150498118,0.00019054430890878436,0.00027038593241992664
0.00015579960812314413,0.00014876375077792784,0.00015309272972567669,0.00014918859478784826,0.00015679862515261897,0.00016195560207097194,0.00017398702275531455,0.00020677169124991033
5.950602884399441e-5,8.185723808504605e-5,5.931295186856615e-5,0.0001239214233824502,7.164594560919793e-5,0.0001385467939419528,8.402068344612059e-5,0.00012684187248931724
0.00010138813541407848,7.803567146180134e-5,9.141636724312527e-5,0.00010007345175777567,8.234150499245224e-5,8.828428548401265e-5,0.00011777644274097666,0.00027501193877944364
0.00018634837280805328,0.00018522125896351785,0.00018538164032982056,0.00018601232978048248,0.0001848788785704208,0.00019302256083908014,0.00019221225712756534,0.00020468192460128138
-3.644163736251602e-5,-3.658590281836537e-5,-3.64017921164927e-5,-3.605545713019732e-5,-3.61648432941166e-5,-3.5608989584564956e-5,-3.582029987294698e-5,-3.427031952790931e-5
-4.710750749552073e-5,-5.0801292611709985e-5,-5.5935079924760257e-5,-3.563624259674566e-5,-5.353124704586936e-5,-2.7410995641360932e-5,-3.463162501265004e-5,2.0432848599879186e-5
-1.9488054523316445e-5,-3.594636950679029e-5,-4.1712457154946036e-5,0.000704482767387264,-3.726773152458279e-5,0.00028894662598352673,-1.4118707614563603e-5,0.0009106768771945781
-6.050650287506879e-13,-5.447410283517902e-13,-5.546554752898853e-13,-5.274775225036893e-13,-5.538267073959721e-13,-5.410960407291193e-13,-5.596362378660548e-13,-5.570605099755414e-13
2.7448867139070064e-5,8.44289232442351e-5,8.912835588563737e-5,8.527498074855446e-5,7.453929365259249e-5,3.264824542265643e-5,-5.6307004080182205e-5,-0.00037334011496079625
3.655891927987898e-15,-3.4085880914616775e-14,-3.002223844133832e-14,-3.910787949538978e-14,-3.1874913110667706e-14,-3.610949237068958e-14,-2.940814156394484e-14,-2.728116629283296e-14
8.982869456944832e-14,8.940895725716263e-14,8.997648635306955e-14,8.954384405114148e-14,9.029172624343563e-14,9.015430469235038e-14,9.087782764677608e-14,9.107051574736346e-14
9.354522124280037e-14,9.395474844729944e-14,9.432956499204423e-14,9.393937772696427e-14,9.469926189586306e-14,9.458061142344484e-14,9.529464750527473e-14,9.537132582267821e-14
8.982869456944835e-14,8.940895725716267e-14,8.997648635306959e-14,8.954384405114144e-14,9.029172624343559e-14,9.015430469235043e-14,9.087782764677607e-14,9.107051574736349e-14
9.354522124280037e-14,9.395474844729939e-14,9.43295649920442e-14,9.393937772696431e-14,9.469926189586309e-14,9.458061142344487e-14,9.529464750527473e-14,9.537132582267821e-14
8.982869456944832e-14,8.940895725716265e-14,8.997648635306955e-14,8.954384405114148e-14,9.029172624343563e-14,9.015430469235038e-14,9.08778276467761e-14,9.107051574736349e-14
9.354522124280039e-14,9.39547484472994e-14,9.432956499204423e-14,9.39393777269643e-14,9.469926189586309e-14,9.458061142344482e-14,9.529464750527473e-14,9.537132582267817e-14
2.6504267158020338e-5,8.15234665550273e-5,8.606117747637508e-5,8.234040866882453e-5,7.197416913130134e-5,3.152471896199189e-5,-5.436931049145352e-5,-0.0003604923500887092
-1.6058509633208388e-12,-1.7444627656967182e-12,-1.724942920444065e-12,-1.7385042360367748e-12,-1.7343609983447791e-12,-1.7481744646749324e-12,-1.7188586161936472e-12,-1.6754360930911714e-12
0.00012339113044313542,9.198796702504691e-5,6.425868555066054e-5,0.00018373204691807794,9.154046469656184e-5,0.0001406657933460108,0.00014471374789506858,0.00040359488793109113
-0.00045248948120430376,-0.0004982676464592433,-0.0005117140410931314,-0.00046097077698919277,-0.0004940404645600503,-0.00045765147326233633,-0.0004295609638871664,-0.0002083024572715797
-0.00019533550663598993,-0.0002457652625681211,-0.0002261079762277626,-0.00026911071324992367,-0.0002197623578076112,-0.0002517746344730346,-0.0001707058080711025,-6.209807504955935e-5
7.21865710326544e-5,8.617303454881584e-5,7.616924191553733e-5,8.880930936652774e-5,8.589658805291861e-5,6.48407884338611e-5,7.166756685297624e-5,5.345979510113553e-5
-8.298141159201767e-5,-6.15555758479642e-5,-5.8281961662551e-5,-7.087913070685502e-5,-5.984037055002393e-5,-6.0980880044054884e-5,-6.687319999386038e-5,-0.00011310795461347723
0.00015257255665113343,0.00015818288181619806,0.0001503532064476401,0.00018635040563614127,0.0001559795246154565,0.00015695757665411665,0.00015487206466420302,0.0002153146272974232
0.00011319311752405921,0.00011051137650578641,0.00011760517709036884,7.59223237456304e-5,0.0001109133604558475,8.631859844075582e-5,0.0001183057667336454,0.00012479473400097172
-5.360705008473696e-11,-5.471116059335814e-11,-5.461587428756558e-11,-5.468776556286852e-11,-5.466886388707366e-11,-5.468400196837929e-11,-5.456827084124556e-11,-5.443166180549774e-11
5.748870569370051e-5,0.00017242217890642153,0.00018399352274927358,0.00017103978275559515,0.00015393801974908944,6.261429826198776e-5,-0.00011510008288865417,-0.0007701822501681068
-0.00037533051278887126,-0.0004261916246283535,-0.0004420784033682718,-0.0004076377480134868,-0.00043001357446692366,-0.0003689668132312863,-0.0003111088007567833,-3.126462336255194e-5
1.7891441826273777e-5,7.398403285441004e-5,5.367896504100507e-5,0.0001332794160244783,5.370261880451492e-5,8.697199215375453e-5,-3.293927809839825e-5,-0.0001622186723459484
0.00010269357555429337,6.627529454746096e-5,2.408491047635955e-5,0.00025583482398342823,8.217095029228396e-5,0.00022674483694232013,0.0002307010113400291,0.0007602237255563073
-0.00011120555986046194,-0.00016203609747417858,-0.00014757204387336992,-0.00019359823005525822,-0.00014693069510892022,-0.0001496442344759947,-6.706681819212108e-5,0.00013560059686939922
0.00016172200266219555,0.0001581696708676589,0.00017621358938489336,0.00012888265866432117,0.00017108442006147476,0.00014717169272390084,0.00016221888365024222,8.847481765119798e-5
7.840900440828861e-13,7.542021909681371e-13,7.558099513320516e-13,7.555946247910454e-13,7.524523808660286e-13,7.51999976253512e-13,7.530720012095908e-13,7.579438810469971e-13
4.695201154254898e-6,1.4441789613321413e-5,1.5245639928235663e-5,1.4586509977206646e-5,1.2750142459007928e-5,5.584568475242351e-6,-9.631460928590688e-6,-6.386080842075901e-5
1.1285126955059135e-12,1.090595011591888e-12,1.0925902443580588e-12,1.0914073584031059e-12,1.088951959260298e-12,1.0881439661419693e-12,1.0898933810409788e-12,1.0950966784276904e-12
0.00030925804630406337,0.0002900939548024195,0.0002900323394657712,0.0002934592107047245,0.0002885159246324774,0.00030085660459737825,0.0002893809380682288,0.00029187321295103035
-0.00019936529953629807,-0.0002288380621250695,-0.0002721934764373994,-3.373023844077249e-5,-0.00020950829246421004,-6.32536579818362e-5,-3.6465849052244626e-5,0.0005681623120532403
1.7891441449205745e-5,7.398403223526291e-5,5.3678964450114007e-5,0.00013327941542697048,5.370261819759501e-5,8.697199154677445e-5,-3.293927869104559e-5,-0.00016221867290416655
-4.5182390993055345e-5,-9.340029089000674e-5,-9.839179938301947e-5,-8.31167169117907e-5,-8.831220140811161e-5,-7.982931123818152e-5,-6.209774232354241e-5,2.0847522483840764e-5
1.9853919292748073e-5,-3.2056075607299195e-5,-3.922966130182805e-5,-4.8223864236072466e-6,-2.091011308631541e-5,4.3603197685378744e-5,8.658197205929806e-5,0.0003826687608600595
-0.00015438991552454393,-0.00013978585648748672,-0.00014114570071439847,-0.00011282956979213639,-0.00013654594634914766,-0.00011944435989455374,-0.00016849009189146867,-0.00023172035265342974
-6.896686328583447e-6,-1.4976061097159663e-6,-6.378874622817053e-6,1.9806269247511734e-5,4.7337321330338064e-6,3.121689905938811e-5,1.248095571008763e-5,2.0693160700007842e-5
-2.5192105669865906e-5,-3.899750602505597e-5,-5.474364163845338e-5,-3.526899473846246e-5,-6.992211748769905e-5,-2.9861463490704063e-5,-3.278599193807297e-5,6.426378985840435e-5
-0.0001666247891249851,-0.00021233704515674005,-0.00024149787920529916,-0.00013311468263089697,-0.00022264444572373996,-7.448572756473055e-5,-0.00010221315699144977,0.0002359053578446356
3.7211951832171886e-6,-4.437317925882472e-6,1.5016986375355599e-6,-1.4537940640829334e-5,1.6441321717337118e-6,-1.4315534407570077e-5,4.155593348069822e-6,1.0395272270361587e-6
3.044372446243158e-6,-3.7306519863068e-7,2.1468996721450936e-6,-4.45900673663621e-6,2.18705479775782e-6,-4.430448963862094e-6,3.0724472994360968e-6,9.673791673377148e-7
3.71743740225185e-6,5.385734922933777e-7,2.8382372734849774e-6,-3.683526061435877e-6,2.9405383981360693e-6,-3.462376708570106e-6,4.1167395442306075e-6,3.617329745473038e-6
1.7283588946551783e-6,3.494268210981423e-6,2.1755759678244004e-6,5.711705110822524e-6,2.175831168994937e-6,5.6626581320206195e-6,1.6594510255273103e-6,2.6194480174035416e-6
-2.348107264024572e-6,-6.6596599727363774e-6,-3.418375349466071e-6,-1.2458179593821309e-5,-3.3861017889591774e-6,-1.2171318878174977e-5,-1.9534270039198266e-6,-3.925826115400979e-6
-4.636458320807854e-6,-4.033945161754419e-6,-4.389593974622366e-6,-3.3696950518040257e-6,-4.46223405809718e-6,-3.3711552024135028e-6,-4.714008466937675e-6,-5.224703173397598e-6
4.218898700774862e-8,-8.791959591429159e-7,-1.8640617631108475e-7,-2.1479718615700387e-6,-1.7305017726954583e-7,-2.0620129041083945e-6,1.6557994980849078e-7,-1.9677625368220352e-7
-2.3242035045302245e-6,1.7199598441638472e-6,-1.233608322119886e-6,6.980212983817388e-6,-1.3240606323116828e-6,6.7682662364685295e-6,-2.6947947511989656e-6,-1.5127022111209805e-6
4.054935262086579e-7,3.381599529929678e-6,1.1613313101661566e-6,7.128954510912649e-6,1.1425130638369119e-6,7.047764445866963e-6,2.959983297798988e-7,1.9530426155085513e-6
-2.4595244763149126e-6,5.580820192836433e-6,-3.825936292846446e-7,1.6040392995478762e-5,-5.047294960252821e-7,1.5628974011799824e-5,-3.098727800994545e-6,3.042036608276161e-7
2.186752763481217e-5,-9.741144368618433e-6,-1.2389312319620029e-5,-2.010720672787332e-8,-1.0912645336727178e-5,1.3054457234326519e-5,3.0716332628032914e-5,0.0001360399636965019
-6.67919232418512e-5,-0.00010651548733936662,-9.764000249708446e-5,-0.00013200777573266868,-9.546724413720343e-5,-9.823755970398248e-5,-2.6310224892422546e-5,0.00010387528067337914
8.174913841967471e-5,6.377871952851187e-5,7.252592226314624e-5,6.196826787350232e-5,7.257497385611459e-5,7.759679892306088e-5,0.00010175564653358599,0.00016753741196233208
1.9034416784074005e-6,5.854770135890899e-6,6.180657509283163e-6,5.913445231967017e-6,5.168975112957785e-6,2.2640127562989704e-6,-3.904653582604777e-6,-2.588956557059481e-5
-0.0006266533092761469,-0.0006562627165532063,-0.0006405942781843269,-0.0006040298907118941,-0.0006170070629244061,-0.0006370189762706088,-0.0005868923111332867,-0.0004697616842864885
5.950602674690476e-5,8.185723600232284e-5,5.93129497859882e-5,0.00012392142129520037,7.164594352664594e-5,0.00013854679185427545,8.402068135000186e-5,0.0001268418703626372
5.0694067020963384e-5,3.90178350546658e-5,4.570818294491486e-5,5.003672520166874e-5,4.117075182081359e-5,4.414214206645799e-5,5.888822069482089e-5,0.00013750596871117573
-1.0710187611704561e-13,-7.394650773823263e-14,-7.622768990028214e-14,-7.81868085506203e-14,-7.364017515539247e-14,-7.852699459165475e-14,-8.211340178993546e-14,-1.0616482759487405e-13
-6.683118808434394e-5,-7.613719720920199e-5,-7.586694527748919e-5,-7.682261346956542e-5,-7.78466777751075e-5,-7.184487914108393e-5,-7.904933528398625e-5,-8.756677009765995e-5
-1.5833513308156535e-5,-1.154197110579119e-5,-2.0758791488061835e-5,2.6644536141961567e-5,-1.3307675911610264e-5,3.871865633976057e-6,-1.8054914888539893e-5,1.4117743261542862e-5
1.078327993413726e-11,1.0412396020646349e-11,1.0464973129995904e-11,1.045104695553433e-11,1.0432243597973355e-11,1.0421233951455282e-11,1.0413765917978601e-11,1.0528796439193483e-11
-0.00011471225298231208,-0.00011821169269948554,-0.0001153392665689837,-9.262629389835097e-5,-8.533497210038587e-5,-4.022347650952979e-5,1.0630210786011285e-5,0.00013059458734052674
-1.9542586356928493e-5,-4.217710945502854e-5,-5.6014802135514494e-5,-4.041315151287319e-5,-7.874559219989559e-5,-9.190496114136423e-5,-0.0001597254534517118,-0.00018350810199182385
3.427270859842401e-5,7.048571193701759e-5,7.515370649380488e-5,7.42069320544425e-5,6.724280070873268e-5,6.261646387623025e-5,4.8563404046370555e-5,-7.1949577385616e-6
6.683124716886027e-5,7.613725365696253e-5,7.58670019872635e-5,7.682267017192699e-5,7.784673432871795e-5,7.184493579720597e-5,7.904939214700845e-5,8.756682731051485e-5
1.5833516048887e-5,1.1541973678301428e-5,2.0758794075316813e-5,-2.6644533557231462e-5,1.330767848896398e-5,-3.8718630489124865e-6,1.8054917487925315e-5,-1.4117740644626105e-5
1.5838556089915496e-5,4.675092346351216e-5,5.942429134385916e-5,-2.7179621105954996e-5,3.681002222879898e-5,1.4886268816427312e-5,2.1022884177884513e-5,-0.00011104399338800278
-9.999418469973763e-5,-0.0001323064351277132,-0.00013146567697740923,-0.00013490284639086845,-0.0001226840407690545,-0.0001301161411516007,-9.505248543168518e-5,2.4252851705928024e-6
-2.1053612585103433e-6,-1.8171889233714745e-5,-2.0641853466143035e-5,-2.5046145796161514e-5,-1.578655507007623e-5,-2.3863386401296957e-5,-7.791728445075666e-6,-1.5660277977673776e-5
0.00010556304750061155,8.274874479131792e-5,8.655097322792651e-5,7.816220702868096e-5,8.74526255229225e-5,6.194305046426668e-5,5.446321234929594e-5,4.5877406704784496e-5
-1.4240344628209359e-12,-1.3610049575337782e-12,-1.3690574819657768e-12,-1.361876021607607e-12,-1.3602716317189427e-12,-1.35449567004704e-12,-1.3537918797648615e-12,-1.3503753161732919e-12
9.039620413938932e-5,6.327704497557387e-5,6.586589503149853e-5,3.317597800854345e-5,4.962492316769875e-5,7.305365377198746e-6,-6.238839634538318e-6,-4.607868768684242e-5
1.9542601777246476e-5,4.2177124451118064e-5,5.601481718997684e-5,4.0413166560808597e-5,7.87456072201162e-5,9.190497615667292e-5,0.00015972546845579536,0.0001835081171630453
-0.00013425483678298935,-0.0001603887997543838,-0.000171354066303827,-0.00013303944301024665,-0.00016408056192234873,-0.00013212843526340384,-0.00014909524026811898,-5.291351224608524e-5
-3.42606514088283e-5,-2.8082363988129964e-5,-3.988838869056192e-5,1.8634040174796708e-6,-4.139652052319759e-5,-2.012293475288295e-6,-5.404275419510065e-5,-5.5338796769946764e-5
2.1053617048756535e-6,1.8171889652947797e-5,2.06418538807655e-5,2.504614621301089e-5,1.5786555479623563e-5,2.3863386817880927e-5,7.791728866160178e-6,1.5660278410133424e-5
0.00010274369126276318,7.508794545710529e-5,7.88370813647427e-5,8.509463410427164e-5,8.962224602781661e-5,0.00010117306123916424,0.00012765903760584695,0.0002849362973343012
0.00010968927186928766,4.7427236667606714e-5,4.626117543112512e-5,5.0327743888039676e-5,5.409764638242601e-5,8.287353221822318e-5,0.00013348331819806314,0.00035604686058525887
3.6592386014249195e-5,-3.5086403969402914e-6,-5.618502784543179e-6,7.721806924117993e-6,5.43142809299757e-6,3.065492184794821e-5,6.336728219132728e-5,0.0002297988694140743
3.873562727502446e-5,1.036912618427434e-5,6.321410051629486e-6,1.7808870128851563e-5,1.6172239430074834e-5,3.724810460196722e-5,6.571967297964518e-5,0.00017944476924955312
-0.0002381475612394797,-0.0002959907859117496,-0.00030503892968099326,-0.00027972251980804653,-0.00028827307428368833,-0.0002323584005972702,-0.00015910708586848238,0.000201789348774436
5.9848567810977145e-5,3.26983760698361e-5,3.499747366898711e-5,3.481146157219894e-5,3.885152714220033e-5,4.955943110224005e-5,7.79121335655583e-5,0.0002174057800974604
-0.0001098303001169254,-0.00020315490220444964,-0.00020216930765583325,-0.00020018581844029727,-0.00019434733756406076,-0.00016104326229823964,-0.00010008245079766936,0.0001538907880332267
4.388963459950356e-5,-3.956141277302229e-5,-3.9047942206313615e-5,-4.360586889878803e-5,-3.1796758619422596e-5,-1.6187189875112215e-6,7.832146343322811e-5,0.00038751185794263853
0.00018502828973015196,0.00014086041833839507,0.00013888508342190103,0.00014534354029771866,0.00014481213231508594,0.0001672040831446002,0.00020526384118241373,0.000380316608494692
5.66931323465849e-5,-3.1312243408012436e-5,-3.1706546556114065e-5,-3.469408190770381e-5,-2.336100147502639e-5,1.1379319231043354e-5,0.00010236929934309992,0.0004578484891136677
0.00010624016746295999,3.874044746187105e-5,3.7410257590613135e-5,4.050326129150832e-5,4.388440055913442e-5,6.725767854405383e-5,0.00012540133580474735,0.0003641128383472424
7.278121986558252e-5,-4.732533211433931e-6,-2.2679696872305878e-6,-1.2662120189811318e-6,1.6764967112194667e-6,2.783457712732357e-5,7.557513702829131e-5,0.00029248116243101843
0.0001315050427603198,7.659591905614433e-5,7.649492099102791e-5,7.570371096500707e-5,8.143865176038305e-5,0.00010216924949160197,0.00014804204063913702,0.0003299205728704929
-0.0001639804838579584,-0.00019854943234039635,-0.00019955531229091174,-0.000202119902294922,-0.00019446584700638265,-0.00017673603119990367,-0.00012721958947344142,5.045674638971629e-5
-0.00017068890936045117,-0.00024882077412047174,-0.00025706950568664817,-0.00024961888550109157,-0.0002403542332059749,-0.00018973372301757198,-7.604075318039172e-5,0.0003430343865372159
-0.00025323787601523574,-0.0003103400164250926,-0.00031299534225283994,-0.00031996373664852727,-0.00030045822289606204,-0.00027053508697354753,-0.00017663415128796325,0.00015787401074293924
-0.0002966030002545602,-0.00036647056597792005,-0.00038092571527195885,-0.0003956412884996082,-0.00039641345719532573,-0.00035318693017796825,-0.00024173840326881127,0.00019260456590390333
-0.000522875373775762,-0.0005612724272849223,-0.000559470853148458,-0.0005753617945107906,-0.0005528395776683277,-0.0005380008629253339,-0.0004551323501634884,-0.00017138891920299965
3.933460556781373e-5,-5.0457240683117745e-5,-5.050419073671992e-5,-5.124973581303586e-5,-4.008063363167753e-5,-1.5559347926156674e-6,8.675790327484966e-5,0.0004484569810343838
0.00013408532749657583,0.00010677244350418852,0.00010570832945756465,0.00010627043582678595,0.0001086730871464339,0.00011962823979860598,0.00014090437100868096,0.0002179677180942745
3.1675633619280833e-5,-2.06978433063423e-5,-1.1669107782195413e-5,-3.0501643045854736e-6,9.983000992553684e-6,2.7974911962682915e-5,5.97913299336541e-5,0.00020609124126604102
-8.837306114141611e-14,-1.0845406035592266e-13,-1.0709216228486538e-13,-1.0442676338282921e-13,-1.0847237063573993e-13,-1.0685104686635539e-13,-1.068989342444445e-13,-9.963994776174985e-14
0.00020302731780019913,0.00019760155078861144,0.00020478720196831875,0.00018549224435704563,0.00020569396119277127,0.00019065319598057616,0.00019207489771325516,0.00013626252046278233
2.5581658374909784e-5,3.731451110692108e-5,3.0439348469566256e-5,4.292817957693279e-5,2.70745244634745e-5,3.8241016723788046e-5,3.060882102799595e-5,4.994797768194116e-5
-0.00033980623154204146,-0.00039896557936282566,-0.0003966028488364277,-0.00037755818493707765,-0.0003812568205325612,-0.0003427632611219542,-0.0002462239427794631,0.00016200773066947976
0.00021187073008007988,0.0002085264640452635,0.0002443658254518547,0.0001275126618449195,0.00021659872765931632,0.00015991423333086162,0.00021389989729269705,0.00013423334885271873
8.174913404555727e-5,6.377871524242358e-5,7.252591796946291e-5,6.19682635804252e-5,7.25749695681118e-5,7.759679463463241e-5,0.00010175564223596423,0.00016753740763700577
0.00016804757849860942,0.00020859241794855582,0.00018360282019072965,0.00023196522731996818,0.0001874977975430661,0.00019756393999135406,0.00010864246798971035,-9.130168211076709e-5
-0.00010706648809195136,-7.846563244372898e-5,-6.861297347055961e-5,-0.00012968703124626552,-9.174263383301761e-5,-0.00013677704071091913,-0.00014825155890486967,-0.0003194326734313773
0.00010706648638039509,7.84656307697256e-5,6.861297179394517e-5,0.00012968702956587863,9.174263216053727e-5,0.00013677703903602635,0.00014825155723263077,0.00031943267175395284
2.8437207803279215e-5,4.634197700254046e-5,4.503475592832432e-5,6.413305471664242e-5,5.867718930427204e-5,4.9058999293858e-5,5.740244646173775e-5,6.986968330891121e-5
2.8437208399383815e-5,4.634197758413009e-5,4.503475650926647e-5,6.413305529522889e-5,5.8677189881080485e-5,4.905899986909616e-5,5.740244703572508e-5,6.986968387990486e-5
-1.9827366292138868e-5,-3.610302853219867e-5,-3.766508838735708e-5,-3.2776696482916776e-5,-3.0917812869264875e-5,-1.5648811112950412e-5,2.181281415142698e-5,0.0001933154703099416
5.627003966226407e-10,5.307620764675447e-10,5.339896740376182e-10,5.316830066707277e-10,5.302975232613192e-10,5.28910710584191e-10,5.295331257736029e-10,5.314664993767902e-10
-3.784646397917665e-5,-4.6257200758651146e-5,-3.944151058908919e-5,-4.193232386621176e-5,-3.04001234208173e-5,-2.5224434952100386e-5,4.616951008402047e-6,4.6878523885226725e-5
-0.00012509624000641757,-0.00016509841441075893,-0.00016726839592268785,-0.0001671167406761578,-0.0001575284961084669,-0.00013435708505251789,-6.9839088114422e-5,0.0001391156196364348
-0.00013904895900480974,-0.00017872635006358645,-0.0001806854798093132,-0.0001806450069080246,-0.00017072917231472743,-0.00014692867412233245,-8.082263315840305e-5,0.0001396068141981269
-0.00015061652196996888,-0.00018971920867044104,-0.000191736915677699,-0.0001914454251698649,-0.0001816202635043221,-0.00015756803545664063,-9.119366937740383e-5,0.0001310596949388488
-0.00014239575185439585,-0.00018193013507161545,-0.00018378926403816575,-0.00018405234018260505,-0.00017385021277770065,-0.00015020414766925592,-8.379006737016153e-5,0.00013696045496110245
-0.0001478682707687553,-0.00018727388631941435,-0.00018917541650895548,-0.00018927332855427835,-0.00017906576884976788,-0.00015528216133421456,-8.83626704276409e-5,0.00013565876785404598
-0.0001076075540559252,-0.00014855847431142826,-0.00015079829235105694,-0.0001504101006561697,-0.00014106673987289393,-0.00011789782308907037,-5.384160167508876e-5,0.00015348021830658253
0.00019861124864803954,0.00016023208700071363,0.0001246643496233766,0.00019497885016819117,0.00015560861626048915,0.00020333221928200794,0.00018819218321309823,0.00033788998429553095
1.2400146181241635e-5,3.814113582390006e-5,4.026412507903857e-5,3.8523346003003155e-5,3.367345237733243e-5,1.4748988053078159e-5,-2.543693512554002e-5,-0.000168658030096264
-3.347883981730631e-13,-3.6980778482231337e-13,-3.7056447357959467e-13,-3.748415367781836e-13,-3.7701576267437403e-13,-3.767340798933637e-13,-3.747915740581573e-13,-3.6636130449466893e-13
0.0001712947293700612,0.00013114995973086696,-8.886492617008335e-6,0.00015673126929387733,0.00016002643231132938,0.00015481330294458932,0.000177599843224879,0.0002223723268340907
3.5823699781161646e-5,-3.378301654089024e-5,-4.266808523567663e-5,4.648938441317006e-6,-1.1079034535219626e-5,3.6352261315821514e-5,0.00010014537850327444,0.00041481846300424433
1.9034403018032384e-6,5.854768778782759e-6,6.180656149639271e-6,5.913443870252478e-6,5.168973755488313e-6,2.264011397633051e-6,-3.904654940879476e-6,-2.5889566931627968e-5
-0.00022977116088444702,-0.00023873595641164087,-0.0002536572795046247,-0.0001980242281070456,-0.0002529102816120007,-0.00018327465439354094,-0.00021701732869308855,-9.566927781138167e-5
-0.0015612835958187512,-0.0016140873710843346,-0.0015938256196058919,-0.0017726648783587893,-0.0015910018980286175,-0.0016110670669761246,-0.001332250915520512,-0.0008530625202441361
0.00022001376722990759,0.0002007058293711797,0.00017825515652420827,0.0002542852230718233,0.00018870436649721196,0.00023519435845392137,0.0002067236975497157,0.0003248141278137268
-7.393083650462427e-5,-0.00011536630320589458,-0.00011646497397544271,-0.00010200516836078482,-0.00010481140412549043,-8.318151142990793e-5,-4.9807362821221004e-5,0.00012356254109403958
-8.071095116523244e-5,-0.00012143068575343275,-0.00012287433332349766,-0.00010990458830112577,-0.00011223090433670573,-9.182168441541566e-5,-5.757140277208543e-5,0.00011640125032295176
0.00019257405060156308,0.00027427081703994087,0.00032109556655746465,0.0003736521680818728,0.00042440201008046353,0.00038064389601961675,0.0002710856189564622,-0.00014055746755432325
-0.00013872436669387672,-0.0001444425546886656,-0.00014473551695608517,-0.0001478638689658521,-0.00013999713152030457,-0.00015120183359431153,-0.00014302599855473344,-0.0001444006167347672
-1.030788217717416e-12,-1.0136687269112215e-12,-1.016287089413586e-12,-1.0131566721312635e-12,-1.01268569312546e-12,-1.0126695685004299e-12,-1.0151941073784575e-12,-1.0179087222175806e-12
2.8321399255330093e-5,4.155108060090244e-5,3.615966200858211e-5,7.55543387351534e-5,4.1039434577640595e-5,4.7727625581044444e-5,2.8637812842647714e-5,4.0762036143149766e-5
0.0018205690155257376,0.00216214185664756,0.002105866116623539,0.0024271256537791728,0.0021202668460884875,0.0020398258124317164,0.0014525694137532915,0.00015548883814258535
0.0015966454481362762,0.0018536667679865699,0.001807621781689749,0.0020831431091754855,0.001828905191242463,0.001778456249277472,0.0012844053987737599,0.00022957684940591675
-0.0002992006605142788,-0.0003688105910041447,-0.0003823126645569599,-0.0003736565360427669,-0.00036881049607896975,-0.00030151436577338436,-0.0001840186399580202,0.00025565207053761924
9.278555961468902e-5,2.9404626297926313e-5,3.160555455013057e-5,2.5206015409349017e-5,4.008404727291767e-5,5.890177395546653e-5,0.00011988582900160792,0.0003308451000411588
-0.00016662478912815815,-0.00021233704514964224,-0.00024149787919702223,-0.00013311468262462996,-0.00022264444571228005,-7.448572755920695e-5,-0.00010221315698140476,0.0002359053578493888
5.617868367744275e-10,5.299349524218798e-10,5.331475609729915e-10,5.308471692691852e-10,5.294601888000657e-10,5.280764318786838e-10,5.286941083633577e-10,5.306236741643483e-10
5.59974672526977e-10,5.281933308487063e-10,5.313929183319537e-10,5.291003110503196e-10,5.277115799242061e-10,5.26331946591343e-10,5.269472223684621e-10,5.288791492523886e-10
0.0004721346822506229,0.0008367140527577925,0.0008864456874838943,0.0007825619283410206,0.0007893502174984694,0.0005223345717492151,0.0001536155524643564,-0.0013138347853369537
6.013980967266103e-5,2.115168913949252e-5,6.805344533957279e-6,6.409931255952841e-5,2.463107241192199e-5,6.927043059078948e-5,9.575406571593553e-5,0.0003303026221077559
0.0001265920740448739,0.00012020924241206026,0.00011449440961420286,0.00014984511009545018,0.00012617787052102782,0.00014275682747178918,0.0001469047941481323,0.0002164866380635673
0.00012659207874663725,0.00012020924706754173,0.00011449441427620231,0.00014984511475039908,0.00012617787517527155,0.0001427568321238564,0.00014690479880133487,0.00021648664271621437
6.0139810524549876e-5,2.1151689982296028e-5,6.805345379308171e-6,6.40993134025295e-5,2.4631073254823806e-5,6.927043143349786e-5,9.575406655785141e-5,0.0003303026229465882
0.00018673187282312775,0.00014136092079339616,0.00012129974336094962,0.00021394441189667796,0.00015080893216385408,0.00021202724730053484,0.000242658849093292,0.0005467892494108894
9.319168108187239e-5,8.682232042469114e-5,8.640724695118943e-5,7.507231972942958e-5,7.956376013656938e-5,8.776688079351649e-5,8.08792896684521e-5,6.581288965342943e-5
3.582370700163133e-5,-3.378300928353893e-5,-4.266807797535776e-5,4.648945690369227e-6,-1.1079027274464663e-5,3.6352268574286454e-5,0.00010014538576944205,0.00041481847026416866
3.58237090298563e-5,-3.3783007209499794e-5,-4.2668075905302055e-5,4.648947757654194e-6,-1.107902520309642e-5,3.635227064461331e-5,0.00010014538784008188,0.0004148184723284505
0.0001290647558517405,9.13018612403831e-5,9.230423986830208e-5,0.00011449713978985145,0.00010235295750199592,0.00011671035762043911,0.00013193461120779472,0.0002848819626569634
4.663690381831353e-5,2.42702831778528e-5,1.7193892983515254e-5,4.5264916965989134e-5,2.0129226674002468e-5,3.8514378661741534e-5,3.72066388151954e-5,0.0001224611064332333
2.832139753242686e-5,4.155107885721126e-5,3.6159660268639694e-5,7.555433699267646e-5,4.103943283911577e-5,4.772762384286067e-5,2.8637811110691664e-5,4.076203441807481e-5
-6.574580389847424e-5,-6.553023544884361e-5,-6.381606163144925e-5,-6.800406398857725e-5,-6.450178959328646e-5,-6.937342009429625e-5,-6.786453832792905e-5,-7.418376495046283e-5
-6.590953407675172e-5,-6.566644611984767e-5,-6.397897962895298e-5,-6.811918648304494e-5,-6.466367218873286e-5,-6.948338743354834e-5,-6.80289812203038e-5,-7.429919610159127e-5
-3.2350223048482376e-13,-3.550736747133455e-13,-3.50678420522703e-13,-3.579016858888218e-13,-3.5067994528048567e-13,-3.540557392327978e-13,-3.4478057360135305e-13,-3.362680843349963e-13
-0.00010666779605835903,-9.142442442414492e-5,-0.00010617328387453953,-6.390939588162735e-5,-0.00010447628037044757,-6.397500609566366e-5,-0.00010283562319308809,-7.415999548311173e-5
-9.051211401237825e-14,-1.092654670466546e-13,-1.1079900627061767e-13,-1.0784675707139557e-13,-1.1342742289545569e-13,-1.1258965969043206e-13,-1.156501306625146e-13,-1.1308282214210407e-13
0.00015469420279039361,0.00012329482677866693,0.00012548400970130118,0.00010760424786558862,0.00013139125904205478,0.00011997421460901959,0.00014076933297439492,0.00015107823059553406
1.1243242728310803e-5,8.859453109774257e-6,3.893765131386693e-6,8.803311616356742e-6,5.583167238885867e-6,1.4687291100922469e-5,1.2253504545989635e-5,2.613860808653881e-5
-1.8265624127564208e-5,-2.7439590956785114e-5,-3.9546646085502444e-5,-3.0117224034372837e-5,-3.544500127495995e-5,-1.4159338603154214e-5,-1.7945648564430932e-5,1.5317778305807772e-5
-2.844175994197428e-5,-3.6874531707347855e-5,-0.00014040655109051942,-9.501996607558361e-6,-1.4615571761366002e-5,-2.4020061958947783e-5,-1.393059865144679e-5,-5.829883300025638e-5
-4.120666022167994e-6,-1.600237875261577e-5,4.972106784322154e-5,-9.00035022371313e-6,-1.7237166049383734e-5,7.277947667913548e-6,1.9472761849824904e-5,0.00014785513286909562
-2.5891445799591347e-5,-5.1158255988571365e-5,-6.053207945898718e-5,-3.881248771759268e-5,-5.8659087646173795e-5,-4.199889987977841e-5,-3.3091298909553e-5,7.441208720287363e-5
1.5252456629277625e-5,4.6914450503195104e-5,4.9525774847249715e-5,4.738457759155162e-5,4.141909979182658e-5,1.8141584750531546e-5,-3.128800095215468e-5,-0.00020745315602263857
1.9336777210958825e-5,1.5411855247870237e-5,1.5685503131417977e-5,1.3450532863652129e-5,1.6423909333487888e-5,1.4996778737296066e-5,1.7596168622481787e-5,1.88847808393078e-5
0.00012987915432492795,0.0001376834479797453,0.00013602440045277226,0.00013761257862914819,0.00012316273001246786,9.486121731476746e-5,5.007189718087956e-5,-3.863843665230023e-5
0.00021374374669582227,0.0002968746785547657,0.0003163934844205306,0.00025886008750110486,0.0002883866272157477,0.00022110788444806137,0.000164646467403414,-0.00015350699823731836
1.176263217160374e-13,9.58651094859076e-14,9.793415127347576e-14,9.1840520808665e-14,9.096117963975135e-14,9.013682536714744e-14,9.258683528491197e-14,9.277891035965048e-14
-6.936986915040111e-5,-6.15960981781611e-7,9.750785671751893e-6,-2.0558896371176356e-5,-1.0904755676668555e-5,-6.224907939800329e-5,-0.00012647574658326718,-0.00041849462941904276
0.00017326827677815367,0.00018485202438152788,0.00018790776855319663,0.0001850448859249246,0.00018561789903644935,0.0001694940562167066,0.00016263509660661635,0.00010815000080207546
0.00017326827483333962,0.00018485202249878322,0.00018790776666947304,0.00018504488405271454,0.00018561789716998653,0.00016949405435262934,0.0001626350947357395,0.00010814999892219812
0.0003742751150280317,0.0003787593985603755,0.00037388826990598906,0.0003845332989686432,0.0003656167925006409,0.0003921013939151531,0.00036784991780339763,0.00036945048725865525
0.00015810666732890362,0.00017089283617719396,0.0001688299395030019,0.00019144203965211788,0.00016446538730234618,0.00021333194328170257,0.00015948312790331972,0.00010851040211811821
0.00035802343445321614,0.000355696699490165,0.0003521337929395978,0.0003667781015068281,0.00035830747286705,0.0003669517266099196,0.0003568798885791841,0.00032383027696945377
-0.00035149863970140654,-0.000493477342965668,-0.0005084985784967152,-0.00043776629002173956,-0.0004893803063811131,-0.00040265807155819613,-0.00032446293667296285,0.0002147815688631538
1.073404482492474e-5,-3.504463107026001e-5,-1.0742363840952527e-5,-0.00011984547301053245,-3.5625543599855666e-5,-8.228612850425076e-5,-4.204149873013355e-5,-0.0001276096452284714
-0.00022876542781963087,-0.0002356165855253371,-0.0001996449038332283,-0.00033794738412970093,-0.00023564125354406048,-0.00030852695362633897,-0.00026386931448711725,-0.00042640670945556634
-0.00012248151100779098,-0.0001510846624780712,-0.00015813955192678776,-0.00010825872048093697,-0.00014604591965697766,-0.00011977258191503263,-0.00011846798045879536,3.92769737481864e-6
-0.0005343618443367728,-0.0003617871026797598,-0.0003623566040271679,-0.0003716950199050023,-0.00036738005337430383,-0.0004249221426427649,-0.0005044302246492092,-0.0008509446469181322
-1.362194592524217e-11,-1.4171119191164205e-11,-1.4101654834034512e-11,-1.4211919320873668e-11,-1.4152949145148229e-11,-1.4285692163107549e-11,-1.4133082056553669e-11,-1.408329396648202e-11
-0.00024770318100264765,-0.0003467789426044515,-0.000353684810873082,-0.000351528991516938,-0.0003332088688819018,-0.0002648011874829588,-0.00010746120197579735,0.00052762389532864
-0.00026317368736171324,-0.00035998516035464607,-0.0003672793062259153,-0.000364837230830883,-0.00034657038382877176,-0.0002779042398408048,-0.00011991838131988192,0.0005159329031925769
8.338334024508696e-5,5.046625290014583e-5,5.045081909793191e-5,4.760150427549969e-5,5.4832516618553444e-5,7.218529697488937e-5,0.0001125017909853563,0.00024823558191490946
0.00015304251754437272,0.00011287752317481442,9.875677082592235e-5,0.00014815563385807068,0.00010984987752149198,0.00017906096627408119,0.00016460586912039996,0.0002967452214654288
7.652125814599237e-5,5.6438760982145e-5,4.937838480348593e-5,7.407781632212662e-5,5.492493815240392e-5,8.953048252930123e-5,8.230293395098595e-5,0.00014837261012439924
0.00011520974015644003,4.2070566521783934e-5,4.126318691287021e-5,4.225754485199334e-5,4.792001953365347e-5,7.651108809803288e-5,0.00013696320563279745,0.0003829142615786354
-7.134760845850059e-5,-0.00011315599189985667,-0.00011022387684325426,-0.00012315021896539176,-0.00010521094995165037,-9.220827413674939e-5,-2.794292335528576e-5,0.0001721507144187491
-0.00014039619015389278,-0.00012800375053396333,-0.00012289988332218828,-0.00013650021422323508,-0.0001285421362353409,-0.00014800513407638003,-0.00016355034739999643,-0.0002521176724632986
-0.0002485424321066275,-0.0002624456447785959,-0.0002588446979257386,-0.0002768718081042005,-0.0002585376405267424,-0.00026603100073645464,-0.0002324814411008662,-0.00017347710115363154
6.332212800446545e-5,0.00010235167677514823,0.00010960458434349655,8.822557762861309e-5,9.565320917348753e-5,5.734832765562692e-5,2.4815410430373704e-5,-0.00016106359177355537
0.0001799555714189178,0.00021202035715070034,0.00021496851618052674,0.00021033181498414372,0.00021042988912538837,0.00019105201085838997,0.00015588567823955065,3.7320754032983115e-6
6.32889620039968e-5,6.846906439073313e-5,7.514393050999087e-5,6.155595455006513e-5,7.16309193711834e-5,5.042514597552345e-5,4.169406778343021e-5,-1.857430575675196e-5
0.00010389521916163812,8.017736824923898e-5,8.256330320208786e-5,7.373985444873833e-5,8.336992703212948e-5,8.936008358269937e-5,0.00011113266792837101,0.0001693414424117141
-5.414248435067825e-5,-7.651260361811068e-5,-7.341338631115056e-5,-9.184946657366314e-5,-7.112388555157036e-5,-7.272577684575041e-5,-3.2076151824583995e-5,4.2439313302309746e-5
0.0002163047283298764,0.00022234857539230312,0.0002248272875051049,0.0002216090618538142,0.00022202170254761314,0.00021601457323777774,0.00020186513719963175,0.0001531617287213545
6.15318398831891e-5,6.352740516356312e-5,6.737627756859112e-5,5.498331671315924e-5,6.55234809324836e-5,5.179988781837579e-5,5.4209502456077744e-5,1.9157438767346627e-5
-4.8756982257685134e-5,-0.0002596328279779703,-0.0002931466750978265,-0.0002081815915571869,-0.00022593547889168013,-8.01820905575047e-5,0.00012629737629357284,0.0009882092816078576
-0.0001298791551233948,-0.00013768344879968748,-0.0001360244012678578,-0.00013761257944547618,-0.00012316273082697854,-9.486121813411958e-5,-5.007189800295066e-5,3.8638435818017564e-5
0.000749412841728375,0.001002498994174199,0.00104594483063158,0.0008891060570501541,0.0009477674960970008,0.0007102655185784737,0.0005297362857323196,-0.0004629390974416279
-2.8659823070619242e-11,-2.9808607988634774e-11,-2.964956116159916e-11,-2.994267481761577e-11,-2.975594824501259e-11,-3.0095014352030105e-11,-2.970443524156529e-11,-2.962254457805508e-11
0.0001439995864649393,0.0001521770980374909,0.00015550286689874345,0.0001390672828824957,0.00014888846703889087,0.00014516966298416941,0.00014230445514317044,0.00010810226312462348
-2.7008504175066427e-12,-2.7332092385327287e-12,-2.73077112250245e-12,-2.7225467158219744e-12,-2.7289815102918175e-12,-2.7221591378606428e-12,-2.729636362685851e-12,-2.729221189940783e-12
0.00012482583067247784,0.00019312386484258203,8.687394588538927e-5,0.00021776785589219658,8.468621065193995e-5,0.00023481118109536947,-3.8737802339090314e-5,-0.00033989778354507846
0.0001248258315711454,0.000193123865553508,8.687394662630429e-5,0.00021776785660747528,8.468621137863036e-5,0.00023481118179784373,-3.873780158751822e-5,-0.00033989778272655255
0.0002595245048804541,0.0003042169089392059,0.00030297770220361693,0.00033883118548332254,0.00031099754818251005,0.00029393437141505483,0.0002124728650975251,-1.2078156998756635e-5
5.460894157654381e-5,3.5490240406277304e-5,2.5833764645892477e-5,4.9347134758513403e-5,3.609671440581539e-5,5.340689408351143e-5,5.597257837640735e-5,0.00013011685455370124
-3.792309262193635e-6,-4.680398175459194e-6,-3.7376357597302697e-6,-6.500629095675313e-6,-3.906137549071167e-6,-6.4208716706741516e-6,-3.892088297901477e-6,-5.790157119912876e-6
1.7169432147705917e-5,5.2810800891974157e-5,5.575032435259634e-5,5.334001497189628e-5,4.662477793639226e-5,2.0421674621269648e-5,-3.5220370447737235e-5,-0.00023352649336622218
0.00012067486948204949,8.385743502896777e-5,7.718195078920204e-5,9.796003253298448e-5,9.313496748793836e-5,0.00010794250256155708,0.00011976521495891631,0.00020235978557617057
0.00012067486816755362,8.385743370663496e-5,7.718194946931742e-5,9.796003121720865e-5,9.313496617243866e-5,0.00010794250124615314,0.00011976521364339791,0.0002023597842611835
-4.66520072408172e-12,-4.699788009021012e-12,-4.713125325530902e-12,-4.673182040210517e-12,-4.7323493143598394e-12,-4.703260501323015e-12,-4.762377281629373e-12,-4.753854486229052e-12
-2.5171534189502575e-12,-2.5128073374169226e-12,-2.52079439398379e-12,-2.4984325116602967e-12,-2.5262619932728775e-12,-2.5092486096092336e-12,-2.5380275859860495e-12,-2.5301620407764836e-12
-0.00011030144557912591,-7.164128694069481e-6,2.8697028985087415e-5,-6.450258008191391e-5,-8.811514573670547e-7,-4.315668505398426e-5,-1.8809931173217258e-5,-0.00014390847395531428
4.640883175011096e-5,5.119764595341172e-5,7.118456676352324e-5,1.285429095120054e-7,5.169115395491886e-5,1.727636961840264e-5,4.6835839129377794e-5,-1.3529857754226247e-5
-4.343143650333979e-5,-4.655734472111096e-5,-4.865756241032052e-5,-7.81143829966403e-5,-5.674904270269362e-5,-5.3174130808495454e-5,-4.2967869090008114e-5,-4.7720030727005234e-5
-3.9580692934697765e-13,-4.2637922849346646e-13,-4.2188943733743287e-13,-4.2997183308226906e-13,-4.21744312135323e-13,-4.26139041261131e-13,-4.1589816481569245e-13,-4.0887608660930473e-13
6.04503572302197e-5,2.3714671032858955e-5,2.6778630642897624e-5,1.798896325905694e-5,2.9499586220751612e-5,3.6245240998365696e-5,7.286465742907403e-5,0.00017706992219045057
9.300630260683102e-5,6.363818969244264e-5,5.922210447539798e-5,7.195589932961936e-5,6.324153157240213e-5,8.974920384593889e-5,0.00010598836880046524,0.00022337812736461163
9.230355844899702e-5,6.277767048180159e-5,5.852180836715198e-5,7.080230598105837e-5,6.251325809769414e-5,8.860216366038428e-5,0.00010527357514696757,0.00022238888121903398
5.9729328353660874e-5,2.282914522270388e-5,2.606007118673003e-5,1.6781883789226394e-5,2.8752214199578307e-5,3.5052010003231915e-5,7.213083764023631e-5,0.00017603348796092278
5.869631304100893e-13,5.804391267211457e-13,5.783446880895918e-13,5.79420014712276e-13,5.737002861220691e-13,5.743911835375695e-13,5.693367317979654e-13,5.647069692844544e-13
6.978251263311164e-13,6.728281505887941e-13,6.681526078702971e-13,6.7007401853054e-13,6.577109669929791e-13,6.579998203727012e-13,6.505777207538018e-13,6.550252051252225e-13
-5.273490593397214e-13,-5.440426864611228e-13,-5.434541967961253e-13,-5.412247306674086e-13,-5.45218757791756e-13,-5.441971751895861e-13,-5.454584006671623e-13,-5.41414374301534e-13
-4.710751165580718e-5,-5.08012968131292e-5,-5.593508409960679e-5,-3.5636246873246064e-5,-5.353125122337439e-5,-2.7410999935127026e-5,-3.463162918436272e-5,2.0432844396920275e-5
-4.710751706033605e-5,-5.080130230573641e-5,-5.59350895612378e-5,-3.563625243686847e-5,-5.3531256691770066e-5,-2.7411005521706247e-5,-3.463163464593071e-5,2.043283890848337e-5
-0.00017172586398470706,-0.00018254945573584316,-0.00018804942796350798,-0.00014988765699926548,-0.00017684300952305898,-0.00018378703559966352,-0.0001809741851876666,-0.00013125144939550216
-9.076657527919149e-5,1.0937701995342072e-5,1.8015711255204035e-5,-9.002822482787124e-6,2.7966491863644198e-6,-5.121757958157901e-5,-0.00011269538940355061,-0.00039344354438801133
0.00019627482510350144,0.00021305925079359665,0.00021186660557814986,0.00020512851953281803,0.00021896321050906403,0.00020567301600482303,0.00022547567729200348,0.00024318000137061089
-0.0007631346444133537,-0.0007478401021933361,-0.0007089175524301977,-0.0006447195860988391,-0.0005853288712331222,-0.0005409164710868192,-0.0005149289991869421,-0.0004969175762297274
-2.7417744160968956e-5,-3.41083869422147e-5,-4.12645817691675e-5,-1.755033945934252e-5,-4.373526294494659e-5,-1.4381811596935311e-5,-2.441198054065382e-5,4.957171762295576e-5
0.0002023534123867184,0.00020462756520795168,0.00021239269346846,0.000180473884369521,0.0002091750144074409,0.0001688928385287059,0.00019260534389586615,0.0001452409911689885
0.0001525714322677914,0.00014810224597105825,0.00015240694121415138,0.0001686902966366761,0.00014360289361733174,0.00020991540895157605,0.0001280374233554704,3.3459359681694536e-5
2.1702223918314074e-13,1.713247811499037e-13,1.7692282008029598e-13,1.7518486305250525e-13,1.7458557578294108e-13,1.74504480641302e-13,1.779293375923001e-13,1.832835058998814e-13
-6.661144234397546e-5,-5.7329802685766114e-5,-6.468885349842606e-5,-5.332169685236472e-5,-6.798250123539583e-5,-5.4294137326098415e-5,-6.806487632184673e-5,-6.369388477011851e-5
0.00011257774756606874,5.005662925825302e-5,4.8766100969964574e-5,4.465268516300397e-5,5.59375453933924e-5,8.058831337901414e-5,0.0001424954147666515,0.00034909208883257174
3.222388242612465e-12,3.0171845282936624e-12,3.0431408239535167e-12,3.034237258199681e-12,3.0336963089902292e-12,3.0340186284492507e-12,3.052589218889356e-12,3.0820114384449377e-12
-0.00021480288496571323,-0.00021738427124052482,-0.00022522450599698856,-0.0002249193711100443,-0.00023489380405432162,-0.0002184909081812295,-0.00020139476988296974,-0.0001479593561351407
-0.00011267487808624988,-9.31846274341083e-5,-9.72666508576229e-5,-9.062998728192664e-5,-9.81453420087595e-5,-9.447860839368543e-5,-0.00010095888612492106,-0.00015132314800529614
-1.7180612327311382e-5,-5.782913686555909e-6,-5.265806055946044e-6,-5.980966770236677e-7,-4.7602260792326054e-6,-7.288490589826857e-6,-2.06091457639336e-5,-4.219143459940456e-5
1.404026243124398e-14,-1.650001581270274e-13,-1.4330097413423047e-13,-1.496999960510207e-13,-1.5515546920907446e-13,-1.5883187976094218e-13,-1.5396519551585668e-13,-1.4836659565068606e-13
9.278555579900562e-5,2.9404622533119244e-5,3.160555077411454e-5,2.520601163588927e-5,4.0084043491955545e-5,5.890177017427954e-5,0.00011988582520911666,0.00033084509623574157
-7.067831841620523e-5,-5.5483866821367455e-5,-6.910682265318539e-5,-2.4689805573384577e-5,-6.603051563879459e-5,-2.9499257834421727e-5,-6.382741930381897e-5,-4.302244719899071e-5
0.00012970076711741696,0.00014004790852659827,0.00014756856889192765,0.00012238004992123382,0.00013581817600722188,0.00014546130763837327,0.00011898381626385414,2.313289573332804e-5
-9.287264273517003e-6,4.939445973248788e-6,7.0701271016596974e-6,1.8435794471881566e-7,2.131771354013419e-6,9.033518981043611e-7,-8.941792484023431e-6,-4.395878608805746e-5
0.00011043281351169998,4.7840358216159104e-5,5.3983650099119354e-5,4.418406668059996e-5,7.304321368041455e-5,8.424880669644502e-5,0.0001405935564174535,0.00030159242177145906
4.55611137852855e-5,-1.3726365363053441e-5,-1.3763776004351879e-5,-7.781535806473909e-6,-1.3105983277973546e-5,1.1498666560166441e-5,4.9165264911176824e-5,0.00023036073430325208
1.772507854306984e-5,5.451989200665879e-5,5.7554545873215294e-5,5.506623279251254e-5,4.8133673722994746e-5,2.108257179252165e-5,-3.636019041330703e-5,-0.0002410840004155198
1.602443052814508e-13,1.209529833415781e-13,1.2464225225225786e-13,1.2408558713794537e-13,1.2266070624487534e-13,1.229702295995804e-13,1.264708658915693e-13,1.353202016001775e-13
9.78488201509294e-5,0.00010189417666700284,0.00011100650255699084,8.431598528876339e-5,0.0001034927688979958,7.645809956087516e-5,6.542699959117124e-5,-5.765686145255368e-5
6.268252961453646e-14,4.194793998719114e-14,4.001392308110175e-14,4.1538282684105906e-14,3.3945985196894633e-14,3.398694102157917e-14,2.986230385406692e-14,3.392374102580491e-14
-4.508406360721297e-11,-4.685963953852609e-11,-4.659418191200676e-11,-4.713324149454472e-11,-4.675458476352376e-11,-4.7368440148690696e-11,-4.666399971181526e-11,-4.657287027480242e-11
0.0002683378367229535,0.000313659832406011,0.00032777547075020616,0.00024540352297403056,0.00028462763428587987,0.00020562846335639027,0.0002000781978691898,1.6232463200725876e-5
0.0005278623456097687,0.0006178767452839059,0.0006307531768995325,0.0005842347123880899,0.0005956251863939914,0.0004995628386956363,0.00041255106689617137,4.154310133465974e-6
0.0004071874628414024,0.0005340192971832326,0.0005535712130185794,0.0004862746668020401,0.0005024902058793294,0.0003916203231122779,0.0002927858389096933,-0.00019820548847394648
9.642170567411936e-5,4.218846552892232e-5,5.5443149868314296e-5,0.00010055037289207055,0.00012993652013280422,0.00017614026982696237,0.0002472085691539097,0.000519198931999442
-0.00015368760428096094,1.0854268691224409e-5,-4.0172809895715076e-5,0.0002444091699459741,1.4513861370839742e-5,2.9744144665786544e-5,-0.00032371268951050374,-0.0009291208852011658
9.319167492081277e-5,8.682231431242825e-5,8.640724083451406e-5,7.507231361684636e-5,7.956375402397224e-5,8.776687467704165e-5,8.087928353201949e-5,6.581288347733285e-5
9.542375443975779e-5,8.925491521353294e-5,0.00010653826068255948,7.809715142107228e-5,0.00011385527492902139,9.674191902582166e-5,0.00012538710854229107,0.00011581819943896995
2.6300541131528237e-6,8.089681442678564e-6,8.53996445051932e-6,8.17074768226043e-6,7.142092130643602e-6,3.1282401248879915e-6,-5.395137103700301e-6,-3.57721279286126e-5
-7.372874671120298e-14,-1.0333685782048594e-13,-1.0203274140344455e-13,-1.0164529201565869e-13,-1.0353085439050163e-13,-1.0214234658105212e-13,-9.498915005111907e-14,-7.515020711534382e-14
-0.00020864024444276693,-0.00019156593637847653,-0.00014607751692874717,-0.00020060531970012653,-0.00016041712840249284,-0.00021144529238034202,-0.00016930465491156866,-0.00023067767245677867
0.00015858980504186796,0.00016204170321365032,0.0001636249963707066,0.00016869343518018383,0.00016495928945917153,0.00016608348202233066,0.00016072026432903456,0.00015501819658746943
9.445966564490689e-6,2.9054486802064665e-5,3.067170037842235e-5,2.9345640184581122e-5,2.5651173159383363e-5,1.1235226174098518e-5,-1.9376902557208582e-5,-0.0001284773598695325
-3.7771264045178636e-13,-4.177498059529211e-13,-4.153488582530085e-13,-4.159566817783678e-13,-4.1919041062909657e-13,-4.192322301148851e-13,-4.175283286117151e-13,-4.0971365634396166e-13
-5.310792225074335e-13,-5.808035144276852e-13,-5.773372777272508e-13,-5.882795883270537e-13,-5.977929585432374e-13,-5.977059114668699e-13,-5.963919973926059e-13,-5.903645945982832e-13
1.9034389252906305e-6,5.854767421871438e-6,6.1806547901657166e-6,5.913442508713106e-6,5.16897239819579e-6,2.2640100391464236e-6,-3.904656298977934e-6,-2.5889568292487598e-5
-3.721921133323004e-5,-2.5598211897784978e-5,-2.333617675216992e-5,-2.832134514544539e-5,-2.6164120984139227e-5,-3.192969919457395e-5,-3.396828728720582e-5,-6.1165633504785e-5
4.91778694852019e-5,3.310934295864369e-5,3.147545286410225e-5,3.387146502422315e-5,3.083561650124118e-5,3.6754773233257704e-5,4.0334823385060366e-5,7.970857739089743e-5
0.00010296471301666101,-6.884146531216709e-6,-4.544004843292111e-6,-1.6632807947271585e-5,6.053625562736978e-8,3.430155914597103e-5,0.00012914771916853088,0.0004919747349933029
0.00013798725849344681,7.991338971988595e-5,7.58744835577974e-5,6.365036991650998e-5,8.125245698156754e-5,0.00010624013234613122,0.00018773730377352478,0.0004039216776980406
2.308174719007778e-5,4.491020229166968e-5,5.180351398950893e-5,9.464808806096285e-6,3.053913260427535e-5,-5.375692747594157e-6,-1.5807023020577685e-5,-0.0001328182768289225
-0.00032873962372584716,-0.00038794232023239096,-0.00038388056896075824,-0.0004314476661968909,-0.00038581971696339943,-0.0003810810295583055,-0.000291753170385021,-6.82580791489838e-5
-0.0005476949775029454,-0.0005690779347678894,-0.0005579722152137272,-0.000614975086345302,-0.0005723983350816223,-0.0006056901027586382,-0.0005968476742012304,-0.0006950971819353386
0.00010812752046157925,3.3501576272161233e-6,2.035097650925625e-6,-1.1102240845542853e-5,4.67007573470643e-6,4.18295303694475e-5,0.0001372913509086994,0.0005009665055441003
2.6661214087749313e-5,-9.617457991831932e-6,-1.1286795229643156e-5,-2.770920857036483e-5,-1.3932501649819457e-5,-7.243468809104857e-6,3.3712337710698224e-5,0.00014442599867433344
-2.027718005200058e-5,-7.770546520438238e-5,-8.052773333966446e-5,-7.603962831553963e-5,-7.180783979528548e-5,-3.969054557615181e-5,2.847333994836511e-5,0.00033164949407871327
-0.00015041172794038043,-0.00017111530754487675,-0.0001765417709791416,-0.0001735792558185354,-0.00016854639204669805,-0.00015004317607955725,-0.000104514091771451,1.1384893805473885e-5
3.867356043278748e-5,3.0823716524439505e-5,3.137101227944863e-5,2.6901071744025612e-5,3.284782466738064e-5,2.9993563496658103e-5,3.519234322248471e-5,3.7769567626119946e-5
-6.310808970306101e-12,-6.378120018116798e-12,-6.39528293163647e-12,-6.3411550263516345e-12,-6.42742425239842e-12,-6.387221617584185e-12,-6.473605667376448e-12,-6.465083760805778e-12
3.867355170540908e-5,3.082370771860919e-5,3.1371003451560335e-5,2.690106298231912e-5,3.284781579662755e-5,2.9993554677353174e-5,3.519233429150187e-5,3.776955869967091e-5
0.0001979020287345439,0.00032025786276220625,0.00035533132684330103,0.0004060099392308377,0.0004161118008274783,0.0003409457323368323,0.00015678887748151095,-0.0004929973485986382
-0.00023925195844949564,-0.00033282235442414897,-0.0003407690676960391,-0.0003396246888033293,-0.000321381471870796,-0.0002567974101835549,-0.00010584698202625434,0.00046184218953213756
-0.00017598065203449715,-0.0002726332654790282,-0.0002792486391609968,-0.0002808714035737734,-0.0002608930074731474,-0.0001999505559773208,-5.766819573648646e-5,0.0005098976166290249
8.201204558089649e-5,0.00010294494132509992,6.015595243592841e-5,9.394792183310062e-5,8.457440902038497e-5,0.00014610845637513692,0.00014208942905936562,0.0002608802705419547
-0.00014393444692926743,-0.00020595388660422497,-0.00016522731116639264,-0.0001660865382767321,-0.00014475509005254495,-0.00013732412633326327,-3.7093141205716565e-5,0.00016644009302827553
2.4503947835291718e-5,7.537075891516113e-5,7.9566001403602e-5,7.61260450749343e-5,6.654216248198299e-5,2.9145498076202982e-5,-5.026596938380554e-5,-0.0003332854056359614
-8.90801520790499e-14,-1.2690097775177471e-13,-1.2295503873024075e-13,-1.2637222494481744e-13,-1.2526851010877163e-13,-1.2600254341310275e-13,-1.2194890675699068e-13,-1.1299840375634985e-13
-0.00024861397059115764,-0.00024526208353637367,-0.00023612630318695056,-0.00026474073731275893,-0.00023953587159479433,-0.0002586660034224485,-0.0002464169094298863,-0.0002822085940271248
7.051351929198354e-5,4.189161985482184e-5,2.8434536598103976e-5,8.053629819808495e-5,4.322698837772261e-5,7.441335211527495e-5,6.547901277796482e-5,0.00015995893498180495
0.0001213983555785545,0.00012360920238684527,0.00013541117218007187,8.991102047916539e-5,0.00012214011846909642,0.00010206367130417662,0.00011409559086301052,5.853055663946464e-5
0.000185636968106596,0.0001493970496481107,0.00013837956064543925,0.00018140332349311165,0.00015034789752738358,0.00018091764457988117,0.00017560062142593438,0.00026888792045427117
5.884788785373923e-13,5.927409264504948e-13,5.930467540511603e-13,5.929150711900007e-13,5.91621900282677e-13,5.914513059845441e-13,5.887355962661829e-13,5.833577829073804e-13
-0.00015732988831641765,-0.00019433567260559293,-0.00022896149826711468,-0.0001287405149074585,-0.0002148091048989685,-8.312294274923874e-5,-0.00014947924532517792,4.3747302700470944e-5
5.3117737920343956e-5,9.496739590604208e-5,0.0001319377301276385,8.16776036683129e-6,9.636847300058558e-5,2.293371097811895e-5,5.416374838243007e-5,-0.0001394104673711461
0.00024955256672279076,0.00023221729983271953,0.00023096068221963167,0.000237578831791584,0.00023397086817271561,0.00023228175997401664,0.0002299313126541092,0.000231503241775518
0.00012482583476955983,0.00019312386839735596,8.687394952174051e-5,0.00021776785946371155,8.468621424496898e-5,0.00023481118461936122,-3.873779868265963e-5,-0.00033989777969607217
-3.243832707203357e-11,-3.3722935967572e-11,-3.3542379291117407e-11,-3.388353350344901e-11,-3.366142055220334e-11,-3.405375093091542e-11,-3.3601212300401736e-11,-3.3513287912771795e-11
0.0004306830247979915,0.0004333269353061376,0.0004272349869385146,0.0004416675758383689,0.0004261550186388969,0.00043037561963653684,0.00041211996819108564,0.0004106496758701598
1.6151051125041675e-5,2.314005777105545e-5,1.4723748618356783e-5,3.5158555839877493e-5,2.0812264986185795e-5,1.86275951545057e-5,5.283029112823446e-6,-2.2096073852757185e-5
-1.0684152987018964e-5,1.3486497198525909e-5,1.3765845463070835e-5,5.637177316077345e-6,1.000139187188391e-5,-1.0273672108549323e-5,-3.812731730938349e-5,-0.00017416310026447665
8.76250529703495e-12,8.600157629682086e-12,8.620539699395416e-12,8.605111481995808e-12,8.598750398564094e-12,8.589781864796443e-12,8.5877360465277e-12,8.57678431838196e-12
0.00017761873050510556,0.0001990106851928675,0.00017747639018572938,0.0002639417243749724,0.00017632939695836017,0.0002061450677022324,0.0001624848178791227,0.0002226742010854344
0.0001342854192602517,0.0001783790962971846,0.00017363773787056568,0.00019825826682071996,0.00017702813019013073,0.00018349693461117955,0.00017117620146204143,0.00016705534747978496
-0.0001287280322760269,-0.0001532641303784163,-0.0001641942283137346,-0.00013729569475386593,-0.0001555533570678318,-0.00013157399642197413,-0.00011809705654302859,2.504384757463149e-6
2.6366804370596807e-5,4.3209015117750746e-5,4.010904276047641e-5,4.179448556825067e-5,3.209542878798008e-5,2.189303459262146e-5,-1.0316193272915563e-5,-0.00010130971432741685
-0.0009123650910541219,-0.00029750572878558493,-0.00030782237106504666,-0.0002036479322270529,-0.00036918731048437913,-0.0005616393857099517,-0.0012441291779096424,-0.003194956474674199
-4.637604755674149e-13,-4.956937911317828e-13,-4.923335157706978e-13,-4.926612124835086e-13,-4.946674548143843e-13,-4.936478093625237e-13,-4.913582617654449e-13,-4.821115281073394e-13
-0.0013071617392975189,-0.0012977547821054966,-0.0012746483984405078,-0.0013248627475250813,-0.0012613932817362064,-0.0012972165957833464,-0.0012651931475254488,-0.0013365050340689532
-0.00015550549292844183,-0.00017734477704305993,-0.00017932307544025542,-0.0001612691792868934,-0.0001687329235894383,-0.00015829849398035068,-0.00015690739964438559,-0.0001202734817569028
-0.0003784688855806781,-0.00038094952081518357,-0.0003721471948031395,-0.0004242481147774664,-0.0003861243421775355,-0.00041103229159045564,-0.00038697593704802046,-0.0004252114247198361
-0.00024122095399484758,-0.0002320002120320034,-0.00021075157734552833,-0.00015652363989184678,-0.00015336609491180546,-0.00011616403437870922,-0.000100754133340714,-3.342075745172436e-5
0.00021439949820520088,0.00023508938581457605,0.00024174394912198933,0.0002379211462927818,0.00023713140639508958,0.00021264696965230955,0.0001905740601628986,0.00013488427867358265
0.0006310591366056224,0.000632190375472402,0.0006345633263879818,0.0006406836256129931,0.0006402480322409628,0.0006460734222044765,0.0006560656334240781,0.0006784343095018319
-4.70470172220246e-12,-4.695142840034357e-12,-4.694331518084469e-12,-4.698637804685484e-12,-4.6983738384305524e-12,-4.703023722470151e-12,-4.7050574186337424e-12,-4.710920312702759e-12
-0.0002436897607579138,-0.00024287175179053006,-0.00024566064641536766,-0.00023992994394061976,-0.00024541612074675746,-0.00023995632701897748,-0.00025133105410074074,-0.0002673729878808841
1.9943360650958227e-5,3.3942022225969276e-5,2.2797781313120124e-5,5.308663415282993e-5,2.288854665504534e-5,5.081432308329496e-5,1.6929238477650974e-5,2.5930473136335294e-5
2.3549882931639908e-5,2.6497252028826916e-5,2.3483670555659968e-5,3.301237598594063e-5,2.3586476765773756e-5,3.100668990452463e-5,2.059224978534707e-5,2.1380332284486817e-5
3.5025717567914004e-6,7.151701755054795e-6,3.946549283978469e-6,1.381856216908508e-5,3.827089485718328e-6,1.1805740662020983e-5,4.468461065037439e-7,-9.014271052436032e-8
5.903874718157574e-6,-1.302568698799626e-6,3.4466825133917696e-6,-6.937103405150321e-6,3.344406588234664e-6,-8.734567005521251e-6,2.886540556189246e-6,-5.435423481666705e-6
4.2774295759048634e-5,4.628793390127803e-5,4.518278565532864e-5,2.229815011689852e-5,2.8169776997903037e-5,1.7899879400248652e-5,1.3634736557815552e-5,-1.2307778263445052e-5
-0.0007073586540665685,-0.0007063754808353769,-0.0006707335932859846,-0.0007148639878769888,-0.0006598081749691157,-0.000691838841285301,-0.0006689157047866037,-0.0007645777108169906
-0.00011661973259983848,-0.00010836509046772473,-0.00010180612497422698,-0.00010398015817635041,-0.00010359949099574296,-0.00010776411193803155,-0.00010119661392038436,-8.264414837536599e-5
-0.00021309220033628653,-0.0001891446522019298,-0.0002100102812569877,-0.0001904796068566504,-0.00020659192755939428,-0.00019859228224267263,-0.00023558806567498111,-0.00030504820631365327
0.0003079275602491254,0.0002793395138856928,0.0002844875982052153,0.00024201993651831217,0.0002674664251544596,0.0002375349171082839,0.00022464600875845192,9.059524999511227e-5
7.905497435527419e-5,5.281086734196052e-5,4.936765198048089e-5,5.0748436108344664e-5,4.989834414795604e-5,5.83717121596632e-5,7.762256294065566e-5,0.00015063442530875818
6.289516402727217e-5,3.0205239059944515e-5,2.48594075516194e-5,2.115973582761271e-5,2.3124896299593417e-5,3.980857843533479e-5,5.468800700013374e-5,0.00012624976474410752
0.00011854030242638464,0.00013266579414371248,0.00013077394864685396,0.0001335280754061245,0.0001259509102235791,0.00011510211092339915,8.667033323558997e-5,-5.3048691453247965e-6
-5.6676199410509275e-5,-6.43524181020586e-5,-7.213871998091341e-5,-4.7743667615309003e-5,-6.60376282385102e-5,-5.4736614522615803e-5,-6.504349148104004e-5,-4.719303246915866e-5
0.0011456729582971271,0.0011792857086153918,0.0013189842094332067,0.0016175430035598375,0.001885715940817666,0.002014144237137718,0.002089389755224674,0.0021561686780404397
3.721922651078877e-5,2.5598226999405927e-5,2.333619184043548e-5,2.8321360162041143e-5,2.616413592932662e-5,3.192971413208794e-5,3.39683022038648e-5,6.11656484172394e-5
-0.00011927635249879662,-5.656258594135093e-5,-5.888243819846927e-5,-4.4692858325767325e-5,-6.244347504100367e-5,-6.50341154481181e-5,-9.481270335787575e-5,-0.0001639426304168011
0.00012317359666564573,0.00014263254054151336,0.00014312754008552616,0.0001377771374545459,0.00013225546213084587,0.0001323002981922953,9.976381926223138e-5,1.8540104181118277e-5
-0.00026643722436324723,-0.00031035354933345413,-0.0003178386532941925,-0.0002825691009100724,-0.00029475535711131253,-0.0002755286669685935,-0.00023396921399463985,-6.129189291696624e-5
3.7359650532627284e-5,2.489156104958322e-5,2.1280681626411306e-5,2.2611555678496053e-5,1.7174819571300117e-5,2.2196074906386848e-5,2.337141818347961e-5,5.0346292716736004e-5
-3.2395657238015046e-5,-2.3425725295608146e-5,-3.8279017073458916e-5,2.5419345691390656e-5,-3.1815340932782324e-5,2.774733298991947e-5,-3.4701966523664616e-5,-3.45144082247165e-5
-5.359641743038288e-5,-6.758091144827029e-5,-5.7874509518098606e-5,-8.421817776033468e-5,-5.613477890860633e-5,-9.186837324381031e-5,-5.161837776557516e-5,-5.0224030397526305e-5
1.2989352282776468e-12,1.2969060919154694e-12,1.2974319508099938e-12,1.2968600835512421e-12,1.297322694960975e-12,1.296446806909371e-12,1.2975619008205568e-12,1.2975706393378007e-12
9.557481412422579e-5,6.325035542800153e-5,5.3873144088638865e-5,9.028645725204246e-5,6.71142439551935e-5,9.873548034799388e-5,0.00011529222494031967,0.00026361375989428866
0.00016175045214561105,0.000158050354089224,0.00016081383269096159,0.00015225482947710478,0.00016059952590442264,0.0001647158600599235,0.00018264285527803492,0.0002175926247387385
-7.579800446262704e-5,-7.417093250409399e-5,-8.521923495358899e-5,-3.6867721120655524e-5,-7.813539351631945e-5,-3.964420610084886e-5,-7.626414506395182e-5,-5.52408877742457e-5
-7.523224677058307e-13,-7.522881750070185e-13,-7.52931253443341e-13,-7.514648464403753e-13,-7.532148281617963e-13,-7.520504063572692e-13,-7.534901890278287e-13,-7.526311917239258e-13
1.3336338799844814e-12,1.3336338799846369e-12,1.333633879984812e-12,1.3336338799847758e-12,1.3336338799848796e-12,1.3336338799847908e-12,1.3336338799847875e-12,1.3336338799848685e-12
0.0001340853247911825,0.00010677244082179442,0.00010570832677212455,0.00010627043314330284,0.00010867308446356184,0.0001196282371161552,0.00014090436832507594,0.00021796771541130318
0.0003635072557691727,0.0002726120956286021,1.7078750539019065e-5,-0.0005247694921411199,-0.0010328745708513844,-0.0012840878087381983,-0.0014290485758583077,-0.0015396690554493843
9.904889721272961e-5,0.00010816614950969765,9.506766320475417e-5,0.00012517225684463736,9.925326933102777e-5,0.0001128018071841207,8.479321216957125e-5,6.484077890954935e-5
0.00024770318150491266,0.00034677894309529766,0.0003536848113660962,0.00035152899200786874,0.0003332088693741457,0.0002648011879746738,0.00010746120247029421,-0.00052762389483045
-0.00022602171812788184,-0.00019180941886812593,-0.0001963671928134164,-0.00017015721996915058,-0.0001912072368605798,-0.00018849859406360885,-0.00022758102407222195,-0.00032781682366433165
8.684949794740288e-5,0.00011097216304405159,9.935871850972448e-5,0.0001273544093383088,0.00010177415056043386,0.00011191761519051559,8.754663525553044e-5,6.974323578404339e-5
-6.640480740947242e-5,-5.8507132304848244e-5,-6.869307575188831e-5,-4.618096975708702e-5,-7.03415073251285e-5,-6.458411116748715e-5,-8.663821442109552e-5,-9.394885584966292e-5
-4.155638441626487e-5,-4.5643099039404604e-5,-3.8490466827258374e-5,-7.722065631631767e-5,-5.189583201747102e-5,-6.461828300897914e-5,-5.036829548563492e-5,-6.691384663364604e-5
-0.0002144199148092765,-0.00021670111982843306,-0.00021816529844133863,-0.00021442387884960373,-0.00021932028305812642,-0.0002227841417622398,-0.0002301314961456861,-0.00023573174870696072
0.00017802288335318347,0.00014388606167496768,0.0001499157381741217,0.00015986098054541283,0.00017563828514291177,0.000192504499203196,0.0002265706326158726,0.00033276353417479004
-3.1587919650462284e-5,-3.328783999159681e-5,-3.604634015636664e-5,-4.324660051877544e-5,-3.843069041273612e-5,-3.7446423038748035e-5,-4.027248332224602e-5,-5.702187697545792e-5
-0.00014037172558323575,-0.0001903165186929982,-0.00020062617980449613,-0.00018175736021915252,-0.0001942873768109479,-0.0001664486205240659,-0.00013830754186045636,1.5052898247598472e-5
0.0002983969736871422,0.00030035889334743663,0.0002998565721517313,0.00029827167655839364,0.00029245954830942885,0.00028187713263026293,0.00025843724982982505,0.00021791769885228925
3.8675993793168355e-5,3.083123764104704e-5,3.1378953010289936e-5,2.6908668453019815e-5,3.285446281263195e-5,2.9996461242214685e-5,3.518729830982285e-5,3.77362152856275e-5
3.867354780908196e-5,3.082370393792146e-5,3.1370999709563815e-5,2.6901059171056122e-5,3.284781213573802e-5,2.999355093561814e-5,3.5192330739963396e-5,3.7769555208778045e-5
0.00021103904163349455,0.00021164723660302258,0.0002339805466300197,-0.0004839363076323489,0.0002335682826889426,-9.185652807194516e-5,0.0002322045622480614,-0.0005404074234306587
0.0001924522016727542,0.0001536623141328733,0.0001987664113199944,0.00019574076230142816,0.00019385718562973974,0.00018575283439982467,0.0001964264546855756,0.00021829970722155452
-4.437056566907658e-11,-4.617593101176703e-11,-4.5904369813787615e-11,-4.64505834538828e-11,-4.6063380808899734e-11,-4.668657129073994e-11,-4.5971253475692607e-11,-4.58828559164428e-11
-0.0003510136683838026,-0.00032789357733009107,-0.00030249536625120776,-0.0002788070119218566,-0.00024646709975351523,-0.0002204148139191315,-0.00019181479558778706,-0.00016238720457013487
-0.00011457839769383931,-8.893611920720364e-5,-6.359155568606094e-5,-4.1068210879139814e-5,-1.5136206323480353e-5,8.86704348730419e-6,3.6987299927470274e-5,7.025076079978756e-5
0.00012357012956956903,0.00011174343268641802,0.000113450891757737,0.00011416490956640069,0.00011285613468452535,0.00011302801256126777,0.00011169057401629078,0.00011331815278311059
0.00018403472956210527,0.00019676669729699154,0.00020312240074946226,0.00019468456055809312,0.00021286555895287256,0.00021268954276791065,0.00021968125980079887,0.00019796414340978336
0.00013347897272504057,0.0001230981084501943,0.00012664942554165286,0.00013956247623180554,0.00013061836850367022,0.0001368223368079417,0.0001332130465599475,0.0001495619469758043
7.633472200221862e-5,6.280065823822136e-5,6.290362351948504e-5,5.2179446875217524e-5,5.792052226575591e-5,5.242729170213496e-5,5.297007149407138e-5,4.043712731121607e-5
9.7492933423752e-5,8.806705817889006e-5,8.873982357028728e-5,3.0084499852252822e-5,8.405085963181678e-5,5.896343867847072e-5,8.709237198836688e-5,5.214846203598584e-5
0.00011866558296028449,0.00010128230998975748,8.331058266094663e-5,7.815956527420533e-5,6.4086180588392e-5,6.763944361907367e-5,6.431331497118965e-5,8.907742577814365e-5
6.68804433078047e-12,6.654711160129318e-12,6.653992595109972e-12,6.663533303309786e-12,6.648110709859761e-12,6.6499176791625314e-12,6.642354268664907e-12,6.651165976545e-12
-0.0002966198416802921,-0.00029709313594056063,-0.00029744414693868865,-0.00028010338917329236,-0.0002844363571682842,-0.00027125946588240566,-0.0002582972617012221,-0.00022013783210935012
-5.666979966229702e-13,-5.679662139372076e-13,-5.677053717689806e-13,-5.677373538085733e-13,-5.677831333456502e-13,-5.678083477021906e-13,-5.67782890090839e-13,-5.677214290589831e-13
-0.0002053003409835946,-0.0002118955757164222,-0.00021150712275901941,-0.00020837922845203227,-0.00020321959019343528,-0.0002118961232129835,-0.00017850200605963509,-0.00011855324880482353
0.0002177222178689045,0.0002158855780164815,0.0002075610531950895,0.00016643141363428143,0.0001908640608515579,0.00017379127698866328,0.00015537262802758738,4.267122542618886e-5
-0.00021055415610930292,-0.0001854266011211981,-0.00016043761277323556,-0.00013269370902597565,-0.00011335183211733338,-9.135933658972195e-5,-8.472025478741641e-5,-7.32896281998354e-5
0.00013864025823789162,0.00013678860430660567,0.0001488854865503463,0.0001701611169400205,0.0001602530255512031,0.00016148624404695253,0.00016443588851965403,0.00017457024307655436
6.450266548981252e-5,4.1943545195469934e-5,3.484748664649463e-5,1.587447711907739e-5,2.3019229846167724e-5,2.0963686257484442e-5,1.5975723896437038e-5,7.332387257953112e-6
-0.0002147816567350653,-0.00019428465531008676,-0.00017135327630976978,-0.0001394606561614066,-0.00011924106000919449,-8.418773443185082e-5,-5.503594503916617e-5,-2.466643602927998e-8
0.00011654280180676403,0.0001035572757806557,0.00010473674467797238,0.000106844344603977,0.00010429403124215871,0.00010557464027371981,0.0001046297640420242,0.00011230566052767673
-3.887180442104308e-5,-3.817530470238429e-5,-3.314910013018786e-5,-2.4400098093746396e-5,-3.354172724709666e-5,-3.9766492921999535e-5,-6.616158339954519e-5,-8.564259169866897e-5
-1.0159007746340969e-9,-1.0164906418239736e-9,-1.0186130068180887e-9,-1.0480370134277078e-9,-1.0695643522241705e-9,-1.0714257240811167e-9,-1.072197684495345e-9,-1.0742964504924337e-9
0.00010711264611350368,9.503146186076428e-5,9.68420378200822e-5,9.759423890452354e-5,9.62457451159457e-5,9.645410271412282e-5,9.506852243872912e-5,9.666920558064684e-5
0.00010711366157359295,9.503247792839199e-5,9.6843056007023e-5,9.759528651614935e-5,9.624681425469065e-5,9.645517371415857e-5,9.506959420721235e-5,9.667027944093275e-5
-3.456297352585494e-5,-3.3895793948277836e-5,-4.020132828473421e-5,-4.627869690621716e-5,-5.180382614783126e-5,-6.267911132200362e-5,-8.924346412852852e-5,-0.00012819542766692501
9.032284882519823e-13,8.948821194286466e-13,8.926498598699255e-13,8.873621828789105e-13,8.857288365159355e-13,8.827423660416834e-13,8.808225957365133e-13,8.770514617671902e-13
4.893232813619286e-5,9.307095932580325e-5,9.017363559135042e-5,0.00010134630406578702,8.877840064342482e-5,9.266490572730985e-5,7.961496970138043e-5,6.353118491047986e-5
-0.0002778643339321868,-0.00025260399976196197,-0.0002861571740962988,0.00027064010745625114,-0.0003133486911468797,-7.622221806592112e-5,-0.0003943630867482705,5.3477419835391255e-5
0.00010276255229860698,9.04080843429536e-5,9.492163305710883e-5,7.269617285411562e-5,9.588645135545432e-5,8.378308102126291e-5,9.591271281437171e-5,7.794338038371573e-5
0.00011134164820326433,9.952994077711195e-5,9.86004667255836e-5,0.00012262557022965797,9.642636788633244e-5,0.000109093729199401,9.403092350379315e-5,0.0001154468026449029
0.00027724605175900413,0.00029196469815091937,0.00032989424025055996,0.000469188244368492,0.0003500803378360964,0.0003725064423733557,0.0003258191654590632,0.0004463559212102134
0.00012353950872310817,0.0001117128748887072,0.00011342032710554921,0.00011413437836998727,0.00011282563592852588,0.00011299751002094457,0.0001116600799956374,0.00011328762932254465
-9.832157033761852e-5,-0.00011160040592238131,-8.127759140025037e-7,-0.00013542745482304492,-1.2712049077355775e-5,-0.00020328646978687214,-1.563151560533874e-5,-2.059457371952533e-5
8.473909543860208e-5,8.584269497225097e-5,8.559599525393013e-5,9.564462751365544e-5,8.877587622032576e-5,9.515121701746709e-5,9.612045113401458e-5,0.00011354372090484078
0.00021213663821629918,0.0002061656298964421,0.00017178418617204617,0.00020475661449367494,0.00020831545903490968,0.00019358235554248015,0.00016609350934094832,0.00011201313235370848
-0.000368662424809171,-0.00035994050627618276,-0.00036314009884190956,-0.0003582060129367324,-0.0003755474620247848,-0.0003908090430467421,-0.0004212591897404902,-0.00045687134707051406
3.918392147093199e-5,6.405113413242832e-5,9.354682670720173e-5,0.00012811768734494788,0.00014815674721909588,0.00017107177838124159,0.00018547150026824758,0.00020794010979735582
8.526059518615586e-5,0.00011121099824941798,0.00014025122416947328,0.00016931542267832207,0.00018534399779801717,0.0001980845511556893,0.00020031449813004095,0.00020099719304623458
0.00015774140385117836,0.00018068535976037355,0.00019503952867672928,0.00021016537178506221,0.00022599839321591392,0.0002440971665673036,0.00024719279835842725,0.0002526577700983896
7.607992791292151e-9,7.59294129671659e-9,7.595271020693011e-9,7.597465050812522e-9,7.596749769856302e-9,7.598349501585634e-9,7.59658222541208e-9,7.605182145311023e-9
0.00010711695842903866,9.503576694072264e-5,9.68463451258162e-5,9.759856201905056e-5,9.62500786354932e-5,9.645843796412069e-5,9.50728571902559e-5,9.667354568137011e-5
0.00010710934926145973,9.502817285181106e-5,9.683874870465612e-5,9.75909634049961e-5,9.624248073853629e-5,9.645083846754287e-5,9.506525945910989e-5,9.666593934363183e-5
0.00027063668357719104,0.0002734069183895017,0.00026485779971534187,0.00025645851029828804,0.0002547307306428588,0.00023860784178615364,0.0002084421780026607,0.0001520223552400959
-3.741845276855007e-5,-2.7638185703396046e-5,-2.5505356650985492e-5,3.987429290313596e-6,6.361482123510625e-6,3.7929828788009835e-5,5.4730319156983325e-5,9.40349586486087e-5
-7.578972182470481e-5,-0.0001472135889734189,-9.546769465683305e-7,-0.0004921152483740711,-9.91372359911284e-6,-0.0005430360893619939,-2.3758131619154745e-5,-0.00019164191887387433
-1.6880713868926823e-6,-1.653326631724339e-5,-6.051660874015343e-6,-1.0514628613277914e-5,1.364484322090363e-6,-3.241735833000087e-6,2.7265802786726273e-5,0.0001139976295509437
6.683037590526119e-5,0.0001095793307186371,0.00016789275719660189,0.0002917956472400421,0.00039683254869781495,0.00043858733892403136,0.0004328124675902384,0.00032998496361529223
5.069406475756908e-5,3.9017832807209394e-5,4.570818069621188e-5,5.0036722953582504e-5,4.1170749574097643e-5,4.414213981984167e-5,5.888821844655523e-5,0.00013750596645788261
-1.0571484502095964e-5,-3.000290516684461e-5,-3.823486502110515e-5,-2.717942150534886e-5,-3.51559372895871e-5,-1.8831114573540268e-5,-1.2416045042231105e-6,8.271478014161763e-5
-2.4268229244781213e-13,-3.0068945901699866e-13,-2.966627245402644e-13,-2.9593374806438735e-13,-2.99452680086066e-13,-2.9788234459396695e-13,-2.948518342350186e-13,-2.8425814650551576e-13
1.0571489974375952e-5,3.0002910493981806e-5,3.82348703623114e-5,2.717942684041614e-5,3.5155942617357946e-5,1.8831119912585303e-5,1.241609862077748e-6,-8.271477477341636e-5
-7.125416419289824e-13,-7.683085063336302e-13,-7.637787562125218e-13,-7.627417581311786e-13,-7.659296941027317e-13,-7.64123207012377e-13,-7.611179089770524e-13,-7.495018252510557e-13
-0.00020766259499976127,-0.00023322707052355512,-0.00023865850506408657,-0.00023811120059719776,-0.00022592322273708997,-0.00021592257937847617,-0.00015730742758592812,-5.911240088482526e-5
0.0003512745537017411,0.0004146322681631806,0.00042086434466895073,0.00041452768212387896,0.0004024471699328243,0.0003564730300007143,0.0002412298219552714,-0.00015160796061912865
8.174913386849723e-5,6.377871508458163e-5,7.252591780834769e-5,6.196826341981583e-5,7.257496940679689e-5,7.759679447255421e-5,0.00010175564206884043,0.0001675374074558219
-0.00019011632945495683,-0.0001894447007101037,-0.00019564844012422443,-0.00020342549461811952,-0.00020802445134793669,-0.00021544693010612203,-0.00022730486155426766,-0.0002449908470642812
0.00030840036177106717,0.0002844822701167057,0.00029617708813725493,0.0002598246876607563,0.000296230997961099,0.0002605694660053263,0.00028246227329052056,0.00020953529381153416
3.784702744240416e-5,4.625773224318406e-5,3.9442045310435924e-5,4.193285627551766e-5,3.040065444659353e-5,2.522496458806057e-5,-4.616420747685473e-6,-4.68779916896239e-5
-4.7106541474268766e-11,-4.896086484747009e-11,-4.8677724481108974e-11,-4.925649041802995e-11,-4.8840808145132545e-11,-4.9502291948178397e-11,-4.874597090640668e-11,-4.8662784583553195e-11
0.000279658757272686,0.0002748814405333099,0.0003804625445517038,0.00022584557475946682,0.00025821035830937667,0.0002528377288241059,0.00025339336612987547,0.0002465650515878913
-0.0006823263938646638,-0.0007380901203836995,-0.0007620323836287745,-0.0007384413858818481,-0.0007702726320670235,-0.0007063402288698465,-0.0006191959077962324,-0.0003367605330881706
6.367477484120156e-6,1.008926478766306e-5,5.9094637156374225e-6,1.558505326667488e-5,6.709424105028853e-6,8.622014646801702e-6,-9.446746627869506e-7,-3.3634466841189956e-5
2.9264840359678664e-7,9.001588704904344e-7,9.50263540258672e-7,9.091800720425187e-7,7.947189898257704e-7,3.4808564741004137e-7,-6.003369820749232e-7,-3.980482227901573e-6
0.00023807422424158056,0.0002381937886475939,0.00024121818624757592,0.0002481194945367893,0.0002506588803103389,0.0002548884141671362,0.000258974025129046,0.0002651199487220455
7.261232694750972e-5,8.086497157832164e-5,6.803692858282456e-5,0.00012073537662307583,8.575130763002783e-5,0.00011225055147794623,9.190996799444826e-5,0.00011735674315529475
6.197750689521549e-13,6.118475992050862e-13,6.126087810724383e-13,6.116337393227725e-13,6.127841041439385e-13,6.123501954663556e-13,6.151020369845148e-13,6.208998424079951e-13
0.0009924227607652665,0.0010001862609114224,0.0009962904601636799,0.0009769439851212195,0.0009716790430082983,0.0009603462446504012,0.000963665546461114,0.0009664160391347225
-0.00010606380049800248,-8.740682657178248e-5,-7.34001173784497e-5,-0.00014709462275170666,-8.915907528663902e-5,-0.0001287643300650766,-9.44517859800776e-5,-0.00015839932915310553
0.00019962681418872073,0.00024445936673332636,0.0002463082234243424,0.00020873074084530572,0.00022056131180227533,0.00019801653582479867,0.0001657127670153525,-1.2475067691744657e-5
-5.426570154755481e-11,-5.6594501209792774e-11,-5.6288749984099206e-11,-5.6809431647371946e-11,-5.650674082075487e-11,-5.7117541947004136e-11,-5.6414407645545844e-11,-5.6223040460011034e-11
3.8786171831811257e-13,3.8932944668092356e-13,3.9025063424772414e-13,3.8947921453519083e-13,3.8982409445389697e-13,3.89547057054425e-13,3.8886246881382436e-13,3.8517073273570996e-13
-4.0044019654543684e-5,9.01447893080123e-5,9.129854745592793e-5,6.388730550469062e-5,5.3522705377228856e-5,-2.109080684004839e-5,-0.00016829222359510468,-0.0007852170152342663
0.0002342883463752042,0.00023440769474334085,0.00023741073999944762,0.0002444119310051979,0.000246892237469141,0.0002511781922674389,0.00025509602258979094,0.00026105114356237845
0.00015147046208531173,0.00015523284443551456,0.00015322149429758156,0.00018748292005012722,0.00016831387736523443,0.00018019974186652565,0.00017098446090682136,0.00018540458673166704
9.024400855336659e-13,8.957151504393041e-13,8.958165395264737e-13,8.955384824272663e-13,8.958326260265379e-13,8.958550691560308e-13,8.97328237419905e-13,9.012845432068537e-13
3.640905969982138e-5,2.7977211478501103e-5,1.3004686060295033e-5,5.6800475188408247e-5,2.6887213275333624e-5,5.370208791762875e-5,3.7275729685186715e-5,8.917642174343832e-5
1.5003164826919594e-12,1.5005567337458759e-12,1.5008920551749139e-12,1.5012325025450074e-12,1.5021573509207978e-12,1.5026246546251083e-12,1.5043915049614542e-12,1.5080363116239113e-12
5.51981095592022e-5,3.129797645251732e-6,1.9854220562139275e-5,2.122883899889497e-6,3.231375776959081e-5,9.50625873868573e-6,6.735866852422391e-5,0.0001653900327112639
0.0001838128699544636,0.00014941996419347097,0.00014382705371848402,0.0001639582550111033,0.00015033899224837393,0.00015428920472504258,0.000155055164591168,0.00018390051295161944
0.0001574975145152488,0.00011662613970778404,0.00013153641127273198,0.00010815669974059735,0.00014180707785897256,0.00010336629636515293,0.0001584554428204222,0.0002323701602040053
1.7409546725088185e-5,3.082478535428021e-5,2.2554610243698077e-5,4.464732700768645e-6,1.0709619495350033e-5,1.3876187577366902e-6,3.4259748672892045e-6,-1.4235736144758475e-5
6.81148300336325e-5,7.028646715599393e-5,4.941935904706774e-5,0.00010950762154283717,5.528412778325985e-5,0.00010544440940531769,7.782025076315084e-5,0.00017837735121084653
-9.197829061533655e-13,-1.0414008871100042e-12,-1.0260268541140468e-12,-1.0318251053103748e-12,-1.0355652416643217e-12,-1.0389082293485927e-12,-1.0367582837394693e-12,-1.0368186399793425e-12
2.431621572407557e-5,5.4935011596333236e-5,4.947375235642175e-5,5.9450683076903636e-5,3.5710378061726844e-5,3.291829272341181e-5,-4.391502837918946e-6,-8.451714834655478e-5
1.881776355812725e-12,1.812259924228965e-12,1.816892593952566e-12,1.808798822386761e-12,1.7969211640493927e-12,1.7957059500799743e-12,1.7952078466891657e-12,1.8012099186142278e-12
-0.00014378991777184316,-0.0001637220309325531,-0.00016876578014070502,-0.00016367005772811229,-0.00016353110882566285,-0.0001520057336728912,-0.00012831501283456806,-4.70724515893337e-5
4.3034884605025036e-5,1.5749053947269735e-5,6.599438681188308e-6,1.2349016592241673e-6,-6.792705621196766e-6,-6.746075031710194e-7,-2.70181168429958e-6,4.5221716352049856e-5
1.4938010767834734e-5,3.501581142932032e-5,3.751111277796109e-5,1.9256851969101828e-5,2.6606387074842047e-5,4.9812241547225225e-6,-1.7038083397403372e-5,-0.00013900890394619425
-7.836710914306688e-5,-0.00010758409817444936,-0.00011036301060158782,-0.00010465332219821688,-0.00010576700626008999,-9.253056005317737e-5,-7.014106125156723e-5,3.06429602177637e-5
7.836710946890234e-5,0.00010758409847840008,0.00011036301090664839,0.00010465332250263784,0.00010576700656192588,9.253056035475115e-5,7.014106155256566e-5,-3.0642959916740986e-5
0.004941393522667988,0.0046979221613810355,0.004360039357102798,0.004977441162290899,0.004029144357682819,0.004193648790856923,0.0035827354484064293,0.003946231860487974
-2.3117512397606952e-5,-3.569673565773882e-5,-5.7003467532311324e-5,3.167171671630967e-5,-3.8633734495270466e-5,1.1586523477886906e-5,-2.5240365390323164e-5,8.487632517723207e-5
6.4174046964470825e-6,8.632359132278767e-6,7.493348651691171e-6,1.0683742264243413e-5,7.407827929012008e-6,9.664595221232309e-6,4.964568958065536e-6,1.8140990677771496e-6
5.4247944982720215e-6,7.736607529102179e-6,5.652975333508288e-6,1.1124809749964288e-5,5.772217968408532e-6,1.1453912673935009e-5,5.981356697614131e-6,1.0245379286417545e-5
-2.676342451078034e-6,-2.129032077727678e-6,-2.39198560741995e-6,-1.6311258587055246e-6,-2.450505797056908e-6,-1.8629126012187806e-6,-3.00583453450679e-6,-3.8132002867098015e-6
-2.6132029348841254e-6,-2.1862230928529747e-6,-3.187384849358885e-6,-7.636042831902341e-7,-3.044722460659694e-6,4.0845070212539633e-7,-9.102056245822198e-7,5.22850854611005e-6
8.566918060938447e-6,3.181208386144927e-6,8.380393166240066e-6,-4.814630933549274e-6,8.175309724731055e-6,-6.841482483964496e-6,5.614701823890569e-6,-8.239731582431222e-6
7.4897962559544515e-6,2.208634400200245e-6,6.4406587733427615e-6,-4.369889707087055e-6,6.4370115708156984e-6,-5.074641409035264e-6,6.4935006495689655e-6,8.034878956965396e-8
-1.3413129220167947e-5,-1.484675645252617e-5,-1.290550708408897e-5,-1.8149789509044047e-5,-1.3201040174188045e-5,-1.9016857378684375e-5,-1.4836513611709905e-5,-2.2290961694923408e-5
-1.466255718131219e-5,-1.6013952538966083e-5,-1.499482941020463e-5,-1.798848299016156e-5,-1.5088377662821824e-5,-1.7518315220135595e-5,-1.4069908776068311e-5,-1.412819934253033e-5
2.3319088493343763e-6,6.211628894691427e-6,2.8106638843324802e-6,1.176482196461604e-5,2.932050180742577e-6,1.2344533876405574e-5,3.2610845321952786e-6,9.787359787770323e-6
3.3416023455594126e-6,6.953441195697256e-6,2.95420096780711e-6,1.3115717597973406e-5,3.276976983255557e-6,1.5155745586126008e-5,6.333644349603061e-6,1.9475278508470534e-5
9.235160155670834e-6,-8.264651782904113e-6,5.341855953444962e-6,-3.0352431485445003e-5,5.3640520970675435e-6,-3.124335673241131e-5,7.926060974459343e-6,-8.036830410874496e-6
6.9525714402202445e-6,-2.864273138794292e-8,5.364515200338925e-6,-8.850939978567101e-6,5.408399025128328e-6,-9.162640821038254e-6,6.483911956752415e-6,3.904045475156425e-7
7.164562683609288e-6,6.064383492379433e-7,5.720435619687365e-6,-7.674768490636187e-6,5.74076690628314e-6,-8.022528100450652e-6,6.581650995200346e-6,1.3457540343135257e-7
3.1862406026218617e-6,7.44129991395006e-6,4.072556379344646e-6,1.298485958994032e-5,4.119186899554732e-6,1.3134514409792222e-5,3.4316918210730655e-6,7.500465252873781e-6
-5.896449923553091e-6,-1.4864988593807865e-5,-7.691134128158963e-6,-2.6863733776385218e-5,-7.803723491896831e-6,-2.710891791141112e-5,-6.4373275093712875e-6,-1.563207530182762e-5
-1.026123987023226e-5,-8.449755008618828e-6,-9.729200961028786e-6,-6.605500741624396e-6,-9.81878093620075e-6,-6.374431129865941e-6,-9.973067925310607e-6,-8.657875668421531e-6
-5.37569792316845e-7,-2.119277958512637e-6,-8.503823755658136e-7,-4.2133741830784685e-6,-8.726664547420903e-7,-4.253893311668354e-6,-6.514264023780181e-7,-2.4050786657269127e-6
-4.98208406249358e-6,4.295136735049996e-6,-2.9610222094817844e-6,1.6148862523264645e-5,-2.9575889678927267e-6,1.6582392183071264e-5,-4.263898254290579e-6,4.627495967631129e-6
3.974318013332061e-7,7.239981841462804e-6,1.8526849392243212e-6,1.6168120875194784e-5,1.8811446161840668e-6,1.6420738606200573e-5,8.077675583397402e-7,7.185428739494125e-6
-4.6812897719178625e-6,1.3169635789174562e-5,-8.791141226849328e-7,3.629302701810669e-5,-8.219587878805776e-7,3.699392900237447e-5,-3.4404130537545987e-6,1.3881905051867905e-5
5.170681133340286e-6,3.0720068441119526e-6,4.0814738875416315e-6,1.2795436818283274e-6,4.26220101559707e-6,2.1151101504954533e-6,6.386986901535383e-6,9.501402726797199e-6
3.2995521664835373e-6,6.165074953112298e-6,4.081379411643771e-6,9.730291673567169e-6,4.077794550986922e-6,9.43696823237492e-6,2.9368556256539036e-6,4.03579498473273e-6
-1.742240113542355e-6,-2.1823232583299284e-6,-1.96215855196959e-6,-2.561905487730395e-6,-1.944904073744167e-6,-2.359372199513063e-6,-1.4265628287573335e-6,-6.910672885404591e-7
-2.8161657477249486e-6,1.526200589740404e-6,-1.1892605765968007e-6,6.191957654248738e-6,-1.3612477110404976e-6,5.305158479772014e-6,-4.0947898468138385e-6,-5.767948939144268e-6
7.779039561318734e-6,-2.400288028292943e-6,4.427014519732344e-6,-1.3929851329478492e-5,4.720250554947399e-6,-1.2639421850512496e-5,9.589109240013925e-6,9.454457390696303e-6
5.818724043706762e-6,6.591753955490279e-7,4.355542933585116e-6,-5.442667614587792e-6,4.468360460333839e-6,-5.277168580397191e-6,6.10242213086005e-6,4.078170118352712e-6
-8.391832116319014e-6,-1.2965765647713069e-5,-9.838196857394089e-6,-1.8525168028034056e-5,-9.795851504147976e-6,-1.7601614869283828e-5,-7.130439608942317e-6,-6.814839868243391e-6
-1.0444401753508296e-5,-1.0086154682453894e-5,-1.0029228031312601e-5,-1.031856143467676e-5,-1.0172528557732914e-5,-1.0521893665926592e-5,-1.07659590977645e-5,-1.2511700615471703e-5
9.973344618297612e-7,5.60968451032453e-6,2.2847130350437423e-6,1.1317809536272351e-5,2.232153237751832e-6,1.0910532790981458e-5,4.579985316336666e-7,2.026599496594906e-6
6.428007937552762e-7,9.909332118455624e-6,3.760772939209372e-6,2.0429458005389098e-5,3.5149171908347814e-6,1.8960794002625538e-5,-1.5156375934804403e-6,-2.6582798749403583e-6
5.279633185777198e-5,-1.610744920050223e-5,-0.00017527111467343384,-0.0005116964840136438,-0.0008055819929731781,-0.0009507417465375198,-0.0010184358086192512,-0.0010247729956252417
5.678095211855086e-13,4.173455501295283e-13,4.307385429087716e-13,4.1722206984925593e-13,4.0770517322108905e-13,4.0723594109095246e-13,4.178017691204604e-13,4.406840980115455e-13
-8.016365332456254e-12,-7.983032211203934e-12,-7.982313096733643e-12,-7.991832055240497e-12,-7.97639551405871e-12,-7.978202295819538e-12,-7.970638949215618e-12,-7.97945072202413e-12
0.00011927635134793652,5.6562584804515426e-5,5.888243706261553e-5,4.469285719337794e-5,6.244347390987469e-5,6.503411431844443e-5,9.481270222788276e-5,0.00016394262928528543
0.00015732988741470937,0.0001943356716782889,0.00022896149734090334,0.00012874051398197942,0.00021480910396961308,8.312294182237825e-5,0.00014947924439596342,-4.3747303626728055e-5
-3.784702781338451e-5,-4.625773257241416e-5,-3.9442045647939746e-5,-4.193285660844411e-5,-3.040065478116346e-5,-2.5224964919905013e-5,4.616420412853747e-6,4.6877991349688055e-5
5.311773666804045e-5,9.496739463669644e-5,0.00013193772885652,8.16775909617477e-6,9.636847172543472e-5,2.2933709702429548e-5,5.416374710414525e-5,-0.00013941046864736115
0.00010499660984191116,5.439472240024468e-5,3.846934686173656e-5,7.774941746669343e-5,4.680224447732195e-5,7.674834332316148e-5,7.750424586373842e-5,0.00021853396716146406
-4.893232973033055e-5,-9.307096091502965e-5,-9.017363717899138e-5,-0.0001013463056511915,-8.877840222781157e-5,-9.266490731035867e-5,-7.96149712837618e-5,-6.353118649278986e-5
-3.794685448740571e-5,-5.370965918042519e-5,-6.554852087820755e-5,-6.088392842514351e-5,-7.928414282972358e-5,-6.313829131058961e-5,-6.0184368160766086e-5,2.0951108435757182e-5
0.0002260217169238995,0.00019180941768373052,0.00019636719162717157,0.0001701572187862813,0.00019120723567866635,0.00018849859288251,0.00022758102288984185,0.000327816822480949
-1.335703379117053e-12,-1.335703379117053e-12,-1.335703379117053e-12,-1.3357033791170516e-12,-1.335703379117053e-12,-1.3357033791170516e-12,-1.3357033791170524e-12,-1.3357033791170532e-12
-0.00018314055370993206,-0.00024158648397593275,-0.0002450088397098867,-0.00024564497849445603,-0.00023238563681723425,-0.00019674043115519837,-0.00010886861969914924,0.000192842525077035
8.865945091733887e-5,9.677434300462315e-5,8.525069021305304e-5,0.0001319876685598303,8.455459883274623e-5,0.00011129201697051541,5.702655755181378e-5,3.216468305272156e-5
3.031105088729965e-5,3.1848145024791584e-5,4.245173808684158e-5,1.4285553529421505e-5,4.012979887034105e-5,1.80118649801248e-5,3.522920034919597e-5,1.3450908181596382e-5
2.9100642293542438e-5,2.283518202673785e-5,3.273058635168186e-5,-8.805476978939086e-7,2.8482101535206085e-5,1.5533137055449455e-6,2.3990108269971157e-5,1.473783010381796e-6
0.0001412956361767597,0.0001345925569196419,0.0001364944134870233,0.0001335503227082194,0.00013593190046141338,0.0001309118006792514,0.00013500298972307073,0.00014780515349828107
-4.3730998035125514e-5,-4.225481982718477e-5,-4.06328476805267e-5,-5.00287796533406e-5,-4.5408450677806106e-5,-5.625412165478581e-5,-5.249908168632954e-5,-6.763688841867356e-5
-0.00011661972941788733,-0.0001083650872666427,-0.00010180612177362013,-0.00010398015497869275,-0.00010359948780406169,-0.000107764108748146,-0.00010119661073925326,-8.264414521298852e-5
3.7846463932538216e-5,4.625720076756961e-5,3.9441510590070174e-5,4.1932323887483454e-5,3.0400123430682976e-5,2.5224434970770158e-5,-4.616950997958149e-6,-4.687852386993247e-5
-4.3584385415230175e-5,-0.00010553319155333947,-7.407091387241253e-5,-0.0002580500897325697,-6.135987793560076e-5,-0.00015591883162599713,-6.512491928486012e-6,-5.262612778180911e-5
-4.35843837893329e-5,-0.00010553318994632013,-7.407091226251278e-5,-0.00025805008812997956,-6.135987632772327e-5,-0.00015591883002125437,-6.5124903206522725e-6,-5.2626126177791774e-5
-1.2254741827136288e-5,2.7779600210575068e-5,3.0298552928218037e-6,-5.1254677193579364e-6,8.027428588628329e-7,6.370835458405753e-7,-4.715370434779603e-5,-0.00017582737547378508
0.0002869111732713451,0.00026444707198164597,0.00029863363658706293,0.00015940258928577762,0.0002678670274323881,0.00020663196294699938,0.0002544359174853545,0.0001161042449880774
-0.00017522992105651589,-0.0001646129040948038,-0.00017846329503328948,-8.918827869446917e-5,-0.0001635465393357492,-0.00013116395724243682,-0.00016142591358098702,-8.173426123485485e-5
0.0002740400521259364,0.0001986908993582617,0.00020659800750340374,0.0001843507194104154,0.00021309840422959554,0.00019766561121709403,0.00022939774187461935,0.0002661062097498055
0.0002740400534255702,0.00019869090064811998,0.00020659800879181385,0.00018435072069559062,0.00021309840551364444,0.00019766561249891075,0.0002293977431557204,0.0002661062110300057
0.0001752299229598051,0.00016461290599287156,0.00017846329692928966,8.91882805817239e-5,0.00016354654122567865,0.0001311639591277685,0.0001614259154671469,8.173426311593952e-5
0.0002869111726500097,0.00026444707135552095,0.00029863363596155943,0.00015940258866554963,0.00026786702680842823,0.00020663196232522497,0.00025443591686211516,0.00011610424436892834
0.00024955256614442165,0.00023221729925623557,0.00023096068164331002,0.00023757883121554448,0.0002339708675972569,0.00023228175939902032,0.0002299313120795549,0.0002315032412013848
0.00027009266762612034,0.00010794217387134902,0.0002517928975376778,0.00013208926126798945,0.00024697658806433604,0.00014520466728135356,0.00028085893234482053,0.00030897153940262343
0.00011916328529752707,0.00019720985272356136,8.70082733659015e-5,0.00011463958977975177,8.630936514939918e-5,0.0001722333464957167,8.289322705745805e-5,5.4417200810975844e-5
-9.17424247733056e-6,3.215086666871054e-6,6.734403382968039e-6,-2.0482091923899334e-5,-3.6884948112135356e-7,-1.954611312143751e-5,-2.4451269899979845e-5,-0.00010758592941309144
-4.4664988125907105e-5,-8.271992672389045e-5,-9.125065516816611e-5,-6.543001225248204e-5,-6.464079561132379e-5,-5.834170997072295e-5,-2.519706807817077e-5,9.964940003180547e-5
3.4643221528615844e-12,3.425299950767399e-12,3.4275798077035073e-12,3.426763246811242e-12,3.4213250638168036e-12,3.4193901048759705e-12,3.42113193355669e-12,3.4276795018345084e-12
4.242560900076349e-5,7.304983625056346e-5,8.268327579675737e-5,6.391464967119195e-5,6.952190999777845e-5,5.99405688538085e-5,3.685949913037798e-5,-7.341663594750763e-5
-9.395134173750148e-5,-8.793153354387891e-5,-0.0008141350451407886,0.00014267139969968674,-5.544669485034789e-6,4.668913450140347e-6,-3.375605884106328e-7,-5.161749430915471e-7
9.39513404848759e-5,8.793153232916005e-5,0.0008141350439029522,-0.0001426714009659531,5.544668223377714e-6,-4.668914712286961e-6,3.375593265437588e-7,5.16173681187469e-7
7.617680820486243e-5,7.621874091186659e-5,-0.00010458882142522032,8.838509855978121e-5,9.668497828258383e-5,8.415619079850282e-5,0.00010018171198159596,6.008981631027765e-5
2.7503554808996317e-12,2.6232863023434997e-12,2.6391547399031334e-12,2.5776281307172877e-12,2.630993369428117e-12,2.6006346056018584e-12,2.632248148817787e-12,2.600053356054742e-12
-9.823470791726452e-5,-0.00010867239043459617,-0.00012753878150710993,-0.00010094206005203582,-0.0001286029838113062,-9.39917734846802e-5,-6.49640826069906e-5,5.0546608523917196e-5
-0.000104996610904081,-5.439472344319837e-5,-3.846934790492305e-5,-7.774941850879698e-5,-4.680224551664586e-5,-7.674834436176055e-5,-7.750424690121206e-5,-0.00021853396819999178
-0.00017004617108490067,-0.0002086210013099229,-0.00012018492592969322,-0.0027530845396134037,-0.00012101824510392189,-0.0012752918490483648,-9.095615455486153e-5,-0.00289126155560325
-0.00017004616925844518,-0.00020862099949211604,-0.00012018492410960141,-0.0027530845378566276,-0.0001210182432848933,-0.0012752918472580424,-9.095615273648275e-5,-0.002891261553849873
0.0001216373117714378,0.00012516712332214463,0.00010490186419988952,0.0011824265073771172,0.00010361978587891758,0.0005767699343286218,0.00010833568096484381,0.001318412384485271
3.935297627188956e-11,4.090209160111443e-11,4.067890128330979e-11,4.111919828109354e-11,4.082291091557188e-11,4.1324277630028227e-11,4.074588967490681e-11,4.064932268327867e-11
-2.431611382096326e-5,-5.493470956572353e-5,-4.9473433664128424e-5,-5.94503780054324e-5,-3.571011083731008e-5,-3.291817316406897e-5,4.391308894381484e-6,8.451583700471544e-5
0.00014101765933795653,0.00015515050750599735,0.00017376891649478692,0.00014402322544587395,0.000152667361947686,0.0001433336799815977,0.00012549863291825436,3.9417401594435914e-5
0.00014101766034965658,0.0001551505085290806,0.00017376891751638178,0.00014402322646748773,0.000152667362969963,0.00014333368100415654,0.00012549863394049494,3.941740261552951e-5
1.0689280312582372e-5,-1.3470761043947266e-5,-1.3749233991759101e-5,-5.621283459861605e-6,-9.987497160038258e-6,1.027976612182354e-5,3.8116846707521843e-5,0.00017409359370870365
0.00031903046828115494,0.000308904899984166,0.0003076932276455949,0.00034624861946906264,0.0003111695777125383,0.0003236059717978327,0.0003051099454888261,0.00031695832969778274
-0.00031903046654846,-0.0003089048982603673,-0.0003076932259197568,-0.0003462486177546569,-0.00031116957598864895,-0.00032360597007883706,-0.0003051099437586511,-0.000316958327957644
-3.277661097076716e-5,-3.3340652932815754e-5,-2.9613947936751564e-5,-2.1507114537048024e-5,-2.8682106101911573e-5,-2.7410193172602836e-5,-3.867544402590238e-5,-5.125418153679027e-5
-0.00015858980892858473,-0.00016204170709699454,-0.00016362500025806086,-0.00016869343906710172,-0.00016495929334908813,-0.00016608348591308454,-0.00016072026822758646,-0.0001550182005036969
-3.853629890359296e-11,-4.0437574582829695e-11,-4.016958969460623e-11,-4.067335151390312e-11,-4.0348345972299023e-11,-4.090833368383019e-11,-4.025781677609367e-11,-4.013330228098443e-11
0.00010954138414524158,6.601344500288547e-5,6.700168178079918e-5,6.927303932290367e-5,7.096840252243195e-5,8.501598693440169e-5,0.00011818717562371402,0.00025502356318121987
0.00017160668842322656,0.00016644070330131257,0.00017894615293251643,0.00014783587759158216,0.00017606170068686701,0.00014892366701204645,0.0001702321914261813,0.00016125606303216342
3.476293915270552e-5,1.7756906358659224e-6,7.039968768888167e-6,-1.136847632601516e-5,6.049646222362442e-6,5.169594376111491e-6,4.285166948894461e-5,0.0001334446581884222
2.910064290674296e-5,2.2835182657444536e-5,3.2730586980700584e-5,-8.805470761507655e-7,2.8482102160401838e-5,1.5533143273036613e-6,2.3990108894375023e-5,1.4737836294439994e-6
0.00011054777110800084,6.499185846798146e-5,7.213872861819058e-5,4.6480201267770356e-5,7.08341388099062e-5,7.55642057603251e-5,0.00012651349595339923,0.0002669760327639333
-5.2030535806850285e-5,-0.0001102470506078635,-0.00010745703808067364,-0.00011942437151500569,-0.00010450379968741135,-9.013136149648365e-5,-2.9042350538851327e-5,0.00018008140452519406
4.3109068270071566e-5,7.560089206294135e-6,1.0855567291193557e-5,-1.6828431286138973e-6,1.0755346177191494e-5,1.3953441717380582e-5,4.985929582329837e-5,0.00017566065444149393
5.3453699078837975e-5,2.247704544260614e-5,1.5589275734952638e-5,3.019585184876653e-5,1.9638977054802046e-5,4.093819646467963e-5,6.629114864744894e-5,0.00021312424095403749
-1.615105235019428e-5,-2.3140058988488026e-5,-1.4723749836922115e-5,-3.515855705795611e-5,-2.081226620484154e-5,-1.862759637328367e-5,-5.283030333097938e-6,2.209607262893937e-5
-0.000293237354619482,-0.0002234495959360284,-0.0002362442709372095,-0.0001800499400424996,-0.00024197025325069173,-0.00022132083421621613,-0.0002762556369909477,-0.00032425253520190344
0.00011257774757526278,5.0056629365960575e-5,4.876610106441839e-5,4.465268526141605e-5,5.593754549379252e-5,8.058831347979e-5,0.00014249541486040828,0.00034909208891363504
-3.4849836069328896e-6,8.467093647542908e-6,7.519796318570327e-6,9.531323902605225e-6,6.838072060710248e-6,5.844358765437951e-7,-1.5913241330334753e-5,-7.435130253693468e-5
1.0684151782580922e-5,-1.3486498383219181e-5,-1.3765846650024736e-5,-5.637178502638698e-6,-1.0001393057975016e-5,1.027367092212708e-5,3.8127316121141616e-5,0.0001741630990722451
-6.169053678439115e-12,-6.068585768949344e-12,-6.0769166033596364e-12,-6.084255512489262e-12,-6.073729244127729e-12,-6.080799763507878e-12,-6.081189091912518e-12,-6.094509277597829e-12
4.839614885179463e-12,4.739146964315619e-12,4.747477026506714e-12,4.754787409609617e-12,4.744241896669296e-12,4.751312101162382e-12,4.751701403013424e-12,4.765021592914974e-12
-1.0090371422887795e-11,-9.928023741962142e-12,-9.948407901134081e-12,-9.933052287058392e-12,-9.926735138069594e-12,-9.917767312314632e-12,-9.91572148396033e-12,-9.904769721648604e-12
0.000249470857627731,0.00026162520613503214,0.0002571789119049713,0.00026141240918304854,0.0002460957044024875,0.0002417147536255998,0.0002135571822878845,0.00016336230632365374
0.00019195508738848761,0.00022026596285144767,0.00021706001584199616,0.0002475793457364828,0.00022252455171520581,0.0002293229754220187,0.00021312692878789987,0.00021185484913297417
-9.655726133973135e-5,8.96207016942489e-6,2.9257784950454158e-5,-1.3271615262641701e-5,2.3364925933991625e-5,-4.155008239282193e-5,-4.915064788129505e-5,-0.0002577283183933212
-0.00019195508854778458,-0.0002202659640149999,-0.0002170600170070012,-0.00024757934690439583,-0.00022252455288354194,-0.0002293229765918625,-0.00021312692995851087,-0.00021185485030529398
0.00017761872987920055,0.00019901068456390237,0.00017747638955606759,0.0002639417237411813,0.0001763293963271507,0.00020614506706923168,0.000162484817247091,0.00022267420045104933
-1.535367109942223e-11,-1.4946049554207622e-11,-1.500048038511762e-11,-1.498812944670613e-11,-1.496251386529788e-11,-1.495552652169652e-11,-1.4944142897558518e-11,-1.510826667199955e-11
2.1931803171846193e-11,2.138033421530455e-11,2.1452826006632218e-11,2.1436567553907818e-11,2.1399194613531727e-11,2.1386914413163105e-11,2.137595477216446e-11,2.1547246601758275e-11
-0.00019221876249719618,-0.00019190286604378669,-0.00019057272955893867,-0.0001965402270776847,-0.00019216940873263062,-0.00019140828006079298,-0.00019217047543371274,-0.00020036799240498202
0.00012872803119797304,0.00015326412928645677,0.00016419422722215545,0.0001372956936607013,0.00015555335597271046,0.0001315739953266143,0.00011809705544754015,-2.504385852298431e-6
-1.3638437264595939e-13,-1.0692639531846886e-13,-1.067454833970152e-13,-1.0387812213012267e-13,-9.924089552465291e-14,-9.90225812586839e-14,-9.937148164624816e-14,-1.0417560533811582e-13
-0.00023749539984920637,-0.00022826146609350773,-0.00024380749376505057,-0.0002240733112702271,-0.00025253884683766587,-0.000216650633165432,-0.00023259564308363327,-0.00017470662712651327
-6.929238997389126e-5,-2.2072111273054418e-5,-2.535711398283188e-5,-6.78462154401099e-7,-2.8532343809481075e-5,-3.7767301030100715e-5,-0.00010841679513234052,-0.0003119796503737772
-2.6366805970132903e-5,-4.320901670359683e-5,-4.01090443474926e-5,-4.179448715395354e-5,-3.209543037322715e-5,-2.1893036178077205e-5,1.0316191685604568e-5,0.00010130971273647202
-0.0009962919606401324,-0.00024520489711376745,-0.0001356113801828521,-0.0001587309375192486,-0.0002884738583543042,-0.0007878000980884148,-0.0018502460054485794,-0.005007288331004921
-0.0001520328849349237,-8.560681383380958e-5,-8.458187768251013e-5,-8.758418789804654e-5,-9.126547042588881e-5,-0.00012365417179281056,-0.0001774044109189918,-0.00039842236731626573
8.298141970796522e-5,6.155558393458884e-5,5.828196974556307e-5,7.087913878543799e-5,5.984037861960409e-5,6.098088811249297e-5,6.687320806339419e-5,0.0001131079626985005
0.0001555054912498131,0.00017734477536013259,0.00017932307375655965,0.00016126917760272256,0.0001687329219044001,0.0001582984922947537,0.0001569073979580295,0.00012027348007000804
0.0003784688843681605,0.0003809495196031251,0.0003721471935912227,0.0004242481135640893,0.00038612434096550204,0.00041103229037771214,0.0003869759358359274,0.00042521142350602023
0.00019227021408671827,0.00011881228017919544,8.153976417317677e-5,1.114011943828176e-5,-5.426370506558836e-5,-5.2957533784309384e-5,9.428535541849723e-6,0.0003132170916968251
9.258566311489604e-5,7.487262624382607e-5,7.869748502011364e-5,6.038522375837829e-5,8.325854753760058e-5,8.627588942574174e-5,0.00012934156072590627,0.00022524294093262653
-2.2393777089757465e-6,-9.670089074032212e-6,-8.567377972217977e-6,-1.515361183751332e-6,4.88111578196304e-6,1.598860277417139e-6,1.166243244738598e-5,2.623276548302598e-5
0.00032022108113316446,0.0002953534375720354,0.000260784005199534,0.00020967179942441166,0.00018614383731600307,0.00014980193508985678,0.00012391250981234393,7.663333837505895e-5
-1.954260393027027e-5,-4.2177126618911936e-5,-5.601481935537495e-5,-4.041316872355025e-5,-7.87456093823784e-5,-9.190497831894442e-5,-0.00015972547061730136,-0.00018350811932342682
9.856476973175448e-13,9.371889931137735e-13,9.438969030254467e-13,9.444819082648839e-13,9.427148347237445e-13,9.44828469704705e-13,9.519737606714528e-13,9.703846663229208e-13
-4.015073150520138e-13,-4.275749982205113e-13,-4.234919635217475e-13,-4.221231243848794e-13,-4.225955184531032e-13,-4.218494129168224e-13,-4.1648255463839844e-13,-4.0220470254258117e-13
0.00017478443605307555,0.0001549960481828457,0.0001521523438897738,0.00015959592622984207,0.00015102205803619066,0.00015741661296330166,0.00015796892368124762,0.00018962554172142189
0.0010595809268231697,0.00031367396561469724,0.0002107553148133042,0.00022028689619265718,0.00036010478184600805,0.0008382252481832499,0.0018919400773499623,0.004988714029363449
0.00015203288965280723,8.560681850285014e-5,8.458188235850565e-5,8.758419257533557e-5,9.12654750998265e-5,0.00012365417646531462,0.00017740441558897625,0.00039842237198298733
0.0006696477193770956,0.0006705286647362701,0.0006692193671990955,0.0006843666338338503,0.0006707974579916712,0.0006779798908050523,0.000679656960379557,0.0007056331782088591
-5.1961947183443276e-11,-5.3288039480365434e-11,-5.31677257050491e-11,-5.324549492745843e-11,-5.323707954850835e-11,-5.3254529820448055e-11,-5.31304635060334e-11,-5.297232162858017e-11
-0.0004102609164997946,-0.0005278856708262381,-0.0005439805126732727,-0.0005315958851689648,-0.0005066130356031161,-0.0003845093013920206,-0.00016000278609224974,0.0005501163480665514
-0.0034775403440720377,-0.0035985242117022773,-0.0036202800013654312,-0.0035760343541192028,-0.0036154407463917836,-0.0034442698551520605,-0.003241811579899962,-0.001944648766210669
0.0006696477181259308,0.0006705286634788841,0.0006692193659411467,0.000684366632579022,0.0006707974567330475,0.0006779798895477668,0.0006796569591212281,0.0007056331769564499
0.0004102609156534704,0.0005278856699770446,0.0005439805118247177,0.0005315958843223743,0.0005066130347547859,0.0003845093005447308,0.00016000278524482973,-0.000550116348911695
4.5412617365298655e-12,4.5317028656233934e-12,4.530892050514276e-12,4.535217280309211e-12,4.534965761035009e-12,4.539615839551184e-12,4.541649544621196e-12,4.5475124113632685e-12
-0.0010705430572678471,-0.0011005001750878118,-0.001118180543188884,-0.0010374981465102826,-0.0011043550856423851,-0.0010666898078568923,-0.0010912226275380057,-0.0009721832751242736
-0.00019221876026804147,-0.00019190286382574345,-0.00019057272734113455,-0.00019654022485670166,-0.0001921694065167896,-0.00019140827784434988,-0.0001921704732197906,-0.00020036799018812292
-0.0003386042643070531,-0.00033779978534949145,-0.0003353048588863875,-0.0003465716719961624,-0.00033849198431333495,-0.00033661041840859086,-0.0003384197222064498,-0.000354043306959779
-5.4142482131619714e-5,-7.651260145270816e-5,-7.341338413904442e-5,-9.184946440194319e-5,-7.112388338171014e-5,-7.27257746751036e-5,-3.2076149651281326e-5,4.2439315479823815e-5
-2.1263344535888703e-5,-2.443033142935945e-5,-2.1665204594016144e-5,-3.0744110155613895e-5,-2.1661748834193165e-5,-2.78514320203511e-5,-1.7152061295351418e-5,-1.4870171500335677e-5
2.5461362677972177e-5,1.9749118519119452e-5,2.3969986905509667e-5,1.2072418268402273e-5,2.4383831430863346e-5,1.4001001931887695e-5,2.8481089974460662e-5,2.972201549572753e-5
-1.7167226229344875e-5,-2.213261740899739e-5,-1.7552358537314933e-5,-3.121630566706749e-5,-1.761428087442492e-5,-2.9349663318044737e-5,-1.4434115246607546e-5,-1.7198606867158455e-5
-2.6016212185906882e-5,-1.7961315973356247e-5,-2.347705791609805e-5,-1.1387430198849666e-5,-2.348215871263336e-5,-8.797141905461646e-6,-2.1956610155407703e-5,-1.1101764991784618e-5
2.1637589750708795e-5,2.699321882228453e-5,2.3058170132878575e-5,3.213591365667261e-5,2.3458624505580927e-5,3.374120742428886e-5,2.4594641969843857e-5,3.42188171528832e-5
-1.841170987854658e-5,-1.2703775987844838e-5,-1.5909311521956654e-5,-9.867452174407149e-6,-1.5992114744765947e-5,-8.143568570106674e-6,-1.5704396458528595e-5,-1.1149502559068267e-5
-8.562328680050232e-5,-7.885266957759391e-5,-0.00011284370447482405,1.3758014896427e-5,-8.529340756135333e-5,-6.30285927864985e-6,-7.270848567841943e-5,3.521642143150396e-5
0.00010698927252347465,0.00013253948852342238,0.0001347001821577196,0.00012839477179247568,0.0001314100446876452,0.00011611422829373489,0.00011080685293724948,5.1908305009126034e-5
3.0476453596539545e-6,-9.757383846376703e-6,-7.414945982960064e-6,-2.880011683124543e-5,-1.1164637834793781e-5,-1.6719622599147158e-5,1.914827847120186e-5,6.950664207759282e-5
-3.8076931073410216e-11,-4.0035759171405904e-11,-3.976505734121002e-11,-4.027328039048366e-11,-3.995347097630423e-11,-4.0512312470321824e-11,-3.98585759296689e-11,-3.9720761386316216e-11
-0.0001725906657021087,-0.0001570434329217306,-0.00014848159745936058,-0.00015138484480514022,-0.00014202616845873325,-0.0001511416718136682,-0.00014473402825606683,-0.0001663040362544465
0.0001725906647040795,0.0001570434319292198,0.00014848159646741062,0.00015138484381443452,0.00014202616746979932,0.00015114167082500157,0.0001447340272678238,0.0001663040352650856
-9.180302003468549e-5,-9.344046790446264e-5,-9.387037780145925e-5,-8.871679109744327e-5,-9.11816830672901e-5,-9.643572849987656e-5,-9.109571927261955e-5,-7.651758269243719e-5
0.00028300132943734395,0.00030675009981580726,0.0002804920249528285,0.0003501435174351586,0.000281351981685918,0.0002991019975341596,0.0002262373360834862,0.0001541917565298178
0.00011833966316737578,9.002681706242799e-5,8.849521931070635e-5,8.209397237819938e-5,8.664338758869773e-5,9.760962885872624e-5,0.00012760954554495653,0.00023174751676824712
3.7923075507722816e-6,4.680396448544196e-6,3.7376340327764965e-6,6.500627372459541e-6,3.906135819713386e-6,6.420869942650378e-6,3.892086567072511e-6,5.7901553944734396e-6
0.00041026091820009595,0.0005278856725388679,0.0005439805143866957,0.0005315958868785173,0.0005066130373187466,0.000384509303106253,0.00016000278780942202,-0.0005501163463550053
-9.180302111127947e-5,-9.344046899760013e-5,-9.387037889628775e-5,-8.871679218970845e-5,-9.118168416717804e-5,-9.643572959850072e-5,-9.109572037452702e-5,-7.6517583788476e-5
-0.0015101401000301477,-0.0015353972654152663,-0.0014285311953581232,-0.0016501824939944973,-0.0014360346715289348,-0.0015601277500764904,-0.0013195541456260931,-0.0012725963500457593
-0.0004008953407783159,-0.00042997151326030125,-0.00044896117889922486,-0.00035313151557906855,-0.0004335576305631309,-0.00038870991996161036,-0.0004115656700719755,-0.0002665500998176438
0.0007783709734870759,0.0007798035762211066,0.000792819956576549,0.0007593025005889426,0.0007881878848060503,0.0007452652959965271,0.0007469666109719711,0.000682161234796401
-1.522439260248619e-11,-1.4913092560543667e-11,-1.4955568204245417e-11,-1.4961959957321177e-11,-1.4930460780216122e-11,-1.493194674627991e-11,-1.4917022198567832e-11,-1.5087574786917672e-11
-0.0015631654669390725,-0.0018955845179332057,-0.0019219854616505155,-0.0019584078943748282,-0.0018561476055396569,-0.0016666904320690142,-0.0011421305752769581,0.0004644307588485548
-0.00011854030410725041,-0.00013266579581036836,-0.00013077395031518396,-0.000133528077073576,-0.00012595091189082048,-0.0001151021125908905,-8.66703349048998e-5,5.304867472668651e-6
8.624952819781717e-5,1.2971753253403643e-5,1.7180586879389414e-5,3.367133362123018e-6,1.7885613484856905e-5,3.1719969368156124e-5,8.647684024342966e-5,0.00028873081651878505
0.00013527555812371177,0.00013719565684482002,0.00012973516967759746,0.00016345315556739627,0.00013256609398044645,0.00015056977955241055,0.00012620732822878902,0.0001685358559329829
5.667619832895459e-5,6.435241702097615e-5,7.213871889846592e-5,4.7743666531708665e-5,6.603762715317009e-5,5.4736613436983257e-5,6.504349039414144e-5,4.7193031380928896e-5
-0.00011512345355807498,-0.00010750543453751497,-0.00010994502878525703,-0.00010086703003536784,-0.00010712091387256259,-0.00010650429719154321,-0.00011012161336539616,-0.00010892899019533656
0.00011512345191291016,0.00010750543289030486,0.00010994502713831567,0.00010086702838908227,0.00010712091222696903,0.00010650429554594343,0.0001101216117199406,0.00010892898854977624
0.00011661973279071674,0.00010836509060005401,0.00010180612511205008,0.00010398015830842514,0.00010359949112943406,0.00010776411207182616,0.00010119661406378812,8.264414853448673e-5
-0.0046171037141148445,-0.004628042014596312,-0.00469842964276761,-0.004952811912185201,-0.0051412198524975776,-0.005179124664086024,-0.005177647131537631,-0.005181313562412413
-3.7219228097181196e-5,-2.5598228590487076e-5,-2.3336193430587785e-5,-2.832136175057859e-5,-2.616413751696591e-5,-3.192971571965109e-5,-3.39683037915608e-5,-6.116565000585714e-5
0.00015900365541489224,0.00016056162051788893,0.00016124486907788572,0.00013933746960700501,0.00014600109487000526,0.00013517439189601887,0.00014186502401158666,0.00013319980977829203
0.0001664003866542275,0.00021243461867661236,0.00026860173620198147,0.0002590400072561669,0.00038598546608674053,0.0003663837380550363,0.0003946760477749674,0.00024308334990409743
-9.258566415229422e-5,-7.487262726466181e-5,-7.869748604339642e-5,-6.0385224778580655e-5,-8.325854855730427e-5,-8.627589044545322e-5,-0.00012934156174808421,-0.0002252429419574867
-0.003408502936188838,-0.0031366209937765343,-0.002461788131190615,-0.0011027978474079702,0.00013213993418245847,0.0007949120498039677,0.0011428746183076723,0.001293640477260254
-3.735965211936342e-5,-2.489156264130452e-5,-2.128068321715092e-5,-2.2611557267339625e-5,-1.7174821159148808e-5,-2.2196076494182234e-5,-2.3371419771422737e-5,-5.03462943056924e-5
-1.1751308955619114e-5,-1.6191972099287894e-5,-1.3489091332561003e-5,-3.7372625366957695e-5,-1.76350816814187e-5,-2.3001879066904696e-5,9.396089191346784e-6,6.118012206912611e-5
-0.00016640038813467713,-0.00021243462017326377,-0.00026860173769828596,-0.00025904000876644583,-0.00038598546760932006,-0.0003663837395776144,-0.00039467604929859033,-0.00024308335142574506
-0.00012139835878121456,-0.0001236092055842005,-0.00013541117537688434,-8.991102367695357e-5,-0.00012214012166383126,-0.00010206367449920252,-0.00011409559405688891,-5.853055983526868e-5
0.00012139835718297129,0.00012360920398856855,0.00013541117378152017,8.991102208112125e-5,0.00012214012006950148,0.00010206367290473782,0.00011409559246298058,5.853055824041258e-5
-6.328896070046995e-5,-6.846906309590857e-5,-7.514392921313262e-5,-6.155595325422957e-5,-7.163091807409018e-5,-5.042514468026864e-5,-4.169406648809915e-5,1.8574307048536226e-5
5.4142485952846916e-5,7.651260518660149e-5,7.341338788422567e-5,9.184946814577561e-5,7.112388712427464e-5,7.272577841785794e-5,3.207615339940977e-5,-4.24393117264029e-5
-9.217043543931916e-5,-0.00012705315802085952,-0.00012699911000678765,-0.00012695344505650268,-0.00012151928367528696,-0.00010372518256882818,-6.128413565249278e-5,0.00011853640987275813
0.000163980485049799,0.0001985494334839601,0.00019955531343916495,0.00020211990344195,0.00019446584815070194,0.0001767360323414137,0.00012721959061362057,-5.0456745251984906e-5
0.00015201900653986282,0.00015975153733599592,0.00016199658692366684,0.0001617649098770801,0.00016037081405758158,0.00015328461690870956,0.00013919627244824304,9.886937344725582e-5
-0.00016398048359389934,-0.00019854943206806214,-0.00019955531201998133,-0.0002021199020247034,-0.00019446584673718775,-0.00017673603093321124,-0.0001272195892107636,5.0456746644312843e-5
-1.9542585078789098e-5,-4.2177108254889414e-5,-5.601480093511126e-5,-4.041315031232867e-5,-7.874559101085342e-5,-9.190495994756692e-5,-0.0001597254522527951,-0.0001835081007894309
3.046715510213264e-5,2.2180841454707305e-5,1.9894460771233142e-5,2.5212369927627727e-5,2.037957399285703e-5,1.6644086740085318e-5,3.8229448171825e-6,-2.735800929580536e-5
-3.0311052107092297e-5,-3.1848146245883775e-5,-4.245173930837961e-5,-1.4285554750184286e-5,-4.012980009188318e-5,-1.8011866201311325e-5,-3.522920157104093e-5,-1.345090940339457e-5
-0.0008597124685566985,-0.0008950081240292375,-0.0009045795380960412,-0.000898844543025055,-0.0008982528157627761,-0.000866104776695545,-0.000784071461402107,-0.0004701087498027178
-8.163265033365877e-5,-8.222182656813032e-5,-7.514732463092262e-5,-0.00010127257938497719,-7.925265207443319e-5,-9.445663106316917e-5,-7.220943592255315e-5,-7.347504886428836e-5
8.163264889053597e-5,8.222182512646181e-5,7.514732318865943e-5,0.00010127257794344355,7.925265063230729e-5,9.44566296210423e-5,7.220943447929518e-5,7.34750474202307e-5
-2.9100643565129024e-5,-2.2835183298180806e-5,-3.273058762346812e-5,8.805464272470239e-7,-2.848210280648328e-5,-1.5533149761910128e-6,-2.399010954124837e-5,-1.473784281070465e-6
-0.00014129563719607083,-0.0001345925579368889,-0.00013649441450442593,-0.00013355032372487183,-0.0001359319014777631,-0.00013091180169511009,-0.00013500299073871815,-0.00014780515451341046
0.0001080960483985846,1.6005283103788276e-5,1.536309967990918e-5,2.0508507882665544e-5,2.6206945971840018e-5,6.574898228337109e-5,0.0001385178332419359,0.0004546379966795106
4.3730996589397205e-5,4.2254818378835475e-5,4.063284623270755e-5,5.0028778206415855e-5,4.54084492312507e-5,5.625412020857582e-5,5.249908024033915e-5,6.763688697343246e-5
-1.982736886997593e-5,-3.610303101515888e-5,-3.7665090884071976e-5,-3.2776698967203275e-5,-3.0917815354060326e-5,-1.5648813590751413e-5,2.1812811670403585e-5,0.00019331546782925762
-6.15318380997106e-5,-6.352740338841042e-5,-6.737627579262528e-5,-5.498331493839252e-5,-6.552347915674589e-5,-5.179988604465027e-5,-5.420950068231338e-5,-1.9157436998236408e-5
1.0689283016800702e-5,-1.3470758569593206e-5,-1.3749231482343239e-5,-5.6212809592002944e-6,-9.987494656418007e-6,1.0279768627063487e-5,3.811684922480578e-5,0.00017409359623305075
1.1243244527061186e-5,8.859454914173918e-6,3.893766935326576e-6,8.803313425245525e-6,5.583169044763346e-6,1.4687292908465927e-5,1.2253506352305106e-5,2.6138609896154386e-5
2.315502994301729e-12,1.5971433201264143e-12,1.6859583815365376e-12,1.6577240379638078e-12,1.6457083430488605e-12,1.6461315873851779e-12,1.6965904045566851e-12,1.7843584149652096e-12
0.00019329421179979084,0.0002288290377488104,0.00023024375142621713,0.0002282211442123169,0.00022342590825101235,0.0002028206101297281,0.0001689891481905448,2.7998360745067714e-5
-1.0689279196278143e-5,1.347076213488213e-5,1.3749235086521073e-5,5.621284553149646e-6,9.98749825421139e-6,-1.027976502649055e-5,-3.811684561231026e-5,-0.00017409359261747612
-6.57129546909225e-5,-4.163993955722647e-5,-5.2811839701978726e-5,3.3819122096639835e-5,-4.315435480401212e-5,-1.863427832246914e-5,-7.541012108309525e-5,-7.12863902973248e-5
-0.00021439949744694918,-0.0002350893850758736,-0.00024174394837985806,-0.00023792114554901567,-0.00023713140564801872,-0.0002126469689082847,-0.00019057405942098728,-0.00013488427794738821
-5.659794874784711e-5,-0.0001740901383442679,-0.00018378035378128094,-0.00017583483356521927,-0.00015369812279950512,-6.731947900181166e-5,0.00011610493789007275,0.0007698231764592629
5.754691599900972e-5,6.934274068365349e-6,1.126409978427586e-6,2.5499628556876843e-5,1.1949759696542426e-5,3.614875213192322e-5,5.737509491735108e-5,0.00020173345899387863
-5.754691719070999e-5,-6.9342752379805835e-6,-1.1264111500236129e-6,-2.549962972865159e-5,-1.1949760867496415e-5,-3.6148753302533924e-5,-5.73750960881233e-5,-0.00020173346016531232
0.00015041172862863882,0.00017111530823447723,0.00017654177166709145,0.00017357925650606654,0.00016854639273271055,0.00015004317676449943,0.00010451409245412156,-1.1384893127953752e-5
-0.0001504117266965386,-0.0001711153062862473,-0.000176541769722533,-0.00017357925456298946,-0.00016854639079149202,-0.00015004317482528447,-0.00010451409051925366,1.1384895051564055e-5
3.239565700256523e-5,2.3425725063064466e-5,3.8279016839461185e-5,-2.541934592261337e-5,3.181534069848644e-5,-2.7747333221812628e-5,3.47019662887199e-5,3.451440799091311e-5
6.660545883983447e-5,8.63874577105141e-5,7.709689928445751e-5,0.00010340909002298193,7.491690255431541e-5,0.00010804291039561914,6.172659677422818e-5,3.1746449627490876e-5
5.359641873005579e-5,6.75809127459502e-5,5.787451081630838e-5,8.421817905802351e-5,5.6134780206708133e-5,9.186837454109784e-5,5.161837906391496e-5,5.022403169578971e-5
0.00020362102822483024,0.0002171941900710424,0.00021152405778320022,0.00022722908277856055,0.00020915755792063628,0.00022981831047654753,0.000197591605456366,0.0001755938722661909
0.00047756931073477673,0.00048037676700584504,0.0004820840876627548,0.00047650866336514894,0.0004792195625150606,0.0004741552961634538,0.0004684367046485278,0.0004541439520964009
0.001899648171415498,0.00048229124813514723,0.00038681942769137694,0.0001236091198876239,0.00033794366915582087,0.0002448123372849403,0.00019731494532187558,-1.5816531388302148e-5
0.0018996481723830734,0.0004822912491349188,0.00038681942870070845,0.0001236091209066529,0.000337943670185466,0.00024481233832230833,0.00019731494636762584,-1.5816530338886534e-5
-0.0005438344590202966,-0.00037819464307829655,-0.00038634419730188956,-0.0002640113680051198,-0.0003528664727804176,-0.0002757967221029289,-0.00021478589838506268,0.0002219357961521914
-9.557481575476032e-5,-6.325035707773623e-5,-5.3873145736588024e-5,-9.028645889980436e-5,-6.711424560408076e-5,-9.873548199683476e-5,-0.0001152922265888157,-0.00026361376154133753
0.0001342854184272027,0.00017837909545237647,0.00017363773702146223,0.0001982582659643071,0.0001770281293317751,0.00018349693374843215,0.0001711762005968676,0.00016705534661106872
3.867354725165133e-5,3.0823703287943235e-5,3.137099908678981e-5,2.6901058477031836e-5,3.2847811505315134e-5,2.99935502288805e-5,3.519233010688502e-5,3.7769554522821884e-5
-3.046715750914459e-5,-2.2180843870837857e-5,-1.9894463184396636e-5,-2.5212372339526678e-5,-2.0379576403227312e-5,-1.6644089149114017e-5,-3.8229472238744075e-6,2.7358006891257538e-5
0.00028989584080607253,0.00034144370088086157,0.0003482517584075679,0.0003415610516343593,0.000332975165200816,0.00029169433246417013,0.00019681033785980137,-0.00012908782361670997
0.00031240533733532534,0.00036409988120846676,0.0003690833207717879,0.0003670274027285914,0.00035452854331904693,0.0003151973193003455,0.00021683169114376723,-0.0001097105347087256
0.00041555737382192317,0.0004645265381771258,0.0004716764239410173,0.00045954991186303345,0.0004545277132049523,0.0004096628843905503,0.0003156316439298405,-2.5464217831342765e-5
0.0003756732349872013,0.00043430809027832074,0.00044203910985167715,0.0004253953144161784,0.00042324369443280587,0.0003763999239108348,0.0002796010179314965,-7.633275304983894e-5
-0.00037311323797509954,-0.00036020231365794424,-0.00035611228903538136,-0.0003639126371034537,-0.00035722601602157565,-0.0003502850913194895,-0.0003275972995531094,-0.00026639140386843483
-3.3646595923265245e-5,-3.417234161117994e-5,-3.756633981898093e-5,-2.383161215951866e-5,-3.447178456466832e-5,-2.6444340443435615e-5,-3.364046402217067e-5,-2.2109149383990923e-5
7.579800369666471e-5,7.417093173820306e-5,8.521923418704097e-5,3.68677203555143e-5,7.813539274949567e-5,3.964420533513179e-5,7.626414429685818e-5,5.524088700808376e-5
0.00016175045008051515,0.00015805035182649062,0.00016081383044535036,0.000152254827221596,0.0001605995236315474,0.00016471585778182862,0.00018264285299484477,0.00021759262246052587
0.00016456869417449114,0.0001552043591474184,0.00015325330458531455,0.00017360818503765773,0.00015592482015541363,0.00017121820986052064,0.00013891945921966679,0.00014545538444189166
-2.6672795035389445e-12,-2.6672795035387058e-12,-2.6672795035389622e-12,-2.6672795035389497e-12,-2.667279503538962e-12,-2.6672795035389554e-12,-2.667279503538976e-12,-2.667279503538956e-12
1.0927933566913322e-6,5.191561532961221e-5,7.012207732403788e-5,-7.928586007563854e-6,5.922269866393184e-5,-3.463430619278263e-5,2.7383076943343534e-5,-7.187716857640493e-5
1.789143975950356e-5,7.398403090247425e-5,5.367896307412687e-5,0.00013327941406221156,5.3702616846901434e-5,8.69719901982986e-5,-3.2939280062711226e-5,-0.00016221867432773547
-1.092793548431741e-6,-5.191561554185237e-5,-7.012207753584518e-5,7.928585799051922e-6,-5.9222698876320744e-5,3.463430598340815e-5,-2.738307715617188e-5,7.18771683664922e-5
-2.62646239458306e-5,1.0206949369747669e-5,3.57215959676408e-5,-4.8851160624268454e-5,2.273103522351197e-5,-3.112434703047423e-5,3.309764741310918e-6,-0.00012713334600626062
-2.4901995876378925e-5,-4.4695534015105524e-5,-5.3277290610776923e-5,-2.6347515664235213e-5,-4.21648950659497e-5,-1.9081689524413304e-5,-4.3042188344762304e-7,0.00012998999737812302
2.6264623200557414e-5,-1.0206950101780443e-5,-3.572159669905982e-5,4.885115989239133e-5,-2.273103595093997e-5,3.112434630286212e-5,-3.3097654659737267e-6,0.00012713334528098526
-0.00043068302659193553,-0.0004333269370918012,-0.0004272349887250303,-0.00044166757762099083,-0.00042615502042481023,-0.0004303756214203769,-0.00041211996998037886,-0.000410649677667802
-0.00013319457800153693,-0.00010844040989963069,-0.00010549516748984033,-0.00011106549361746779,-0.0001084331971470346,-0.00012433342748537893,-0.00013989952297650013,-0.00021832679883831583
6.153184230862936e-5,6.352740757666621e-5,6.737627998329379e-5,5.498331912800013e-5,6.552348334582616e-5,5.179989023103398e-5,5.420950486711981e-5,1.915744117474167e-5
-0.0001331945703772984,-0.00010844040246490728,-0.00010549516003669369,-0.00011106548617356614,-0.00010843318971375996,-0.00012433342005453102,-0.00013989951553818552,-0.00021832679138347315
-0.00012558573136371208,-7.680179288190907e-5,-0.00012926798554825877,-0.00022710584231903452,-0.00034154133609686367,-0.000404218712971696,-0.00048447784205902866,-0.0006431828889079429
-0.00010265732503783335,-0.00011754411489953804,-0.0001192898370862138,-8.373628746065199e-5,-0.00010770437865945135,-7.950227927891403e-5,-7.552967394141167e-5,3.0048723010625864e-5
-9.904889879767452e-5,-0.00010816615109040124,-9.506766478613183e-5,-0.00012517225842512294,-9.925327091213296e-5,-0.00011280180876505367,-8.47932137517839e-5,-6.484078049356111e-5
2.4848422525906207e-5,1.2864032805999756e-5,3.020260846399705e-5,-3.103968701714459e-5,1.84456748479397e-5,-3.4172300830565276e-8,3.626991847360444e-5,2.703500875261891e-5
-6.487585076592256e-5,-4.1238589654797693e-5,-5.224414002522603e-5,3.417162619959657e-5,-4.250363889303623e-5,-1.8142902125302327e-5,-7.458101342425114e-5,-7.023414029271448e-5
0.0002144199152293439,0.00021670112025525839,0.00021816529886657993,0.00021442387927489572,0.00021932028348166046,0.00022278414218505156,0.00023013149656521327,0.00023573174912018685
0.000961560410956491,0.0008599429282752714,0.00086392993268689,0.0008070566530409527,0.0008391963114030334,0.0008017590661122359,0.0008954655692985373,0.0010397757059302521
-1.0689279315845855e-5,1.347076215797434e-5,1.37492350843515e-5,5.621284556938789e-6,9.987498250858977e-6,-1.0279765029973625e-5,-3.8116845622788026e-5,-0.00017409359261990367
-0.0001733747092679403,-0.0001329469524334596,-0.0001241670697776517,-0.00017473518262799213,-0.00013992543297253508,-0.00020454991783664737,-0.00019888398048859118,-0.0003545927424441312
0.00017337470824333796,0.00013294695143058275,0.00012416706877399107,0.00017473518162471383,0.0001399254319719221,0.00020454991683497084,0.00019888397948704688,0.0003545927414387941
-7.767929867549457e-6,-2.172066288218386e-5,-1.7365675849579542e-5,-4.9278782105334514e-5,-2.3543263757493244e-5,-2.6289909580591875e-5,3.7781751642754964e-6,5.12282673962905e-5
-7.767929092032112e-6,-2.172066211709027e-5,-1.736567508346792e-5,-4.9278781340674505e-5,-2.3543262992351137e-5,-2.6289908815746094e-5,3.7781759302294674e-6,5.122826816289018e-5
-8.298141078111007e-5,-6.155557504803388e-5,-5.828196086148674e-5,-7.08791299073108e-5,-5.9840369750015e-5,-6.098087924439507e-5,-6.687319919308844e-5,-0.00011310795381209285
0.00014037172545924078,0.00019031651854580528,0.00020062617965783275,0.0001817573600692657,0.00019428737665811333,0.00016644862037109074,0.00013830754170791553,-1.5052898398529917e-5
3.68518214737285e-13,4.1572305515820345e-13,4.138944036332393e-13,4.224257102612642e-13,4.266297765892895e-13,4.273371841678505e-13,4.238032053898222e-13,4.1840948585379743e-13
-0.00020534805363286727,-0.00022342723859975448,-0.00022519407413737166,-0.0002329133813473914,-0.00022593323088797721,-0.00021866521975138334,-0.00019049020938098897,-9.717981772927427e-5
0.00014399723099952562,3.0460954445179144e-5,2.767890805383299e-5,3.669151519720722e-5,4.2460586338532994e-5,9.68009607656137e-5,0.00019468361800308517,0.0006075964001689001
2.962142288327004e-13,2.451228578828848e-13,2.5043186409928555e-13,2.405693949043549e-13,2.38027864397481e-13,2.370268532572453e-13,2.419863882661772e-13,2.4579938365493167e-13
0.0002053480515236934,0.00022342723650541763,0.00022519407204137442,0.000232913379253671,0.00022593322879534966,0.00021866521765888603,0.0001904902072873942,9.717981563437558e-5
2.377095431935596e-5,2.85781836542953e-5,2.7023473527845585e-5,3.4659233139809576e-6,9.703975272516824e-6,-1.1979972587628423e-6,-5.222931306346059e-6,-3.262464537794133e-5
0.0005024133314965574,0.0006811851265786327,0.0006133657488505616,0.0007739783893602635,0.000606587288423135,0.0007793821798232172,0.0005228487101161035,0.00042774934777591294
0.00030479220776564824,0.0005501711005301531,0.0005692952289040679,0.0005599651244237334,0.0005176777221389456,0.00036142365862574946,4.065067015460871e-6,-0.0013207377906458513
-0.00032541585344997,-0.00015162921461703396,-0.00011109057032070586,-0.000146463420524893,-0.00018088649222095633,-0.0003021972254404871,-0.0006480176813717592,-0.0014340149961690274
0.0018876322796365162,0.0015002884335018453,0.0014574500906797629,0.0014339276191096938,0.0015762739024491562,0.0018438280699936286,0.0025059074898917694,0.004004621958144122
0.0025189168754554997,0.0027307432108009174,0.0027753914956266095,0.003006877638357299,0.002808751159702014,0.0027667734790657377,0.0023993821981393364,0.0018853695751863278
-0.0006047725078014066,-0.00030089677691200374,-0.0003107654008173503,-0.0003341939220814739,-0.00032756630987186433,-0.00038302330606975377,-0.00047839069937303765,-0.0007673400052111648
0.0011818670283873269,0.0006060319200389575,0.0003956482598164974,0.0005120762751879978,0.0003574688115842321,0.0006583865613996054,0.0012397054253468947,0.003509695849366798
-0.00038955622960505605,-0.0003898069880274161,-0.00039679593531247815,-0.00037861634968643624,-0.00039439802577988605,-0.0003716523226065595,-0.00037381008490799635,-0.0003404568269775065
-1.335703379117053e-12,-1.335703379117053e-12,-1.335703379117053e-12,-1.3357033791170516e-12,-1.335703379117053e-12,-1.3357033791170528e-12,-1.3357033791170532e-12,-1.3357033791170532e-12
1.3962789277132966e-5,2.287560350684136e-5,8.915846446848158e-6,6.151929720478376e-5,1.6722459854069706e-5,5.224072910353249e-5,6.2749497218399535e-6,5.897550413559221e-6
0.00023742153844233572,0.0002462015988360601,0.00026545318642882585,0.00019885022622106595,0.00025234805816921804,0.00019367290365095803,0.00022007804328309457,8.461517788071946e-5
-3.202279659134348e-12,-3.2832989769452414e-12,-3.2709156863208148e-12,-3.272298190509026e-12,-3.27025894223415e-12,-3.2710244897895544e-12,-3.2679346894386727e-12,-3.2344974807290236e-12
0.0001248258404577951,0.00019312387382568644,8.687395497879668e-5,0.00021776786489047494,8.468621967042284e-5,0.00023481119001106295,-3.873779324317387e-5,-0.00033989777420233015
-7.067831725055785e-5,-5.548386566035969e-5,-6.910682148994843e-5,-2.4689804408485406e-5,-6.603051447485686e-5,-2.9499256667783293e-5,-6.382741813672918e-5,-4.302244602870325e-5
9.29489525312233e-6,1.8001367074687743e-5,1.253637544633152e-5,4.374162243494441e-6,7.835335337772428e-6,-8.637220651568194e-6,-4.726609381490324e-5,-0.0001921580606209432
-5.265133472315636e-5,-1.3680439356287942e-5,-1.0497945588231242e-5,-2.621994171992913e-5,-2.7475511090158642e-5,-4.89710406724506e-5,-8.678861996507282e-5,-0.00022191962521427944
5.265133505298001e-5,1.3680439665667607e-5,1.0497945898145554e-5,2.6219942027709732e-5,2.7475511396391817e-5,4.89710409789967e-5,8.678862027390672e-5,0.00022191962552857918
-6.0210857865368424e-6,-2.9213314340132245e-5,-2.1750363277414423e-5,1.3398433482108616e-5,6.172539638759989e-6,1.3491943090045623e-5,3.2557783047895575e-5,0.00010987957943690033
0.0001385223660345641,0.00013141331698835861,0.0001557015805729936,7.48824945585293e-5,0.0001419803799094496,0.00010748543127996358,0.0001401445075391895,4.89367810306294e-5
-6.021084178393496e-6,-2.9213312737859734e-5,-2.1750361675848237e-5,1.3398435084073484e-5,6.172541239572604e-6,1.3491944691198085e-5,3.2557784651396e-5,0.00010987958104807896
-3.879493821231497e-5,-2.9508496874112346e-5,-3.616705797139948e-5,-4.241593787378295e-5,-3.601056241639772e-5,-3.1557988164109265e-5,-3.431719432472912e-5,-2.7293306388284167e-5
-6.560052778694977e-6,-3.2274258422229955e-5,-3.831793842422517e-5,-2.5730972834703425e-5,-3.517346593587435e-5,-1.536744262933791e-5,4.0996251436366985e-6,0.00012090521063367219
6.5600511012624714e-6,3.22742567617246e-5,3.831793676253592e-5,2.5730971175329188e-5,3.517346427838613e-5,1.536744097207668e-5,-4.099626801446415e-6,-0.00012090521229271003
0.0001831405366131625,0.00024158646717001005,0.000245008822897617,0.0002456449616598967,0.00023238561998857092,0.00019674041433673787,0.00010886860289080815,-0.00019284254174029903
0.0001602195393903519,6.482929787285445e-5,6.30488919227084e-5,6.51265857626782e-5,7.532513260888102e-5,0.00011899467630931306,0.00020998472693153659,0.0005709714694270992
7.737811643807633e-6,9.884597386397876e-6,7.657367520202535e-6,1.49874644628787e-5,7.598246307754761e-6,1.3128523392468892e-5,4.8752706981314425e-6,4.239308449870822e-6
1.1792884314504051e-5,1.3031839683855744e-5,1.1481796040765854e-5,1.710775332433997e-5,1.1468658339865135e-5,1.5088757987565806e-5,8.756152937455186e-6,7.385108559373723e-6
7.900123422960009e-6,8.44495403428057e-6,7.533708158238937e-6,1.114377275654577e-5,7.494756257921323e-6,9.109041081596887e-6,4.920540854669126e-6,3.128892795773425e-6
9.389881690831938e-6,1.0135746244910057e-5,9.031862989118408e-6,1.348221076120904e-5,8.977563592687152e-6,1.141517164613235e-5,6.257916459969172e-6,3.9491676565551155e-6
8.232414901018722e-6,8.197300111748447e-6,7.757058278879913e-6,1.041496412559319e-5,7.684066954417108e-6,8.259484594048293e-6,4.994689608434141e-6,1.7199571803689436e-6
7.360892356724455e-6,9.286055203184145e-6,7.234405433586553e-6,1.4482556553436014e-5,7.13054077882578e-6,1.2536695566472929e-5,4.26603984058233e-6,2.421051307147217e-6
1.1596232029167818e-5,1.2596205172921587e-5,1.1238072326817786e-5,1.6731960022279293e-5,1.1180545686420463e-5,1.4630185710270974e-5,8.329983927626342e-6,5.7228764478896765e-6
7.650470705066216e-6,7.95104873004302e-6,7.237249738566021e-6,1.0701491920117973e-5,7.153949399328835e-6,8.584019805845917e-6,4.44248232113762e-6,1.4044300217989655e-6
9.091843638025957e-6,9.606433464178884e-6,8.689829614105004e-6,1.3018050345971009e-5,8.592314078018335e-6,1.0865276885035121e-5,5.735096707457276e-6,2.2180320468406753e-6
7.906888249960676e-6,7.640154132713001e-6,7.38933133035827e-6,9.917435391297805e-6,7.273948567214743e-6,7.674851363044272e-6,4.448375370711843e-6,-2.4150040579454975e-8
-3.867599485763107e-5,-3.083123872468645e-5,-3.137895409222895e-5,-2.690866953956727e-5,-3.285446390005493e-5,-2.9996462333692888e-5,-3.51872994033828e-5,-3.7736216392387474e-5
0.0002110390404936932,0.00021164723546160662,0.00023398054548664937,-0.0004839363087089571,0.0002335682815454387,-9.185652918556373e-5,0.00023220456110489352,-0.000540407424501943
0.00011809086055668483,0.00012210872469035734,4.0296721822878945e-6,0.004439621163611537,1.4104808759232674e-5,0.0019702560780408074,1.662236913343391e-5,0.004881957529610789
-0.00012163730902209365,-0.00012516712057081874,-0.00010490186144217147,-0.0011824265047982445,-0.00010361978312098552,-0.0005767699316508266,-0.00010833567820640546,-0.0013184123819140856
0.00011809085964543942,0.00012210872376773444,4.0296712555029065e-6,0.004439621162803117,1.4104807831008317e-5,0.0019702560771655063,1.66223682040005e-5,0.004881957528806575
0.00014043240807749542,0.000425197255435424,1.2305320220225299e-5,0.00023093714353858406,3.7892128779793194e-5,0.0003821902370495045,1.196035057400465e-5,-4.4251650401811666e-5
0.0001924522008967871,0.0001536623133570792,0.00019876641054062587,0.0001957407615321603,0.00019385718485236624,0.00018575283362838222,0.00019642645390935458,0.00021829970645046115
0.00014043240834640705,0.00042519725571322646,1.2305320503684861e-5,0.00023093714380213645,3.7892129060554455e-5,0.00038219023731979123,1.196035085448029e-5,-4.4251650130376434e-5
-0.00011916328390364106,-0.0001972098513302847,-8.700827196521161e-5,-0.00011463958841078866,-8.630936375630564e-5,-0.00017223334511799195,-8.289322566738428e-5,-5.441719943625872e-5
0.0002700926664964037,0.00010794217275041868,0.00025179289641499484,0.00013208926015618205,0.00024697658694645757,0.00014520466616853617,0.00028085893122952387,0.00030897153829171665
2.657952724865754e-6,2.6579525890832554e-6,2.6579533220189673e-6,2.657978166121437e-6,2.6579939158008297e-6,2.657994123356089e-6,2.6579938935572024e-6,2.6579934832908313e-6
-0.00028915842995227606,-0.0002440111523975659,-0.0002657586384082713,-0.00020126872533367352,-0.00026001482298405724,-0.0002152000430499382,-0.00026358875689154454,-0.00023851645980935677
0.0003510136683561393,0.0003278935773007832,0.0003024953662217198,0.0002788070118909329,0.0002464670997233051,0.00022041481388749797,0.00019181479555361138,0.00016238720452621812
7.241475798219773e-5,4.9731771017028857e-5,5.5601522511763686e-5,6.0557778160433805e-5,6.607866744448132e-5,6.959871259186561e-5,8.879835154565595e-5,0.00015850760884127596
4.4276162322497756e-5,6.058870246006789e-5,7.850668515023922e-5,9.681824085302864e-6,5.896864969346648e-5,2.3343881131707047e-5,4.147947508988455e-5,-5.411939675813118e-5
-4.427616362780172e-5,-6.058870377314534e-5,-7.85066864635397e-5,-9.681825397117595e-6,-5.896865100720342e-5,-2.3343882445251342e-5,-4.1479476404356706e-5,5.4119395445232706e-5
0.00022065259145879045,0.0002216629472105197,0.00023581977173533982,0.0001807504882850191,0.00021898215524422625,0.00019652277341042435,0.00020688752133320003,0.00013196243646654269
-0.00022065259311913286,-0.0002216629488671737,-0.00023581977339199293,-0.00018075048994247215,-0.00021898215690011394,-0.00019652277506650845,-0.000206887522988805,-0.00013196243812329942
0.00011457839621679466,8.893611774277738e-5,6.359155421913774e-5,4.106820941073403e-5,1.5136204854980254e-5,-8.867044957546415e-6,-3.698730140293529e-5,-7.02507622898754e-5
-0.0002630348567496015,-0.0002601199228807728,-0.0002531548286515625,-0.00024783272013974175,-0.0002456433014113882,-0.0002463274435341524,-0.00024283963633667282,-0.00024117672441390463
-3.9665457148233704e-5,-3.792908578653049e-5,-3.327815613920392e-5,-2.5011407076624425e-5,-3.1308439513889095e-5,-3.4001544238540954e-5,-4.1154939825793916e-5,-4.5864846181396965e-5
-0.00014249333929531498,-0.00014219731614996276,-0.00014340117518143574,-0.00014098340030507534,-0.00014328779670262133,-0.00014093348414481749,-0.00014626554684758476,-0.00015469879983226752
0.00029661984226013157,0.0002970931365023769,0.0002974441475027365,0.0002801033897391553,0.00028443635773101516,0.0002712594664460509,0.0002582972622642417,0.00022013783267488702
3.277661064661161e-5,3.334065261904232e-5,2.9613947622940135e-5,2.150711422163047e-5,2.8682105789570552e-5,2.7410192860520926e-5,3.8675443714436285e-5,5.125418122423749e-5
0.00015858980909066209,0.00016204170725388117,0.00016362500041496643,0.00016869343922481026,0.00016495929350525854,0.00016608348606912516,0.00016072026838331936,0.00015501820065997305
2.8160425966973908e-6,1.1799778780242024e-5,1.567649066902086e-5,-5.608801887769982e-5,-4.979284801982736e-5,-0.00013810982476289568,-0.00023843596191330688,-0.0005382054308775971
0.0003580234346653208,0.00035569669966806574,0.00035213379311921855,0.0003667781016849685,0.0003583074730420116,0.00036695172678475815,0.00035687988875421014,0.0003238302771498896
0.00021055415569970433,0.0001854266007273087,0.00016043761237775415,0.00013269370863086915,0.00011335183172141966,9.135933619378374e-5,8.472025438514305e-5,7.328962778291694e-5
1.9542588836757217e-5,4.2177111898330004e-5,5.6014804577622635e-5,4.041315395037584e-5,7.874559463711179e-5,9.190496357842925e-5,0.00015972545590393572,0.0001835081044182439
0.00021478165619042067,0.00019428465475554758,0.00017135327575581424,0.00013946065560561905,0.0001192410594500611,8.41877338720944e-5,5.5035944472441605e-5,2.466585436589194e-8
-1.954258542074931e-5,-4.2177108507346133e-5,-5.601480118755293e-5,-4.0413150563958125e-5,-7.874559124732788e-5,-9.190496018859197e-5,-0.00015972545249269606,-0.000183508101022909
3.887180541813979e-5,3.817530573739869e-5,3.3149101158609196e-5,2.4400099122238697e-5,3.3541728273006235e-5,3.976649394811947e-5,6.616158442348769e-5,8.564259269916612e-5
7.751045947543492e-5,7.226621330333114e-5,5.933277444724794e-5,8.999266397309122e-5,7.089851098015607e-5,7.980537026458677e-5,6.634274673290207e-5,7.492873596791501e-5
-7.751046092487776e-5,-7.226621475076372e-5,-5.933277589601806e-5,-8.999266542147972e-5,-7.089851242980165e-5,-7.980537171481427e-5,-6.634274818533722e-5,-7.492873742382026e-5
3.456297347673621e-5,3.389579391826119e-5,4.020132825259666e-5,4.627869687396368e-5,5.1803826115677756e-5,6.26791112895042e-5,8.924346409186681e-5,0.00012819542761968714
4.839065017439745e-5,4.3306439577136676e-5,3.228834415857287e-5,2.7764435378321415e-5,2.7826784433635528e-5,4.841770804173164e-5,8.457166281994246e-5,0.00014973236290438582
-0.0002772460524819375,-0.0002919646988424047,-0.00032989424094753716,-0.00046918824503891076,-0.00035008033853362714,-0.0003725064430585245,-0.00032581916616040117,-0.00044635592189345513
9.832157201540458e-5,0.00011160040782550176,8.127777814240972e-7,0.00013542745671677099,1.271205095840005e-5,0.00020328647169552664,1.563151745604926e-5,2.059457548753644e-5
4.018623118775992e-5,6.337974725782867e-5,7.411589785276919e-5,6.239928861229292e-5,7.440302605244868e-5,6.153943003804872e-5,4.8521934718329896e-5,-4.718387491504808e-5
-8.473909578423681e-5,-8.584269532335359e-5,-8.559599560422262e-5,-9.564462786269248e-5,-8.877587657190878e-5,-9.51512173681409e-5,-9.612045148622403e-5,-0.00011354372125731106
-0.00021213663908376185,-0.00020616563074532084,-0.00017178418701619145,-0.00020475661533018384,-0.0002083154598714017,-0.00019358235637977194,-0.00016609351018121696,-0.00011201313320549291
0.00036866242556390276,0.00035994050706804836,0.0003631400996310609,0.00035820601373037536,0.00037554746281765985,0.00039080904384103474,0.00042125919053126557,0.00045687134785216057
-2.5891446620450807e-5,-5.1158256888674856e-5,-6.053208035267545e-5,-3.88124886192643e-5,-5.865908854846924e-5,-4.199890078457663e-5,-3.309129980923995e-5,7.44120863159988e-5
-3.9183922220425345e-5,-6.405113486660958e-5,-9.3546827444139e-5,-0.0001281176880809578,-0.00014815674795693704,-0.00017107177911954372,-0.0001854715010123099,-0.00020794011055299448
-3.7923081209450515e-6,-4.68039704810304e-6,-3.7376346287390602e-6,-6.500627966473153e-6,-3.9061364177797904e-6,-6.420870539289058e-6,-3.892087161639066e-6,-5.790155976466533e-6
-2.816043965202987e-6,-1.1799780149420817e-5,-1.5676492035893404e-5,5.608801751488736e-5,4.979284665887289e-5,0.00013810982340715385,0.00023843596056430236,0.0005382054295478596
-2.81604701383135e-6,-1.1799783183769827e-5,-1.5676495060089233e-5,5.608801450333316e-5,4.979284366004497e-5,0.0001381098204285286,0.00023843595761483671,0.0005382054266694378
2.8160457090181675e-6,1.1799781879861962e-5,1.567649375396004e-5,-5.6088015813173507e-5,-4.979284497151676e-5,-0.00013810982174494962,-0.0002384359589373054,-0.0005382054280077106
-8.52605963664845e-5,-0.00011121099939652952,-0.0001402512253217918,-0.00016931542383031548,-0.00018534399895184765,-0.00019808455231091815,-0.00020031449929292912,-0.00020099719422470458
-0.00015774140524161282,-0.00018068536114303476,-0.00019503953005884533,-0.0002101653731688603,-0.0002259983946003078,-0.00024409716795479588,-0.00024719279975949374,-0.000252657771534455
-0.000270636684359085,-0.00027340691914281407,-0.00026485780047024886,-0.00025645851105286126,-0.00025473073139529697,-0.0002386078425387423,-0.0002084421787577439,-0.00015202235600545827
3.74184527422958e-5,2.7638185702083683e-5,2.550535664483153e-5,-3.987429290583426e-6,-6.361482130214708e-6,-3.792982879352284e-5,-5.4730319169781715e-5,-9.403495867465336e-5
7.578972564221255e-5,0.0001472135928120375,9.54680773014843e-7,0.0004921152522511005,9.913727427332288e-6,0.0005430360932492855,2.3758135445437145e-5,0.00019164192271388272
-2.1863694948366774e-5,-1.5428013683857536e-5,-1.5178636913586504e-5,-1.7320277251527865e-5,-1.7706508490555607e-5,-2.0955593484907295e-5,-3.1691573629451094e-5,-7.214877595939124e-5
-4.224656521695942e-12,-4.5875909451316455e-12,-4.5313082733869754e-12,-4.571915717935751e-12,-4.5548371660462986e-12,-4.5963048401601245e-12,-4.5099214441139555e-12,-4.3886107921402186e-12
-6.851127797651654e-6,3.357314437512829e-6,-4.257405284481618e-6,1.5691597172645954e-5,-4.337895419997653e-6,1.5653352337984903e-5,-6.805302681458707e-6,2.7934720138610095e-7
5.9980105916533224e-6,1.08522559200343e-5,7.123343402779742e-6,1.7048431375598206e-5,7.179237089914711e-6,1.6878065651027038e-5,5.8768306427902015e-6,9.660669864866839e-6
-4.447076519344014e-6,-1.5002150984145697e-6,-3.5856624470283554e-6,1.7016346420100124e-6,-3.632379534805799e-6,1.595348495306473e-6,-4.522842728413915e-6,-2.8167439450694293e-6
1.1609133995117063e-6,1.7562203066421162e-6,1.320079751911112e-6,2.4191930263834145e-6,1.330140363494965e-6,2.3866769742668667e-6,1.130504742098132e-6,1.5230617970060263e-6
-4.7386453815080377e-7,-4.874342593446165e-6,-1.4968430645474706e-6,-1.0524984123487352e-5,-1.4967813346166282e-6,-1.0503746406820734e-5,-4.899412215322205e-7,-3.845483481543649e-6
-4.960750282453628e-6,-4.6050111148445116e-7,-3.855948486397179e-6,5.1286532118676916e-6,-3.912849031371066e-6,5.228647106427206e-6,-4.8329099117377555e-6,-1.6551534783544831e-6
8.184275118140317e-6,7.327938029771394e-6,7.821008458105183e-6,6.760616445897238e-6,7.90114402265065e-6,6.73464059448081e-6,8.146003722890526e-6,8.00882672483493e-6
-2.398363744916099e-6,-5.179566641357749e-6,-3.0275515046490465e-6,-8.758979760793114e-6,-3.0509482566980085e-6,-8.721578586483542e-6,-2.3908544085081834e-6,-4.63284734194035e-6
2.8559532226495724e-6,-2.1984859138753914e-6,1.5312982265606496e-6,-8.177070958348187e-6,1.5665842113287995e-6,-8.087877361300767e-6,2.9015051324347978e-6,-4.797157818433346e-7
9.320092414421687e-7,-9.080641277011562e-6,-1.572342802597687e-6,-2.12891149765995e-5,-1.5462761639317023e-6,-2.1163552941240125e-5,9.869827619960977e-7,-6.0419850278134506e-6
0.0003953554238380171,0.0004909597859004724,0.00044831803888252574,0.0005483750993436857,0.0004412739683099361,0.0004898957513295828,0.00033006994352727356,0.00010318187633187842
8.257650568581312e-5,9.793146581947622e-5,0.00015866769591255686,0.00028314937851761467,0.0003918161243182183,0.00045271968307869883,0.000497888368348354,0.0005689513866232204
-5.6597960108242855e-5,-0.00017409015281173056,-0.00018378036795428025,-0.00017583484789116387,-0.00015369813719985544,-6.731949340754656e-5,0.00011610492372594071,0.0007698231627953868
-4.145160317152263e-12,-4.153128193028435e-12,-4.151808006366193e-12,-4.1501834997305936e-12,-4.1524040060794655e-12,-4.15075093279814e-12,-4.151255885325954e-12,-4.147943460573378e-12
0.00012229454359959823,8.68503883196854e-5,9.244280028921792e-5,7.841934004869071e-5,0.0001003716964632795,0.00012522628345551848,0.00020226267506238588,0.0004375064104556787
-6.441873928261457e-6,2.8703106895661276e-6,-4.0097633425394214e-6,1.4052748249686424e-5,-4.10227180428925e-6,1.3913895111800514e-5,-6.554270950851694e-6,-6.574437968369684e-7
5.942166677858184e-6,1.0318841280328487e-5,6.9876151324091695e-6,1.588229377072131e-5,7.034239064303068e-6,1.5661151213883054e-5,5.737512396675583e-6,8.86042203331996e-6
-4.170727399470741e-6,-1.6396536692139088e-6,-3.378006885673356e-6,1.01006704268888e-6,-3.4300470399302093e-6,8.496957100542025e-7,-4.329052697100919e-6,-3.2019015945202263e-6
1.1610877528630828e-6,1.6661876529604773e-6,1.3060576692995339e-6,2.2081174866074113e-6,1.3143827064681094e-6,2.1645783637883767e-6,1.113067135434481e-6,1.3763105140028334e-6
-5.154061988976821e-7,-4.593721781857679e-6,-1.479221184304116e-6,-9.8319893309719e-6,-1.4740009907345798e-6,-9.779758070630865e-6,-4.798240961815389e-7,-3.4134997874247483e-6
-4.766167929728237e-6,-5.430914582461758e-7,-3.7172047181157e-6,4.7059529446101025e-6,-3.7768503500122103e-6,4.780718657706848e-6,-4.680971594697875e-6,-1.8460368201787124e-6
7.884912694234943e-6,7.174031480557895e-6,7.547831505496146e-6,6.793755664208591e-6,7.62793640878783e-6,6.790534011577736e-6,7.87901980410699e-6,7.936051270008307e-6
-2.3590656194364743e-6,-4.932535033425263e-6,-2.9508033722548596e-6,-8.244461406237742e-6,-2.970197028924629e-6,-8.187240910954122e-6,-2.3182370414670524e-6,-4.283959993822185e-6
2.618097356116796e-6,-1.9028868176208128e-6,1.385380951958347e-6,-7.183531483886001e-6,1.4281966003140066e-6,-7.031402285983074e-6,2.762392957649827e-6,1.074711913196296e-7
6.469592733869135e-7,-8.417501944493112e-6,-1.6919051838806615e-6,-1.9392972558082276e-5,-1.6514072245169136e-6,-1.9162191530464595e-5,8.703445698198035e-7,-4.877432098481467e-6
-0.0002983969746340133,-0.00030035889426177176,-0.00029985657307053323,-0.0002982716774746951,-0.0002924595492243728,-0.0002818771335442486,-0.000258437250745779,-0.00021791769977360384
5.069406362632798e-5,3.901783168393733e-5,4.570817957231632e-5,5.003672182999055e-5,4.1170748451188186e-5,4.414213869698193e-5,5.8888217322870795e-5,0.0001375059653316844
-6.097877461698061e-5,-0.00018989785798821416,-8.310433333834053e-5,-0.00037923668340070633,-8.658635822560615e-5,-0.00039319684431415305,-7.512381314265128e-5,-0.00021992017194134703
6.09787790795575e-5,0.00018989786225163984,8.310433762155582e-5,0.00037923668768336183,8.658636249702674e-5,0.00039319684859331585,7.512381743744151e-5,0.00021992017626255958
-0.00036099490055933653,-0.00034824290900672733,-0.0003340500856817083,-0.0004078117797368888,-0.00034098897503349044,-0.00038430021332476374,-0.0003700691643939686,-0.0005011209260181921
-1.163798819340872e-11,-1.118760206366643e-11,-1.1249037190638766e-11,-1.1229004972262851e-11,-1.120574671813296e-11,-1.1188753262814858e-11,-1.1179753806185785e-11,-1.129504274739645e-11
0.00020766259593158834,0.0002332270713687594,0.0002386585059203894,0.00023811120144785243,0.00022592322358451673,0.00021592258021906925,0.00015730742842568602,5.911240173047892e-5
-0.0002398179652017625,-0.0002431376223024612,-0.0002579051175714994,-0.00021120172810617065,-0.0002515332652949175,-0.00019407156376696495,-0.00020355853093543242,-9.879099784659235e-5
1.9542602552802186e-5,4.217712521163521e-5,5.601481795156036e-5,4.041316732455637e-5,7.874560798184269e-5,9.190497692249472e-5,0.00015972546922392555,0.00018350811794695356
8.826451887088311e-13,8.345711410160253e-13,8.379060966427942e-13,8.420058575553361e-13,8.354778408197948e-13,8.444128170451714e-13,8.504550367873929e-13,8.896067214991095e-13
0.00023981796347376412,0.000243137620582082,0.0002579051158504907,0.00021120172638439054,0.000251533263573825,0.00019407156204410126,0.00020355852921112417,9.879099611513173e-5
-0.0002238906267004805,-0.00032474644521015726,-0.0003312506692711559,-0.0003299122349857146,-0.0003108418291485932,-0.00024353393911924573,-8.765359795996942e-5,0.0005339066598038965
0.0001308986946988897,7.23985786331312e-5,7.297923291705159e-5,7.389861475296846e-5,7.974572290938538e-5,0.00010360403420519028,0.0001462925075065938,0.00033094909085610495
-0.00014249333706617358,-0.00014219731393193242,-0.0001434011729636449,-0.00014098339808410666,-0.0001432877944867954,-0.00014093348192838903,-0.00014626554463367748,-0.00015469879761542313
-1.8343699198954523e-6,0.00010819080331769461,9.745074690713028e-6,0.00028232822736052655,1.5575598084811452e-5,0.00029157481046491166,1.728930954605547e-5,0.00019396388435264126
-7.30669038715085e-5,-9.749059307639337e-5,-9.728160076263821e-5,-9.940909627248073e-5,-9.10933703391946e-5,-9.2743228302636e-5,-8.184311824603805e-5,-6.0450582310170276e-5
-0.0003279405951505652,4.554809817021839e-5,-1.6426120462198491e-6,-9.307156144094402e-7,8.50091157805635e-7,-6.676918559616253e-7,-1.2265927736102774e-7,7.425304486036098e-6
0.0003088116938910809,0.0003278295715034417,0.0003152200237407568,0.00034825948389182365,0.0003133160218468176,0.0003441166162886569,0.0002953705668753525,0.0002627693627695632
9.634823710271884e-5,0.0001098137133378951,9.06464554125965e-5,0.00016020173367896692,9.972707978225063e-5,0.0001453552539020019,8.259762093823836e-5,7.710133541468202e-5
0.0003731132368971703,0.0003602023125620529,0.0003561122879452752,0.00036391263601559336,0.00035722601493611586,0.0003502850902365143,0.00032759729847445295,0.0002663914027943089
0.00019011632964341981,0.00018944470091194175,0.0001956484403250007,0.00020342549481836556,0.0002080244515484634,0.000215446930305849,0.00022730486175003955,0.00024499084724699077
0.00023065071329795737,0.00020808114121964783,0.0001725368033309683,0.00027095570039455927,0.00017753812499046067,0.0002261868206416038,0.00013773154298470276,0.0001385422033604516
0.00023065071172835978,0.00020808113964828094,0.00017253680176151372,0.0002709556988243165,0.0001775381234241754,0.0002261868190755193,0.00013773154142277119,0.00013854220180152776
0.00010265732333715003,0.0001175441132090699,0.00011928983539513175,8.373628576939643e-5,0.00010770437696939308,7.950227758848135e-5,7.552967225035119e-5,-3.0048724705378262e-5
-0.00046266939906989895,-0.0004629634136179156,-0.00045561816247677593,-0.00048203725284619206,-0.00045644235297859247,-0.0004827471505592184,-0.0004573119227987961,-0.0004787923756106524
0.00032794059377301414,-4.554809953446235e-5,1.6426106814692324e-6,9.307142435362833e-7,-8.500925218658093e-7,6.676904868877346e-7,1.226579121460158e-7,-7.425305858092962e-6
-1.3962790362900879e-5,-2.2875604588622324e-5,-8.915847529484251e-6,-6.15192982858623e-5,-1.6722460936345133e-5,-5.224073018486254e-5,-6.274950804860007e-6,-5.8975514966328745e-6
-0.00023742153810385637,-0.0002462015984835696,-0.0002654531860769989,-0.0001988502258704968,-0.0002523480578155026,-0.00019367290329881204,-0.00022007804292962932,-8.461517753097956e-5
-3.792302413213915e-6,-4.6803917035833586e-6,-3.73762925357749e-6,-6.5006226166369145e-6,-3.906131079118184e-6,-6.420865211247263e-6,-3.892081816300861e-6,-5.7901505970665085e-6
1.9827924672597868e-5,3.610355519772525e-5,3.766561823887283e-5,3.2777224053417124e-5,3.091833904452097e-5,1.5649335914317648e-5,-2.1812288740313316e-5,-0.00019331494296251708
8.912031486555332e-5,5.81756667499207e-5,6.302273248847009e-5,3.345568648672044e-5,5.945068312630442e-5,5.3416637223326946e-5,8.660450666511893e-5,0.00011866470768699894
0.00023749539804276363,0.00022826146429285246,0.00024380749196332817,0.0002240733094679387,0.00025253884503545585,0.0002166506313623692,0.00023259564128084786,0.00017470662532527296
-0.00015900365809671553,-0.00016056162319971106,-0.00016124487175971344,-0.00013933747228877353,-0.0001460010975518213,-0.00013517439457778096,-0.00014186502669338703,-0.00013319981246006217
0.00027965875618214995,0.0002748814394294644,0.000380462543457073,0.0002258455736783624,0.00025821035722591203,0.0002528377277412204,0.00025339336504687183,0.0002465650505059264
-1.4412700707539636e-5,-5.5799961852903205e-5,0.0004247859934802519,-0.00021178571949090184,-9.263927087609696e-5,-0.00010269335368005443,-7.545597668180371e-5,-2.3676564174063886e-5
-1.441269878271554e-5,-5.5799959920463605e-5,0.00042478599540035194,-0.00021178571758699477,-9.263926896969885e-5,-0.00010269335177469702,-7.545597477604761e-5,-2.367656226864101e-5
7.617681117181037e-5,7.6218743920721e-5,-0.00010458881844551843,8.838510149324384e-5,9.668498122868263e-5,8.415619374146888e-5,0.00010018171492807561,6.0089819251372755e-5
-4.1030256220473554e-13,-4.624597272107675e-13,-4.670068045640285e-13,-4.797667912168115e-13,-4.81643678457179e-13,-4.808259374438262e-13,-4.765625620761136e-13,-4.602286632796721e-13
-2.4522949218684577e-5,5.4932590395017185e-5,6.106341526871812e-5,2.4364470417000193e-5,4.6414860866452376e-5,3.661593325744809e-6,-2.3471978239203e-5,-0.00025593671254852996
0.003326053543584291,0.0028654446296029154,0.0028895953121972546,0.0029522380718203806,0.002835955811057749,0.00275447770101576,0.0024145996052838572,0.0012663492149902805
-2.926484111898883e-7,-9.001588707910941e-7,-9.502635422996184e-7,-9.091800737788112e-7,-7.947189914256098e-7,-3.4808564872806424e-7,6.003369808556279e-7,3.980482227545077e-6
3.867355698665576e-5,3.082371306602596e-5,3.1371008828277514e-5,2.6901068293729977e-5,3.28478212269287e-5,2.999356004283901e-5,3.519233979726973e-5,3.7769564221595955e-5
3.157451158070491e-12,3.0977608968179025e-12,3.0960870978496926e-12,3.0954557973733573e-12,3.0868746563995717e-12,3.093056144861689e-12,3.0983315509336388e-12,3.107090914489623e-12
0.0001654618964750209,0.00015732881625401981,0.00017318125684839139,0.00012738411709900654,0.0001649075718640803,0.00014263786187357913,0.000167064056317023,0.0001477632047472816
0.00044487935929836745,0.0004365748283616412,0.00043449441210489123,0.00040736579063953645,0.000420444341902616,0.0003987507849488331,0.00043318052248857554,0.0004888155415144925
0.00012211397055296826,5.62090115122305e-5,5.715790210338233e-5,5.63029718908817e-5,6.36856642253876e-5,8.657214440829265e-5,0.00014871593657337907,0.00039274607546595014
-5.11543057657372e-5,-0.0001286430124380687,-0.00013074986601850728,-0.00012874191360885733,-0.00012193223438874618,-8.292191138735922e-5,-1.391915960830811e-5,0.000284596075094822
-0.0009924227637654577,-0.0010001862639126115,-0.000996290463159338,-0.0009769439881132126,-0.000971679045995261,-0.0009603462476379885,-0.0009636655494466907,-0.0009664160421210481
0.0003742751185533069,0.00037875940204334783,0.00037388827339004423,0.00038453330244678094,0.00036561679597391794,0.0003921013973879985,0.0003678499212765937,0.0003694504907311196
7.65212613184438e-5,5.643876409318683e-5,4.9378387932507997e-5,7.407781943972239e-5,5.492494128320079e-5,8.953048565606199e-5,8.230293708848808e-5,0.00014837261325849593
1.7497681896909632e-6,0.00015707923807847568,0.0001764386974605196,0.00013389964054083209,0.00014317954249048199,5.024781582170081e-5,-9.641736081743406e-5,-0.0007143946949477551
-0.00036593649070560676,-0.0003359546760322413,-0.0003302920944483617,-0.000276403897022548,-0.0003177276629609775,-0.0003307111635895444,-0.0004044741703439653,-0.000552214986903317
0.00010606379985327159,8.740682592744132e-5,7.340011673668444e-5,0.00014709462210922417,8.915907464776616e-5,0.00012876432942591782,9.445178534300857e-5,0.0001583993285135562
0.00010847592551475938,0.00012916455112372955,0.00013011109009241245,0.0001231855102926749,0.0001188047699301416,0.00011816197431734505,8.611148753585875e-5,3.9798696199134435e-7
2.1053606887992907e-6,1.817188863104783e-5,2.0641852854186596e-5,2.504614519564819e-5,1.5786554454306094e-5,2.386338580256868e-5,7.791727851034694e-6,1.5660277402574248e-5
0.00046266939896274904,0.0004629634135124241,0.00045561816237114287,0.0004820372527406913,0.0004564423528729663,0.0004827471504537599,0.00045731192269300963,0.0004787923755050236
-8.812804301214474e-5,-9.901356274272469e-5,-0.00010413668736241828,-9.978081850183977e-5,-0.00010121879975181549,-8.178360557570589e-5,-5.645113003126134e-5,4.013790414247431e-6
8.338333839286806e-5,5.0466251004676944e-5,5.0450817207439075e-5,4.7601502382528875e-5,5.48325147209331e-5,7.218529507641916e-5,0.00011250178908320717,0.0002482355800097653
-7.64406526306779e-5,-5.619079781173518e-5,-4.91166186375323e-5,-7.382736794800707e-5,-5.47060218112999e-5,-8.943460569147671e-5,-8.246833059221561e-5,-0.0001494691762584373
1.1751307412925419e-5,1.6191970564782746e-5,1.3489089797545822e-5,3.7372623834724046e-5,1.7635080149925792e-5,2.3001877535622407e-5,-9.39609072402456e-6,-6.118012360369578e-5
5.7288244149244564e-11,5.950514098270497e-11,5.921065385253293e-11,5.972337334377598e-11,5.941582358360823e-11,6.002373745312117e-11,5.932625187860731e-11,5.91453612017166e-11
-0.00019962681654371307,-0.00024445936906494504,-0.00024630822575769426,-0.00020873074317770865,-0.00022056131413281227,-0.0001980165381547031,-0.0001657127693459037,1.247506535825908e-5
-1.7233402409338232e-12,-1.724807964778945e-12,-1.7257296681107331e-12,-1.7249762907637567e-12,-1.7253323838326455e-12,-1.7250555323004388e-12,-1.7243709449404022e-12,-1.720679202048667e-12
-0.0003441390371511648,-0.00030438324827803846,-0.0003067241017688717,-0.00026782980856484027,-0.00028696177951957136,-0.00025934533548847556,-0.0003237661278117442,-0.000415431657672883
-8.684949952848816e-5,-0.00011097216461714162,-9.935872008341497e-5,-0.00012735441091027622,-0.00010177415213256325,-0.00011191761676206989,-8.754663682771286e-5,-6.97432373562366e-5
-3.2005817057675416e-7,-9.844704580776897e-7,-1.0392681230326407e-6,-9.943366182474404e-7,-8.691546617932966e-7,-3.8068789014895744e-7,6.565677202975222e-7,4.353310615568226e-6
-1.124324189561056e-5,-8.859452301335299e-6,-3.893764325413736e-6,-8.803310803411255e-6,-5.5831664356782435e-6,-1.468729029564053e-5,-1.22535037457841e-5,-2.613860728071195e-5
8.281788319484781e-5,7.917484921541207e-5,8.418924460898487e-5,5.6929009863167774e-5,7.857835901132075e-5,7.097844930850938e-5,8.411156058984499e-5,7.564655573741965e-5
-3.640906137957094e-5,-2.7977213162344038e-5,-1.3004687744873786e-5,-5.6800476872604025e-5,-2.6887214960807725e-5,-5.370208960336035e-5,-3.727573137190019e-5,-8.917642342994863e-5
-4.7107514623299454e-5,-5.080129983288047e-5,-5.5935087103617896e-5,-3.563624992714825e-5,-5.353125423164367e-5,-2.7411003001992344e-5,-3.463163218934215e-5,2.0432841380543484e-5
-4.710750984088607e-5,-5.080129498586149e-5,-5.593508228537339e-5,-3.5636245007081174e-5,-5.3531249408687584e-5,-2.7410998061813974e-5,-3.463162737269607e-5,2.043284622624712e-5
-9.634823817329523e-5,-0.00010981371440266365,-9.064645647834141e-5,-0.00016020173474273956,-9.972708084757015e-5,-0.00014535525496612697,-8.259762200458766e-5,-7.710133648136895e-5
8.645200625136522e-5,2.2694040237645257e-5,2.3119056188778138e-5,-8.260629643055446e-6,1.0646487793917163e-5,3.162853165595986e-6,1.7977718526304313e-5,4.061663058608128e-5
-8.645200655563524e-5,-2.269404053063802e-5,-2.3119056479860604e-5,8.260629356791785e-6,-1.064648807834676e-5,-3.162853447450265e-6,-1.7977718806766883e-5,-4.061663086458463e-5
0.0007631346425713119,0.0007478401003508705,0.0007089175505881983,0.0006447195842567962,0.0005853288693913445,0.0005409164692461243,0.0005149289973472414,0.0004969175743907166
-0.00015749751462414214,-0.00011662613982758262,-0.00013153641139115947,-0.00010815669986275569,-0.00014180707797845326,-0.00010336629648792948,-0.00015845544293964576,-0.0002323701603230086
1.7409546189513995e-5,3.082478481835142e-5,2.2554609706915748e-5,4.464732164081726e-6,1.0709618958097431e-5,1.3876182206028084e-6,3.4259743303054847e-6,-1.4235736679263437e-5
6.811482885436663e-5,7.028646598671927e-5,4.941935787688206e-5,0.00010950762037125115,5.528412661368163e-5,0.00010544440823466398,7.78202495930602e-5,0.00017837735003812058
-0.0003850224303548498,-0.0003853161859976805,-0.00039228638145216894,-0.00037418551779375283,-0.00038988371745868463,-0.0003671920977303859,-0.00036926443377387024,-0.0003359142467282809
7.56048483650739e-5,2.3621413410391183e-5,2.6339432657451112e-5,2.460761650228984e-5,3.5323556815023506e-5,5.1613166648171305e-5,9.927688003489579e-5,0.00028865497963991113
0.00011710167633709043,8.433933869471674e-5,8.10789910610876e-5,8.465639625431718e-5,7.579416095650885e-5,9.181994996458072e-5,0.0001154945229617538,0.00024632926589337654
0.00021480288377870833,0.00021738427005013174,0.00022522450480664868,0.00022491936991945606,0.00023489380286338953,0.0002184909069911515,0.0002013947686941828,0.0001479593549489646
-0.00035179397969075586,-0.0003655039111177187,-0.0003719649100659509,-0.0003750000423192013,-0.0003687495249724205,-0.00034588781014406437,-0.00029796215401763787,-0.00021476535664482517
0.0001126748765513627,9.318462591200951e-5,9.726664933387214e-5,9.062998575896334e-5,9.814534048606702e-5,9.447860687173778e-5,0.00010095888460309628,0.00015132314648405617
1.718070858065434e-5,5.783210347542298e-6,5.266119332906578e-6,5.983963546748737e-7,4.760487905569796e-6,7.288604758407931e-6,2.060894641352269e-5,4.219011785102612e-5
0.0001557996091988174,0.0001487637517886276,0.00015309273074516722,0.0001491885958057471,0.00015679862617089247,0.00016195560309014646,0.0001739870237834269,0.00020677169229561397
0.00016753689348289935,0.00016603112479706013,0.00017521201873471544,0.0001495450970137835,0.0001725971670683126,0.00016354270712174487,0.00018630190913662817,0.00020017800821944048
7.053610101204484e-5,-2.9075320382253363e-5,-3.679894963009805e-5,-1.1434485069682208e-5,-1.992071512038899e-5,3.560007144343865e-5,0.00011786621996578644,0.0005224187717341884
-0.00016753689414054722,-0.00016603112545077157,-0.0001752120193889839,-0.00014954509766633398,-0.0001725971677211952,-0.00016354270777444777,-0.00018630190979091274,-0.00020017800887585276
0.00019227021490234833,0.00011881228094982437,8.153976494634896e-5,1.1140120178642698e-5,-5.42637043472784e-5,-5.29575330676572e-5,9.428536261841077e-6,0.0003132170924247742
-2.621857452725475e-5,-3.354213300334747e-5,-1.0323874914297457e-5,3.362243220965508e-5,8.295152675149352e-5,0.00010585710815512364,0.00012895360599674729,0.00015520967864897752
3.730472643600366e-13,3.371239092589205e-13,3.3875922699075885e-13,3.3999273187390063e-13,3.389819920923691e-13,3.4312019598379853e-13,3.6301562889809167e-13,4.1357552632037244e-13
0.00019481806792855788,0.00020677405530101324,0.00023534420288591528,0.00013974706726813327,0.00022060155627685337,0.00017669705049179571,0.00021688873883861866,0.00011752131575378914
0.00019481806850135124,0.00020677405588041066,0.00023534420346534366,0.00013974706784493842,0.00022060155685721733,0.00017669705107172619,0.00021688873942203325,0.00011752131633883588
-9.972742447537728e-5,-0.00010190481677882804,-0.00011953451926670757,-3.246655335027305e-5,-0.00010596981415861474,-7.592743978074962e-5,-0.00010582730987073934,-2.1643471279355302e-5
-5.390589453987467e-13,-6.062694504831317e-13,-6.013435156562072e-13,-6.030919885925171e-13,-6.081450190821616e-13,-6.082977518725809e-13,-6.047501931706644e-13,-5.902630926715886e-13
-0.00015858980387855074,-0.00016204170207744601,-0.00016362499523199693,-0.00016869343404259663,-0.0001649592883234102,-0.00016608348088667193,-0.00016072026319154448,-0.00015501819544324827
0.0001379872598859703,7.991339109961037e-5,7.587448493906462e-5,6.365037129815249e-5,8.12524583623168e-5,0.00010624013372689621,0.0001877373051535597,0.00040392167907681465
0.00014378991678482927,0.00016372202993516336,0.00016876577914336937,0.00016367005672880816,0.00016353110782506302,0.0001520057326722373,0.0001283150118345728,4.707245059046544e-5
-4.303488403735602e-5,-1.5749053389225862e-5,-6.599438122427371e-6,-1.2349011018539908e-6,6.7927061770044715e-6,6.74608058415211e-7,2.7018122373792975e-6,-4.522171580403838e-5
-1.4938012289484641e-5,-3.501581293480836e-5,-3.751111428469485e-5,-1.925685347493399e-5,-2.660638857963847e-5,-4.981225659565365e-6,1.7038081891417413e-5,0.00013900890243705223
-0.00014393444660245025,-0.0002059538863379687,-0.00016522731089057486,-0.0001660865380110917,-0.00014475508977894553,-0.0001373241260618927,-3.709314092374875e-5,0.00016644009332813828
-0.0005306279618716338,-0.0006991865444369291,-0.0006275757381568706,-0.0008131973332584227,-0.0006225613956902748,-0.0007931325381465433,-0.0005244840161648667,-0.00043772199805689713
0.00017282095513193255,0.00011714157003995097,0.00011202973986399886,0.00012407930630765028,0.00012484532693188955,0.00015687634475544643,0.00020662404434717402,0.0003974124877038468
0.0001087583454828533,-8.563526826268908e-5,-0.00023141300242846292,0.0003340073851622003,-0.0001286061513999448,0.00021244787837485234,0.0001674996781789585,0.0014070021209431215
-0.0003591251413986423,-0.000514578871313946,-0.0005308884499213814,-0.0005473191888722784,-0.0005193280699463704,-0.00044691496251325234,-0.00025590077805805943,0.0004096307353587957
-0.001044895310857873,-0.001294921093345688,-0.0013325880137872352,-0.0013356723849997517,-0.0012754621288410548,-0.0011107087222256042,-0.0006702958296515598,0.0007523837669783306
-0.0015237395433724218,-0.0013447728550227982,-0.001411884355372264,-0.0011532974050802182,-0.0013952303115640548,-0.0012277044650168475,-0.0013050213021476226,-0.0006757214659468558
-0.0017673754748759735,-0.0016840700814245656,-0.0016619531868012983,-0.0028915891104847723,-0.002493589635639973,-0.0030148306799029864,-0.0026456271910733874,-0.0031341446448594048
-0.00024947085784535303,-0.00026162520635982216,-0.00025717891212959294,-0.00026141240940905184,-0.0002460957046284463,-0.00024171475385143684,-0.00021355718251201848,-0.00016336230654538764
5.3453697961927625e-5,2.247704438834556e-5,1.5589274675050333e-5,3.0195850792771505e-5,1.96389760031309e-5,4.093819541361126e-5,6.629114759354991e-5,0.00021312423989298756
-5.345369922627068e-5,-2.247704563182552e-5,-1.5589275920401574e-5,-3.0195852036882822e-5,-1.963897724580706e-5,-4.093819665610816e-5,-6.629114883700557e-5,-0.0002131242411388239
0.00022726125825950472,0.00024279182009250195,0.0002642897149778199,0.00018044337929691519,0.0002389266284549195,0.0002008292042808882,0.00021402461713985332,8.46534476977687e-5
-0.0002272612594437501,-0.00024279182128660238,-0.000264289716171626,-0.0001804433804886195,-0.0002389266296486338,-0.00020082920547429347,-0.0002140246183340188,-8.465344888998577e-5
2.3117512985741975e-5,3.5696736238306484e-5,5.700346811263101e-5,-3.1671716133687746e-5,3.863373507453573e-5,-1.158652289762065e-5,2.524036596843084e-5,-8.487632459711284e-5
-0.0008625363498012388,-0.0008678561307147067,-0.000887945907495445,-0.0007985111606096779,-0.0008664637077029948,-0.0008239725880630894,-0.0008605508861747369,-0.0007978213016803515
8.061928190289477e-5,0.00024797754229127355,0.0002617804810201013,0.0002504627212999542,0.00021893074210649604,9.589125177137677e-5,-0.00016538220440041955,-0.001096551709197671
8.061738174212907e-5,0.0002479756234360638,0.00026177861801559107,0.00025046099324811053,0.00021892922921774055,9.589003690667291e-5,-0.0001653830349992762,-0.0010965520578340242
2.4699584113405977e-12,2.4354729144969327e-12,2.4258590948098785e-12,2.434452179387112e-12,2.417084880470146e-12,2.4264106789923492e-12,2.42499514743987e-12,2.456136650051341e-12
4.266967547408192e-13,4.1234125144879564e-13,4.0678116709657897e-13,4.103924133004592e-13,4.021350594680642e-13,4.0658565700176673e-13,4.0558911289076154e-13,4.2046989516614645e-13
-3.21552917351411e-5,-9.910476378080485e-6,-1.924653686199363e-5,2.6909548196739484e-5,-2.5609967093248773e-5,2.1851091312947368e-5,-4.6251027358221714e-5,-3.9678520373985745e-5
4.855015382410108e-5,-5.816234866915697e-5,-4.575580143531789e-5,-7.569806585001116e-5,-5.405824635349196e-5,-7.295360372624839e-5,-6.545856248285056e-5,-7.775535708988148e-5
-0.0001571989298226034,-0.00014743155165009795,-0.00014849919805954626,-0.00019024113299166627,-0.00013858441575254006,-0.0001510046308221462,-0.00011578578113112279,-0.00011218146361597152
9.449848175537034e-5,9.609824350817252e-5,0.00011391130109040024,4.630277836895314e-5,0.00013195222210018103,6.894823348290482e-5,0.00012739768534373192,5.4363884709577436e-5
9.337323921864616e-5,8.830583721734287e-5,0.00010705559039343038,7.504836079788479e-5,0.00011291883245292157,9.34470860266933e-5,0.00012405942484810856,0.00011158270733714008
-0.00010452747680676731,-0.00012743209374787643,-0.00013532446843525807,-5.192924759058477e-5,-0.00013676073358535838,-7.706130506040684e-5,-0.00010851015144633735,5.284841920394291e-5
-0.0019780297913461154,-0.0021534067337445097,-0.002184631147403387,-0.00215057230908218,-0.002128007638603338,-0.001972401779895804,-0.0016496276830166086,-0.000619058462598085
-0.0003402354588595829,-0.0004256475974638666,-0.0004258520383027285,-0.00044873577655362763,-0.00042322845528666605,-0.00038575605859715925,-0.00027004427063910563,0.00012847940455223514
0.00012090512844751232,0.0001118382028795146,0.00011222117567028807,0.00010410935224965095,0.0001103808859751314,0.00011301131107127419,0.00011190394885489724,0.00010306316260167278
0.0001375248044851111,0.00012963812395347932,0.0001396747831214844,0.0001337594754491749,0.00013730357594823623,0.0001242763228836588,0.00013890783373091294,0.00015000002935014735
-6.172934669615746e-5,-6.17818740882388e-5,-6.271776656574652e-5,-6.143386171497481e-5,-6.344779903765184e-5,-6.207024669586534e-5,-6.469766106040411e-5,-6.672579155564354e-5
-0.00020439101192931848,-0.0003070360159278388,-0.0001565523571508844,-0.0006489050419189854,-0.00016567373489077933,-0.0006977273349997273,-0.00015322606176811044,-0.00022965139982739189
0.00020439101305714852,0.00030703601706360797,0.00015655235828234023,0.0006489050430691141,0.00016567373602266615,0.0006977273361507002,0.00015322606289957646,0.00022965140097070522
-0.00011642283396108417,-0.00011065969986305642,-0.00015793600170712951,3.7967819502265836e-5,-0.00012127259030956288,1.8927007420159963e-5,-0.00010309675166933607,2.1816926108562257e-5
0.00011642283448816415,0.00011065970039451403,0.00015793600224079307,-3.79678189741496e-5,0.00012127259084482357,-1.892700688875819e-5,0.00010309675220643198,-2.181692557434759e-5
-0.00010444383864421189,-9.929190055091239e-5,-9.990187247712432e-5,-0.00010180543620229888,-0.00010048736991438407,-9.689632780947562e-5,-8.984641779219101e-5,-6.255859392283613e-5
-0.0003904198698229587,-0.00038118241300084976,-0.00038097898598868493,-0.000383789900919456,-0.00038176329463479,-0.0003740782734323967,-0.0003690884823744639,-0.0003415309135166563
-1.4328665660213143e-11,-1.464686950885293e-11,-1.462042581098628e-11,-1.4640464293053015e-11,-1.4636950028381062e-11,-1.4642951853545865e-11,-1.4609458640824255e-11,-1.4566802129925104e-11
-2.2852476673401518e-11,-2.3293845653993188e-11,-2.3254828449076887e-11,-2.328616767210526e-11,-2.3274933722816338e-11,-2.3281680175255454e-11,-2.3233168337331014e-11,-2.3180074403903823e-11
-1.9646861381465382e-11,-2.0012514530569324e-11,-1.9979633690614605e-11,-2.000627715219391e-11,-1.999575089180358e-11,-2.0000931546624258e-11,-1.996055583092355e-11,-1.9918109192958908e-11
-1.7736762267595875e-11,-1.8069741333034538e-11,-1.804048701302355e-11,-1.806482300883429e-11,-1.80559421651587e-11,-1.806223598330662e-11,-1.8024910304246707e-11,-1.798425614702417e-11
-2.3325715388963795e-11,-2.373213935476701e-11,-2.369498885999017e-11,-2.3726620820317332e-11,-2.3712123132698646e-11,-2.371858391043501e-11,-2.3672028304654912e-11,-2.3626207904770058e-11
-1.71871269495214e-11,-1.7468114839608286e-11,-1.7441778592390603e-11,-1.7464730315256565e-11,-1.7453055861539615e-11,-1.7457373363630878e-11,-1.7424742557020155e-11,-1.7394840621236693e-11
-2.0025531104574654e-11,-2.039075765810612e-11,-2.0359009008646275e-11,-2.0385026761530646e-11,-2.0376113264066502e-11,-2.0382165644094363e-11,-2.034272865391417e-11,-2.029966526188564e-11
-2.2682931858277833e-11,-2.3071883068865512e-11,-2.303691569301346e-11,-2.3066229845655823e-11,-2.3053806269833535e-11,-2.305944800244611e-11,-2.3016569770179702e-11,-2.2973611316319078e-11
-1.360822700762527e-11,-1.3822021897586327e-11,-1.3802546936055553e-11,-1.3819205703896325e-11,-1.3811725777386071e-11,-1.3814646820204251e-11,-1.3791482060823706e-11,-1.3769713226251209e-11
-2.199741993456477e-11,-2.2391981570663946e-11,-2.2356440478023053e-11,-2.2386425748664662e-11,-2.237368411414124e-11,-2.238035023154963e-11,-2.2335515244910188e-11,-2.2289642375637946e-11
-2.1723269731196814e-11,-2.2091835781016313e-11,-2.2057753410319154e-11,-2.2087035515452176e-11,-2.2072890567837298e-11,-2.2078568430796668e-11,-2.2036080886681004e-11,-2.1995584136377156e-11
-9.712445158525519e-12,-9.856134642754124e-12,-9.842222853139573e-12,-9.854874426272204e-12,-9.847793543456594e-12,-9.850173302461735e-12,-9.833187904934523e-12,-9.819151929078721e-12
0.0001227950381155131,0.00011550120295687524,0.00011505477461284813,0.00011411326687010308,0.00011615773491526264,0.00011819887236079368,0.0001271455545846355,0.00015700347563845775
0.00012238598207203033,0.00011556244288631088,0.00011320439805587294,0.00011873791969572679,0.00011535772407502783,0.00012290455891348826,0.00012629706595288875,0.00015799701965429105
0.00013547691562811558,0.00012687990024235494,0.0001261781676784997,0.00012561972331380988,0.0001273291606784017,0.00012998830551557504,0.00013990108129982692,0.0001764188020357795
8.977526397705324e-5,7.935587200728615e-5,7.802703910419046e-5,8.047759423226479e-5,7.984031874630863e-5,8.604481738442675e-5,9.582689347952629e-5,0.00013677879237567484
8.21819270906094e-5,8.036202248517954e-5,7.933513479200579e-5,8.11766540587646e-5,7.985607668303452e-5,8.22967235896511e-5,8.355526225693707e-5,9.474673424279611e-5
9.235734984691665e-5,9.162778594861508e-5,9.073810654686695e-5,9.222743733690726e-5,9.108565635319567e-5,9.282345580169501e-5,9.323342834637048e-5,0.00010037103719703106
7.649163472379473e-5,7.595819139469672e-5,7.504720842488667e-5,7.665271858659693e-5,7.539295464259769e-5,7.720602668969624e-5,7.747750478265943e-5,8.444976731929334e-5
0.00012279503372946289,0.00011550119873006268,0.00011505477037121541,0.00011411326263630807,0.00011615773069290328,0.00011819886814516792,0.00012714555036871577,0.0001570034714123355
0.0001223859778467941,0.00011556243882558357,0.0001132043939794989,0.0001187379156278663,0.00011535772001803878,0.00012290455486365794,0.000126297061901718,0.00015799701559226242
0.00013547691135079088,0.0001268798961336076,0.00012617816355337585,0.00012561971919815854,0.00012732915657284475,0.00012998830141781794,0.00013990107719950948,0.00017641879792419223
8.977526009143591e-5,7.935586829079856e-5,7.802703537142963e-5,8.047759050946135e-5,7.984031503306781e-5,8.604481367940165e-5,9.582688977144079e-5,0.00013677878865601408
8.21819242505908e-5,8.03620198176349e-5,7.933513210820259e-5,8.117665138565226e-5,7.985607401871122e-5,8.229672093423268e-5,8.355525959760239e-5,9.474673157085976e-5
9.23573477630724e-5,9.162778405171409e-5,9.073810463266062e-5,9.222743543443082e-5,9.10856544589175e-5,9.282345391694239e-5,9.32334264558809e-5,0.00010037103529139663
7.649163409528483e-5,7.59581909681538e-5,7.504720797986346e-5,7.665271815432493e-5,7.539295421786552e-5,7.720602627512267e-5,7.747750436042631e-5,8.444976687934551e-5
0.00012279502885760267,0.00011550119399943647,0.00011505476562603256,0.00011411325790187,0.00011615772596476978,0.00011819886342428295,0.0001271455456456342,0.00015700346668306184
0.0001223859730135857,0.00011556243413886482,0.00011320438927728758,0.00011873791093734038,0.00011535771533305259,0.0001229045501865406,0.00012629705722111138,0.00015799701090491382
0.0001354769064996184,0.00012687989143182545,0.00012617815883568802,0.00012561971449285682,0.0001273291518725028,0.00012998829672580085,0.0001399010725031125,0.00017641879322068848
8.977525600631397e-5,7.935586435447401e-5,7.802703141949026e-5,8.047758657044076e-5,7.984031109831464e-5,8.604480975354137e-5,9.582688584075126e-5,0.00013677878471791461
8.218192110699888e-5,8.036201683130837e-5,7.933512910579623e-5,8.117664839705123e-5,7.98560710336874e-5,8.229671795875759e-5,8.355525661598464e-5,9.474672858009115e-5
9.235734529665213e-5,9.162778175773686e-5,9.073810232149703e-5,9.222743313811032e-5,9.108565216559965e-5,9.282345163378826e-5,9.323342416471813e-5,0.00010037103298845185
7.649163321125247e-5,7.595819027165479e-5,7.504720726499872e-5,7.665271745539105e-5,7.539295352131066e-5,7.720602558936531e-5,7.74775036647322e-5,8.444976616929078e-5
0.00012279502441668483,0.0001155011897032652,0.00011505476131681505,0.0001141132536021433,0.00011615772167417951,0.0001181988591407465,0.00012714554136230823,0.00015700346239377958
0.00012238596860824965,0.00011556242988352633,0.00011320438500796695,0.0001187379066784611,0.00011535771108253609,0.00012290454594370603,0.00012629705297718458,0.00015799700665446712
0.00013547690207732694,0.00012687988716239643,0.0001261781545518758,0.00012561971022017617,0.00012732914760761366,0.00012998829246904179,0.00013990106824438164,0.00017641878895508336
8.97752523592937e-5,7.935586085968264e-5,7.8027027910622e-5,8.047758307323868e-5,7.984030760820867e-5,8.604480627213717e-5,9.582688235692524e-5,0.00013677878122690023
8.218191839898524e-5,8.036201428416196e-5,7.933512654406529e-5,8.117664584787969e-5,7.985606849092467e-5,8.229671542535622e-5,8.355525407884474e-5,9.474672603402174e-5
9.235734399593312e-5,9.162778063213272e-5,9.073810118019843e-5,9.222743201033366e-5,9.108565104352542e-5,9.28234505217141e-5,9.323342304703294e-5,0.00010037103185936441
7.649163276389457e-5,7.595819001545806e-5,7.504720699192543e-5,7.665271719700306e-5,7.539295326813419e-5,7.720602534679967e-5,7.747750341463318e-5,8.444976590505386e-5
-0.0001235177511128066,-0.00011069680824260812,-0.0001295275069541113,-6.433524414797751e-5,-0.00011988788747215842,-6.665264362892641e-5,-0.00011494413161876843,-6.780190634996247e-5
-0.0001712622362632163,-0.00016390653037896022,-0.00018137920358272144,-0.00012197135068227014,-0.0001716931703935188,-0.00011950355781794061,-0.00015572047269191434,-7.896260426798394e-5
-0.00037311323744564345,-0.00036020231311936237,-0.00035611228849976293,-0.000363912636568962,-0.0003572260154883067,-0.0003502850907874718,-0.0003275972990232747,-0.0002663914033408708
-3.0467156307068652e-5,-2.2180842664130254e-5,-1.9894461979208838e-5,-2.5212371134972677e-5,-2.0379575199451037e-5,-1.664408794601324e-5,-3.8229460219547555e-6,2.7358008092104767e-5
2.1863693650592766e-5,1.542801238052001e-5,1.5178635610835358e-5,1.7320275948869593e-5,1.7706507187906328e-5,2.095559218227338e-5,3.169157232731215e-5,7.214877465826344e-5
0.00016108878696247895,0.0001694396743735663,0.00016665816484178554,0.00015133878272037703,0.00015777546665103376,0.00014989408410325658,0.00013756555545796828,5.8319626190324435e-5
5.029257495482564e-5,4.9637163189646474e-5,4.797459510039036e-5,2.98428576407661e-5,3.9826227005547194e-5,3.0154909041068172e-5,2.2771101751358284e-5,-5.0589471903247896e-5
-0.00025861796977414325,-0.00026325500479673647,-0.0002803694289979555,-0.0002199850865161622,-0.00026811001166363117,-0.00021434270498620203,-0.0002381406156732289,-0.00011774127420896994
-0.0001610887880894998,-0.0001694396755107617,-0.00016665816597712847,-0.00015133878385498512,-0.00015777546778571958,-0.0001498940852378243,-0.00013756555659157792,-5.83196273213297e-5
-5.0292576238934037e-5,-4.96371644822779e-5,-4.7974596391178696e-5,-2.9842858930579897e-5,-3.982622829539367e-5,-3.0154910330632222e-5,-2.277110304005589e-5,5.058947061703428e-5
0.0002586179701435703,0.0002632550051774502,0.00028036942937828633,0.00021998508689533431,0.00026811001204564297,0.00021434270536673433,0.00023814061605496637,0.00011774127458730446
3.364659487942555e-5,3.41723405666597e-5,3.756633877442132e-5,2.3831611115413722e-5,3.447178352023599e-5,2.644433939920652e-5,3.3640462977678455e-5,2.2109148339807788e-5
-7.19470488443259e-5,-0.00011172997311704802,-0.00011635881254686302,-0.00011238542332341087,-0.00010478246504521802,-7.67698128872221e-5,-5.627921518412663e-6,0.00023004415876790293
-0.0001433997361695604,-0.00017817188322987538,-0.00018388576237317702,-0.00017425408659701365,-0.00017241301314183964,-0.0001420101989923814,-8.243876213556565e-5,0.0001306610495270221
0.00033764851275582485,0.0002943143646921432,0.0002822843246325093,0.0003074190082096419,0.00029846566204853284,0.0003456974303280985,0.0004074419266471619,0.0006574497607346692
-0.0004176806680694031,-0.00048204033812513335,-0.000474929744225627,-0.0005115377828335939,-0.0004614847429706948,-0.00045947719025053757,-0.0003235448385500505,-0.00010845379726180712
0.0003535037255805734,0.00030531963056220664,0.00029400879362239345,0.0003184637492542806,0.0003108371228074204,0.00035777029156162,0.00042464678774381813,0.0006863744366989133
2.9775693051680327e-5,-3.1473265908840453e-5,-2.4222097460295808e-5,-6.201228126449508e-5,-1.2085743562165341e-5,-1.1738190333642254e-5,0.00012038027407834838,0.0003255125816679279
-0.00019608510218554882,-0.00021428571927873966,-0.00021671431414249854,-0.00021185535625459017,-0.0002104861968602447,-0.00019396893128727718,-0.0001594908479050558,-2.8807564380559662e-5
-0.00020265220015593157,-0.00022010034266230173,-0.0002227639012893717,-0.0002166049313615732,-0.000216587317813464,-0.00019963146382239333,-0.00016803339610210524,-4.305966727288468e-5
0.0004562260794373585,0.00040622544031389436,0.00040112332339687794,0.00040614459957139806,0.00041568494069247665,0.0004462261358655113,0.0005301256358356545,0.0007775349632114701
-0.00019447249086377617,-0.0002703270973824218,-0.000269634734174527,-0.00029456114407504425,-0.0002529264018119308,-0.000230555838375068,-8.503848163659186e-5,0.00020759379681138128
0.0005115971464106637,0.0004593171075152791,0.0004542530463502726,0.00046032858549440527,0.00046915342082388375,0.0004995732339357756,0.0005847438903170088,0.0008367347388583233
0.00036256577831095634,0.00027330703025857384,0.00027733094363443383,0.00023790438933391655,0.00029345018637450204,0.0003142628145941765,0.0004845830976890936,0.0008151758824847252
0.0002202606193853401,0.00023969757939038835,0.00024539289977007863,0.00022924046972794103,0.00023683422663062613,0.00021416676861763266,0.0001840780931285543,5.194830876711147e-5
0.00020340628184964467,0.00022735838076818018,0.0002316889270829454,0.0002252543524946983,0.00022338140000654133,0.0002011908675913054,0.00015286715045005546,-1.5949193843179226e-5
0.0002677287831397714,0.00028589041632246735,0.00029174958496659,0.00027495918250045227,0.00028295454006966,0.0002592137315843898,0.0002285868299569388,9.189675699436375e-5
5.039893073693491e-14,5.247278249002096e-14,5.2416732975612814e-14,5.500366880545347e-14,5.244167237058444e-14,5.4403795852712795e-14,5.1722978698276714e-14,5.110999119601067e-14
8.851541770524016e-13,9.011361405536363e-13,9.000559805912199e-13,9.036849936220539e-13,9.005143726494547e-13,9.031066613780692e-13,8.986474275260556e-13,8.955786754428365e-13
-3.682744395433232e-6,-3.664792407976398e-6,-3.5955217582218647e-6,-3.729745588665256e-6,-3.619409898525173e-6,-3.7620178585173295e-6,-3.7593129360642263e-6,-4.2459598979610455e-6
3.6827431443440734e-6,3.6647911694770605e-6,3.5955205175335676e-6,3.7297443461108734e-6,3.6194086624129183e-6,3.762016620155909e-6,3.7593117042445823e-6,4.245958669306951e-6
9.009308391029214e-13,9.167247096060392e-13,9.156463098924415e-13,9.193045389626208e-13,9.160899973407704e-13,9.187058642395241e-13,9.142190666538344e-13,9.111348565103038e-13
-0.00016766366103949893,-0.00017134549059081962,-0.0001758785245415317,-0.0001660519530459271,-0.0001737498776891503,-0.00015914781345598608,-0.00015443997324422905,-0.00012428364591449468
-0.00018692839187961166,-0.00019049541568783742,-0.0001947701186719592,-0.0001854017205021462,-0.0001927417787662568,-0.00017865606296851833,-0.00017402282935430064,-0.00014581001921218532
9.247324330184599e-13,9.407146421275898e-13,9.396240391863691e-13,9.432985369560316e-13,9.400800916436815e-13,9.42712332197729e-13,9.382128600721006e-13,9.351146568696796e-13
-0.0002136759267481032,-0.00021030579893023337,-0.0002128122317049538,-0.00020440371444034063,-0.00021251432589275985,-0.00020428216148796075,-0.0002110650439769785,-0.0002073845377107419
-0.00020631043915106823,-0.00020297621506883872,-0.00020562118938056355,-0.00019694422448683434,-0.00020527550732140636,-0.0001967581269898586,-0.00020354641932984676,-0.00019889261913292903
-0.000390827204766891,-0.0004415169106110192,-0.0004481279165964749,-0.0004383540617064368,-0.00043142641206595075,-0.0003889376317585336,-0.00029226433923397303,4.423310351954498e-5
-0.0003456429087615141,-0.0003983334934769801,-0.0004047993148414106,-0.0003954836984548142,-0.0003882003477467753,-0.00034634737695547464,-0.00024962369720123276,8.660781061490477e-5
-0.00040937093623082517,-0.0004593306855822568,-0.0004651785159666104,-0.00045854293320431194,-0.0004488615820658944,-0.0004084365864254174,-0.00030900875294283486,3.3191155196651565e-5
-0.00031368717519611233,-0.0003652034712006209,-0.0003735780215221575,-0.0003579116103326615,-0.0003570178900180987,-0.0003088588289692051,-0.00021894892877954736,0.00012041307341597324
-0.0004366090622401735,-0.00048492216424648343,-0.0004911664478979743,-0.0004832282572348107,-0.00047486470412193857,-0.00043325011506889076,-0.0003356174481256016,2.3194800736823956e-6
-0.0003552959580593886,-0.0004053069467457306,-0.00041392322207701933,-0.00039742610823947694,-0.0003970431540731452,-0.0003484152773353675,-0.00025855081479338475,8.222262806130334e-5
7.5933137827435035e-6,-1.006172714013598e-6,-1.3081180101270678e-6,-6.990820677926891e-7,-1.57801542421749e-8,3.7480716331605514e-6,1.2271609035418868e-5,4.203203590985088e-5
-1.0175440778531128e-5,-1.1265780364732279e-5,-1.1402988763935974e-5,-1.105080017652094e-5,-1.122959655458932e-5,-1.0526749020796058e-5,-9.678182949287521e-6,-5.6243198759396745e-6
1.586580072107579e-5,1.5669687225349464e-5,1.56909900597472e-5,1.5574812066034975e-5,1.569279430460282e-5,1.561752272793765e-5,1.5756015817412196e-5,1.592136164942201e-5
7.649177166856331e-5,7.595833634816611e-5,7.504735259487654e-5,7.665286413742348e-5,7.539309951972329e-5,7.720617255711347e-5,7.747764924542902e-5,8.444991106630057e-5
-0.00016108878921155978,-0.00016943967664333952,-0.00016665816710774765,-0.00015133878498486454,-0.00015777546891569303,-0.0001498940863676793,-0.00013756555772046012,-5.8319628447536024e-5
-5.029257752191645e-5,-4.9637165774069804e-5,-4.7974597681028765e-5,-2.9842860219441533e-5,-3.9826229584303155e-5,-3.0154911619250414e-5,-2.277110432779451e-5,5.0589469331850184e-5
0.00042549466055814833,0.00048271253613409366,0.0004906188117395571,0.00047328840166969814,0.00047157190679943985,0.00042359866985234044,0.0003262712486819055,-3.443343241893161e-5
0.00016108879032866903,0.00016943967777131,0.00016665816823365325,0.00015133878611002548,0.00015777547004096462,0.00014989408749283223,0.00013756555884462512,5.8319629568953903e-5
5.029257880378335e-5,4.9637167065032645e-5,4.797459896995102e-5,2.9842861507361492e-5,3.9826230872286256e-5,3.0154912906933224e-5,2.277110561458468e-5,-5.0589468047685095e-5
-0.0001554126158806986,-0.00019461051118285902,-0.00019664621037535491,-0.00019615484498072925,-0.00018640946809795562,-0.0001622331555873761,-9.552292509847025e-5,0.00012828106152519477
-0.00015776587772865024,-0.0001968221201351835,-0.00019886922709565463,-0.0001983292194907685,-0.0001886173670542716,-0.00016438493859093187,-9.768441904917994e-5,0.0001263301890925503
-0.00043433553857333523,-0.0004368328694988449,-0.0004359050705839366,-0.00044424138176938857,-0.0004377304042070681,-0.00044523643467377105,-0.0004508360980622583,-0.0004989079372382126
-2.9980350457835486e-5,-2.798658168933936e-5,-3.003933711305337e-5,-2.311188630320943e-5,-2.951083209184537e-5,-2.6153741942374527e-5,-3.563475230592337e-5,-4.8420782345282376e-5
9.855256657879819e-5,8.630999471118567e-5,8.360962181580058e-5,0.00010159811462908954,8.99618488159136e-5,0.0001015067241904075,0.00010221554181419579,0.00015032662288118326
8.977541252406379e-5,7.935604091476092e-5,7.802720596028162e-5,8.047776427191802e-5,7.984048749665187e-5,8.6044988399563e-5,9.582706149495658e-5,0.0001367789588367499
8.218211288825897e-5,8.036222683479368e-5,7.933533727527537e-5,8.117685957851074e-5,7.985628086488722e-5,8.229692994639993e-5,8.355546567786463e-5,9.47469362132771e-5
9.235756410501342e-5,9.162801662768822e-5,9.073833557169336e-5,9.222766921697227e-5,9.108588685898027e-5,9.282368837020493e-5,9.323365807681623e-5,0.00010037126561836212
6.1986056853424e-5,6.910461634339045e-5,6.846108557368415e-5,6.748370133946479e-5,6.622580168218456e-5,6.754109221364545e-5,6.065208642242633e-5,4.408031762232007e-5
6.198604962990914e-5,6.910461012547683e-5,6.846107926402589e-5,6.74836950787696e-5,6.622579549067666e-5,6.754108605053628e-5,6.065208025120991e-5,4.4080311351465875e-5
6.198603649895798e-5,6.910459798855924e-5,6.846106703921426e-5,6.74836829013386e-5,6.622578338794517e-5,6.754107397652237e-5,6.065206817339178e-5,4.408029917495865e-5
7.019869962365338e-5,7.740558671101507e-5,7.669558696426034e-5,7.58622907439257e-5,7.452875005089783e-5,7.518338984629603e-5,6.772043121606037e-5,4.778919295622872e-5
7.019869064434656e-5,7.740557867672563e-5,7.669557884112886e-5,7.586228266873602e-5,7.452874203875258e-5,7.5183381860322e-5,6.772042322256302e-5,4.778918487532383e-5
7.019867796938223e-5,7.740556700061043e-5,7.669556707471711e-5,7.586227094964197e-5,7.452873039249665e-5,7.51833702421223e-5,6.772041159856321e-5,4.778917315187535e-5
-0.00011537701307798945,-0.00010327741740353762,-0.00010595667674570194,-9.799326455130563e-5,-0.00010682138308293526,-0.00010127723934523005,-0.00011255872069231785,-0.00012272679739161804
1.005780959813963e-6,1.1394942467042363e-5,9.690114372086736e-6,1.4866843201227295e-5,8.63715032715876e-6,1.278913014027104e-5,1.2672509665670673e-6,-1.678941409577805e-5
1.484392962776134e-5,1.94344972102097e-5,1.8013548949580954e-5,2.157479685304986e-5,1.745642058244595e-5,2.0274801153478074e-5,1.2635363464983605e-5,4.70676875224687e-7
1.0627301497460903e-5,1.426195912231614e-5,1.422297220781855e-5,1.278412945562297e-5,1.3089046144364764e-5,1.0494163065279583e-5,8.06228803105965e-6,-4.7826227240351345e-6
4.440881981917135e-6,9.066123848563265e-6,7.725081637842812e-6,1.1777168143274087e-5,7.422932324265307e-6,9.267882388093688e-6,1.4394143507221133e-6,-1.2509542743465613e-5
7.649176828777485e-5,7.595833351597586e-5,7.504734970688068e-5,7.665286128866418e-5,7.539309667944875e-5,7.720616973736259e-5,7.747764639621398e-5,8.444990817082463e-5
-0.00043433554001001586,-0.00043683287073899383,-0.0004359050718408093,-0.00044424138301467434,-0.0004377304054371803,-0.0004452364358962688,-0.0004508360992826634,-0.0004989079384722491
-2.998035290647731e-5,-2.798658394192636e-5,-3.0039339381621054e-5,-2.3111888559057864e-5,-2.951083433264254e-5,-2.6153744174921594e-5,-3.563475453627098e-5,-4.842078458817546e-5
9.855256247024794e-5,8.630999077163156e-5,8.360961786118317e-5,0.00010159811068650177,8.996184488515049e-5,0.00010150672026627016,0.00010221553789213125,0.0001503266189524912
8.97754082443189e-5,7.93560368615273e-5,7.802720188360271e-5,8.047776020954893e-5,7.984048344332948e-5,8.604498435346071e-5,9.582705744264902e-5,0.00013677895476857816
8.218210931291796e-5,8.036222350943443e-5,7.933533392453406e-5,8.117685624332655e-5,7.985627753823366e-5,8.229692662754843e-5,8.355546235019998e-5,9.47469328660445e-5
9.235756157586041e-5,9.162801436474027e-5,9.073833328208334e-5,9.222766694401031e-5,9.108588459392646e-5,9.282368611358637e-5,9.323365580937249e-5,0.00010037126332862462
6.198605526161924e-5,6.910461501194248e-5,6.846108421881162e-5,6.748369999548171e-5,6.622580035745246e-5,6.754109089505384e-5,6.065208510297997e-5,4.40803162764414e-5
6.198604655816855e-5,6.910460731120082e-5,6.84610764272935e-5,6.7483692252722e-5,6.622579268537849e-5,6.75410832514604e-5,6.065207745235545e-5,4.408030852641591e-5
7.637225835635349e-6,1.5070290059521737e-5,1.4097269702657337e-5,1.6013864541640755e-5,1.308328882140471e-5,1.2036050838517594e-5,6.921440029008855e-6,-4.081250210802895e-6
7.01986960668956e-5,7.740558335687319e-5,7.669558358995324e-5,7.586228737943614e-5,7.452874670072755e-5,7.518338650012334e-5,6.77204278705067e-5,4.778918959624387e-5
7.019868766754305e-5,7.740557595766825e-5,7.669557609922144e-5,7.586227993751237e-5,7.452873932783989e-5,7.518337915552498e-5,6.772042051757498e-5,4.778918214406477e-5
3.274444707240309e-5,3.7999387052413686e-5,3.718896650193243e-5,3.861527816025921e-5,3.648952197204405e-5,3.4252644997908806e-5,3.035530059333813e-5,1.9433119806565014e-5
-0.00011537701673658312,-0.00010327742088432252,-0.00010595668024420654,-9.79932680362373e-5,-0.0001068213865591381,-0.00010127724281445619,-0.00011255872416372496,-0.00012272680087301534
1.0057772114068064e-6,1.1394938899782723e-5,9.690110785603006e-6,1.486683962799709e-5,8.637146762096053e-6,1.2789126581573818e-5,1.2672474048575598e-6,-1.6789417668093495e-5
1.0627297570520039e-5,1.426195538610863e-5,1.4222968450297709e-5,1.2784125711977681e-5,1.3089042407580119e-5,1.0494159335208911e-5,8.062284295896888e-6,-4.78262647107518e-6
4.440878032563778e-6,9.06612009359323e-6,7.725077860992018e-6,1.177716438110505e-5,7.4229285683152716e-6,9.267878639397914e-6,1.439410595906187e-6,-1.2509546510538394e-5
7.649176698968399e-5,7.595833249354604e-5,7.504734865578438e-5,7.665286025686701e-5,7.53930956518176e-5,7.720616871919093e-5,7.74776453625594e-5,8.444990711197343e-5
-0.0004343355420507337,-0.0004368328726374748,-0.0004359050737547848,-0.0004442413849171569,-0.0004377304073321624,-0.00044523643778566113,-0.0004508361011717492,-0.0004989079403654023
-2.9980354640415214e-5,-2.798658548243428e-5,-3.003934093920597e-5,-2.3111890102265412e-5,-2.9510835864116444e-5,-2.6153745697686883e-5,-3.563475605998257e-5,-4.842078612531407e-5
9.855256086184281e-5,8.630998937679839e-5,8.360961644780545e-5,0.0001015981092879491,8.996184349925616e-5,0.0001015067188895792,0.0001022155365132442,0.00015032661755619254
8.977540450075127e-5,7.935603333299017e-5,7.802719833136025e-5,8.047775667299758e-5,7.984047991261615e-5,8.604498083039235e-5,9.582705391117742e-5,0.00013677895122176251
8.218210617000242e-5,8.036222061014316e-5,7.933533099911975e-5,8.117685333495138e-5,7.985627463522647e-5,8.229692373273405e-5,8.355545944391772e-5,9.474692993999944e-5
9.235755939973028e-5,9.162801244916636e-5,9.07383313390476e-5,9.222766501912764e-5,9.108588267381146e-5,9.282368420229176e-5,9.323365388455155e-5,0.00010037126138122694
6.198605393319142e-5,6.910461394137726e-5,6.846108312396041e-5,6.748369891328539e-5,6.622579929160824e-5,6.754108983591595e-5,6.0652084040064514e-5,4.408031518621008e-5
6.198604375246319e-5,6.910460476046654e-5,6.846107385323748e-5,6.74836896909898e-5,6.622579014141733e-5,6.754108071428593e-5,6.065207491247881e-5,4.4080305959460876e-5
7.63722218987553e-6,1.507028666571658e-5,1.4097266286610338e-5,1.6013861137190382e-5,1.3083285435818685e-5,1.203604745971343e-5,6.921436648744413e-6,-4.08125361766834e-6
7.019869479561326e-5,7.740558234189127e-5,7.669558255070399e-5,7.586228635286706e-5,7.452874569012423e-5,7.518338549623749e-5,6.772042686260419e-5,4.7789188561178044e-5
7.019868496943937e-5,7.740557351543231e-5,7.669557363313185e-5,7.586227748373567e-5,7.452873689137781e-5,7.518337672570409e-5,6.772041808458205e-5,4.778917968384158e-5
3.274444359009526e-5,3.799938382477066e-5,3.7188963250971916e-5,3.861527492080697e-5,3.648951875092213e-5,3.425264178321609e-5,3.0355297376521435e-5,1.94331165627835e-5
-0.0004343355432328914,-0.0004368328736840514,-0.00043590507481512794,-0.0004442413859680094,-0.0004377304083728411,-0.00044523643882071816,-0.00045083610220324145,-0.0004989079413988086
-2.9980356207466163e-5,-2.7986586866605293e-5,-3.003934233795e-5,-2.3111891488047804e-5,-2.9510837235736818e-5,-2.6153747060277394e-5,-3.563475741996756e-5,-4.842078749524378e-5
9.855255919622259e-5,8.630998790583758e-5,8.360961496152062e-5,0.00010159810781509898,8.99618420410771e-5,0.00010150671744084995,0.0001022155350664023,0.00015032661609729256
8.977540074484176e-5,7.935602977270517e-5,7.802719475071113e-5,8.047775310638446e-5,7.984047635440227e-5,8.604497728011148e-5,9.582705035699344e-5,0.00013677894765711784
8.218210291084176e-5,8.036221758032447e-5,7.933532794603769e-5,8.117685029734439e-5,7.985627160558857e-5,8.229692071154269e-5,8.355545641530114e-5,9.474692689578905e-5
9.235755702805206e-5,9.162801032446924e-5,9.073832918969022e-5,9.222766288637514e-5,9.108588054844693e-5,9.282368208599553e-5,9.323365175872581e-5,0.00010037125923690606
6.198605232040392e-5,6.910461257603431e-5,6.846108173706932e-5,6.748369753773556e-5,6.622579793525536e-5,6.75410884866978e-5,6.065208269084247e-5,4.408031381315355e-5
6.198604066415416e-5,6.910460191670995e-5,6.846107098889387e-5,6.748368683752914e-5,6.622578730849162e-5,6.754107788857415e-5,6.0652072087838975e-5,4.408030311122372e-5
7.637218895609995e-6,1.5070283612862651e-5,1.4097263214374903e-5,1.6013858075089658e-5,1.3083282395257711e-5,1.2036044426280083e-5,6.921433617791156e-6,-4.081256671501598e-6
7.019869325253624e-5,7.740558104531045e-5,7.669558123245683e-5,7.58622850459781e-5,7.45287444020283e-5,7.518338421524797e-5,6.772042558131437e-5,4.7789187256130326e-5
7.019868200145723e-5,7.740557079351359e-5,7.669557088995672e-5,7.58622747514226e-5,7.452873417912596e-5,7.518337402048121e-5,6.772041537990298e-5,4.778917695533704e-5
3.2744440476954854e-5,3.799938095572141e-5,3.718896036133501e-5,3.8615272041169345e-5,3.648951589226715e-5,3.4252638931246774e-5,3.0355294526348246e-5,1.9433113689382996e-5
7.63721515841525e-6,1.507028010944863e-5,1.4097259690762295e-5,1.6013854564180826e-5,1.3083278900898126e-5,1.2036040940247294e-5,6.921430130937637e-6,-4.081260179215606e-6
5.434880611673845e-5,5.403430363702634e-5,5.436379302304297e-5,5.146981405614918e-5,5.314249028491452e-5,5.550501886267757e-5,5.3730623870353004e-5,4.816154508577312e-5
5.434879618520494e-5,5.403429445882391e-5,5.43637837745177e-5,5.1469804839923885e-5,5.314248112848023e-5,5.55050097268541e-5,5.3730614735236906e-5,4.816153587703468e-5
3.274443693887647e-5,3.79993776540727e-5,3.718895703815114e-5,3.8615268730509005e-5,3.6489512597577356e-5,3.425263564435251e-5,3.035529123792909e-5,1.9433110379772368e-5
3.7454226496376956e-5,3.9406175804907783e-5,3.9506596407048054e-5,3.724698863357071e-5,3.80392042860535e-5,4.09307211158499e-5,3.736510687751496e-5,2.8356049191261556e-5
3.7454216982182e-5,3.940616705072717e-5,3.950658758507404e-5,3.724697984412354e-5,3.803919555480722e-5,4.093071240481162e-5,3.7365098164924444e-5,2.83560404034393e-5
5.434880226635296e-5,5.403430004136321e-5,5.436378940573602e-5,5.14698104486735e-5,5.314248669935924e-5,5.550501528351302e-5,5.373062029234658e-5,4.816154148164579e-5
3.745422278847664e-5,3.940617235512128e-5,3.9506592934659865e-5,3.724698517103209e-5,3.8039200844914525e-5,4.0930717680903106e-5,3.736510344302797e-5,2.8356045730195215e-5
5.4348799111563436e-5,5.4034297148042525e-5,5.4363786484033255e-5,5.146980753663013e-5,5.314248380920798e-5,5.550501239984519e-5,5.3730617409697324e-5,4.8161538572712796e-5
3.745421977277552e-5,3.940616959833468e-5,3.9506590155116166e-5,3.724698240122334e-5,3.803919809646876e-5,4.093071493880653e-5,3.736510070119672e-5,2.8356042961544056e-5
-6.7877470847966e-5,-5.072242609002166e-5,-6.621759590852425e-5,-2.8063533168816533e-5,-6.088619417973528e-5,-5.462530835949181e-5,-8.68937382947956e-5,-0.00011982966785239685
9.130781525800536e-5,8.486056223112168e-5,8.49355780350978e-5,8.109391291596078e-5,8.609499281321051e-5,8.62657968616099e-5,9.693485905173233e-5,0.00012110089717090326
0.00010723355649284976,0.00010247016424458248,0.00010228361023512148,0.0001017287109620003,0.00010358855496169015,0.00010559183829146685,0.00011225201904953595,0.00013477374651264907
8.7370751846553e-5,8.173160998478651e-5,8.173988901707088e-5,7.833038037931739e-5,8.283747886463996e-5,8.318996507485069e-5,9.289398256511534e-5,0.00011585272559180587
9.315610296846804e-5,8.873984716859487e-5,8.852157588476235e-5,8.81784602080882e-5,8.988548626477934e-5,9.185277916594535e-5,9.818198595492419e-5,0.00012011929597450885
7.768119755942507e-5,6.88557406272039e-5,7.166340030842705e-5,5.982285569416463e-5,6.896874631992792e-5,6.8627694254292e-5,8.186587031278964e-5,9.601827930579885e-5
9.168040586111528e-5,8.381398603023025e-5,8.63283966351562e-5,7.660781306738904e-5,8.376256188466965e-5,8.466423602981749e-5,9.557416599488261e-5,0.00010939801640339862
7.429670379352775e-5,6.589055031434388e-5,6.864731445938539e-5,5.708119880149399e-5,6.591024666927216e-5,6.571273254062408e-5,7.839447429331822e-5,9.194747626077552e-5
7.81554220067261e-5,7.044665073220642e-5,7.296488185692649e-5,6.330900939872437e-5,7.039490538329399e-5,7.126846843558905e-5,8.199537117536937e-5,9.540779445435475e-5
-2.2500770451254662e-5,-2.80126721002255e-5,-2.867149091720574e-5,-3.0018030396201326e-5,-2.7476264876228473e-5,-2.543302581513892e-5,-1.6566640820862232e-5,7.653608316148462e-6
-3.690967843456653e-5,-4.1611577383245516e-5,-4.215432000486615e-5,-4.259254411127989e-5,-4.099789892837805e-5,-3.875628147142686e-5,-3.121271115315824e-5,-7.040498341694139e-6
-2.8781787048849685e-5,-3.352499394737458e-5,-3.4211569232424836e-5,-3.5001900280497814e-5,-3.30209998663687e-5,-3.077868612722975e-5,-2.291670251318594e-5,2.0642298742196715e-7
-4.3527144895344534e-5,-4.766540086547995e-5,-4.835078539449619e-5,-4.825128581198774e-5,-4.707498743094902e-5,-4.4694027535533765e-5,-3.792273070662058e-5,-1.551865380399125e-5
9.69488303890621e-5,9.316845138614499e-5,9.621525570884413e-5,8.695181771145683e-5,9.423255533535001e-5,9.037791206989313e-5,9.661124474088014e-5,9.466735882183162e-5
9.112857999157674e-5,8.771716423623185e-5,9.085562913949691e-5,8.197548133228805e-5,8.884304470674952e-5,8.503284079718113e-5,9.0625351229713e-5,8.853054083436484e-5
9.460718659055385e-5,9.119909135102132e-5,9.425010705005633e-5,8.521732264938995e-5,9.225723632312587e-5,8.846343289764739e-5,9.421384049215598e-5,9.1654818364373e-5
8.891921738162525e-5,8.578669506673215e-5,8.886937587526053e-5,8.020760799800818e-5,8.690391460829182e-5,8.312719405877764e-5,8.835804900221502e-5,8.532397673403008e-5
7.768119623768939e-5,6.88557393788814e-5,7.166339905603534e-5,5.982285444365393e-5,6.896874507616298e-5,6.862769301256466e-5,8.186586906936732e-5,9.601827805139093e-5
9.168040598748676e-5,8.38139862403464e-5,8.632839684141828e-5,7.660781327238988e-5,8.376256210106359e-5,8.466423624545275e-5,9.557416621212904e-5,0.00010939801660614139
7.429670249412375e-5,6.589054909018136e-5,6.864731323106874e-5,5.708119757550067e-5,6.591024544964565e-5,6.571273132330564e-5,7.839447307373217e-5,9.194747502987852e-5
7.815542214192679e-5,7.04466509484764e-5,7.296488206963653e-5,6.330900961028772e-5,7.039490560593637e-5,7.126846865757225e-5,8.199537139882568e-5,9.540779466358587e-5
9.694882901465724e-5,9.316845008243549e-5,9.62152544014279e-5,8.695181640592342e-5,9.423255403645639e-5,9.037791077306904e-5,9.661124344240094e-5,9.466735751260251e-5
9.112858000707131e-5,8.771716433308317e-5,9.085562923277237e-5,8.197548142438484e-5,8.884304481008077e-5,8.503284089985187e-5,9.062535133396647e-5,8.853054092432835e-5
9.460718523515488e-5,9.119909006822182e-5,9.42501057634532e-5,8.521732136511119e-5,9.225723504511645e-5,8.846343162197256e-5,9.421383921425594e-5,9.165481707539421e-5
8.891921741875107e-5,8.578669518221393e-5,8.886937598752885e-5,8.020760810917516e-5,8.690391473039286e-5,8.312719418029002e-5,8.835804912520217e-5,8.53239768430126e-5
0.00010533155244416452,9.691626927613033e-5,9.847988464890528e-5,9.027507256076775e-5,9.77446188580238e-5,9.775615417844092e-5,0.00011050614310234206,0.00013134246971967985
6.365745803241507e-5,5.6800031371062904e-5,5.811909147555405e-5,5.064169383670624e-5,5.731911807101231e-5,5.713733473807056e-5,6.82945840577235e-5,8.577670453440892e-5
0.00011766481985485213,0.00011064648634409497,0.00011198094570503026,0.00010645505267157897,0.00011136853692218923,0.00011284734589910437,0.00012236683451452714,0.0001420560052021242
8.12491430431745e-5,7.563766462538056e-5,7.663106185246861e-5,7.188147204519292e-5,7.598258062934605e-5,7.740872912650814e-5,8.545935123569177e-5,0.00010211575839448791
0.00010667852778909988,9.833800162657579e-5,9.974078410374153e-5,9.14964516228086e-5,9.886779431457157e-5,9.915032827171763e-5,0.00011184324569250555,0.00013309197051037335
5.4988925559740086e-5,4.9284156514819745e-5,5.0646417206876796e-5,4.391512539947111e-5,4.9879929068594106e-5,4.975236719826936e-5,5.94452090142074e-5,7.470822917166243e-5
0.00010543479021184471,9.839380996945342e-5,9.962170372938516e-5,9.424166788128888e-5,9.89559271714216e-5,0.0001006402186211354,0.00011006628906161743,0.00013057579489509028
6.587673534306319e-5,6.079268865638927e-5,6.186475473048268e-5,5.724580244410087e-5,6.132446521239351e-5,6.248102971549146e-5,7.011106880495302e-5,8.495129624535857e-5
7.44480577563721e-5,6.515577723229909e-5,6.754376273025169e-5,5.693378526044791e-5,6.675628841272603e-5,6.494488421316057e-5,8.004460187330999e-5,0.00010232096507341204
5.421890216218647e-5,4.6105587607349124e-5,4.870130988154521e-5,3.938293796837495e-5,4.7845146543321504e-5,4.627656009004901e-5,5.941264084218398e-5,8.149004323333908e-5
6.582539740458758e-5,5.767409539828206e-5,6.003853580430923e-5,5.0215420363040634e-5,5.9236234458571684e-5,5.768474477756773e-5,7.129713597984292e-5,9.186123933412967e-5
4.539207314272587e-5,3.812129500106742e-5,4.051859127382569e-5,3.195632297970475e-5,3.9828927988009e-5,3.843316733340317e-5,5.0435319106854846e-5,6.980532371689231e-5
5.677682751722503e-5,4.238973091123116e-5,4.175954547128662e-5,4.298017778812861e-5,4.4183877496455144e-5,5.268489162659229e-5,6.973936817690441e-5,0.00013629479320225572
5.67592724264768e-5,4.106004940914495e-5,4.086488219562612e-5,4.1028910793929914e-5,4.3330565082517474e-5,5.129296445663498e-5,6.988612175284023e-5,0.00013842979448190214
6.351913098159842e-5,4.8902778621050996e-5,4.813009981963848e-5,4.9528021346768677e-5,5.060331151211541e-5,5.94315460964064e-5,7.652281557132325e-5,0.000143263040345505
6.13924093513509e-5,4.5595696709566e-5,4.53152124891846e-5,4.563434984443954e-5,4.780790235702144e-5,5.599189973491724e-5,7.45312327351013e-5,0.00014301949515594848
5.450774655911023e-5,3.95387058908725e-5,3.9160638275874975e-5,4.007131038130118e-5,4.166879536140006e-5,4.9766408487802744e-5,6.731099241292769e-5,0.00013422352037942054
6.044195805707325e-5,4.2661644951821594e-5,4.246642309608562e-5,4.1843023217411404e-5,4.488430030278366e-5,5.296223583728634e-5,7.324796243304148e-5,0.00014559618764248874
5.9936960414433546e-5,4.483566125850782e-5,4.4311755235943096e-5,4.529462623671606e-5,4.686828335735494e-5,5.5187697122652355e-5,7.284366707321055e-5,0.00013963334762690964
5.9684553391683525e-5,4.2114446704867395e-5,4.190241734137412e-5,4.1678854784996694e-5,4.4360404705250224e-5,5.258726576046247e-5,7.243439407333433e-5,0.0001445148039548595
4.825238365489689e-13,3.909743915925618e-13,3.9663887053289236e-13,3.9313386055435e-13,3.8561820581997387e-13,3.854159094706501e-13,3.8786581878827033e-13,4.0180543890605757e-13
4.119503141926448e-13,3.224744474832336e-13,3.2788600563653203e-13,3.241868811914717e-13,3.169853103323248e-13,3.166654690080733e-13,3.1931443207593834e-13,3.330278053790917e-13
-9.382422267871761e-13,-1.0406925054909478e-12,-1.035407460426142e-12,-1.0358425988007632e-12,-1.0478765115992064e-12,-1.0453646121324482e-12,-1.046032247110266e-12,-1.028460411543674e-12
-1.0049173493212028e-12,-1.1052524670683115e-12,-1.1001997615530579e-12,-1.1008270430435839e-12,-1.1125490727461037e-12,-1.1101537409261197e-12,-1.1106317594861027e-12,-1.0932965321163037e-12
4.576978441057302e-13,3.642674432804796e-13,3.7001276660267e-13,3.660642859904092e-13,3.589397278805918e-13,3.584503509397488e-13,3.614883105569713e-13,3.757541407892909e-13
3.6752449927920444e-13,2.756187603944308e-13,2.811190260533667e-13,2.7693950960871134e-13,2.7013168194193986e-13,2.69529980588186e-13,2.72843495743204e-13,2.869676238645807e-13
-9.918961400321645e-13,-1.091626742489957e-12,-1.0866489645575718e-12,-1.0872097244248922e-12,-1.0989204377106354e-12,-1.0965101824105563e-12,-1.097025602675076e-12,-1.07972897350463e-12
-1.0589699458369198e-12,-1.1570607215021621e-12,-1.1522435797846409e-12,-1.15301358118317e-12,-1.1644289473006079e-12,-1.1621260433159204e-12,-1.1624227112391887e-12,-1.1453050442922256e-12
6.722512535645293e-5,6.788679651402651e-5,6.724707876283534e-5,6.671414479108606e-5,6.831330899470685e-5,6.960023374636509e-5,7.458160503446639e-5,7.100990191997784e-5
6.781962066404568e-5,6.731900692807763e-5,6.704827930699778e-5,6.559544401794761e-5,6.815549770834093e-5,6.909370333600068e-5,7.551079094618694e-5,7.387973207993248e-5
7.443385296707148e-5,7.496368190631349e-5,7.416296955792163e-5,7.382764244755804e-5,7.529224738413038e-5,7.693249896265135e-5,8.198786578787545e-5,7.878079883073529e-5
7.288079567470115e-5,7.235313624515238e-5,7.198032154739404e-5,7.070611665054195e-5,7.312645908785233e-5,7.431608644257946e-5,8.070281020412372e-5,7.917597729565963e-5
6.543705995235961e-5,6.557372332704117e-5,6.517554944639806e-5,6.432267233850934e-5,6.630611308144588e-5,6.724214434545883e-5,7.27020358352203e-5,6.942928070131843e-5
7.165116200059806e-5,6.934307769731027e-5,6.898735356367521e-5,6.694132425353244e-5,7.00594022227277e-5,7.133304735645548e-5,7.932392702114259e-5,8.139398173002553e-5
7.096754399266812e-5,7.104914957496852e-5,7.047153172816838e-5,6.978749136708515e-5,7.166029606432991e-5,7.291763644444874e-5,7.842785361008754e-5,7.511644338363473e-5
7.122222278587097e-5,6.90885559783058e-5,6.873545394676353e-5,6.702138710100066e-5,6.984408278252777e-5,7.120370641617914e-5,7.880682615966937e-5,8.062235878118033e-5
7.594036376576363e-5,7.520160142580602e-5,7.494981754321629e-5,7.45530577060052e-5,7.538422504297974e-5,7.519304600814667e-5,7.795813127730806e-5,8.086290147948896e-5
7.397417883325561e-5,7.281644862881966e-5,7.284826316017867e-5,7.175180345486081e-5,7.327029171871325e-5,7.250326914918956e-5,7.598195435459148e-5,7.890366297841513e-5
7.6721162185538e-5,7.600817319322888e-5,7.576836897822155e-5,7.53431188169759e-5,7.619856483248567e-5,7.596095845481803e-5,7.874276698881146e-5,8.15789286252614e-5
7.45525781022037e-5,7.343893415469671e-5,7.347376726104336e-5,7.239783171130484e-5,7.389196084598694e-5,7.311391625809808e-5,7.655983274215079e-5,7.94441485734414e-5
7.366375962626325e-5,7.265571040816468e-5,7.267956958046806e-5,7.156487160876611e-5,7.308177982224173e-5,7.226235803655377e-5,7.565783123908581e-5,7.823887882098792e-5
7.257574397095993e-5,7.116538734348168e-5,7.14966151513163e-5,6.958012334638638e-5,7.186225570224076e-5,7.038886927368808e-5,7.455161240703932e-5,7.705090613340594e-5
7.408279583995972e-5,7.308475335353311e-5,7.312880866240406e-5,7.196642230628435e-5,7.353202565377277e-5,7.263324554020688e-5,7.607936933716576e-5,7.856528041902771e-5
7.16631798255428e-5,7.036908724874538e-5,7.069437818511685e-5,6.890335367979e-5,7.106503313684758e-5,6.961193112529753e-5,7.360993899353254e-5,7.60000826973964e-5
0.0001490558725111211,0.00014958764706676862,0.00014885145455501903,0.00015169261618941924,0.0001498837934625473,0.00015148434763712955,0.00015161971798309347,0.000152118796465213
0.00014905652228444275,0.00014958397648589977,0.00014885205388972912,0.0001516775042415047,0.00014988461598808558,0.00015146896625478764,0.00015161952342874417,0.0001521280691837448
0.00014905053771490764,0.00014958319519654692,0.0001488466969658508,0.00015168689279609129,0.00014987894215330607,0.00015147826923394463,0.00015161455133759895,0.0001521143854583651
0.00014904840254926688,0.0001495765844767024,0.00014884433499053726,0.00015167002717592914,0.00014987678571041997,0.00015146104253939522,0.0001516115672816405,0.00015212108269440944
0.00014904051964347687,0.0001495711301908321,0.0001488379398489707,0.00015166283745270543,0.00014987045014533127,0.00015145427371056921,0.00015160450721972744,0.00015210905129219772
0.00014905456075372256,0.00014958140103925148,0.0001488528950000604,0.00015165931046113616,0.00014988521872505648,0.00015145072357009405,0.00015161793583055093,0.00015213054631546758
0.00014903838237278734,0.00014956974924789902,0.00014883632763271334,0.00015165983941436788,0.00014986891152667087,0.00015145070765737315,0.00015160248576145393,0.00015210786705895113
0.0001490312160473062,0.00014955940571840503,0.00014883001997452903,0.00015163941614176153,0.00014986257036096162,0.0001514298271146249,0.0001515950835480882,0.00015210880407522345
7.260330685346128e-5,7.172494660724763e-5,7.174164760218309e-5,7.063184052499954e-5,7.210754409800566e-5,7.12761971547287e-5,7.451303041421964e-5,7.6765289899451e-5
7.064164278360258e-5,6.934606118671063e-5,6.964477338879547e-5,6.783827578270364e-5,6.99985512153013e-5,6.859402503360803e-5,7.254170816923205e-5,7.481178210511316e-5
7.33826689535848e-5,7.253046149615765e-5,7.255851852446498e-5,7.142206115139034e-5,7.292028775270925e-5,7.204413190055464e-5,7.529621258532534e-5,7.748135882353317e-5
7.121905565031179e-5,6.996775058719021e-5,7.026906839691992e-5,6.84842714795432e-5,7.061906770513299e-5,6.920458922471913e-5,7.311858491206441e-5,7.53522788854985e-5
7.033235179892603e-5,6.918593292386985e-5,6.947691031411106e-5,6.765158994048938e-5,6.98109041593611e-5,6.835355800646264e-5,7.221874687405236e-5,7.414841453606892e-5
6.924707064208459e-5,6.770025385809803e-5,6.82963812660175e-5,6.56743093901697e-5,6.859417252391594e-5,6.648729392155832e-5,7.111542970082652e-5,7.296616313649851e-5
7.075042421348518e-5,6.961420712544028e-5,6.99250337013224e-5,6.805291423425772e-5,7.026007076116148e-5,6.87242448040168e-5,7.263931439636876e-5,7.447463537267039e-5
6.833639430240825e-5,6.690491567873624e-5,6.749599575170425e-5,6.499627217775207e-5,6.779866937296442e-5,6.570967249307909e-5,7.017567278923955e-5,7.191533096703128e-5
0.0001254306297874418,0.00012616164924117657,0.00012540617209806792,0.0001283654188174922,0.00012637983470526972,0.00012788073800382488,0.00012767864173159806,0.00012810189453891417
0.00012543282042810387,0.0001261591520757299,0.0001254084475071168,0.00012835095298687038,0.0001263823501896037,0.00012786615912142437,0.00012768015128407167,0.0001281121130951042
0.00012542872191524773,0.00012616059103505366,0.00012540483515078308,0.00012836312437199802,0.0001263783993632429,0.0001278780902618927,0.0001276768976935509,0.00012810083963845444
0.00012542735996994697,0.00012615441774519923,0.00012540337839913728,0.0001283461813351662,0.00012637716570109114,0.00012786093086265094,0.00012767484870462035,0.00012810778746332244
0.00012541662763481984,0.00012614604059376175,0.00012539412471117034,0.00012833600889585535,0.0001263679556944625,0.0001278511811839272,0.00012766487281496715,0.0001280926733223136
0.0001254349814401946,0.00012616027223892894,0.00012541355355267532,0.00012833588812285573,0.00012638719527567144,0.00012785120989075563,0.00012768278214524029,0.00012811783853391653
0.0001254165487219456,0.0001261466562142574,0.00012539457048184855,0.0001283349773886562,0.00012636847989188626,0.00012784959260166184,0.00012766491081859884,0.000128093417372356
0.00012540934099113896,0.0001261359526414575,0.00012538835906844806,0.00012831364575614413,0.00012636224153132996,0.00012782793907312483,0.00012765761543367997,0.00012809380887262342
4.894848259848383e-5,4.725092670182821e-5,4.686337488598946e-5,4.7481433008349135e-5,4.7433027535167815e-5,4.839114276718269e-5,5.113264885950714e-5,5.773957600874658e-5
4.729188200000078e-5,4.524503075736693e-5,4.508277052937194e-5,4.515621769941672e-5,4.565229239811543e-5,4.6161859192365164e-5,4.946945912783976e-5,5.599341602563787e-5
4.9148606639970114e-5,4.747585432953665e-5,4.7107203481612034e-5,4.7696214718390175e-5,4.767030515699864e-5,4.858414828898805e-5,5.1345740679210514e-5,5.7914194427963646e-5
4.7325340133701056e-5,4.531968063078208e-5,4.5171166486644246e-5,4.5243931796294434e-5,4.573407989762631e-5,4.621611655158104e-5,4.951114985608329e-5,5.601358216762438e-5
4.6890239211016026e-5,4.495753197807516e-5,4.4792745539132194e-5,4.487319485872043e-5,4.533777694675928e-5,4.5834964097727265e-5,4.90517161887371e-5,5.5371205380471306e-5
4.5600752634226274e-5,4.349378847336079e-5,4.356015288793828e-5,4.305554298521784e-5,4.410486106749627e-5,4.407217506769872e-5,4.785677794160826e-5,5.369472709512779e-5
4.685191907435869e-5,4.493563178533977e-5,4.4792461187911605e-5,4.483278111145039e-5,4.5338501364403795e-5,4.576296317812852e-5,4.902398792869547e-5,5.5257709588641226e-5
4.435272405915993e-5,4.234768243271384e-5,4.2423423723967646e-5,4.200468554318762e-5,4.2970358507460416e-5,4.292421911626298e-5,4.658381692906255e-5,5.233587773796651e-5
6.268787202365522e-5,6.0957315975664686e-5,6.102381638184147e-5,6.141394795046643e-5,6.181717556183683e-5,6.184822854452454e-5,6.532504989780854e-5,7.108433694626138e-5
6.29522218579081e-5,6.126594843953358e-5,6.129785900329152e-5,6.1772728192274e-5,6.21040815882868e-5,6.219073405354652e-5,6.558943465448952e-5,7.129427056667468e-5
6.211267186939156e-5,6.038551904473677e-5,6.0457528266802956e-5,6.084488395365894e-5,6.124846676189912e-5,6.127749289242547e-5,6.476092136456847e-5,7.055474687976065e-5
6.240077012169584e-5,6.0715744016063776e-5,6.0756384638588164e-5,6.121374102613128e-5,6.155964302456847e-5,6.163107332068032e-5,6.504824206158134e-5,7.077469226361917e-5
6.279863733600593e-5,6.109070175559172e-5,6.112359722974155e-5,6.16196671489333e-5,6.192484864750912e-5,6.20473581961991e-5,6.543774568373743e-5,7.125554851610688e-5
6.261920395609587e-5,6.111922398395669e-5,6.11000865196806e-5,6.173339154983573e-5,6.193655365016765e-5,6.210489094385751e-5,6.53719592811673e-5,7.083608690428459e-5
6.236140407691473e-5,6.0663570441863666e-5,6.069689333541122e-5,6.119634924962479e-5,6.149873727856753e-5,6.162002119560863e-5,6.501017541231311e-5,7.084191956271492e-5
6.223888091770285e-5,6.0730673886892275e-5,6.0723613086825564e-5,6.13294576502208e-5,6.155826255211508e-5,6.169908444446025e-5,6.499713831074063e-5,7.048509017131608e-5
4.371026073789621e-5,4.183842401839222e-5,4.168759893418504e-5,4.182371201348572e-5,4.2204770143699096e-5,4.278551855644062e-5,4.5856206709402825e-5,5.226780892371003e-5
4.206622062081628e-5,3.984597798034687e-5,3.99198911926488e-5,3.951153327635239e-5,4.043715680333937e-5,4.056947065692691e-5,4.420598850941561e-5,5.053354138635792e-5
4.391555921431547e-5,4.206850842179889e-5,4.193635679051441e-5,4.204410866453674e-5,4.2447010225912573e-5,4.29841003555742e-5,4.607434419533203e-5,5.24479606398184e-5
4.2102949701402803e-5,3.9923813808720374e-5,4.0011336003372675e-5,3.9602646481918425e-5,4.0522008764229904e-5,4.062714085950916e-5,4.4250870662549766e-5,5.055723687736409e-5
4.166326596666242e-5,3.9556733031414355e-5,3.9628257998838237e-5,3.9226409759971735e-5,4.0121008161610836e-5,4.0240618424801665e-5,4.378682712140887e-5,4.991003062558157e-5
4.039227593440697e-5,3.811196035286522e-5,3.841388511627143e-5,3.7427895476157383e-5,3.8906548347655934e-5,3.8497132796637274e-5,4.26102587681783e-5,4.82517468654226e-5
4.162697253702181e-5,3.953670995191518e-5,3.9629841285286196e-5,3.91877750856952e-5,4.012361075944006e-5,4.017050537713961e-5,4.3761027334570395e-5,4.979840745495035e-5
3.913387209885143e-5,3.695480409364293e-5,3.726674226535876e-5,3.6364126875468484e-5,3.776153715782169e-5,3.733676696969322e-5,4.1327097282770373e-5,4.6881469405312926e-5
5.137098916601481e-5,5.046029662918965e-5,5.0145374707163276e-5,5.149157114320894e-5,5.0990668552049805e-5,5.145846302883339e-5,5.357686574467244e-5,5.730159197929418e-5
5.163163345715085e-5,5.0765120212637404e-5,5.041528326640489e-5,5.184756625898622e-5,5.127350751420924e-5,5.179787632196012e-5,5.38368601157789e-5,5.750716178843568e-5
5.0767758835789565e-5,4.986057189939361e-5,4.955085734643358e-5,5.089507278533893e-5,5.0393721009215904e-5,5.0860128089259574e-5,5.298441839492263e-5,5.674431063621254e-5
5.105504832488438e-5,5.018977932386859e-5,4.9848518321147505e-5,5.126369733854198e-5,5.070376825448839e-5,5.1213236011831564e-5,5.327029123522961e-5,5.69625045005084e-5
5.147883492106918e-5,5.0591324348844194e-5,5.0242071281002e-5,5.169626516842792e-5,5.109533668565871e-5,5.1656289885547094e-5,5.3686607471343756e-5,5.7471525173739355e-5
5.1268552533560115e-5,5.058787659480465e-5,5.018631549885309e-5,5.178001485080401e-5,5.107497190088004e-5,5.168305146631242e-5,5.358753214137556e-5,5.7016728564691756e-5
5.1016068489477044e-5,5.013859697239598e-5,4.978957933043058e-5,5.124783349855379e-5,5.064344257197778e-5,5.1203662401555107e-5,5.3233092829487685e-5,5.703219498373546e-5
5.0874695258223756e-5,5.018563656792597e-5,4.9796279003259897e-5,5.1362135168068674e-5,5.06831291289626e-5,5.126331713007534e-5,5.3199149972086836e-5,5.665206691148323e-5
-1.771185625517481e-5,-1.746899462530767e-5,-1.3444429307611454e-5,-2.602465619874544e-5,-1.6553114872684335e-5,-2.5068056828443567e-5,-2.0300630713623326e-5,-3.390233750851323e-5
1.5452013109404716e-6,1.3054390298694508e-6,4.922556508597145e-6,-7.199468255703003e-6,2.007443112692696e-6,-5.588176742754787e-6,-5.436571005456203e-7,-1.3360404058803327e-5
-4.98575717549452e-6,-5.079924089192866e-6,-1.1466006717190483e-6,-1.3115935982217383e-5,-4.167691163527554e-6,-1.2062032886096706e-5,-7.712271046798756e-6,-2.0073555252043484e-5
1.2170983253779188e-5,1.1749062175433207e-5,1.5213336573868634e-5,3.6610827996432186e-6,1.2370908559951476e-5,5.3807647780185925e-6,9.98205741057111e-6,-2.202903583294562e-6
-3.288854735400238e-7,-1.898172652362211e-6,2.5295361788806337e-6,-1.1417853883416854e-5,-5.9897905007035e-7,-8.961112826753189e-6,-1.9603933527840234e-6,-1.111465249033129e-5
1.363006289279709e-5,1.1824219922734604e-5,1.5930861034707785e-5,2.5066937130017064e-6,1.2947325156375856e-5,5.380906163290217e-6,1.2348322680849395e-5,3.569501687580409e-6
2.6449998745930824e-5,2.26959997307496e-5,2.643390152164314e-5,1.2541934966711553e-5,2.3194258234173775e-5,1.6580176948782182e-5,2.5092883653951894e-5,2.252761636006589e-5
2.6031836193179374e-5,2.2619173260583907e-5,2.6215992538477424e-5,1.3329545825631884e-5,2.309364073093107e-5,1.7037025609547672e-5,2.452382316405689e-5,2.1650843132789234e-5
3.4007755269738814e-5,2.2161917044164357e-5,2.0700733419111455e-5,1.9601344065556506e-5,2.1015335002700203e-5,2.5061146350365233e-5,3.242996102879367e-5,5.5781800186608435e-5
-8.675496534747359e-6,-1.7364720432772095e-5,-1.8409974429024428e-5,-1.6242370391301402e-5,-1.8295841099972298e-5,-1.3951922753924122e-5,-1.204214086680867e-5,9.947140952168804e-6
4.7902497789413825e-5,3.7906732613085776e-5,3.587757504299771e-5,3.441319853968606e-5,3.56756882371355e-5,3.962738876330806e-5,4.675059604822147e-5,6.789300905598367e-5
-5.439862576078162e-6,-1.2745260757140907e-5,-1.3824089563866404e-5,-1.2579875182401497e-5,-1.4287234561392293e-5,-1.0674828845674797e-5,-8.657139979731282e-6,1.185969804171625e-5
5.915655614051059e-5,4.6970247103876185e-5,4.5071289934323595e-5,4.199789093135472e-5,4.471183535984341e-5,4.932499418146368e-5,5.9866378938702654e-5,8.957830437763708e-5
1.4998685899928339e-5,6.087188255783137e-6,4.811522557103916e-6,4.717981399851465e-6,4.203454910106434e-6,8.793510300779848e-6,1.39629121721211e-5,4.182423488270188e-5
-5.434241049478507e-5,-5.142146045732815e-5,-4.68888320859398e-5,-6.13086779322472e-5,-4.922081319380331e-5,-5.932469860080346e-5,-5.281362295798653e-5,-7.282551203957248e-5
-4.233147634163607e-5,-3.971488227961124e-5,-3.543915938845793e-5,-4.956327971509056e-5,-3.764446115888935e-5,-4.715661337351885e-5,-4.047925750649967e-5,-6.0030489278538494e-5
-4.018942713860516e-5,-3.7141428299290364e-5,-3.295223038166248e-5,-4.631949701591184e-5,-3.5225663728417654e-5,-4.4320973790882196e-5,-3.873304499133873e-5,-5.7587873579721225e-5
-2.8433199900684158e-5,-2.568310683970397e-5,-2.1731772261288303e-5,-3.499290834988842e-5,-2.389296974509055e-5,-3.254642925118945e-5,-2.6624202697182472e-5,-4.5271224290205306e-5
-3.8255201096003983e-5,-3.612286222092735e-5,-3.147948508589802e-5,-4.649637236769552e-5,-3.386037633799414e-5,-4.365701257858158e-5,-3.613339868123912e-5,-5.3407605965697005e-5
-2.9496168662075717e-5,-2.7532102675971658e-5,-2.3109868702057783e-5,-3.776486082417049e-5,-2.5390405715382134e-5,-3.46355871169301e-5,-2.7140627590837203e-5,-4.413214215115252e-5
-1.4941026305758193e-5,-1.348184116688993e-5,-9.367938666008325e-6,-2.3929550333692572e-5,-1.1812992256887673e-5,-2.0392653465534136e-5,-1.2605556674466816e-5,-2.6461232019939363e-5
-1.5474030245618223e-5,-1.3773283525998549e-5,-9.842840170721048e-6,-2.359510112567758e-5,-1.2205451285199722e-5,-2.0198148635087144e-5,-1.3193757813327563e-5,-2.7147496277586947e-5
3.6630550658866914e-5,3.395246239476329e-5,3.3444399333485774e-5,3.528401828954734e-5,3.266769489311702e-5,3.4256638344915554e-5,3.251298881663359e-5,3.892317108037684e-5
4.387667549282309e-5,4.102031930411137e-5,4.036171388447859e-5,4.236380944463606e-5,3.965190227730412e-5,4.156843463433013e-5,3.9935598412351575e-5,4.6670083199544814e-5
3.5203666406806225e-5,3.206150079915337e-5,3.180562629133498e-5,3.3203557616416664e-5,3.1057969163171466e-5,3.225893750391188e-5,3.1020770542791687e-5,3.7514314902648086e-5
4.060418104813386e-5,3.7432167060469154e-5,3.694510687358953e-5,3.865398918591544e-5,3.626387636157485e-5,3.792719208368711e-5,3.660625816491046e-5,4.30683187377525e-5
3.792631211153556e-5,3.422468619901832e-5,3.400901788790738e-5,3.507851510848637e-5,3.32613939277703e-5,3.4695896392347894e-5,3.417300196849181e-5,4.229295009267411e-5
4.312622946116551e-5,3.9356320657238786e-5,3.90407277883318e-5,4.027155258675261e-5,3.83377289415007e-5,4.001649134792171e-5,3.9488948342031415e-5,4.770164188272482e-5
4.139102158448195e-5,3.6177837574205396e-5,3.580183685681172e-5,3.64714819711214e-5,3.5007247177021464e-5,3.697282710123112e-5,3.769843701418542e-5,4.898884504262764e-5
4.1505864398906446e-5,3.639245489665176e-5,3.6058830812546106e-5,3.692464505281372e-5,3.5299090137489034e-5,3.7235172364044605e-5,3.771757909925535e-5,4.879833750610758e-5
-7.672908047793649e-6,-6.3521150631983995e-6,-7.359223246342656e-6,-4.702338925046662e-6,-7.244489945380511e-6,-4.859183844679011e-6,-7.660566534950508e-6,-7.679414201164506e-6
7.30968463933285e-6,6.051416506188139e-6,7.010849702154534e-6,4.479738206302498e-6,6.901547795409696e-6,4.629158405362955e-6,7.297927975606515e-6,7.315883332887847e-6
-1.022562162553811e-5,-9.275766089506575e-6,-7.819564375265108e-6,-1.2830396994266244e-5,-8.683890611480624e-6,-1.1812241943086794e-5,-9.64245792064178e-6,-1.621248017238995e-5
-9.040681055759294e-6,-8.10982884671908e-6,-6.666497631703826e-6,-1.1707883058099313e-5,-7.530440837383037e-6,-1.0636378847377322e-5,-8.422445417530547e-6,-1.4975194954517783e-5
-1.042638116624519e-5,-9.603255732777334e-6,-8.307538992485523e-6,-1.2511724328669627e-5,-9.00034788065531e-6,-1.1736732588460983e-5,-9.831601747929535e-6,-1.528357071562768e-5
-8.869516661465578e-6,-8.089320123416448e-6,-6.802794533996275e-6,-1.1095461901864269e-5,-7.496988915445659e-6,-1.024137545360624e-5,-8.224008080480493e-6,-1.3693807992511781e-5
-1.3148430096871272e-5,-1.2441554710630435e-5,-1.0882629619434838e-5,-1.603790902101781e-5,-1.1709182601976031e-5,-1.5037738852615495e-5,-1.243188898433692e-5,-1.8290014015411054e-5
-1.2587453597030267e-5,-1.187353225269875e-5,-1.0319659919094638e-5,-1.549529316433094e-5,-1.115111875252429e-5,-1.4467638015483617e-5,-1.1853727757044487e-5,-1.773179285672979e-5
-1.1481914114831451e-5,-1.1057924153280641e-5,-9.698588258920766e-6,-1.4154549232521917e-5,-1.0376653506004713e-5,-1.3262084631786587e-5,-1.0691927313754758e-5,-1.497614306376455e-5
-1.2352548243634413e-5,-1.1866720269279227e-5,-1.0503330403136072e-5,-1.4919451074442555e-5,-1.1189271241225243e-5,-1.4063668833798916e-5,-1.1594943229188343e-5,-1.596568751430313e-5
-1.0225621625538255e-5,-9.275766089507856e-6,-7.819564375264739e-6,-1.283039699426616e-5,-8.68389061148107e-6,-1.1812241943086386e-5,-9.642457920643102e-6,-1.621248017239054e-5
-9.040681055758457e-6,-8.109828846719057e-6,-6.666497631703319e-6,-1.1707883058099313e-5,-7.530440837384635e-6,-1.063637884737762e-5,-8.422445417532144e-6,-1.4975194954517768e-5
-1.0426381166245664e-5,-9.603255732777104e-6,-8.307538992457815e-6,-1.2511724328669686e-5,-9.000347880657036e-6,-1.1736732588460956e-5,-9.83160174792921e-6,-1.528357071562682e-5
-8.869516661465704e-6,-8.089320123416355e-6,-6.802794533995856e-6,-1.109546190186422e-5,-7.496988915447536e-6,-1.0241375453606718e-5,-8.22400808048155e-6,-1.3693807992511042e-5
-1.3148430096870752e-5,-1.2441554710629996e-5,-1.0882629619434885e-5,-1.603790902101719e-5,-1.170918260197616e-5,-1.5037738852615115e-5,-1.243188898433652e-5,-1.829001401541216e-5
-1.2587453597030847e-5,-1.1873532252697824e-5,-1.031965991909334e-5,-1.5495293164330915e-5,-1.1151118752525248e-5,-1.4467638015484298e-5,-1.1853727757044091e-5,-1.7731792856729428e-5
-1.14819141148332e-5,-1.1057924153280373e-5,-9.698588258948944e-6,-1.4154549232521046e-5,-1.0376653506005304e-5,-1.3262084631786857e-5,-1.0691927313753566e-5,-1.4976143063764986e-5
-1.2352548243634513e-5,-1.186672026927965e-5,-1.0503330403135616e-5,-1.4919451074441825e-5,-1.1189271241199391e-5,-1.4063668833797842e-5,-1.1594943229187216e-5,-1.596568751430332e-5
-1.0225621625536927e-5,-9.27576608950815e-6,-7.819564375265649e-6,-1.2830396994266136e-5,-8.683890611479432e-6,-1.1812241943086386e-5,-9.642457920644048e-6,-1.6212480172390107e-5
-9.040681055758537e-6,-8.109828846718406e-6,-6.666497631705626e-6,-1.1707883058100087e-5,-7.530440837382377e-6,-1.0636378847377944e-5,-8.422445417532647e-6,-1.4975194954517961e-5
-1.0426381166272698e-5,-9.603255732777366e-6,-8.307538992459641e-6,-1.2511724328670278e-5,-9.00034788065486e-6,-1.173673258846115e-5,-9.831601747931067e-6,-1.5283570715626507e-5
-8.86951666146356e-6,-8.089320123417444e-6,-6.8027945339971575e-6,-1.1095461901864513e-5,-7.49698891544641e-6,-1.0241375453606328e-5,-8.224008080481787e-6,-1.3693807992511324e-5
-1.3148430096869024e-5,-1.2441554710629749e-5,-1.0882629619435817e-5,-1.603790902101723e-5,-1.1709182601975596e-5,-1.50377388526155e-5,-1.243188898433875e-5,-1.829001401541146e-5
-1.2587453597029627e-5,-1.1873532252698571e-5,-1.0319659919094062e-5,-1.549529316433024e-5,-1.1151118752524978e-5,-1.4467638015484663e-5,-1.1853727757018251e-5,-1.773179285672895e-5
-1.1481914114832524e-5,-1.1057924153280641e-5,-9.698588258921608e-6,-1.4154549232520545e-5,-1.037665350600477e-5,-1.3262084631786354e-5,-1.0691927313755253e-5,-1.4976143063764782e-5
-1.2352548243633188e-5,-1.186672026927909e-5,-1.050333040313786e-5,-1.4919451074442383e-5,-1.1189271241225294e-5,-1.4063668833799719e-5,-1.1594943229188724e-5,-1.596568751430387e-5
-3.870701661384387e-6,-4.23131595191539e-6,-2.784048291309824e-6,-7.467937864636934e-6,-3.7734065846623665e-6,-7.0303709398157234e-6,-3.450092471931037e-6,-4.7568346665494035e-6
-5.366781487356924e-6,-5.797782604158247e-6,-4.339004215826302e-6,-9.136987292989227e-6,-5.335587610497887e-6,-8.649171565311123e-6,-4.938494647256776e-6,-6.153456452710268e-6
-6.504818301780558e-6,-6.920551869508166e-6,-5.586820276253119e-6,-9.880155109305273e-6,-6.520045721721621e-6,-9.372981262502735e-6,-6.000185869479964e-6,-6.515570423427008e-6
-6.960709972111662e-6,-7.446585242597163e-6,-6.103405039010204e-6,-1.051483703378715e-5,-7.0495528917287386e-6,-9.94802110946386e-6,-6.4468680136662295e-6,-6.858167951284342e-6
-3.8543744087196665e-6,-4.2046629776432e-6,-2.759531752014219e-6,-7.451140326049314e-6,-3.75176351611341e-6,-7.013613149787536e-6,-3.4282226809294253e-6,-4.743301163873841e-6
-5.350154029469007e-6,-5.770922254091188e-6,-4.314234426171095e-6,-9.120111009403327e-6,-5.313695181197868e-6,-8.632302058580559e-6,-4.916383280146059e-6,-6.139836748287673e-6
-6.490579761662764e-6,-6.895583039599054e-6,-5.564112286956891e-6,-9.864381628048498e-6,-6.500023185146437e-6,-9.357544908596474e-6,-5.980087771567514e-6,-6.50411869134483e-6
-6.941910297082914e-6,-7.417251481297675e-6,-6.076212896563769e-6,-1.049514892269216e-5,-7.0250838099644265e-6,-9.928505448913027e-6,-6.422296026410361e-6,-6.84279407334278e-6
-3.870704714029729e-6,-4.231318933373791e-6,-2.7840512757177873e-6,-7.467940846623216e-6,-3.7734095595694672e-6,-7.030373913790782e-6,-3.4500954470220448e-6,-4.756837654657804e-6
-5.366783134884538e-6,-5.797784169682806e-6,-4.339005783984989e-6,-9.136988861798881e-6,-5.335589167712911e-6,-8.649173124296235e-6,-4.938496204216873e-6,-6.153458026294042e-6
-6.504821334725003e-6,-6.920554829642187e-6,-5.58682323940651e-6,-9.880158069568614e-6,-6.520048675369102e-6,-9.372984214914608e-6,-6.000188823657293e-6,-6.515573390934728e-6
-6.960711572620784e-6,-7.446586764049364e-6,-6.1034065627925846e-6,-1.0514838558072492e-5,-7.049554404808518e-6,-9.948022624195598e-6,-6.446869526576225e-6,-6.858169480526055e-6
-3.854377415413517e-6,-4.204665915872155e-6,-2.7595346928688462e-6,-7.451143264363121e-6,-3.7517664476606706e-6,-7.013616080306501e-6,-3.4282256127055926e-6,-4.743304108392013e-6
-5.3501556310582044e-6,-5.770923776399431e-6,-4.314235950789632e-6,-9.12011253455372e-6,-5.31369669506626e-6,-8.63230357412281e-6,-4.916384793804533e-6,-6.139838278294446e-6
-6.490582748600828e-6,-6.895585956448257e-6,-5.564115206501576e-6,-9.864384544583926e-6,-6.500026095378711e-6,-9.357547817496839e-6,-5.980090682374665e-6,-6.504121615207018e-6
-6.941911851664315e-6,-7.417252959544092e-6,-6.076214376816699e-6,-1.0495150403328977e-5,-7.0250852797082605e-6,-9.928506920212697e-6,-6.422297496029514e-6,-6.842795559018352e-6
-3.870707687892292e-6,-4.2313218374643925e-6,-2.784054182156771e-6,-7.467943752113369e-6,-3.7734124562036013e-6,-7.030376809861977e-6,-3.450098342239758e-6,-4.756840561958999e-6
-5.366784701419117e-6,-5.797785655653348e-6,-4.339007271990769e-6,-9.136990351928068e-6,-5.3355906444672316e-6,-8.64917460319192e-6,-4.938497679114627e-6,-6.15345951687991e-6
-6.504824279388067e-6,-6.920557703002664e-6,-5.586826115179189e-6,-9.880160943922948e-6,-6.520051541344047e-6,-9.372987080016368e-6,-6.0001916885556435e-6,-6.515576268194038e-6
-6.960713084368498e-6,-7.446588198275653e-6,-6.1034079987435665e-6,-1.0514839995998627e-5,-7.049555829762089e-6,-9.94802405116557e-6,-6.4468709497519065e-6,-6.858170919062396e-6
-3.854380343355602e-6,-4.204668776762461e-6,-2.7595375557840518e-6,-7.45114612621028e-6,-3.751769300964186e-6,-7.0136189329507374e-6,-3.4282284646372766e-6,-4.743306972131034e-6
-5.350157151686812e-6,-5.770925219184264e-6,-4.3142373952862916e-6,-9.120113981054605e-6,-5.313698128504629e-6,-8.63230500960624e-6,-4.916386225430944e-6,-6.139839725332844e-6
-6.490585647283014e-6,-6.8955887865472615e-6,-5.564118038689345e-6,-9.86438737523405e-6,-6.500028917961908e-6,-9.357550639110462e-6,-5.980093503925895e-6,-6.504124448843064e-6
-6.9419133175164e-6,-7.417254350594587e-6,-6.076215769268677e-6,-1.0495151797636969e-5,-7.025086661356025e-6,-9.928508303780635e-6,-6.422298875944064e-6,-6.842796954017504e-6
3.9203633796978615e-5,2.5362107953237612e-5,2.4691065171815086e-5,2.4162786283332558e-5,2.671636263358166e-5,3.247098821334928e-5,4.7285734573096495e-5,8.997693387609146e-5
3.225467085015069e-5,1.860256991581589e-5,1.8082292510189018e-5,1.735188550942403e-5,2.005289454921844e-5,2.5455724609667715e-5,4.0232578940653085e-5,8.265268628382048e-5
4.143265625853558e-5,2.816810620513212e-5,2.7243046608082902e-5,2.7027030364635133e-5,2.918158048749877e-5,3.534078954561818e-5,4.965043211737769e-5,9.19482900823572e-5
3.5865679618860066e-5,2.2710641005065604e-5,2.1934227748938754e-5,2.1637314059261988e-5,2.382023027386691e-5,2.9749096571590913e-5,4.394335053833787e-5,8.63286351633945e-5
3.910317335291985e-5,2.6551016210994214e-5,2.544142380208427e-5,2.59807872395073e-5,2.7420547328386686e-5,3.371976579176405e-5,4.6962465338947695e-5,8.760858452264955e-5
3.415769845824205e-5,2.167244161788269e-5,2.0651446240675592e-5,2.102819458527725e-5,2.2598127168951547e-5,2.8665555923594015e-5,4.1946407302386176e-5,8.257509880206427e-5
3.497265846613561e-5,2.4458822328096854e-5,2.334605384515565e-5,2.4694434437138374e-5,2.5366827552516206e-5,3.155506848223345e-5,4.3046703089416935e-5,7.979296460383944e-5
3.5800470566084135e-5,2.507990850764155e-5,2.3988097336846833e-5,2.4923854813661277e-5,2.5968976896407002e-5,3.200091488296873e-5,4.3944916083417015e-5,8.095616126236817e-5
1.5338500761264443e-5,1.2667118880612735e-5,1.028276709161694e-5,1.8827939420402445e-5,1.1598291611325315e-5,1.6355829416924815e-5,1.3571007536570437e-5,2.7321685556733504e-5
1.784209944007424e-5,1.4912040557710846e-5,1.248482159656092e-5,2.090123787890302e-5,1.383560147391397e-5,1.8705908960000964e-5,1.6166734648940617e-5,2.9772262250082346e-5
2.825638510546347e-5,2.6028240665840645e-5,2.2967570787690732e-5,3.3453866657565726e-5,2.437873220829272e-5,3.075189659773268e-5,2.637767945800411e-5,4.16449922969325e-5
3.3015432495800154e-5,3.0464445787770998e-5,2.7365758255638775e-5,3.761759193601958e-5,2.8801872930736465e-5,3.525086306844501e-5,3.127860154655558e-5,4.6523531996956384e-5
2.3423812088840912e-5,2.0820081176121876e-5,1.8296981869653754e-5,2.697487065273257e-5,1.948846789733208e-5,2.4715662458616032e-5,2.1804771526594006e-5,3.6634614784077984e-5
2.521117551694341e-5,2.2416399360972037e-5,1.9823622523293392e-5,2.8523578326043448e-5,2.1052618851212626e-5,2.649171488978575e-5,2.3669545102531123e-5,3.845195551781647e-5
3.837352994831503e-5,3.657129323209378e-5,3.345534949447821e-5,4.372377178115979e-5,3.469046145323056e-5,4.11619459493178e-5,3.682294580517877e-5,5.211675694269635e-5
3.855282339408365e-5,3.68262013485297e-5,3.3578276529120473e-5,4.4262358049507e-5,3.485831170244541e-5,4.176052874690557e-5,3.703240354863829e-5,5.234832007558244e-5
4.1579223309598534e-6,2.010314496147345e-7,8.24055677377672e-7,-2.9278960838854627e-7,1.326237261662227e-6,1.2165938641511464e-6,5.636409494387506e-6,1.4924454891690442e-5
2.8449807145986083e-6,-1.5668555614477766e-6,-9.694263856524346e-7,-2.4932037842580633e-6,-4.457156082101943e-7,-5.72080354226581e-7,4.438257439581821e-6,1.389881432087421e-5
1.162695569778611e-5,7.943506887315961e-6,7.548482683075807e-6,9.586740654564605e-6,8.339218014208877e-6,1.1082249253475329e-5,1.3289641254083726e-5,2.653206658836994e-5
1.5261033975831312e-5,1.1054905014328838e-5,1.0630341426218698e-5,1.2151526178143927e-5,1.1415757738901015e-5,1.4143736456226408e-5,1.708414259136817e-5,3.065783895215641e-5
1.1947079923206892e-5,8.090963215767127e-6,8.553447963103092e-6,7.613082796451247e-6,8.934801602470685e-6,9.324064833450216e-6,1.3591888269254423e-5,2.3987956438514955e-5
1.0055483790829019e-5,5.812719336929191e-6,6.223670360150175e-6,5.020663062353271e-6,6.626893782385912e-6,7.095297918775548e-6,1.1800372578013521e-5,2.2463443635602184e-5
2.180504967998776e-5,1.8584029770076937e-5,1.8105628034575476e-5,1.9990486414179456e-5,1.8726174753260768e-5,2.1612711795016207e-5,2.381582088133333e-5,3.713442403023187e-5
2.0877760588939646e-5,1.7528980664713205e-5,1.6938310227956713e-5,1.890895573783557e-5,1.7565548041580218e-5,2.076223321877013e-5,2.293889502219606e-5,3.660273824877251e-5
2.38481767575826e-5,1.396731070357933e-5,1.2556986105115483e-5,1.1899685061929285e-5,1.2326096470655939e-5,1.6360507170628342e-5,2.224405581037491e-5,4.6016320042129694e-5
2.297589696183927e-5,1.3270327170741074e-5,1.1833330324198265e-5,1.1516698755146592e-5,1.1615891616266675e-5,1.5801211578240174e-5,2.1284256242890484e-5,4.519002096683052e-5
2.3732003557107505e-5,1.4061915787089861e-5,1.2534774383838953e-5,1.2150202738486595e-5,1.2313256197096038e-5,1.6472710167820198e-5,2.209783023374746e-5,4.5722607006929117e-5
2.2125550779358166e-5,1.2572495073206483e-5,1.1070748526924443e-5,1.0924666882577924e-5,1.0857511295239086e-5,1.509125387395547e-5,2.0397513815352226e-5,4.415865666677409e-5
2.5166115831362984e-5,1.5196174401164149e-5,1.3689624523485334e-5,1.3119486248597848e-5,1.3468314005274663e-5,1.769966736272261e-5,2.3744885583177694e-5,4.83389119852697e-5
2.397706813597203e-5,1.4192154459314062e-5,1.267839588504041e-5,1.2445666455437353e-5,1.2467897967666143e-5,1.6837748820467468e-5,2.2460357759503837e-5,4.7158546784753256e-5
2.3848176322661796e-5,1.3967310364820084e-5,1.2556985761740259e-5,1.1899684722030122e-5,1.2326096141244827e-5,1.636050684364585e-5,2.2244055484266727e-5,4.6016319702063665e-5
2.2975897957188342e-5,1.3270328273183505e-5,1.1833331422441813e-5,1.15166998538169e-5,1.1615892729931669e-5,1.580121269163e-5,2.128425736025177e-5,4.519002206660462e-5
2.373200314746976e-5,1.4061915475597542e-5,1.2534774067631935e-5,1.2150202426217167e-5,1.2313255894922616e-5,1.6472709868223564e-5,2.2097829934579897e-5,4.57226066934841e-5
2.2125551828778994e-5,1.2572496227067969e-5,1.1070749676890764e-5,1.0924668033106426e-5,1.0857512460441335e-5,1.509125503898743e-5,2.039751498420207e-5,4.415865781831527e-5
2.5166115464122034e-5,1.519617412784229e-5,1.3689624245818983e-5,1.31194859745933e-5,1.346831374144347e-5,1.7699667101440522e-5,2.374488532258956e-5,4.8338911710979536e-5
2.3977069194864507e-5,1.4192155623019045e-5,1.2678397044802768e-5,1.2445667615807462e-5,1.246789914271891e-5,1.6837749995363538e-5,2.2460358938200426e-5,4.715854794612608e-5
3.1998390284350344e-6,2.7593666242077427e-6,2.6988881749451975e-6,2.7096541663947593e-6,2.8578599941083026e-6,2.905648289136031e-6,3.20018853243545e-6,3.0753662790520235e-6
-2.8228407225094577e-6,-2.9899782242093234e-6,-3.0604837367217915e-6,-2.6250299372395692e-6,-2.9047436030761366e-6,-2.7198845493907056e-6,-2.972468370426171e-6,-3.020565741391796e-6
5.827496143734011e-6,5.339791182947638e-6,5.369521643043971e-6,4.8925781467993565e-6,5.4389600163795594e-6,5.27328878440984e-6,5.953010685991281e-6,5.7051237169672505e-6
-3.4199338885971315e-7,-6.001334798882312e-7,-5.382390505497646e-7,-6.237906033342768e-7,-4.880592343330339e-7,-5.246192147050325e-7,-3.762341822855837e-7,-3.428355544568204e-7
5.537714953227783e-6,5.110268746408183e-6,5.103033192394951e-6,4.71067785081118e-6,5.1525266653652625e-6,5.069455486634092e-6,5.664057023677686e-6,5.59637980988361e-6
-1.2406379947713717e-6,-1.4247089584926121e-6,-1.428973360159289e-6,-1.3624310698358839e-6,-1.367305752268e-6,-1.3032500597409443e-6,-1.2826489144546426e-6,-1.247988817875238e-6
-4.408266327597954e-6,-4.343453309874413e-6,-4.323929408054703e-6,-3.796292239962301e-6,-4.1990823154293395e-6,-4.1196199374546205e-6,-4.706571678710978e-6,-5.063953827210463e-6
-1.07198901086187e-5,-1.0380438937429552e-5,-1.0373606560697625e-5,-9.41527093994539e-6,-1.0252073955065468e-5,-1.003245737472588e-5,-1.117069684193728e-5,-1.1444045736935099e-5
-1.6871414602258643e-6,-1.6709170374298983e-6,-1.5592248328056657e-6,-1.5243813598900794e-6,-1.5235323762122428e-6,-1.6612148294423653e-6,-1.8585944362296137e-6,-2.343759621429146e-6
-8.137859149967773e-6,-7.889746928889665e-6,-7.749188172751437e-6,-7.316735656381642e-6,-7.733585293828852e-6,-7.73829955284602e-6,-8.47152615133288e-6,-8.666023249426586e-6
-1.286639811077231e-6,-1.212521678482402e-6,-1.1461911675867441e-6,-1.053482305652548e-6,-1.1336794906134238e-6,-1.1932935484016427e-6,-1.4428238124153733e-6,-1.7671241567129472e-6
-5.411595706210017e-6,-5.137968724307068e-6,-5.0911636251874934e-6,-4.652905660594456e-6,-5.069778291030377e-6,-5.008248096823374e-6,-5.676183193578121e-6,-5.957972439893284e-6
5.606160898243861e-6,5.398612026104751e-6,5.271638247388003e-6,5.164298980979678e-6,5.354064266582718e-6,5.356611149331264e-6,5.685091968910208e-6,5.232845180477253e-6
-3.472717748326711e-7,-2.821899271077047e-7,-4.181182827182368e-7,-1.032911290680956e-7,-3.386228246953996e-7,-2.0090449374183765e-7,-4.175485857487608e-7,-7.964288040617e-7
8.210641689316764e-6,7.956442823739033e-6,7.919102032598831e-6,7.325381262346525e-6,7.911852908374812e-6,7.702062253275458e-6,8.414615782483626e-6,7.840931153775058e-6
2.106256464975594e-6,2.08018084823304e-6,2.076490913356796e-6,1.8714976986664507e-6,2.0508544240130506e-6,1.9678250686830193e-6,2.1516546770005555e-6,1.8554720678812625e-6
7.817870696508147e-6,7.672977706125559e-6,7.587911266280394e-6,7.093001035435591e-6,7.5471107807092536e-6,7.430644256932981e-6,8.019602071327922e-6,7.6062678408910555e-6
7.768357890824785e-7,1.018792925095854e-6,9.057760569070259e-7,9.121075289670506e-7,8.371720663154902e-7,8.984399437209079e-7,7.993494824934507e-7,4.313141829438306e-7
-3.723120060500851e-6,-3.4547150567850176e-6,-3.4291504218231066e-6,-3.084104471718463e-6,-3.4009173296197833e-6,-3.452008674170353e-6,-3.990694277684422e-6,-4.5674600088195676e-6
-9.993409703785184e-6,-9.450441796705028e-6,-9.437313905265303e-6,-8.66328980559011e-6,-9.4128336630961e-6,-9.324770221064068e-6,-1.0413549624114921e-5,-1.090738091497762e-5
-1.021438643622489e-6,-8.016822111487873e-7,-6.841506281305996e-7,-8.306463366318551e-7,-7.447217033752388e-7,-1.0121926989390248e-6,-1.1620721185379158e-6,-1.8658196432080785e-6
-7.436095145295567e-6,-6.984713644735314e-6,-6.8380511090862875e-6,-6.588454647844899e-6,-6.919037025668336e-6,-7.054419173318059e-6,-7.739033201498708e-6,-8.153313919615742e-6
-6.201324291337968e-7,-3.4233776201331236e-7,-2.702143194814472e-7,-3.590898078755745e-7,-3.539727470716333e-7,-5.435014358167554e-7,-7.454114329923106e-7,-1.2889390470995708e-6
-4.7712163877138866e-6,-4.283864322064726e-6,-4.2359566707643095e-6,-3.9789559610710925e-6,-4.3132623438340184e-6,-4.379189473842622e-6,-5.003892094897664e-6,-5.51604405814305e-6
6.847317048509507e-6,6.361822497688348e-6,6.251844563076782e-6,5.93022432935171e-6,6.305626068954681e-6,6.40009063507425e-6,7.178288967797337e-6,7.90872089759565e-6
1.6608334095150915e-6,1.4361907762566263e-6,1.3006080036876347e-6,1.4004575923983544e-6,1.3528886738892619e-6,1.6050862107207078e-6,1.8610876890940427e-6,2.700936154460811e-6
9.347717038946794e-6,8.856896295254244e-6,8.82990023414292e-6,8.026820404669364e-6,8.780153964628036e-6,8.668735313917381e-6,9.80132163825417e-6,1.0395520988359602e-5
4.098981345814727e-6,3.7825373814382648e-6,3.7790661694942144e-6,3.359810356905525e-6,3.726335287385179e-6,3.7579632018077934e-6,4.413268128830866e-6,5.333699193473596e-6
9.007656672765108e-6,8.543382596740792e-6,8.492733769270638e-6,7.743019226817348e-6,8.421677399820866e-6,8.385398798078037e-6,9.480649324667947e-6,1.0349011952927474e-5
3.0279343695071507e-6,2.793242772398591e-6,2.727512287139332e-6,2.4180723897146013e-6,2.656839582202181e-6,2.808052282687094e-6,3.386877230145187e-6,4.551502820226519e-6
-2.2532759808409083e-6,-2.192328887281725e-6,-2.1692842948399743e-6,-2.0136860470811413e-6,-2.1567365332402544e-6,-2.1185781706229306e-6,-2.2434996090500117e-6,-1.9043791400217756e-6
-4.541888930997964e-6,-4.294262979411353e-6,-4.355747874742853e-6,-3.7832858458316467e-6,-4.329491688239175e-6,-4.051563659970527e-6,-4.589648547321061e-6,-3.9860458215352085e-6
3.0699664971308724e-8,2.076819987492701e-7,2.956462974620915e-7,-1.8908143064826597e-8,1.638009793732846e-7,1.220671255397036e-8,1.5718023654658874e-7,3.1729964206311247e-7
-2.078530314149926e-6,-1.912958836285617e-6,-1.8460747507337824e-6,-1.79522582225801e-6,-1.927225792633435e-6,-1.8691055335109935e-6,-2.0097155722806963e-6,-1.337957700038646e-6
4.0083542502898346e-7,4.965185179486618e-7,5.872332295054489e-7,2.500787064241222e-7,4.558579128871743e-7,3.3584875157919716e-7,5.673145316078259e-7,1.0219739594787593e-6
-5.362211025146058e-7,-4.096149676728759e-7,-3.7864488572326e-7,-3.6665685684194684e-7,-4.7064687904347693e-7,-3.5304556452704926e-7,-3.790755688522069e-7,5.547982038348664e-7
1.3115863271206427e-5,1.2817864193028812e-5,1.2660619984399642e-5,1.2104769943942483e-5,1.2647369575695088e-5,1.2620297302831021e-5,1.3449456899778816e-5,1.3357081608123907e-5
1.2980991978412645e-5,1.268299557685686e-5,1.252506468861957e-5,1.1969968699658977e-5,1.2511950159665912e-5,1.248478386905458e-5,1.3314203350410585e-5,1.3224314810794673e-5
1.3132324042399126e-5,1.2833471160244721e-5,1.2676932529279182e-5,1.2120241058723409e-5,1.2664450175337889e-5,1.2636277635878191e-5,1.3466691578330098e-5,1.3372775980749693e-5
1.2983897355383504e-5,1.2685848043182046e-5,1.2527977923700667e-5,1.1972781749016464e-5,1.2514913438988052e-5,1.2487626993797714e-5,1.3317200996373333e-5,1.3227284226179641e-5
1.3806183187617408e-5,1.3504563945834775e-5,1.3339819896973353e-5,1.2756251632359783e-5,1.3324269876360154e-5,1.3291311532099942e-5,1.4154967996436947e-5,1.4041194881569009e-5
1.6403506653192347e-5,1.6062838719443333e-5,1.587341621770414e-5,1.5177852736167117e-5,1.585385684372569e-5,1.5797104770382794e-5,1.681435036620555e-5,1.6637706574634688e-5
1.772165019414938e-5,1.6721320566891294e-5,1.6710174423625114e-5,1.5745689497563698e-5,1.6883045665909253e-5,1.6591160128858562e-5,1.8204210538565708e-5,1.8134075842161757e-5
1.755921753776383e-5,1.6559477805742724e-5,1.6546819659876336e-5,1.5584341702708543e-5,1.671905214949851e-5,1.6428345857135665e-5,1.80399775964654e-5,1.797377465629936e-5
1.774034861723968e-5,1.6738549257368426e-5,1.6728521214576578e-5,1.5762886339777214e-5,1.69026822705203e-5,1.660912351043594e-5,1.822417849809158e-5,1.8152038471074025e-5
1.7562611599831925e-5,1.6562755329667422e-5,1.655020366148006e-5,1.558758377856998e-5,1.6722528196699195e-5,1.6431629809661508e-5,1.8043509479361748e-5,1.797728154362328e-5
1.8506577996289836e-5,1.7453249981523742e-5,1.74454536693156e-5,1.643922190264902e-5,1.7629900423851382e-5,1.7321323485110618e-5,1.9007448110029642e-5,1.8935799256221042e-5
2.1338340260869947e-5,2.0104344031976707e-5,2.0100936896236808e-5,1.894316544485494e-5,2.0319616046843665e-5,1.9959672578620693e-5,2.1909426336889342e-5,2.1834517930621708e-5
1.4864921100971502e-5,1.4426462134276536e-5,1.4303340131365342e-5,1.3555702858671802e-5,1.4305382657771717e-5,1.4172651048811246e-5,1.5266481030251607e-5,1.5178660344246937e-5
1.7946454953732708e-5,1.7427682774096092e-5,1.724754711988982e-5,1.6491275473236092e-5,1.726601227864694e-5,1.721345256169988e-5,1.8421116999775887e-5,1.8488264003962456e-5
1.455691859457205e-5,1.424386378859983e-5,1.4100286059162127e-5,1.3367891991937794e-5,1.406053490728004e-5,1.3947981166607275e-5,1.4952644960125885e-5,1.482303972385139e-5
1.7846876213270707e-5,1.734864469080158e-5,1.715866586116982e-5,1.6405008402698408e-5,1.7172957263179627e-5,1.7126484593994945e-5,1.8324014109275976e-5,1.8369530277209675e-5
1.5259352911221524e-5,1.4835656324917604e-5,1.471975501202281e-5,1.3909940933011208e-5,1.4702584460388799e-5,1.4544078731598611e-5,1.5674821455016862e-5,1.556630031116935e-5
2.029397794158596e-5,1.9670173868904368e-5,1.9508243971241237e-5,1.861024069226568e-5,1.953014868449657e-5,1.942543710815731e-5,2.08132515644664e-5,2.0891504246332376e-5
1.2795575029560349e-5,1.2611450252310487e-5,1.231341336963066e-5,1.2344215564690725e-5,1.2356422885331423e-5,1.2724999009360886e-5,1.3073880446525514e-5,1.350804691235885e-5
1.750444144953431e-5,1.6477534756385418e-5,1.6403713165867238e-5,1.5841692344330442e-5,1.662628393115705e-5,1.6646352942071703e-5,1.7953973255855627e-5,1.851219824557377e-5
1.4667109192801511e-5,1.4286013567942653e-5,1.4021953082397756e-5,1.393021643348897e-5,1.4097701051050466e-5,1.4436456828637875e-5,1.4999983850945884e-5,1.5567282714028734e-5
1.2660369667283549e-5,1.2476240520697713e-5,1.2177518104538718e-5,1.220905992696255e-5,1.2220665174338473e-5,1.258912634091135e-5,1.2938286899969033e-5,1.3374932768510698e-5
1.7352886008190137e-5,1.632687366785527e-5,1.6251650049305228e-5,1.5691198302058154e-5,1.6473560993442804e-5,1.6494627527609535e-5,1.7801225425267294e-5,1.83634072778124e-5
1.7506648704421697e-5,1.7077633444680138e-5,1.679405142211587e-5,1.6576963612103832e-5,1.6867340469463196e-5,1.717072765560841e-5,1.7900577106151673e-5,1.8402371744001123e-5
1.2823183040547186e-5,1.2638514154453315e-5,1.234128804229884e-5,1.2370834062449696e-5,1.2385044167964109e-5,1.275236609746432e-5,1.3102866680702419e-5,1.35355159264044e-5
1.753422856891937e-5,1.650616081477844e-5,1.643356023623595e-5,1.5869980217809383e-5,1.665739943849138e-5,1.6675645750852522e-5,1.798563174047982e-5,1.8541880402990173e-5
1.4350185522556939e-5,1.4117367421089132e-5,1.382022985768305e-5,1.3773215941532984e-5,1.3855151896731201e-5,1.4227798770260992e-5,1.4674136264170353e-5,1.5183683016416676e-5
1.2663512017781594e-5,1.2479351855604635e-5,1.2180668501839079e-5,1.2212187996045068e-5,1.2223864892799887e-5,1.2592286174843882e-5,1.294153646360958e-5,1.3378215737922133e-5
1.7356479125645884e-5,1.6330382328868846e-5,1.625523162201226e-5,1.5694739666547652e-5,1.647723103481636e-5,1.64982089284496e-5,1.7804961318778363e-5,1.836717302760513e-5
1.740708699051109e-5,1.699869420824341e-5,1.6705172372419385e-5,1.649094030372178e-5,1.6774294407692777e-5,1.7084007174653864e-5,1.780348358202399e-5,1.8283609768415185e-5
1.3553029956146701e-5,1.3355444077506652e-5,1.3041569656370597e-5,1.3070990148672244e-5,1.3086831619377155e-5,1.3476539014920313e-5,1.3848755820975121e-5,1.4315127495429703e-5
1.834824293765566e-5,1.7265478778724367e-5,1.7182629540724197e-5,1.66148772318521e-5,1.7421715262881304e-5,1.745635548486891e-5,1.8816523682155478e-5,1.9420613720807105e-5
1.538421184553989e-5,1.4989009013315559e-5,1.4706361084708928e-5,1.459661857705748e-5,1.4769948426690743e-5,1.514971334629028e-5,1.5769264887759792e-5,1.6531303068385205e-5
1.6423382379248025e-5,1.615578651713352e-5,1.578208839393955e-5,1.5802746016313946e-5,1.5841435961808557e-5,1.6310998334866844e-5,1.679428970890883e-5,1.7408155550244208e-5
2.145306214247986e-5,2.017987051722413e-5,2.0055006373582262e-5,1.946531698873276e-5,2.034739047239985e-5,2.0445523280382667e-5,2.200153493978547e-5,2.2795939304559637e-5
2.0451245909527246e-5,1.9856593720477954e-5,1.9530727365486565e-5,1.9318724017296732e-5,1.9632593169190725e-5,2.0053832651731678e-5,2.0940919202077724e-5,2.1879337651187607e-5
4.3430004601750505e-6,4.078294371066774e-6,4.094263410163158e-6,3.8563802154532405e-6,4.129241479246235e-6,4.06145992795666e-6,4.452477582871765e-6,4.55579756774688e-6
4.3495731651763275e-6,4.084318726610746e-6,4.100268269447288e-6,3.861858453849236e-6,4.1353002814535485e-6,4.06737010904255e-6,4.459234969050791e-6,4.562715921309835e-6
4.319727021224734e-6,4.056308794324124e-6,4.072656459844493e-6,3.836605826967738e-6,4.108005660071583e-6,4.0401909310790274e-6,4.4281319670135445e-6,4.5278421581397265e-6
4.353489621457123e-6,4.087770935140883e-6,4.104126029168221e-6,3.865098505949633e-6,4.139494647135317e-6,4.070738087945922e-6,4.463067945855542e-6,4.563498165647899e-6
3.366375319282134e-6,3.306499305749587e-6,3.2484326619509867e-6,3.106232111723308e-6,3.253359771645612e-6,3.2414018870160087e-6,3.460936716104833e-6,3.3169892630639454e-6
3.359807542981411e-6,3.300479855975808e-6,3.242432730956954e-6,3.1007587934052828e-6,3.247305953311688e-6,3.2354966598406256e-6,3.454184323242446e-6,3.3100758643052724e-6
3.3896470725788596e-6,3.328483170638009e-6,3.270037870532317e-6,3.126004861766581e-6,3.274593860204447e-6,3.262669218429991e-6,3.4852805917723178e-6,3.3449429778867815e-6
3.355891907815974e-6,3.2970284066358184e-6,3.2385757753378684e-6,3.0975194765927858e-6,3.2431124105044355e-6,3.2321294333265196e-6,3.4503521668394354e-6,3.3092943338623692e-6
4.257783823763815e-6,3.993165412377641e-6,4.0085469983631224e-6,3.771327289962857e-6,4.042817551218994e-6,3.975478229160062e-6,4.365119697010972e-6,4.4687174650922565e-6
4.264356528757083e-6,3.9991897681604635e-6,4.014551857690562e-6,3.7768055281890134e-6,4.048876353185404e-6,3.981388410150716e-6,4.371877083001229e-6,4.47563581827106e-6
4.234510384685826e-6,3.9711798357341014e-6,3.986940048082311e-6,3.751552901394187e-6,4.021581731958242e-6,3.954209232030988e-6,4.340774081061097e-6,4.440762055177422e-6
4.2682729849290026e-6,4.002641976632248e-6,4.018409617388415e-6,3.780045580350174e-6,4.053070719015203e-6,3.984756389109422e-6,4.375710059852833e-6,4.476418062889859e-6
3.377266330340087e-6,3.3174507846533192e-6,3.259421923520394e-6,3.1172481415461093e-6,3.2649308319553867e-6,3.252802024052528e-6,3.473423344354847e-6,3.33080273450564e-6
3.370698554129614e-6,3.311431335046497e-6,3.2534219927151234e-6,3.1117748232776594e-6,3.2588770135019007e-6,3.2468967968476073e-6,3.4666709517081555e-6,3.3238893356344976e-6
3.400538083718149e-6,3.33943464954452e-6,3.281027132388065e-6,3.137020891633569e-6,3.2861649204426177e-6,3.2740693555187226e-6,3.497767220102712e-6,3.3587564493769003e-6
3.366782918969886e-6,3.3079798854280004e-6,3.249565036950872e-6,3.1085355064175252e-6,3.254683470549023e-6,3.2435295702623497e-6,3.462838795243954e-6,3.323107805234208e-6
4.352752978538362e-6,4.087306698318422e-6,4.103776575893143e-6,3.865461408150284e-6,4.139395250644156e-6,4.0709305288355235e-6,4.462965846847599e-6,4.56571792356154e-6
4.359325683500175e-6,4.093331053998045e-6,4.109781435025463e-6,3.870939646406957e-6,4.145454052647694e-6,4.076840709924847e-6,4.469723232960727e-6,4.572636276842917e-6
4.329479539311425e-6,4.065321121553076e-6,4.082169625398521e-6,3.845687019382593e-6,4.118159431340269e-6,4.049661531862433e-6,4.4386202308777236e-6,4.537762513628156e-6
4.363242139860516e-6,4.096783262600429e-6,4.113639194891259e-6,3.874179698768821e-6,4.149648418630097e-6,4.0802086889020745e-6,4.4735562098598194e-6,4.5734185214273195e-6
3.3654126048017497e-6,3.3056958985803214e-6,3.247584335919669e-6,3.105317914099009e-6,3.2523853071382745e-6,3.2404172206051476e-6,3.4597491172444718e-6,3.315483163504375e-6
3.3588448285481077e-6,3.299676448970986e-6,3.241584405027258e-6,3.0998445959581065e-6,3.2463314888149647e-6,3.2345119935136187e-6,3.45299672460193e-6,3.308569764617758e-6
3.3886843580630875e-6,3.3276797634708117e-6,3.2691895447724713e-6,3.1250906642609945e-6,3.2736193956369595e-6,3.261684552034411e-6,3.4840929930742222e-6,3.343436878248496e-6
3.35492919343584e-6,3.2962249994580496e-6,3.2377274493115145e-6,3.096605279149444e-6,3.2421379460662355e-6,3.23114476697548e-6,3.4491645681709323e-6,3.3077882341704105e-6
4.267553785881692e-6,4.002673863844066e-6,4.018265668282009e-6,3.7808635771688547e-6,4.052822470766299e-6,3.985224047252776e-6,4.375491517557995e-6,4.4795125923348575e-6
4.274126490975181e-6,4.008698219427299e-6,4.024270527510174e-6,3.7863418154951977e-6,4.058881272907357e-6,3.991134228381897e-6,4.382248903669431e-6,4.486430945966619e-6
4.244280346939926e-6,3.980688287137258e-6,3.996658717847977e-6,3.761089188599272e-6,4.031586651636419e-6,3.9639550503315955e-6,4.351145901648861e-6,4.451557182839894e-6
4.2780429471199115e-6,4.0121504279334195e-6,4.028128287225814e-6,3.7895818676650243e-6,4.063075638647325e-6,3.994502207209448e-6,4.386081880532687e-6,4.48721319063033e-6
3.3690712400060338e-6,3.3094748422872003e-6,3.251277574420605e-6,3.1092256469982163e-6,3.256535755327585e-6,3.2445879865887634e-6,3.4646839173954077e-6,3.3216266939933823e-6
3.3625034637925704e-6,3.303455392537232e-6,3.2452776433612443e-6,3.103752328830126e-6,3.250481936765752e-6,3.2386827594000425e-6,3.4579315246641e-6,3.3147132952567813e-6
3.3923429932319186e-6,3.3314587070892117e-6,3.2728827830350565e-6,3.1289983971093016e-6,3.277769843870064e-6,3.265855318090102e-6,3.489027793051669e-6,3.3495804089967487e-6
3.358587828481337e-6,3.300003943004784e-6,3.241420687847271e-6,3.100513011997944e-6,3.24628839399099e-6,3.2353155328132293e-6,3.454099368199373e-6,3.3139317646799296e-6
4.539735478242302e-6,4.2652820021810205e-6,4.281958690002169e-6,4.035298180117863e-6,4.318806409304719e-6,4.247522341554627e-6,4.653221909255848e-6,4.756346465466503e-6
4.546308183232479e-6,4.27130635774646e-6,4.287963549223996e-6,4.040776418338284e-6,4.324865211293075e-6,4.253432522534552e-6,4.659979295349462e-6,4.763264819003226e-6
4.516462039092206e-6,4.243296425321524e-6,4.260351739697216e-6,4.015523791362377e-6,4.297570589829046e-6,4.226253344448291e-6,4.6288762934517304e-6,4.7283910556788425e-6
4.5502246395255596e-6,4.27475856630743e-6,4.2918213089741945e-6,4.044016470597017e-6,4.32905957706212e-6,4.25680050138738e-6,4.6638122722285614e-6,4.764047063396534e-6
3.5384522459710894e-6,3.4741689810857127e-6,3.414357186293708e-6,3.263567685066922e-6,3.419733621122617e-6,3.40563388460853e-6,3.637379571303448e-6,3.487899551876994e-6
3.531884469680518e-6,3.468149531342884e-6,3.4083572553625626e-6,3.2580943669632208e-6,3.413679802572344e-6,3.399728657312798e-6,3.6306271784889567e-6,3.4809861532019643e-6
3.561723999540153e-6,3.4961528460115573e-6,3.4359623950543692e-6,3.283340435453018e-6,3.440967709724807e-6,3.4269012160948143e-6,3.6617234471268687e-6,3.515853266974193e-6
3.5279688348139497e-6,3.464698082057719e-6,3.4045002998084892e-6,3.254855050235399e-6,3.40948625988639e-6,3.3963614309587336e-6,3.6267950222590156e-6,3.480204622753906e-6
5.497064371144448e-6,5.078331055246231e-6,5.123216512906976e-6,4.820229286064441e-6,5.188174026866987e-6,5.0990575522614115e-6,5.629583990414293e-6,5.860861576961323e-6
5.503637076107189e-6,5.084355410859244e-6,5.129221372243697e-6,4.825707524078818e-6,5.194232828824347e-6,5.104967733200037e-6,5.6363413764923835e-6,5.867779930564996e-6
5.473790931839365e-6,5.056345478377306e-6,5.1016095625327864e-6,4.8004548973232636e-6,5.166938207418312e-6,5.07778855506953e-6,5.6052383742687e-6,5.8329061674642966e-6
5.507553532332377e-6,5.087807619480176e-6,5.133079132033014e-6,4.82894757642026e-6,5.198427194624767e-6,5.108335712067233e-6,5.640174353271892e-6,5.868562175060915e-6
3.93839514587878e-6,3.963462496868563e-6,3.87036961314745e-6,3.7100231029692456e-6,3.855192014343072e-6,3.840134619437992e-6,4.051358002762603e-6,3.7571923947047597e-6
3.931827369612478e-6,3.957443047069e-6,3.8643696822169e-6,3.7045497846358736e-6,3.849138195953545e-6,3.8342293923623806e-6,4.044605610004736e-6,3.7502789957700424e-6
3.96166689910682e-6,3.985446361696983e-6,3.891974821817774e-6,3.7297958531029212e-6,3.8764261029053485e-6,3.861401950830175e-6,4.075701878615387e-6,3.7851461096454326e-6
3.927911734482351e-6,3.95399159770421e-6,3.860512726802661e-6,3.7013104681516946e-6,3.844944653310762e-6,3.830862165855997e-6,4.040773453726385e-6,3.749497465475901e-6
4.578311238156674e-6,4.354241443143788e-6,4.3260035338315295e-6,4.190190533872219e-6,4.359342690289548e-6,4.38422587256654e-6,4.677515676664905e-6,4.852733224716906e-6
4.584883943278804e-6,4.36026579892922e-6,4.3320083932452885e-6,4.195668772448361e-6,4.365401492348582e-6,4.390136053621993e-6,4.684273062656658e-6,4.8596515782610764e-6
4.555037799059609e-6,4.332255866460305e-6,4.3043965835943815e-6,4.17041614548187e-6,4.338106871055162e-6,4.362956875643685e-6,4.65317006092067e-6,4.824777815098565e-6
4.588800399363228e-6,4.363718007432022e-6,4.335866152954021e-6,4.198908824603322e-6,4.369595858233208e-6,4.393504032403096e-6,4.6881060395398264e-6,4.860433822508113e-6
-8.620835349431591e-7,-7.476284086801379e-7,-7.501710167493046e-7,-8.012673383524914e-7,-7.829995709209843e-7,-8.410656389061626e-7,-8.608979654465598e-7,-1.058070655930024e-6
-8.686513112235068e-7,-7.536478582624593e-7,-7.561709475088886e-7,-8.067406564598521e-7,-7.890533894152831e-7,-8.469708660683806e-7,-8.676503582393053e-7,-1.0649840547295964e-6
-8.388117816477593e-7,-7.256445436567974e-7,-7.285658079246695e-7,-7.8149458802839e-7,-7.617654824660564e-7,-8.197983074824981e-7,-8.365540896553891e-7,-1.0301169411608876e-6
-8.725669463863412e-7,-7.570993078088518e-7,-7.600279033762961e-7,-8.099799731956591e-7,-7.93246932186922e-7,-8.503380927038325e-7,-8.714825146210536e-7,-1.0657655854064977e-6
3.283237884939287e-7,3.287669991792771e-7,3.3932994405304334e-7,2.402082708977226e-7,3.235886408582871e-7,2.592837251760941e-7,3.279409392232255e-7,1.757695749490553e-7
3.34896493342366e-7,3.3479135470990327e-7,3.4533480329956335e-7,2.4568650928735504e-7,3.2964744293233856e-7,2.6519390629304755e-7,3.3469832538672185e-7,1.8268792835020017e-7
3.0505034905282557e-7,3.0678142226745973e-7,3.177229936212199e-7,2.204338821353719e-7,3.0235282167172875e-7,2.3801472834820984e-7,3.0359532328526616e-7,1.4781416520863652e-7
3.388129497659286e-7,3.3824356337050444e-7,3.4919256313214455e-7,2.4892656142940575e-7,3.3384180868686333e-7,2.685618853366622e-7,3.3853130222463013e-7,1.83470172965637e-7
4.15828773866756e-6,4.0281515587648255e-6,3.972554683775154e-6,3.882608441330763e-6,3.992912247666909e-6,4.044077249786782e-6,4.27733612830203e-6,4.446294271792453e-6
4.151719962347381e-6,4.022132109138478e-6,3.966554752869798e-6,3.877135123054974e-6,3.986858429049003e-6,4.038172022587273e-6,4.2705837357369155e-6,4.439380872987706e-6
4.181559491977396e-6,4.050135423759921e-6,3.994159892520158e-6,3.902381191454315e-6,4.014146336058293e-6,4.065344581140814e-6,4.301680003922707e-6,4.474247986572409e-6
4.1478043274014805e-6,4.018680659763169e-6,3.962697797348633e-6,3.873895806346661e-6,3.9826648863820685e-6,4.034804796090099e-6,4.266751579124573e-6,4.438599342477366e-6
4.881182394374283e-6,4.533452871146015e-6,4.5253833411337824e-6,4.373866151796588e-6,4.600399020373827e-6,4.605469346740042e-6,4.98773801332193e-6,5.202268351674749e-6
4.88775509905888e-6,4.5394772267066945e-6,4.531388200350148e-6,4.379344390161508e-6,4.606457822540516e-6,4.611379527843416e-6,4.994495399520266e-6,5.209186705342551e-6
4.857908955027652e-6,4.511467294432327e-6,4.503776390926617e-6,4.354091763284282e-6,4.57916320113947e-6,4.584200349854698e-6,4.963392397553006e-6,5.174312942236288e-6
4.891671555297999e-6,4.542929435336197e-6,4.535245960216922e-6,4.382584442347639e-6,4.61065218825723e-6,4.614747506749639e-6,4.9983283763869286e-6,5.209968949924321e-6
-1.2419553120278846e-6,-9.72489416931993e-7,-1.0003143360112034e-6,-1.0318956666819566e-6,-1.0852678325755684e-6,-1.118476577683103e-6,-1.2495793137353109e-6,-1.4965109322765097e-6
-1.2485230883858048e-6,-9.785088666021373e-7,-1.0063142669241855e-6,-1.0373689848652553e-6,-1.0913216512120322e-6,-1.124381804850819e-6,-1.2563317064513773e-6,-1.5034243311547111e-6
-1.2186835587755317e-6,-9.50505552032347e-7,-9.787091273376212e-7,-1.012122916436035e-6,-1.0640337441683744e-6,-1.0972092461720529e-6,-1.2252354381808667e-6,-1.4685572176125466e-6
-1.2524387234006733e-6,-9.819603162089896e-7,-1.0101712226260172e-6,-1.0406083016365073e-6,-1.095515193956194e-6,-1.1277490313541948e-6,-1.2601638630465204e-6,-1.5042058618052936e-6
1.0158198078861835e-6,7.727512245349237e-7,8.498044937188775e-7,7.030074741391187e-7,8.861588210318384e-7,8.018796878859225e-7,1.022406112128382e-6,1.154206833684462e-6
1.022392512729229e-6,7.787755802551227e-7,8.558093528657492e-7,7.084857125430719e-7,8.922176229798256e-7,8.07789868932036e-7,1.0291634983084311e-6,1.161125187165704e-6
9.925463686285735e-7,7.507656477541156e-7,8.281975434502368e-7,6.832330855697578e-7,8.649230017037707e-7,7.806106909407685e-7,9.98060496223529e-7,1.1262514239773295e-6
1.0263089690317695e-6,7.822277889036302e-7,8.59667112772308e-7,7.117257647912048e-7,8.964119890380584e-7,8.111578479527085e-7,1.03299647509573e-6,1.161907431741735e-6
3.445897046170353e-6,3.564407823887282e-6,3.4398598309057184e-6,3.3982424818222557e-6,3.407078324978735e-6,3.47973930654481e-6,3.5585952442165425e-6,3.4381735928561177e-6
3.43932926998604e-6,3.5583883741771316e-6,3.43385990006723e-6,3.3927691635903354e-6,3.4010245065442647e-6,3.4738340794788715e-6,3.5518428514862657e-6,3.431260194021458e-6
3.4691687995664403e-6,3.586391688994211e-6,3.4614650396851443e-6,3.418015232115989e-6,3.428312413536029e-6,3.50100663822505e-6,3.582939120025758e-6,3.46612730761412e-6
3.435413634844741e-6,3.5549369247514823e-6,3.4300029443449447e-6,3.3895298468656905e-6,3.3968309637526015e-6,3.4704668529256606e-6,3.5480106949114017e-6,3.4304786634632447e-6
4.797461575834743e-6,4.5303507143997915e-6,4.500508228882846e-6,4.389065147102656e-6,4.554588795299458e-6,4.589860281524074e-6,4.89385266495004e-6,5.0925466821738015e-6
4.804034280803942e-6,4.536375070083352e-6,4.506513088160919e-6,4.3945433854329975e-6,4.560647597293591e-6,4.595770462591001e-6,4.900610051191919e-6,5.099465035792216e-6
4.774188136611582e-6,4.508365137561778e-6,4.47890127849714e-6,4.369290758475133e-6,4.533352975933897e-6,4.568591284168451e-6,4.8695070490198335e-6,5.064591272490892e-6
4.807950737222332e-6,4.539827278588811e-6,4.510370847999603e-6,4.3977834377649135e-6,4.564841963268371e-6,4.599138441459981e-6,4.904443028042475e-6,5.100247280264287e-6
-9.826259048873162e-7,-8.214391174322107e-7,-8.205719768085433e-7,-9.115824180422636e-7,-8.789452107151254e-7,-9.538431123213054e-7,-9.751498329377528e-7,-1.20097410699605e-6
-9.891936809550059e-7,-8.274585672953796e-7,-8.265719078131139e-7,-9.170557362963327e-7,-8.849990290504143e-7,-9.59748339691752e-7,-9.81902225679114e-7,-1.2078875058912574e-6
-9.593541514664156e-7,-7.994552524790586e-7,-7.989667680458586e-7,-8.918096676929927e-7,-8.577111219056808e-7,-9.325757809504355e-7,-9.508059572384857e-7,-1.173020392114943e-6
-9.931093162394983e-7,-8.309100166078933e-7,-8.304288632420828e-7,-9.202950529578782e-7,-8.891925717993231e-7,-9.631155660210298e-7,-9.857343820150418e-7,-1.2086690363942204e-6
1.975841469612322e-6,1.8251701103269049e-6,1.8467949938809445e-6,1.6979411421080639e-6,1.8674505702425368e-6,1.7982411849518917e-6,2.0100963239388568e-6,1.9691061285014745e-6
1.982414174361578e-6,1.8311944658895515e-6,1.852799853019368e-6,1.703419380344806e-6,1.8735093723060568e-6,1.8041513660776043e-6,2.0168537102138137e-6,1.976024482224639e-6
1.95256803044183e-6,1.8031845338080388e-6,1.8251880437085355e-6,1.6781667536062832e-6,1.8462147511876257e-6,1.7769721880763249e-6,1.9857507081746015e-6,1.9411507190151985e-6
1.9863306308063325e-6,1.83464667463772e-6,1.8566576129775373e-6,1.7066594327279659e-6,1.8777037382752743e-6,1.8075193450131051e-6,2.0206866870454828e-6,1.9768067268243607e-6
3.0976508179199915e-6,3.092371234034487e-6,3.030263859665751e-6,2.954616887718967e-6,3.0150844323640984e-6,3.0581159394626052e-6,3.1932143973421884e-6,3.2537677914892935e-6
3.0910830415371673e-6,3.0863517841627195e-6,3.024263928657735e-6,2.949143569299432e-6,3.009030613928989e-6,3.0522107123307664e-6,3.186462004693147e-6,3.2468543926288296e-6
3.1209225712223596e-6,3.1143550989042616e-6,3.0518690684174724e-6,2.97438963794885e-6,3.0363185208493092e-6,3.0793832708219995e-6,3.2175582732242054e-6,3.2817215062306955e-6
3.087167406599217e-6,3.0829003351162195e-6,3.0204069730346607e-6,2.945904252758922e-6,3.004837071242297e-6,3.0488434858449654e-6,3.1826298484907723e-6,3.2460728622882285e-6
4.5027984818157836e-6,4.212154543062668e-6,4.218562307550889e-6,4.061443424940627e-6,4.265657264954481e-6,4.274411709148396e-6,4.6116808667954995e-6,4.895683556316374e-6
4.509371186869321e-6,4.2181788988762454e-6,4.22456716684705e-6,4.066921663322509e-6,4.271716067000386e-6,4.280321890184855e-6,4.618438252862931e-6,4.902601909909573e-6
4.479525042693636e-6,4.190168966151794e-6,4.1969553570516076e-6,4.041669036384262e-6,4.244421445698079e-6,4.253142712061328e-6,4.587335250838895e-6,4.867728146777035e-6
4.513287643251534e-6,4.221631107408207e-6,4.228424926636236e-6,4.070161715628884e-6,4.2759104328105705e-6,4.2836898691112965e-6,4.6222712297217774e-6,4.903384154539265e-6
3.0722030523001208e-6,3.060089197148607e-6,2.9607167977849998e-6,2.9850310204337517e-6,2.9800168810835844e-6,3.0684237371084873e-6,3.145279999445951e-6,3.109375202678614e-6
3.06563527616902e-6,3.054069747514849e-6,2.954716866918005e-6,2.979557702028277e-6,2.9739630626384586e-6,3.0625185099262945e-6,3.138527606735725e-6,3.102461803763863e-6
3.0954748057129415e-6,3.082073062060194e-6,2.982322006341982e-6,3.0048037704248102e-6,3.0012509695536515e-6,3.0896910686633636e-6,3.1696238752804607e-6,3.1373289175268322e-6
3.061719640855255e-6,3.0506182979042524e-6,2.9508599109632243e-6,2.976318385291064e-6,2.9697695199324973e-6,3.059151283396829e-6,3.1346954503089443e-6,3.1016802733081178e-6
4.4297708299323905e-6,4.233871746091419e-6,4.214552153059452e-6,4.082800814809079e-6,4.241217872582636e-6,4.256483902116555e-6,4.531744736570449e-6,4.727667094732358e-6
4.436343534944089e-6,4.239896101937734e-6,4.220557012466874e-6,4.088279053247107e-6,4.2472766745811805e-6,4.262394083145867e-6,4.538502122796388e-6,4.734585448476226e-6
4.406497390566974e-6,4.2118861692887285e-6,4.1929452026736855e-6,4.063026426144857e-6,4.219982053308918e-6,4.235214905135438e-6,4.507399120671103e-6,4.699711685127379e-6
4.440259991208175e-6,4.243348310328784e-6,4.224414772061423e-6,4.0915191052515695e-6,4.2514710402957575e-6,4.265762062007884e-6,4.54233509948415e-6,4.735367692797134e-6
-7.629961024510906e-7,-6.62370851968298e-7,-7.090663968963334e-7,-6.002492240685517e-7,-7.167951536453145e-7,-6.473722222325916e-7,-7.817513190332789e-7,-8.358489324979378e-7
-7.695638788077608e-7,-6.683903016117769e-7,-7.150663277360613e-7,-6.057225423750755e-7,-7.228489720912901e-7,-6.532774496247772e-7,-7.885037117396518e-7,-8.427623314226909e-7
-7.397243492375921e-7,-6.403869871560736e-7,-6.874611882568695e-7,-5.804764739753132e-7,-6.955610652235983e-7,-6.261048909019226e-7,-7.574074433187476e-7,-8.078952175134986e-7
-7.734795138908667e-7,-6.718417510733267e-7,-7.189232836440124e-7,-6.089618592126282e-7,-7.270425149847594e-7,-6.566446761280211e-7,-7.923358683095879e-7,-8.43543861921514e-7
4.421863995887819e-6,4.131671373271877e-6,4.1372952556234285e-6,3.981418290498068e-6,4.183741362085069e-6,4.193529196234291e-6,4.529062111980171e-6,4.814132046845357e-6
4.428436700741515e-6,4.13769572877249e-6,4.143300114823264e-6,3.986896528836404e-6,4.189800164151669e-6,4.199439377287181e-6,4.535819498124679e-6,4.821050400364906e-6
4.398590556578153e-6,4.109685796491054e-6,4.115688305265599e-6,3.961643901859905e-6,4.162505543042453e-6,4.172260199302556e-6,4.504716496116181e-6,4.786176637185277e-6
4.432353157168099e-6,4.141147937573183e-6,4.147157874700701e-6,3.990136581091252e-6,4.1939945301647685e-6,4.202807356270775e-6,4.539652475038538e-6,4.821832645034854e-6
3.0814476980955375e-6,3.069105025360391e-6,2.969994617704433e-6,2.9936440975435654e-6,2.989812985649006e-6,3.077407092565776e-6,3.1558137739204802e-6,3.120450797222706e-6
3.0748799218065536e-6,3.063085575640515e-6,2.9639946869243496e-6,2.988170779250967e-6,2.9837591670702147e-6,3.0715018651428305e-6,3.1490613812502034e-6,3.113537398555142e-6
3.1047194513965855e-6,3.0910888901813354e-6,2.9915998262904377e-6,3.0134168477259365e-6,3.0110470739815926e-6,3.098674423942834e-6,3.180157649524199e-6,3.1484045122526687e-6
3.070964286899029e-6,3.0596341262228533e-6,2.9601377310979073e-6,2.9849314626013447e-6,2.9795656242822018e-6,3.0681346387000367e-6,3.1452292247250637e-6,3.1127558679334127e-6
5.023432660019157e-7,4.949433379751218e-7,4.677793978497475e-7,5.111639641581137e-7,4.685478392933826e-7,5.30698321958496e-7,5.204156200020654e-7,6.537462205666523e-7
5.089159711343405e-7,5.009676936698708e-7,4.737842572104031e-7,5.166422025922783e-7,4.746066413744864e-7,5.366085031151312e-7,5.271730060579391e-7,6.606645741501096e-7
4.790698268422811e-7,4.7295776128764773e-7,4.4617244761709327e-7,4.913895757504043e-7,4.473120200630907e-7,5.094293249915494e-7,4.96070004021111e-7,6.257908109844501e-7
5.128324273279256e-7,5.044199023864659e-7,4.776420171125904e-7,5.198822548647708e-7,4.788010071110753e-7,5.399764819514247e-7,5.310059828028002e-7,6.614468186749248e-7
3.8743166983201765e-6,3.7744628871667543e-6,3.73073130512366e-6,3.633074782206159e-6,3.7482850965364682e-6,3.761981426177484e-6,3.954726473814431e-6,3.946844560708176e-6
3.867748922188759e-6,3.7684434374623763e-6,3.7247313742293615e-6,3.6276014641472343e-6,3.742231278040864e-6,3.756076198910925e-6,3.947974081078452e-6,3.9399311618377935e-6
3.897588451745076e-6,3.796446752178137e-6,3.752336513945084e-6,3.6528475325454283e-6,3.7695191851234336e-6,3.7832487577691108e-6,3.979070349681257e-6,3.9747982756611366e-6
3.8638332870350954e-6,3.7649919881658877e-6,3.7208744185182342e-6,3.6243621472933288e-6,3.7380377353278507e-6,3.752708972544579e-6,3.944141924884367e-6,3.939149631538075e-6
4.515980761138234e-6,4.224601439510301e-6,4.231623913349481e-6,4.073769890071121e-6,4.279384712309502e-6,4.2872638486031795e-6,4.625891019072256e-6,4.9093631421607655e-6
4.522553466237993e-6,4.230625795135835e-6,4.237628772569702e-6,4.079248128416057e-6,4.2854435144541754e-6,4.293174029784685e-6,4.632648405318658e-6,4.916281495840364e-6
4.4927073220448905e-6,4.20261586282478e-6,4.2100169630574264e-6,4.053995501648471e-6,4.258148893172959e-6,4.2659948516870585e-6,4.601545403249927e-6,4.8814077326224405e-6
4.5264699223725545e-6,4.234078003611755e-6,4.2414865324236035e-6,4.08248818065512e-6,4.289637880260076e-6,4.296542008495417e-6,4.6364813820114705e-6,4.917063740203268e-6
3.073369560560827e-6,3.0615647964277345e-6,2.962085633117215e-6,2.986431153557815e-6,2.981223636684086e-6,3.0697365774923104e-6,3.14623103225323e-6,3.1099834149931877e-6
3.066801784306987e-6,3.055545346540899e-6,2.9560857021820447e-6,2.980957835297652e-6,2.975169818219963e-6,3.063831350144983e-6,3.1394786395043762e-6,3.103070016178798e-6
3.096641314037504e-6,3.083548661427714e-6,2.9836908418892474e-6,3.006203903753173e-6,3.0024577251436237e-6,3.0910039088815554e-6,3.170574908035786e-6,3.137937129919542e-6
3.062886149476752e-6,3.052093897306947e-6,2.9522287465617008e-6,2.9777185187686734e-6,2.9709762754904342e-6,3.0604641237879263e-6,3.135646483159789e-6,3.1022884858665473e-6
4.753807621059402e-6,4.412582338811195e-6,4.425560350147588e-6,4.2493250323440464e-6,4.49294697250035e-6,4.4754803062510505e-6,4.867192793149532e-6,5.118334298039308e-6
4.7603803259385945e-6,4.418606694357318e-6,4.4315652094490464e-6,4.25480327070709e-6,4.499005774676957e-6,4.481390487265103e-6,4.873950179256933e-6,5.125252651468837e-6
4.7305341817321025e-6,4.390596762080556e-6,4.403953399858342e-6,4.229550643590818e-6,4.471711153248681e-6,4.454211309312752e-6,4.842847177154746e-6,5.090378888424728e-6
4.764296782194084e-6,4.422058902902293e-6,4.43542296914118e-6,4.258043322757519e-6,4.503200140310528e-6,4.484758466132912e-6,4.877783156035665e-6,5.126034896110965e-6
-1.1662638060281532e-6,-8.83242975483413e-7,-9.70505394342407e-7,-8.060235587148192e-7,-1.029161536456078e-6,-9.185331352244649e-7,-1.1986612664546087e-6,-1.3224160544803452e-6
-1.1728315821551123e-6,-8.892624253437011e-7,-9.76505325450183e-7,-8.114968770248191e-7,-1.0352153549650156e-6,-9.244383624213036e-7,-1.2054136592848722e-6,-1.3293294533632947e-6
-1.1429920523878e-6,-8.612591105229341e-7,-9.489001857451437e-7,-7.862508085965531e-7,-1.0079274479445593e-6,-8.972658037505883e-7,-1.1743173908683378e-6,-1.2944623395989534e-6
-1.1767472171685557e-6,-8.927138746326342e-7,-9.803622809561604e-7,-8.147361936483765e-7,-1.039408897696635e-6,-9.278055889531431e-7,-1.2092458157527206e-6,-1.3301109838533627e-6
4.431688461559502e-6,4.1412410754124545e-6,4.147068267050818e-6,3.991031366333983e-6,4.193800085821526e-6,4.203351784050871e-6,4.5394909237988915e-6,4.8249987266123364e-6
4.438261166612571e-6,4.147265430982094e-6,4.153073126429092e-6,3.9965096045569075e-6,4.199858887918417e-6,4.20926196507465e-6,4.546248309698569e-6,4.8319170799698545e-6
4.408415022446075e-6,4.119255498528945e-6,4.125461316712468e-6,3.971256977718531e-6,4.172564266680706e-6,4.18208278711017e-6,4.515145307744376e-6,4.797043316753237e-6
4.44217762284109e-6,4.1507176395681635e-6,4.156930886199465e-6,3.999749656927288e-6,4.20405325397452e-6,4.212629944148335e-6,4.550081286774158e-6,4.83269932462119e-6
3.0733071115294726e-6,3.0611903336554993e-6,2.961904610132146e-6,2.9856983916486975e-6,2.9814717130862177e-6,3.0692698246892678e-6,3.1471313379365673e-6,3.111346309013237e-6
3.066739335129352e-6,3.055170883893292e-6,2.9559046791674894e-6,2.9802250733077653e-6,2.975417894789222e-6,3.063364597572625e-6,3.1403789451733993e-6,3.1044329100574204e-6
3.096578864582026e-6,3.083174198516749e-6,2.9835098188284238e-6,3.005471141793776e-6,3.002705801595389e-6,3.090537156225355e-6,3.1714752135430818e-6,3.1393000237185134e-6
3.0628236999042443e-6,3.0517194342911095e-6,2.952047723644597e-6,2.9769857565468047e-6,2.971224351938579e-6,3.059997370994435e-6,3.1365467886670887e-6,3.1036513796408426e-6
1.1963703682450434e-6,9.450883177942846e-7,9.848289994527784e-7,9.797887736842745e-7,1.0376235037798804e-6,1.079440312218639e-6,1.2218127125690514e-6,1.6402378529541539e-6
1.2029430730227405e-6,9.511126733694413e-7,9.908338586803658e-7,9.85267011926987e-7,1.043682305949483e-6,1.0853504932654842e-6,1.2285700986024676e-6,1.6471562067059624e-6
1.1730969289019367e-6,9.23102740922524e-7,9.63222049103602e-7,9.600143849654424e-7,1.0163876845311883e-6,1.0581713150960795e-6,1.1974670965396574e-6,1.6122824433975322e-6
1.2068595295175281e-6,9.545648819253815e-7,9.946916184600247e-7,9.88507064264786e-7,1.0478766717647157e-6,1.0887184723040653e-6,1.2324030755742967e-6,1.6479384512750472e-6
3.1553991799600877e-6,3.30458310983178e-6,3.1914619526862296e-6,3.142944157330764e-6,3.155947927865574e-6,3.1915593271203926e-6,3.229056011643556e-6,2.9306624457204953e-6
3.1488314036737587e-6,3.298563660038196e-6,3.185462021734695e-6,3.1374708389005895e-6,3.149894109489487e-6,3.1856541000804467e-6,3.2223036189451666e-6,2.9237490470211786e-6
3.1786709332194024e-6,3.3265669748673443e-6,3.2130671616102512e-6,3.1627169076138836e-6,3.1771820166106915e-6,3.2128266587584514e-6,3.2533998874903387e-6,2.9586161608796345e-6
3.1449157683823098e-6,3.295112210686043e-6,3.1816050660730173e-6,3.1342315225081065e-6,3.14570056681684e-6,3.182286873432961e-6,3.2184714625207315e-6,2.922967516535452e-6
4.711572121987801e-6,4.40928811799496e-6,4.4138915997507125e-6,4.255795438650219e-6,4.464076412179486e-6,4.476502777295908e-6,4.824375051440843e-6,5.120293035414754e-6
4.718144826800057e-6,4.415312473585126e-6,4.419896459035927e-6,4.261273677048631e-6,4.470135214267449e-6,4.482412958355669e-6,4.831132437493757e-6,5.127211389016187e-6
4.688298682888022e-6,4.3873025413511664e-6,4.392284649366302e-6,4.236021050217606e-6,4.442840592958268e-6,4.455233780371794e-6,4.80002943553757e-6,5.092337625837418e-6
4.722061283260246e-6,4.418764682328131e-6,4.423754218853371e-6,4.264513729372435e-6,4.474329580222478e-6,4.485780937330068e-6,4.83496541449634e-6,5.127993633544243e-6
3.263743531358448e-6,3.245940098943855e-6,3.1421556859556355e-6,3.165668889492166e-6,3.163057765301732e-6,3.2567183209613943e-6,3.341942279891056e-6,3.3136397531618396e-6
3.2571757550005092e-6,3.2399206492539675e-6,3.136155754861114e-6,3.1601955711048266e-6,3.157003946654655e-6,3.2508130938769233e-6,3.3351898873257343e-6,3.3067263542708936e-6
3.2870152848470313e-6,3.267923963962485e-6,3.1637608945252772e-6,3.185441639687026e-6,3.184291853734619e-6,3.277985652393343e-6,3.3662861555460518e-6,3.3415934680975993e-6
3.2532601201527226e-6,3.2364691998890738e-6,3.1322987992617345e-6,3.1569562544800453e-6,3.152810403915067e-6,3.2474458672868884e-6,3.3313577307615205e-6,3.30594482380487e-6
4.471047338258024e-6,4.2444971959332675e-6,4.233923515150586e-6,4.121274305812998e-6,4.280570920766745e-6,4.284095664508434e-6,4.543004525824452e-6,4.6543840941107106e-6
4.477620043337919e-6,4.250521551671084e-6,4.239928374469208e-6,4.126752544216708e-6,4.286629723165894e-6,4.290005845747188e-6,4.549761911933257e-6,4.661302447679078e-6
4.447773899123388e-6,4.22251161918432e-6,4.212316564837322e-6,4.101499917202951e-6,4.2593351015544874e-6,4.2628266677046666e-6,4.518658909924862e-6,4.626428684628297e-6
4.481536499667697e-6,4.253973760269086e-6,4.243786134195196e-6,4.129992596440408e-6,4.290824088929081e-6,4.2933738246914095e-6,4.5535948889715e-6,4.662084692431899e-6
-6.249969323617723e-7,-4.972474256539818e-7,-5.57335743617232e-7,-4.721221643696789e-7,-5.880863433139819e-7,-4.96669840639221e-7,-6.006908342071858e-7,-5.21560828522153e-7
-6.315647085867425e-7,-5.032668754561619e-7,-5.633356744674103e-7,-4.775954825623395e-7,-5.941401617207713e-7,-5.02575067750479e-7,-6.074432270023191e-7,-5.284742270985207e-7
-6.017251789128992e-7,-4.752635604697094e-7,-5.357305346902958e-7,-4.523494140511141e-7,-5.668522547751294e-7,-4.7540250899186274e-7,-5.763469584647053e-7,-4.936071133788506e-7
-6.354803436511333e-7,-5.067183247049064e-7,-5.671926299925965e-7,-4.808347992816242e-7,-5.983337044267319e-7,-5.059422942599185e-7,-6.112753833628519e-7,-5.292557577569989e-7
5.735471463516297e-6,5.284371732296721e-6,5.306531273507949e-6,5.12230121448979e-6,5.389549202115e-6,5.412315863506351e-6,5.870354244979614e-6,6.345249754089048e-6
5.742044168512231e-6,5.290396087975426e-6,5.312536132821515e-6,5.127779452749593e-6,5.395608004106124e-6,5.418226044639215e-6,5.877111630924614e-6,6.352168107452234e-6
5.7121980242561976e-6,5.262386155597652e-6,5.284924323117914e-6,5.102526825713962e-6,5.3683133827609545e-6,5.391046866685469e-6,5.846008629157271e-6,6.3172943444152125e-6
5.745960624892835e-6,5.293848296543189e-6,5.316393892575135e-6,5.131019505052212e-6,5.3998023699656014e-6,5.421594023547074e-6,5.880944607967286e-6,6.3529503520202495e-6
3.7336374556439222e-6,3.7995403908313285e-6,3.6527402663902123e-6,3.6947123808527097e-6,3.6576552254238047e-6,3.776812374967877e-6,3.8285997349503e-6,3.7057718053918792e-6
3.7270696793813504e-6,3.7935209410040486e-6,3.6467403353892075e-6,3.689239062545135e-6,3.65160140693005e-6,3.77090714778999e-6,3.821847342164338e-6,3.698858406645483e-6
3.7569092088416246e-6,3.821524255686933e-6,3.6743454750150353e-6,3.7144851308615115e-6,3.6788893137849426e-6,3.798079706298861e-6,3.852943610554608e-6,3.7337255202005094e-6
3.7231540442212466e-6,3.7900694915056354e-6,3.6428833796603548e-6,3.68599974570828e-6,3.647407864006683e-6,3.76753992110041e-6,3.8180151856531455e-6,3.698076876157401e-6
2.0183673100039313e-6,1.8752046149653968e-6,1.8562372563929578e-6,1.876357644651992e-6,1.89674431157623e-6,1.9568353430970353e-6,2.045351586894704e-6,2.217717284726012e-6
2.024940014988911e-6,1.8812289707340832e-6,1.862242115739895e-6,1.881835882990493e-6,1.9028031137792085e-6,1.9627455242268712e-6,2.052108973030055e-6,2.2246356382236147e-6
1.995093870692467e-6,1.853219038052874e-6,1.834630306083457e-6,1.856583256065775e-6,1.8755084924219297e-6,1.935566346238615e-6,2.0210059709516094e-6,2.189761875015912e-6
2.0288564710962754e-6,1.8846811791657706e-6,1.8660998754621485e-6,1.885075935110077e-6,1.9069974796543613e-6,1.9661135031304025e-6,2.0559419496591857e-6,2.2254178826118375e-6
3.094441969535945e-6,3.0889416924316715e-6,3.026442445746481e-6,2.953321216477437e-6,3.011401812271155e-6,3.0566206672423202e-6,3.189876044065726e-6,3.2521149866481916e-6
3.0878741932000586e-6,3.082922242523478e-6,3.0204425148769135e-6,2.9478478980922955e-6,3.00534799372208e-6,3.050715439975541e-6,3.183123651294009e-6,3.245201587768015e-6
3.1177137227967965e-6,3.1109255573469566e-6,3.0480476541742776e-6,2.9730939666043994e-6,3.0326359007358283e-6,3.0778879987130904e-6,3.2142199198304027e-6,3.280068701474763e-6
3.083958558095299e-6,3.0794707932015665e-6,3.0165855590992916e-6,2.9446085815198184e-6,3.0011544508977472e-6,3.047348213497782e-6,3.179291494976924e-6,3.2444200575578517e-6
8.216057435116579e-5,7.921226651619597e-5,7.85655641452861e-5,7.60481949523152e-5,7.899174580279142e-5,7.916444876668991e-5,8.417804626502738e-5,8.590491661838212e-5
6.380308872036694e-5,6.148971511278265e-5,6.0614529420479515e-5,5.854657878622675e-5,6.096972685782814e-5,6.130406870126864e-5,6.545933957012366e-5,6.598350886609834e-5
8.216037962165101e-5,7.921207821563717e-5,7.856537339909858e-5,7.604803136409389e-5,7.8991554724126e-5,7.91642787883574e-5,8.417785597385953e-5,8.590473714316129e-5
6.3803403148885e-5,6.149002257616439e-5,6.061483986851e-5,5.8546861874223064e-5,6.097003896612534e-5,6.130435899286615e-5,6.545965112581548e-5,6.598380867419396e-5
8.216144878582456e-5,7.921314058393882e-5,7.856643612387148e-5,7.604895953735353e-5,7.899258972508772e-5,7.916524252729412e-5,8.417890284304865e-5,8.590580595978144e-5
6.38021738637952e-5,6.14888000013505e-5,6.0613615683051536e-5,5.854577491989403e-5,6.096884143816452e-5,6.130323500900048e-5,6.545844126761499e-5,6.598257889025224e-5
8.216011445963983e-5,7.921183639256058e-5,7.856510955629332e-5,7.604779125130128e-5,7.89912707462403e-5,7.916404168685792e-5,8.417758395867283e-5,8.590455239537381e-5
6.380368808227952e-5,6.149028267893363e-5,6.0615123070199995e-5,5.854711969974728e-5,6.0970342757386087e-5,6.130461421163347e-5,6.54599428907917e-5,6.598401061928979e-5
8.959264905217106e-5,4.111826760324029e-5,3.560528603895847e-5,3.619138306124356e-5,4.472574996020765e-5,7.35153721322809e-5,0.00013813128737061032,0.00033489879396097783
8.931398580130324e-5,4.087145468886404e-5,3.5351869990494367e-5,3.592512763616583e-5,4.446902656248061e-5,7.323060369604983e-5,0.00013786356393523006,0.00033470366047273515
8.940435758512822e-5,4.0923184755358576e-5,3.5412981044463425e-5,3.600522958372454e-5,4.454021456327436e-5,7.332201280777184e-5,0.00013795136818613477,0.0003347486392175228
8.910664156568839e-5,4.063591858860697e-5,3.5137031402953594e-5,3.567462276999417e-5,4.426027516077817e-5,7.297138309535041e-5,0.00013765962203401974,0.0003345199827848492
8.919409212330783e-5,4.069378623747177e-5,3.520560544994702e-5,3.574099509183723e-5,4.433001334178336e-5,7.306009112976851e-5,0.00013774335915572625,0.0003345264041406364
8.892069378802029e-5,4.04514050885985e-5,3.495866209753993e-5,3.547522639822613e-5,4.407945314648168e-5,7.277578925583956e-5,0.00013748024528540618,0.0003343284812264495
8.92784377950966e-5,4.063549628654294e-5,3.518649874411049e-5,3.5639187122514765e-5,4.430427426208034e-5,7.29737949579945e-5,0.00013775740565561738,0.0003347203285357693
8.896502048117834e-5,4.036901396538723e-5,3.490365969746714e-5,3.536074020727222e-5,4.4021921502412e-5,7.267985020240254e-5,0.00013746503601970916,0.00033449004137727596
1.3664291956125706e-12,1.239787811708827e-12,1.2428193300121373e-12,1.2415324390333098e-12,1.2257220527760752e-12,1.2250824609612137e-12,1.2254641546972536e-12,1.248840033031367e-12
-4.116255256931604e-14,-1.7866676104834675e-13,-1.759815044173286e-13,-1.7419228289438078e-13,-1.9450835061396835e-13,-1.9244355837986878e-13,-1.9518659816738434e-13,-1.681932379402881e-13
1.3480487314688377e-12,1.219635478282038e-12,1.2227341859435825e-12,1.2210320790176908e-12,1.2056099740987313e-12,1.2047001921536178e-12,1.205659031294237e-12,1.2293676089730694e-12
-9.630873564432988e-14,-2.310614252253988e-13,-2.2868072386835584e-13,-2.2701226109135032e-13,-2.4701485209260695e-13,-2.450419472232954e-13,-2.476396346266856e-13,-2.2091394566962339e-13
1.3073070097739646e-12,1.1831835055338098e-12,1.1859264646002665e-12,1.184499338876389e-12,1.1689933493670022e-12,1.1682557629051922e-12,1.1687901828772668e-12,1.1919097656115697e-12
-9.843741495561065e-14,-2.334191417130192e-13,-2.310155782328488e-13,-2.2936480314386106e-13,-2.493799039190689e-13,-2.4741139534403576e-13,-2.5000639552206715e-13,-2.232696198276737e-13
1.2744155435800012e-12,1.14856734980976e-12,1.1513770117580216e-12,1.1495079190772588e-12,1.134406384798843e-12,1.133383602848821e-12,1.1345185044210621e-12,1.1579625587102711e-12
-1.5064818291740634e-13,-2.827268076081772e-13,-2.806184167831268e-13,-2.7908514152623473e-13,-2.987894752230343e-13,-2.969092372058909e-13,-2.9937331213081356e-13,-2.7292018844158374e-13
0.0001365044157289972,0.00010325789299026194,9.963255482472522e-5,9.968969150728974e-5,0.00010586129701391395,0.00012484513975772292,0.00016620655395782136,0.00028047093350863736
0.00013650441442690885,0.00010325789166317474,9.963255349826434e-5,9.968969016552884e-5,0.00010586129565884185,0.00012484513840491256,0.000166206552585902,0.0002804709321527554
0.00013650441594874338,0.00010325789321039491,9.963255504519073e-5,9.968969174238715e-5,0.0001058612972587824,0.00012484514000339034,0.00016620655420446605,0.0002804709337554775
0.0001365044144030419,0.00010325789164041994,9.963255347534254e-5,9.968969014185939e-5,0.00010586129563491264,0.00012484513838096034,0.0001662065525620734,0.00028047093212919783
0.00013650441567805629,0.00010325789294018579,9.963255477453512e-5,9.968969145628912e-5,0.00010586129696247174,0.0001248451397061336,0.0001662065539055876,0.0002804709334562472
0.00013650441440064945,0.00010325789163796464,9.963255347290948e-5,9.968969013967669e-5,0.00010586129563285292,0.000124845138378902,0.00016620655255999718,0.0002804709321270185
0.00013650441582649275,0.00010325789308864128,9.963255492337919e-5,9.968969161743083e-5,0.00010586129713197222,0.0001248451398762263,0.00016620655407553932,0.00028047093362602486
0.00013650441438145088,0.00010325789161998088,9.963255345475402e-5,9.968969012045716e-5,0.00010586129561319624,0.00012484513835923631,0.00016620655254045375,0.00028047093210781737
7.860118393588402e-5,4.0620975718233654e-5,3.4968259946198784e-5,3.624455180965166e-5,4.267330342312159e-5,6.768329508385242e-5,0.0001200269503208706,0.0002738599005200083
7.857342809193714e-5,4.060013767179818e-5,3.49455355295146e-5,3.622834704293877e-5,4.26495044346307e-5,6.766204414431517e-5,0.00011999814094340884,0.0002738376018009232
7.839138828408962e-5,4.039588863458701e-5,3.474439624197368e-5,3.60292352697969e-5,4.246150365837015e-5,6.745585859046799e-5,0.00011981960753512164,0.0002737092140389972
7.840405714230639e-5,4.0391311522630405e-5,3.4759165377565175e-5,3.599002811963901e-5,4.247277423008218e-5,6.740980044681987e-5,0.00011982090595363961,0.0002737127541498683
7.834554429161109e-5,4.031977835532647e-5,3.4694774938720334e-5,3.5903590272300797e-5,4.2405545210677425e-5,6.733293129673144e-5,0.00011976302843149011,0.0002736612668458805
7.830298312364162e-5,4.0284410171058206e-5,3.465916856974843e-5,3.587055756749557e-5,4.236855598503191e-5,6.729437855247013e-5,0.00011971980706827581,0.00027361970856594085
7.855814830365004e-5,4.037614961614511e-5,3.4797376000124454e-5,3.5882991427711974e-5,4.250516745770084e-5,6.732551480434276e-5,0.00011989803717699561,0.0002740204613178353
7.839621030166183e-5,4.024250069556741e-5,3.4647013027935605e-5,3.5781047412435125e-5,4.23557910308736e-5,6.72205072022863e-5,0.00011974623367319444,0.00027386152808064293
0.00010729505735605585,7.13280827523273e-5,6.375336958916718e-5,6.509733710827355e-5,7.377693763993696e-5,0.0001024268540216329,0.00016207174334827726,0.0003046812101136352
0.00010728443210077283,7.131863973756514e-5,6.37433383447515e-5,6.508758625872816e-5,7.376661733682108e-5,0.0001024161933321549,0.00016206074238285035,0.00030467276975057705
0.00010724842766196532,7.127851032717622e-5,6.37024019342417e-5,6.505988876045468e-5,7.372993426648121e-5,0.00010238684567805481,0.00016202807973881157,0.0003046511239147646
0.00010727254125794668,7.129682658710493e-5,6.372774206349176e-5,6.506005047356049e-5,7.37544796530908e-5,0.00010238488551732536,0.000162049311524833,0.0003046799270324116
0.00010725929475239912,7.128018754937392e-5,6.371378699152478e-5,6.503980330744796e-5,7.37397857960486e-5,0.00010236640545322047,0.00016203520312440642,0.00030466234846050576
0.00010724567153164594,7.126794119664381e-5,6.370147873207116e-5,6.502610969866878e-5,7.372711570671628e-5,0.00010235172957156077,0.0001620215898289373,0.00030464997056921434
0.00010733215680421647,7.132698029410596e-5,6.3773831470041e-5,6.506331277204875e-5,7.380138194671893e-5,0.00010238770493092172,0.00016209855818665237,0.0003047690735055294
0.00010725876093940808,7.126216009842953e-5,6.370239992132108e-5,6.501267899808154e-5,7.373027592134678e-5,0.00010233694543304009,0.0001620287117533521,0.000304693844070795
7.860118225487652e-5,4.0620974149602686e-5,3.496825837439879e-5,3.624455023868791e-5,4.267330186802277e-5,6.768329353016027e-5,0.00012002694876942795,0.00027385989894910986
7.857342781882311e-5,4.0600137521924984e-5,3.4945535376818885e-5,3.62283468880034e-5,4.2649504300066e-5,6.766204400845272e-5,0.0001199981408129205,0.0002738376016473616
7.839138662186403e-5,4.039588708650496e-5,3.474439469065591e-5,3.602923371973098e-5,4.2461502123781226e-5,6.745585705755486e-5,0.00011981960600388101,0.0002737092124879685
7.840405692410432e-5,4.0391311424908045e-5,3.4759165277326686e-5,3.599002801727912e-5,4.2472774147780984e-5,6.740980036331004e-5,0.00011982090587536055,0.0002737127540487843
7.834554266948901e-5,4.0319776843048634e-5,3.469477342356501e-5,3.590358875811885e-5,4.240554371205789e-5,6.73329297996133e-5,0.00011976302693647154,0.0002736612653316628
7.830298290755554e-5,4.028441007567651e-5,3.465916847182893e-5,3.5870557467471924e-5,4.2368555905079725e-5,6.729437847131356e-5,0.0001197198069923481,0.00027361970846719687
7.855814671321794e-5,4.0376148137217216e-5,3.479737451826481e-5,3.588298994726178e-5,4.250516599241102e-5,6.732551334083441e-5,0.00011989803571499128,0.0002740204598363066
7.839621013721405e-5,4.02425006488613e-5,3.4647012978997904e-5,3.5781047361505846e-5,4.2355790999705857e-5,6.722050716999815e-5,0.00011974623364600799,0.00027386152803092283
9.03124431165082e-5,4.102726016945655e-5,3.568599564467051e-5,3.6130197336537886e-5,4.475440899772963e-5,7.356695972113224e-5,0.00013845367359730673,0.00033789528798138684
9.02129664927129e-5,4.094283946493978e-5,3.559822662640911e-5,3.604447545541681e-5,4.4664999534038455e-5,7.347332553235707e-5,0.00013835870445559403,0.0003378256717605291
9.011006839713148e-5,4.080669527667887e-5,3.5469865190166535e-5,3.591231171230118e-5,4.455003016579398e-5,7.333412776594833e-5,0.00013825041695361782,0.00033775407573015485
9.001754307269729e-5,4.070605919326337e-5,3.5384616351889806e-5,3.578284911118517e-5,4.4460763974515273e-5,7.319517124972026e-5,0.00013815239716176553,0.0003376700173806005
8.998946259745788e-5,4.06630435539024e-5,3.534864970580133e-5,3.573051978781757e-5,4.442349259866053e-5,7.315443287173903e-5,0.00013812358711749718,0.00033761784956308055
8.988444775950597e-5,4.057270568654147e-5,3.5256787001675874e-5,3.563581748938081e-5,4.432964403365209e-5,7.305157583441676e-5,0.0001380227032832337,0.0003375358411319317
9.00945572499707e-5,4.061381036577901e-5,3.5341945246288745e-5,3.5622278616215194e-5,4.441465247543999e-5,7.30536156310094e-5,0.00013814768959247156,0.0003378531988083659
8.993082549402108e-5,4.0482113560254065e-5,3.5195537463010455e-5,3.550301113942481e-5,4.426891961908042e-5,7.29291241423654e-5,0.00013799722938186664,0.0003377167197561999
0.0001514753705209676,9.886198059608458e-5,9.315405063882746e-5,9.288646982411405e-5,0.00010283252360434523,0.0001325842804299845,0.00020042165897235726,0.0003944910455001377
0.00015154006476354062,9.892090924042404e-5,9.321436809206222e-5,9.294841862400862e-5,0.0001028935530747312,0.00013264841028811337,0.000200483071659225,0.0003945394837684984
0.00015151449328906284,9.890725256852189e-5,9.319887798946142e-5,9.293977655214252e-5,0.00010287381372357792,0.0001326444407524114,0.00020046840733328665,0.0003945108314885976
0.00015157528967474555,9.896455629482173e-5,9.325555416398799e-5,9.300025831827561e-5,0.00010293129223927726,0.00013270691297934492,0.00020052545625820337,0.0003945567640890844
0.0001515576222654492,9.89480541723387e-5,9.323826887891823e-5,9.29838942850475e-5,0.00010291322299227308,0.0001326887277556758,0.0002005086064767875,0.00039456319296153283
0.000151614861368261,9.899997361967938e-5,9.329117292807863e-5,9.304039879792775e-5,0.00010296689615813424,0.00013274721159451503,0.00020056300330444134,0.0003946064863821091
0.00015158420356365589,9.898849910737034e-5,9.327509446292785e-5,9.303078461647443e-5,0.0001029463796117273,0.0001327416196217644,0.00020054337171692405,0.00039456007973236195
0.00015162753183960064,9.902778411980701e-5,9.331568216145579e-5,9.307745449878987e-5,0.00010298778911370859,0.00013278988517822132,0.0002005871946865278,0.00039459745070597276
-9.33350239005911e-6,-8.841100136172927e-6,-9.05601061590082e-6,-8.344763151684035e-6,-9.068980810594528e-6,-8.614800693546174e-6,-9.661906716475435e-6,-1.0337766851527727e-5
-9.172717364085268e-6,-8.688749703980402e-6,-8.904041413307303e-6,-8.202032720650024e-6,-8.916037439568812e-6,-8.46436536357293e-6,-9.496643095918857e-6,-1.0170021998369105e-5
-9.895595792079508e-6,-9.399873070986805e-6,-9.608705151948848e-6,-8.870904103979047e-6,-9.616040307712196e-6,-9.159663758934936e-6,-1.0250095879718133e-5,-1.0961471572463024e-5
-9.147317184442574e-6,-8.694781870351712e-6,-8.901459998844037e-6,-8.223606237378107e-6,-8.90849718860146e-6,-8.47407781373045e-6,-9.478532783371223e-6,-1.0176049268668066e-5
-7.113470079070143e-6,-6.7280954735055686e-6,-6.729483356950834e-6,-6.69132417141816e-6,-6.780222353660311e-6,-6.826603788605532e-6,-7.12182026800781e-6,-8.004635929996167e-6
-7.273480501168283e-6,-6.879688484603936e-6,-6.880687033721702e-6,-6.833335144120291e-6,-6.932398109294751e-6,-6.9763048202689505e-6,-7.286314031359397e-6,-8.171638540066393e-6
-6.553457666455332e-6,-6.171445473510657e-6,-6.1789021503382175e-6,-6.167153420217694e-6,-6.235235937809131e-6,-6.283742598606127e-6,-6.535726332790639e-6,-7.383057244346313e-6
-7.298420111464518e-6,-6.87331619223398e-6,-6.882861093448966e-6,-6.81147765930413e-6,-6.939507130258928e-6,-6.96628282867696e-6,-7.304003340970163e-6,-8.165344087377191e-6
-8.868948083146574e-6,-8.36646310536702e-6,-8.57357328635956e-6,-7.879574731727252e-6,-8.588537781772681e-6,-8.159507249183464e-6,-9.19583357407549e-6,-9.910964528219336e-6
-8.708163057574999e-6,-8.214112673134248e-6,-8.421604083837148e-6,-7.736844300485042e-6,-8.435594410846233e-6,-8.009071919315844e-6,-9.030569953504844e-6,-9.743219674846737e-6
-9.431041485457158e-6,-8.925236040192985e-6,-9.126267822351362e-6,-8.405715683913603e-6,-9.13559727893463e-6,-8.704370314594688e-6,-9.784022737257321e-6,-1.0534669249002605e-5
-8.682762877928429e-6,-8.220144839635854e-6,-8.419022669378722e-6,-7.758417817175283e-6,-8.428054159688329e-6,-8.018784369376789e-6,-9.012459641103652e-6,-9.749246945350674e-6
-6.637633535772388e-6,-6.241759941597106e-6,-6.235851754752546e-6,-6.213539022495285e-6,-6.288649597377486e-6,-6.358909526833107e-6,-6.644630851261332e-6,-7.565600591335999e-6
-6.797643957964036e-6,-6.3933529529249855e-6,-6.387055431874309e-6,-6.355549995228941e-6,-6.440825352861465e-6,-6.5086105584559555e-6,-6.809124614506202e-6,-7.73260320133438e-6
-6.077621123286972e-6,-5.68510994164389e-6,-5.6852705481622186e-6,-5.689368271414693e-6,-5.743663181439493e-6,-5.816048336890905e-6,-6.058536916026548e-6,-6.9440219055542036e-6
-6.822583568196051e-6,-6.386980660249653e-6,-6.389229491465897e-6,-6.333692510496482e-6,-6.4479343739053035e-6,-6.498588566980929e-6,-6.826813924126099e-6,-7.72630874870329e-6
-1.0380139635041142e-5,-1.0025024511753948e-5,-1.0100867401158e-5,-9.747560156899359e-6,-1.0130088407665946e-5,-9.984939128070594e-6,-1.0718888443065105e-5,-1.1579827070116177e-5
-1.0219354609396244e-5,-9.87267407952151e-6,-9.948898198490352e-6,-9.604829725771556e-6,-9.977145036538856e-6,-9.834503797992559e-6,-1.0553624822632292e-5,-1.1412082216954431e-5
-1.094223303706614e-5,-1.0583797446472614e-5,-1.0653561937129976e-5,-1.0273701109036936e-5,-1.0677147904771733e-5,-1.0529802193549848e-5,-1.1307077606497414e-5,-1.2203531790992872e-5
-1.0193954429726108e-5,-9.878706245946096e-6,-9.946316784103617e-6,-9.626403242425507e-6,-9.969604785659604e-6,-9.844216248279916e-6,-1.0535514510181128e-5,-1.1418109487468564e-5
-8.151082995231492e-6,-7.9024563345992e-6,-7.76497543428545e-6,-8.085670124244992e-6,-7.831999095102772e-6,-8.187901427073546e-6,-8.169562464996087e-6,-9.238741711459431e-6
-8.311093417336362e-6,-8.054049345692135e-6,-7.91617911112498e-6,-8.227681096843077e-6,-7.984174850769871e-6,-8.337602458711663e-6,-8.334056228403615e-6,-9.40574432140545e-6
-7.591070582560073e-6,-7.3458063342736886e-6,-7.214394227511201e-6,-7.56149937300348e-6,-7.28701267928132e-6,-7.645040237106079e-6,-7.583468529558982e-6,-8.617163025548067e-6
-8.336033027944047e-6,-8.04767705321678e-6,-7.918353170703619e-6,-8.205823612129274e-6,-7.99128387161663e-6,-8.327580467075678e-6,-8.351745537764096e-6,-9.399449868771022e-6
-1.0136457307336038e-5,-9.77889180272205e-6,-9.84313095419254e-6,-9.515678706775681e-6,-9.871903868524132e-6,-9.767066632972394e-6,-1.047465401673177e-5,-1.1388072227661557e-5
-9.975672281606251e-6,-9.626541370550679e-6,-9.691161751619929e-6,-9.372948275567745e-6,-9.718960497475884e-6,-9.616631303054182e-6,-1.0309390396156523e-5,-1.1220327374445895e-5
-1.0698550709533462e-5,-1.0337664737616557e-5,-1.0395825490279117e-5,-1.0041819658928061e-5,-1.0418963365770462e-5,-1.031192969845121e-5,-1.106284318012878e-5,-1.2011776948493235e-5
-9.950272101994e-6,-9.632573536940505e-6,-9.68858033717634e-6,-9.39452179228065e-6,-9.71142024661069e-6,-9.626343753209024e-6,-1.0291280083762288e-5,-1.1226354644833378e-5
-7.899888642491905e-6,-7.64866657580741e-6,-7.499787370877906e-6,-7.845894926703468e-6,-7.566395427727042e-6,-7.962147215663723e-6,-7.917906654100737e-6,-9.039239132206215e-6
-8.059899064816046e-6,-7.800259587197127e-6,-7.650991047785703e-6,-7.987905899435266e-6,-7.718571183483748e-6,-8.111848247256473e-6,-8.08240041749798e-6,-9.206241742412448e-6
-7.339876230046699e-6,-7.092016575802845e-6,-6.949206164198407e-6,-7.321724175467052e-6,-7.0214090119380754e-6,-7.419286025664345e-6,-7.331812718694292e-6,-8.417660446651913e-6
-8.084838675074737e-6,-7.79388729464466e-6,-7.653165107548482e-6,-7.966048414643918e-6,-7.725680204295819e-6,-8.10182625583598e-6,-8.10008972720697e-6,-9.199947289778718e-6
-1.0225895315677856e-5,-9.940550266912775e-6,-1.0013689902316215e-5,-9.652649168661258e-6,-1.003254013520894e-5,-9.862660039538197e-6,-1.0554127839425107e-5,-1.1250247619444974e-5
-1.0065110289813572e-5,-9.788199834764108e-6,-9.861720699804773e-6,-9.509918737364001e-6,-9.879596764283273e-6,-9.712224709692447e-6,-1.0388864218826745e-5,-1.108250276598802e-5
-1.0787988717781821e-5,-1.0499323201633238e-5,-1.0566384438427466e-5,-1.017879012075156e-5,-1.057959963238145e-5,-1.0407523105037784e-5,-1.1142317002775534e-5,-1.1873952340183782e-5
-1.003971011003915e-5,-9.794232001169874e-6,-9.859139285496606e-6,-9.531492253974108e-6,-9.87205651315922e-6,-9.721937159588067e-6,-1.037075390640039e-5,-1.1088530036504184e-5
-7.995811225629927e-6,-7.816395170339217e-6,-7.67649767055647e-6,-7.988759779931541e-6,-7.733144090634039e-6,-8.063711953993299e-6,-8.003460968312322e-6,-8.907171965803664e-6
-8.155821647721199e-6,-7.967988181281554e-6,-7.827701347466666e-6,-8.130770752678317e-6,-7.88531984621581e-6,-8.213412985642026e-6,-8.167954731730248e-6,-9.074174575858118e-6
-7.43579881299612e-6,-7.259745170332917e-6,-7.125916463873185e-6,-7.464589028834973e-6,-7.1881576749903175e-6,-7.52085076420285e-6,-7.4173670331453615e-6,-8.285593280270793e-6
-8.180761258332873e-6,-7.961615888993583e-6,-7.829875407270752e-6,-8.1089132679553e-6,-7.892428867296207e-6,-8.203390994310343e-6,-8.185644041462261e-6,-9.067880123424976e-6
-9.882624670691995e-6,-9.57722917100555e-6,-9.647744964988482e-6,-9.278941582143675e-6,-9.668421087097812e-6,-9.505755738093004e-6,-1.0211613609025628e-5,-1.0929596929622492e-5
-9.72183964479422e-6,-9.424878738633548e-6,-9.49577576235209e-6,-9.136211150888019e-6,-9.515477715977739e-6,-9.355320407826255e-6,-1.0046349988255813e-5,-1.0761852076284976e-5
-1.0444718072718593e-5,-1.0136002105752476e-5,-1.0200439500921936e-5,-9.80508253427114e-6,-1.0215480584116007e-5,-1.0050618803333119e-5,-1.0799802772392702e-5,-1.1553301650593809e-5
-9.696439465088535e-6,-9.430910905202791e-6,-9.493194348009696e-6,-9.157784667594232e-6,-9.507937465070528e-6,-9.365032858057007e-6,-1.002823967603447e-5,-1.0767879346898652e-5
-7.64372262366592e-6,-7.443984478922665e-6,-7.301834455309371e-6,-7.605311361141891e-6,-7.360353451574052e-6,-7.697213063012865e-6,-7.652265723435333e-6,-8.576973162948057e-6
-7.803733045790135e-6,-7.595577490034048e-6,-7.4530381323620146e-6,-7.747322333968465e-6,-7.512529207436426e-6,-7.846914094835387e-6,-7.816759487109094e-6,-8.743975773298415e-6
-7.0837102109516365e-6,-6.887334478853297e-6,-6.751253248549981e-6,-7.081140609878358e-6,-6.8153670357100685e-6,-7.154351873135995e-6,-7.066171788169451e-6,-7.955394477127663e-6
-7.828672656448158e-6,-7.589205197567467e-6,-7.455212192006129e-6,-7.725464849164101e-6,-7.519638228282276e-6,-7.836892103083311e-6,-7.834448796539159e-6,-8.737681320474923e-6
-1.0775376599952098e-5,-1.0621430728116826e-5,-1.0543143301463436e-5,-1.059057177026983e-5,-1.0589919979138117e-5,-1.0767850286897219e-5,-1.1119835936302331e-5,-1.2053441562441352e-5
-1.0614591574038674e-5,-1.0469080295813155e-5,-1.0391174098922583e-5,-1.0447841338952938e-5,-1.0436976607838979e-5,-1.061741495687637e-5,-1.0954572315631448e-5,-1.1885696709094512e-5
-1.1337470002040649e-5,-1.1180203662619875e-5,-1.1095837837392577e-5,-1.111671272227006e-5,-1.1136979476112715e-5,-1.131271335224641e-5,-1.1708025099390177e-5,-1.2677146283182439e-5
-1.05891913946036e-5,-1.0475112462273122e-5,-1.0388592684556067e-5,-1.0469414855654279e-5,-1.0429436356927294e-5,-1.0627127406949362e-5,-1.0936462003235255e-5,-1.1891723979679013e-5
-8.524914086384213e-6,-8.475876924716323e-6,-8.185312901867696e-6,-8.905525693876598e-6,-8.270031787968073e-6,-8.947518607279322e-6,-8.548696896701317e-6,-9.689608147841828e-6
-8.68492450853965e-6,-8.627469935865668e-6,-8.336516578868013e-6,-9.047536666734528e-6,-8.422207543779307e-6,-9.097219639051292e-6,-8.713190660010935e-6,-9.856610758010381e-6
-7.964901673692608e-6,-7.91922692470497e-6,-7.634731695188571e-6,-8.38135494265173e-6,-7.725045372091192e-6,-8.404657417422853e-6,-7.962602961481338e-6,-9.06802946213989e-6
-8.709864119011117e-6,-8.621097643358118e-6,-8.338690638541908e-6,-9.02567918196169e-6,-8.429316564647925e-6,-9.087197647377404e-6,-8.730879969559303e-6,-9.850316305461565e-6
-1.1314597724061988e-5,-1.110405457135402e-5,-1.1028906119621398e-5,-1.1014367427725217e-5,-1.1073646293864001e-5,-1.1241523433399997e-5,-1.1675697946858273e-5,-1.2661542341970845e-5
-1.1153812698474716e-5,-1.0951704139328097e-5,-1.0876936917237004e-5,-1.0871636996655362e-5,-1.0920702922877522e-5,-1.1091088103528734e-5,-1.1510434326378654e-5,-1.2493797488760427e-5
-1.1876691126148513e-5,-1.1662827505926715e-5,-1.1581600655451467e-5,-1.1540508379758385e-5,-1.1620705790891328e-5,-1.1786386498600279e-5,-1.2263887109901597e-5,-1.3285247062651005e-5
-1.1128412518809828e-5,-1.0957736305592428e-5,-1.0874355502718913e-5,-1.0893210513285442e-5,-1.0913162671941224e-5,-1.1100800553472936e-5,-1.1492324013811991e-5,-1.2499824759184905e-5
-9.07116837621133e-6,-8.966520087764625e-6,-8.678273650466782e-6,-9.339013544217195e-6,-8.76087135695039e-6,-9.430447500641909e-6,-9.11154778975677e-6,-1.030663449503315e-5
-9.2311787985658e-6,-9.118113099035638e-6,-8.829477327554852e-6,-9.481024517035415e-6,-8.913047112657145e-6,-9.580148532390515e-6,-9.276041553083972e-6,-1.0473637105142136e-5
-8.51115596369994e-6,-8.409870087715864e-6,-8.127692443802877e-6,-8.81484279308532e-6,-8.215884941174273e-6,-8.887586310674852e-6,-8.525453854410213e-6,-9.685055809162768e-6
-9.256118408769693e-6,-9.111740806591402e-6,-8.831651387269508e-6,-9.459167032360037e-6,-8.920156133385967e-6,-9.570126540882939e-6,-9.293730862632322e-6,-1.0467342652529258e-5
-2.1880299541505305e-5,-2.189259392192101e-5,-2.2040804454287546e-5,-2.198692121522654e-5,-2.233882440916334e-5,-2.175766565627124e-5,-2.2307779689149617e-5,-2.057620419431324e-5
-2.292160474912034e-5,-2.308883167634187e-5,-2.3233622349602475e-5,-2.336269592104235e-5,-2.353540726159646e-5,-2.299579817166965e-5,-2.3305493458542892e-5,-2.1435022320459453e-5
-2.247521114647768e-5,-2.249031017132538e-5,-2.2562637809208285e-5,-2.268159605500388e-5,-2.2863712538128456e-5,-2.247428881309787e-5,-2.2924399806892806e-5,-2.1555006961526475e-5
-2.167305405414311e-5,-2.1860612650182194e-5,-2.193380883681962e-5,-2.227795743389739e-5,-2.2248330096558026e-5,-2.1897716319131998e-5,-2.2058076931650698e-5,-2.052852281983377e-5
-2.132244170502679e-5,-2.2052418758234867e-5,-2.196608525479942e-5,-2.226975413695787e-5,-2.2158957160562242e-5,-2.1857005056551983e-5,-2.1864528511737554e-5,-1.961704527129904e-5
-2.269276810109074e-5,-2.3550247411402302e-5,-2.3459524099514974e-5,-2.391976443407374e-5,-2.3658858713829183e-5,-2.339098304858823e-5,-2.320048859889821e-5,-2.0822136489902366e-5
-2.0751934205100934e-5,-2.1549109785967237e-5,-2.1405828917735137e-5,-2.197418205569612e-5,-2.1620368253786988e-5,-2.150859254966098e-5,-2.1262156457760143e-5,-1.9196300608184623e-5
-2.164056978609552e-5,-2.2495121760584743e-5,-2.23531255171615e-5,-2.2997508108276974e-5,-2.258206703297661e-5,-2.2461773651953475e-5,-2.2145264183928306e-5,-1.995511805722122e-5
-2.1415745235014108e-5,-2.1417956891208775e-5,-2.1558367124885914e-5,-2.152173279535311e-5,-2.1858381380462624e-5,-2.1302372212035425e-5,-2.1841706546719426e-5,-2.014940187099957e-5
-2.2457050442335183e-5,-2.2614194645527212e-5,-2.2751185020180518e-5,-2.2897507501066787e-5,-2.3054964232828815e-5,-2.2540504727394036e-5,-2.2839420316194338e-5,-2.1008219997080672e-5
-2.2010656839731986e-5,-2.201567314047847e-5,-2.208020047970174e-5,-2.2216407634932488e-5,-2.2383269509367523e-5,-2.2018995368930398e-5,-2.2458326664388387e-5,-2.1128204638052738e-5
-2.120849974751997e-5,-2.138597561942586e-5,-2.1451371507281212e-5,-2.1812769013881926e-5,-2.176788706775415e-5,-2.144242287483111e-5,-2.1592003789186957e-5,-2.010172049660765e-5
-2.0846605161783044e-5,-2.1566083226338327e-5,-2.1472453652775624e-5,-2.179196898783937e-5,-2.1667384404058404e-5,-2.1389310794754846e-5,-2.1387339094762236e-5,-1.9178009932546988e-5
-2.2216931557721067e-5,-2.306391187944586e-5,-2.2965892497323816e-5,-2.344197928510526e-5,-2.3167285957380456e-5,-2.2923288786779118e-5,-2.2723299182016833e-5,-2.038310115115002e-5
-2.0276097661659193e-5,-2.1062774254220276e-5,-2.0912197315521414e-5,-2.149639690684683e-5,-2.1128795497386298e-5,-2.104089828785611e-5,-2.0784967040977443e-5,-1.8757265269427664e-5
-2.1164733242712566e-5,-2.2008786228677405e-5,-2.1859493915100905e-5,-2.251972295950138e-5,-2.2090494276524854e-5,-2.1994079390123703e-5,-2.1668074767188114e-5,-1.9516082718475587e-5
-2.2926936786597713e-5,-2.307651829739021e-5,-2.308566123943482e-5,-2.3389718220354974e-5,-2.339993200612184e-5,-2.31278040907674e-5,-2.336476141577271e-5,-2.1818264412965305e-5
-2.3968241994083722e-5,-2.42727560516957e-5,-2.4278479134692097e-5,-2.4765492926137087e-5,-2.459651485856493e-5,-2.4365936606221137e-5,-2.4362475185449723e-5,-2.267708253911528e-5
-2.3521848391777147e-5,-2.367423454682763e-5,-2.3607494594485863e-5,-2.4084393060058177e-5,-2.3924820134985e-5,-2.38444272477113e-5,-2.3981381533510737e-5,-2.2797067180153976e-5
-2.2719691299076265e-5,-2.3044537025602544e-5,-2.2978665621926865e-5,-2.3680754438970372e-5,-2.33094376936048e-5,-2.326785475346571e-5,-2.3115058658148832e-5,-2.1770583038476476e-5
-2.2360054621279277e-5,-2.3226779619066483e-5,-2.3001577332146078e-5,-2.3664100089573876e-5,-2.321073390210813e-5,-2.3218302695008537e-5,-2.2912270708516842e-5,-2.0851151052710075e-5
-2.37303810173038e-5,-2.4724608272483444e-5,-2.4495016176875427e-5,-2.531411038687636e-5,-2.4710635455231074e-5,-2.4752280687004885e-5,-2.4248230795808777e-5,-2.20562422712389e-5
-2.178954712126556e-5,-2.2723470646885707e-5,-2.24413209949998e-5,-2.3368528008481637e-5,-2.267214499513653e-5,-2.2869890188005104e-5,-2.2309898654549375e-5,-2.0430406389403885e-5
-2.267818270232484e-5,-2.366948262151552e-5,-2.338861759468762e-5,-2.4391854061300083e-5,-2.3633843774533942e-5,-2.3823071290294867e-5,-2.3193006380859308e-5,-2.118922383854381e-5
-2.268325445907818e-5,-2.283038558863807e-5,-2.2827924792720813e-5,-2.3157836770292954e-5,-2.3141747466964078e-5,-2.2909931595829444e-5,-2.3120526989420417e-5,-2.1626509570453188e-5
-2.3724559666478382e-5,-2.4026623342941662e-5,-2.4020742688057105e-5,-2.4533611476066816e-5,-2.4338330319643643e-5,-2.414806411140567e-5,-2.411824075904657e-5,-2.2485327696648123e-5
-2.3278166064130014e-5,-2.3428101837936284e-5,-2.334975814759202e-5,-2.385251160977973e-5,-2.3666635595975418e-5,-2.362655475283624e-5,-2.3737147107199557e-5,-2.2605312337582648e-5
-2.2476008971495875e-5,-2.2798404316737863e-5,-2.2720929175200272e-5,-2.344887298896694e-5,-2.3051253154536854e-5,-2.3049982258665077e-5,-2.287082423199133e-5,-2.1578828196169616e-5
-2.2108860268482005e-5,-2.297298986058903e-5,-2.2736389268763918e-5,-2.3424324892106966e-5,-2.2945130234622153e-5,-2.299254848346121e-5,-2.2660614897570656e-5,-2.0651648473515936e-5
-2.3479186664485738e-5,-2.4470818513831123e-5,-2.4229828113664526e-5,-2.507433518964369e-5,-2.4445031788089804e-5,-2.4526526475656807e-5,-2.3996574984934318e-5,-2.185673969221754e-5
-2.1538352768651445e-5,-2.246968088853803e-5,-2.2176132931743706e-5,-2.3128752810902808e-5,-2.2406541327705245e-5,-2.2644135976681902e-5,-2.205824284368206e-5,-2.023090381041131e-5
-2.2426988349503447e-5,-2.3415692862978632e-5,-2.3123429531283163e-5,-2.4152078863526263e-5,-2.336824010713124e-5,-2.359731707898386e-5,-2.2941350570133737e-5,-2.0989721259547637e-5
-2.2772692467374414e-5,-2.2992044052814056e-5,-2.2998483740907285e-5,-2.329480723198347e-5,-2.3302383733760304e-5,-2.300552500222957e-5,-2.3200000811991324e-5,-2.148868496216378e-5
-2.3813997674802097e-5,-2.418828180698148e-5,-2.4191301636028877e-5,-2.467058193784104e-5,-2.4498966586164527e-5,-2.4243657517765313e-5,-2.4197714581639458e-5,-2.2347503088317155e-5
-2.3367604072372156e-5,-2.358976030212071e-5,-2.352031709569563e-5,-2.3989482071642127e-5,-2.3827271862625484e-5,-2.372214815927234e-5,-2.381662092974999e-5,-2.2467487729335004e-5
-2.2565446979725055e-5,-2.2960062780898722e-5,-2.2891488123440286e-5,-2.3585843450643467e-5,-2.3211889421219412e-5,-2.3145575665303135e-5,-2.2950298054493225e-5,-2.14410035877986e-5
-2.2204782851576797e-5,-2.3140718454970726e-5,-2.2913099568283227e-5,-2.3567189745497746e-5,-2.311187889761219e-5,-2.309411322196693e-5,-2.27461692117692e-5,-2.051958130717955e-5
-2.3575109247747923e-5,-2.4638547108197485e-5,-2.4406538413300492e-5,-2.5217200042611103e-5,-2.4611780451007666e-5,-2.4628091214069726e-5,-2.408212929915048e-5,-2.1724672525622273e-5
-2.163427535170826e-5,-2.2637409482754918e-5,-2.2352843231376958e-5,-2.3271617664257815e-5,-2.257328999086181e-5,-2.274570071513966e-5,-2.2143797157982885e-5,-2.009883664405686e-5
-2.252291093270067e-5,-2.358342145708256e-5,-2.3300139830796895e-5,-2.4294943716826095e-5,-2.3534988770014482e-5,-2.3698881817241747e-5,-2.302690488424059e-5,-2.0857654092975452e-5
-2.2429421822242868e-5,-2.2628722956821688e-5,-2.263253880350375e-5,-2.2921099645777408e-5,-2.2938264685755023e-5,-2.264862070062743e-5,-2.2857486581593012e-5,-2.116803427257454e-5
-2.3470727029646254e-5,-2.3824960710927753e-5,-2.3825356698679464e-5,-2.429687435154401e-5,-2.4134847538180584e-5,-2.388675321625261e-5,-2.3855200351276447e-5,-2.202685239868592e-5
-2.3024333427485978e-5,-2.32264392063205e-5,-2.315437215846074e-5,-2.3615774485375914e-5,-2.346315281462644e-5,-2.336524385769611e-5,-2.347410669945039e-5,-2.214683703976022e-5
-2.2222176334735305e-5,-2.2596741685006307e-5,-2.2525543185948727e-5,-2.3212135864311562e-5,-2.2847770372989874e-5,-2.2788671363338498e-5,-2.2607783824164654e-5,-2.1120352898047913e-5
-2.185269424964676e-5,-2.276830776352599e-5,-2.2538436353198393e-5,-2.318374132660965e-5,-2.2739088258424163e-5,-2.272761433094135e-5,-2.2394973967030893e-5,-2.018938250443336e-5
-2.3223020645633936e-5,-2.4266136416728355e-5,-2.4031875197949802e-5,-2.4833751623913805e-5,-2.4238989811815112e-5,-2.4261592323162598e-5,-2.373093405442627e-5,-2.139447372295474e-5
-2.1282186749646214e-5,-2.226499879124178e-5,-2.1978180016037787e-5,-2.2888169245495814e-5,-2.220049935162948e-5,-2.2379201823993722e-5,-2.1792601913110965e-5,-1.9768637841142633e-5
-2.2170822330589974e-5,-2.321101076566707e-5,-2.2925476615465195e-5,-2.3911495298021684e-5,-2.3162198130843596e-5,-2.3332382926343344e-5,-2.2675709639466973e-5,-2.052745529035197e-5
-2.332217375164057e-5,-2.3672924513898274e-5,-2.352793713989338e-5,-2.423272983353689e-5,-2.3859763577423733e-5,-2.3910715249528184e-5,-2.3765708908963114e-5,-2.2291878905279814e-5
-2.4363478958897496e-5,-2.4869162268042782e-5,-2.4720755035110643e-5,-2.560850453934945e-5,-2.5056346429943636e-5,-2.5148847765006237e-5,-2.4763422678435573e-5,-2.315069703134856e-5
-2.3917085356544605e-5,-2.4270640763255555e-5,-2.404977049487682e-5,-2.4927404673259936e-5,-2.4384651706413724e-5,-2.462733840662155e-5,-2.438232902680341e-5,-2.3270681672509515e-5
-2.3114928263921427e-5,-2.3640943241990266e-5,-2.3420941522367245e-5,-2.45237660522376e-5,-2.37692692649653e-5,-2.4050765912376583e-5,-2.3516006151388985e-5,-2.2244197530796023e-5
-2.273388571234502e-5,-2.3800200209526955e-5,-2.342191479987401e-5,-2.448395565937917e-5,-2.36487665948055e-5,-2.3977919875219908e-5,-2.3291405140267124e-5,-2.13020174892279e-5
-2.4104212108461463e-5,-2.529802886273779e-5,-2.4915353644484344e-5,-2.6133965956570904e-5,-2.5148668148151708e-5,-2.5511897867459486e-5,-2.4627365227606774e-5,-2.2507108707795973e-5
-2.2163378212331975e-5,-2.3296891237223377e-5,-2.286165846270527e-5,-2.4188383578123928e-5,-2.3110177687957905e-5,-2.3629507368246585e-5,-2.2689033086408077e-5,-2.0881272826008197e-5
-2.3052013793344704e-5,-2.4242903211590307e-5,-2.3808955062106162e-5,-2.5211709630828485e-5,-2.4071876467309646e-5,-2.458268847061874e-5,-2.357214081258092e-5,-2.164009027500523e-5
-2.3861394875934035e-5,-2.415554835725095e-5,-2.4013699958136705e-5,-2.4656525491290248e-5,-2.4343489892398495e-5,-2.4384388396124292e-5,-2.432157091946994e-5,-2.2899979684742055e-5
-2.490270008317037e-5,-2.5351786111519096e-5,-2.5206517853297945e-5,-2.6032300196971655e-5,-2.5540072744805665e-5,-2.5622520911546353e-5,-2.5319284689022325e-5,-2.3758797810872235e-5
-2.4456306480886498e-5,-2.475326460673971e-5,-2.4535533313137587e-5,-2.5351200331021935e-5,-2.486837802137229e-5,-2.510101155307506e-5,-2.4938191037261437e-5,-2.38787824521023e-5
-2.365414938829356e-5,-2.4123567085310177e-5,-2.390670434046511e-5,-2.494756170976177e-5,-2.4252995579768776e-5,-2.4524439058871285e-5,-2.407186816192271e-5,-2.2852298310317435e-5
-2.3280140002358147e-5,-2.429084337266964e-5,-2.3914875548523085e-5,-2.4917443509748714e-5,-2.4139606163875425e-5,-2.446084876861931e-5,-2.3854256033277552e-5,-2.1919043836555498e-5
-2.46504663982025e-5,-2.5788672025759027e-5,-2.5408314393149787e-5,-2.6567453807029506e-5,-2.5639507717308415e-5,-2.5994826760828963e-5,-2.5190216120573556e-5,-2.3124135054849998e-5
-2.2709632502264833e-5,-2.378753440039068e-5,-2.335461921151467e-5,-2.4621871428556526e-5,-2.3601017256978276e-5,-2.411243626171608e-5,-2.3251883979424726e-5,-2.149829917326238e-5
-2.359826808328126e-5,-2.473354637492387e-5,-2.430191581103743e-5,-2.5645197481183925e-5,-2.45627160362587e-5,-2.5065617363831316e-5,-2.4134991705525947e-5,-2.2257116622114273e-5
5.977788617316097e-5,6.450039702022095e-5,6.431341586397933e-5,6.845740713617044e-5,6.550018712981758e-5,6.47175274096118e-5,6.0523636100530284e-5,4.5969547361561356e-5
5.981261253821735e-5,6.453349580246714e-5,6.434724152095018e-5,6.84829191813163e-5,6.55337908022672e-5,6.474548786522701e-5,6.055744090872125e-5,4.600177541434945e-5
5.977450381711676e-5,6.449832135309281e-5,6.431263801423228e-5,6.844766996492439e-5,6.55001627101168e-5,6.470733111807288e-5,6.052139898794649e-5,4.596186441573164e-5
5.9855609935329e-5,6.457769470107197e-5,6.43931391641474e-5,6.851741163455612e-5,6.557963427933235e-5,6.478036735619089e-5,6.0601455203496483e-5,4.603888228579382e-5
7.389772457979326e-5,7.834162264669209e-5,7.81760868891669e-5,8.232289403744138e-5,7.946832041906227e-5,7.884126886307827e-5,7.500778021836285e-5,6.0996326489226344e-5
7.392789598796581e-5,7.837048342634913e-5,7.820547109649932e-5,8.23454514518413e-5,7.949746449638985e-5,7.886589357103377e-5,7.503718260532139e-5,6.102477477855386e-5
7.393014090417954e-5,7.837551766372397e-5,7.821101610367556e-5,8.23438405475988e-5,7.950261468823347e-5,7.886320402214917e-5,7.504050470079937e-5,6.1025543662332505e-5
7.395572749864712e-5,7.840064802521442e-5,7.823615733288853e-5,8.236611804587484e-5,7.952715475986122e-5,7.888706697367978e-5,7.506564714719178e-5,6.105073956730707e-5
-3.691089124833585e-5,-4.152792586538504e-5,-4.082426327741765e-5,-3.95425145477705e-5,-4.104860299385081e-5,-3.8123373011098206e-5,-3.774483847696932e-5,-1.8743650628082084e-5
-5.61667123783949e-5,-6.305071208119154e-5,-6.228082322668667e-5,-6.37453597895187e-5,-6.258829589839328e-5,-6.028717817465663e-5,-5.638016284077077e-5,-3.5224930934464445e-5
-3.705309335452227e-5,-4.222751983731666e-5,-4.0454618887144036e-5,-4.2716990709158186e-5,-4.08768567684783e-5,-4.104947160799378e-5,-3.7803222295175645e-5,-2.3173996400174693e-5
-3.7601832560672836e-5,-4.4620636045322384e-5,-4.286185844988321e-5,-4.7560675508374855e-5,-4.351024430673068e-5,-4.39384222626587e-5,-3.779742301065809e-5,-2.0897169632619664e-5
1.7584960814798816e-5,1.7531771553839677e-5,1.8040651452959953e-5,1.747809664794855e-5,1.8273016423365204e-5,1.691016923294674e-5,1.8096676446464433e-5,1.7256787856099857e-5
2.816725115420183e-5,2.7774330175158758e-5,2.7861166639110432e-5,2.801972196776746e-5,2.824719837329406e-5,2.798954976754843e-5,2.88909650071147e-5,2.8416714572190583e-5
1.6492840780467764e-5,1.634135316564409e-5,1.7142978406577602e-5,1.561547721237657e-5,1.7312953031966298e-5,1.5118701185358928e-5,1.7068590966862482e-5,1.4819554760401616e-5
2.7608937305771854e-5,2.724428465769776e-5,2.760721320102092e-5,2.6885445789981854e-5,2.789866587283767e-5,2.6895509354465902e-5,2.840529107146082e-5,2.6697311799883898e-5
2.3348436994204993e-5,2.2990929196312967e-5,2.3507985787912204e-5,2.302560385676918e-5,2.387320125342159e-5,2.2698729595417693e-5,2.4176782355220142e-5,2.3836195670775854e-5
3.372348258407181e-5,3.3028348389613846e-5,3.312418437610792e-5,3.33638640453107e-5,3.364186519790204e-5,3.3571933500210895e-5,3.4763005664392857e-5,3.478526507433607e-5
2.2620619226329294e-5,2.215223385229668e-5,2.296151328513015e-5,2.147589744796501e-5,2.3250369112782544e-5,2.12367802879153e-5,2.3494832828631304e-5,2.178471018121899e-5
3.308032238500195e-5,3.240650898871735e-5,3.277212940514186e-5,3.21363112486748e-5,3.3184043974722585e-5,3.239044061331907e-5,3.4176547011091336e-5,3.302944509245002e-5
4.0933394904392365e-5,4.052269787847714e-5,4.1548634367983825e-5,4.0503697633938304e-5,4.21462148089727e-5,3.9608895962284884e-5,4.227345593509158e-5,4.1092980656454254e-5
6.189073223486238e-5,6.080267710500244e-5,6.098534955447426e-5,6.138358455142009e-5,6.188906211702426e-5,6.156148181264552e-5,6.365396921902971e-5,6.32019781866362e-5
3.911345713312659e-5,3.849358417880307e-5,4.0104488851272567e-5,3.70913718224756e-5,4.056331930939919e-5,3.6355478639960626e-5,4.0563420961047756e-5,3.6604262103082264e-5
6.068925824090539e-5,5.965079223719047e-5,6.037934119627183e-5,5.902175562798597e-5,6.108270844399583e-5,5.9285948563398055e-5,6.258183668062397e-5,5.972675548333405e-5
-6.73809723123323e-6,-6.365832871432978e-6,-6.239537732084218e-6,-6.296188234680748e-6,-6.367493721537298e-6,-6.773735782974257e-6,-7.088289616364265e-6,-7.214109598795589e-6
3.324781484431351e-6,3.3038751567820815e-6,3.001158374748006e-6,3.603297209571966e-6,3.025583026536981e-6,3.70557846879533e-6,3.1959729064585906e-6,3.5586325866122718e-6
-9.826546035829206e-6,-9.626488900180757e-6,-9.294554365087384e-6,-1.0042116089825205e-5,-9.433706688185793e-6,-1.0363962517846674e-5,-1.0039383583409492e-5,-1.0879018012514583e-5
1.836054245297672e-6,1.7741908033785552e-6,1.6537591864911488e-6,1.6646428506456103e-6,1.6288633047020057e-6,1.898219612043543e-6,1.8568844374296794e-6,1.7121818591158814e-6
-1.0083395405937282e-6,-8.817156671813414e-7,-7.727993169282957e-7,-7.331015698394322e-7,-7.66346382599068e-7,-9.785957532170414e-7,-1.022278739813002e-6,-7.7376011857396e-7
8.971887217760443e-6,8.70477222797177e-6,8.385623869051095e-6,9.080980884967215e-6,8.543760364406832e-6,9.415052832190348e-6,9.177222353506928e-6,9.909804566812275e-6
-4.032523536517525e-6,-4.076204548304125e-6,-3.7624703726470185e-6,-4.414606054357524e-6,-3.767880390285665e-6,-4.504201177183446e-6,-3.908551178117991e-6,-4.3714058781739845e-6
7.4727945718643376e-6,7.1674147928938125e-6,7.028831363678035e-6,7.137101983832802e-6,7.1372314741617635e-6,7.601655297050267e-6,7.828434426300763e-6,8.057685638467962e-6
-7.746439860638886e-6,-7.2475515902881045e-6,-7.012340103629503e-6,-7.029292852601628e-6,-7.13384315460569e-6,-7.752334583791133e-6,-8.110571410251793e-6,-7.987872778130082e-6
1.2296667009886843e-5,1.2008645740337718e-5,1.1386780596682696e-5,1.2684276450934145e-5,1.1569341749464159e-5,1.3120629659703527e-5,1.2373193615350757e-5,1.3468435498535075e-5
-1.3859072648995544e-5,-1.3702696486230792e-5,-1.305702777851644e-5,-1.4456725177970826e-5,-1.3201590115072585e-5,-1.4868166728472517e-5,-1.394793780206391e-5,-1.5250426938246412e-5
9.308847163166606e-6,8.941603987344713e-6,8.682588938839536e-6,8.801743226794739e-6,8.76609317294937e-6,9.499873303484151e-6,9.685317254610052e-6,9.769865878458287e-6
-5.4797135993053496e-6,-4.947653510414761e-6,-4.84045941612085e-6,-4.95180736980567e-6,-5.015161269466209e-6,-5.3928752252768145e-6,-5.90392947016852e-6,-6.632986785977324e-6
5.202481014772714e-6,5.325952502780541e-6,4.997531868761006e-6,5.528913072478246e-6,4.9769197270036116e-6,5.694831378390899e-6,5.017418054838566e-6,4.7929925051886375e-6
-9.25406567868143e-6,-8.887046315062283e-6,-8.619455188187303e-6,-9.094014666373232e-6,-8.736343889967698e-6,-9.511006848345949e-6,-9.559337572700554e-6,-1.0759961836923033e-5
3.739450092224341e-6,3.79414994834654e-6,3.603622132632996e-6,3.8054276798335234e-6,3.6014802413590864e-6,4.01055897469988e-6,3.7111821909541624e-6,3.214511663499027e-6
-2.726147127010013e-6,-2.687103639865185e-6,-2.493164413085972e-6,-2.6579571058413167e-6,-2.4947119731144906e-6,-2.88789908896362e-6,-2.6812122355045084e-6,-2.2886832141273333e-6
7.252075799079322e-6,6.909419782464089e-6,6.675347607353769e-6,7.165909080465765e-6,6.822208242149025e-6,7.515953773898157e-6,7.516344834780674e-6,8.375320901834592e-6
-4.568765105526215e-6,-4.852788806725541e-6,-4.537006763221155e-6,-5.1843462195825746e-6,-4.507240017494836e-6,-5.252294806889204e-6,-4.348770103553667e-6,-3.970002960193453e-6
5.834694132594426e-6,5.345079310925889e-6,5.21359345733076e-6,5.38788480534531e-6,5.3528581932692086e-6,5.8227410942799126e-6,6.248313567245193e-6,7.268819057165851e-6
-8.205863486891554e-6,-7.634759858869131e-6,-7.333626540682784e-6,-7.609767184177642e-6,-7.509875947574979e-6,-8.28077701764317e-6,-8.585144412944849e-6,-8.92167271957522e-6
1.2454555450520605e-5,1.2235370984651208e-5,1.1672878172879609e-5,1.2694820849632563e-5,1.1799126673891391e-5,1.3210783855946908e-5,1.2533761592548981e-5,1.3168312094165004e-5
-1.3822833530803887e-5,-1.3739837814549779e-5,-1.3156464647152565e-5,-1.4278363578304481e-5,-1.3243586596682685e-5,-1.4763304342577138e-5,-1.390811036808103e-5,-1.4729967501498541e-5
9.574142901076707e-6,9.139227995525017e-6,8.817214323869657e-6,9.19331121913397e-6,8.954337176294483e-6,9.8332988096698e-6,9.959494497987365e-6,1.0483329444914316e-5
1.5166828110831581e-5,1.1309427949479635e-5,1.2134663598704049e-5,8.54121519723509e-6,1.1365227635425934e-5,1.0306876492963333e-5,1.4973292656663457e-5,2.642084376968123e-5
2.604387421006804e-5,2.1658464220611755e-5,2.2043375080864106e-5,1.9053130322305067e-5,2.143996326281087e-5,2.149596845991396e-5,2.606941340739615e-5,3.793146413818984e-5
1.4834314747493902e-5,1.0931216628299923e-5,1.1649399048678551e-5,8.340624029995653e-6,1.095252642380513e-5,1.015579947303979e-5,1.4714303752679503e-5,2.632229764169099e-5
3.0086552241261105e-5,2.556346613335554e-5,2.5920341602413503e-5,2.2901044639583357e-5,2.5339550567562057e-5,2.54621314958126e-5,3.0228868494308936e-5,4.250225249874295e-5
2.8347133903545903e-5,2.4109569739655328e-5,2.4880443968390282e-5,2.1306229560243592e-5,2.4179174553951134e-5,2.3448732001085912e-5,2.8604487094570847e-5,4.1816568206849255e-5
3.818045737922222e-5,3.3479645797807506e-5,3.379834894023612e-5,3.0925583411216865e-5,3.326037004004829e-5,3.369561050113325e-5,3.8637245923754996e-5,5.2310743299116856e-5
3.2540335180079686e-5,2.8271552601055546e-5,2.9152559169548732e-5,2.5095227129806817e-5,2.8450021733422798e-5,2.7281044411815817e-5,3.295792087337142e-5,4.573150804188882e-5
4.0822229999268406e-5,3.648608312459822e-5,3.678806874963159e-5,3.3994173003414024e-5,3.6220409934871254e-5,3.66524385125146e-5,4.1395499158981814e-5,5.478115340215404e-5
4.3513959986413925e-5,3.5418995725047864e-5,3.701510559929644e-5,2.984744279441128e-5,3.5544400232087906e-5,3.3755606539223596e-5,4.357777779447112e-5,6.82374100109447e-5
6.42243309605501e-5,5.5138109464319336e-5,5.584172346354903e-5,4.997871317768084e-5,5.4700332757310274e-5,5.519157841528641e-5,6.470665878658801e-5,9.024220688032669e-5
4.737464792194687e-5,3.920276728938947e-5,4.080195627446397e-5,3.34358492212035e-5,3.9402546224017724e-5,3.743684195438568e-5,4.7672222693063656e-5,7.205380374144719e-5
7.090878165960273e-5,6.204954874885933e-5,6.270840983979991e-5,5.689521713257714e-5,6.155996000199054e-5,6.211456950776587e-5,7.162436715379159e-5,9.728340538926247e-5
5.617299248037744e-7,7.12664796054102e-7,6.481820031461605e-7,8.200541649379416e-7,6.330918100408121e-7,8.466341156182834e-7,6.159531565846024e-7,3.2995395342208203e-7
3.088362686814586e-7,4.913851377553592e-7,4.1990747498175264e-7,5.996281266388637e-7,4.0051774013854753e-7,6.068690035907698e-7,3.691376357916244e-7,1.3624343412853322e-7
-2.0981806141253907e-8,8.225738545934069e-8,2.517108940977454e-8,1.9218872439018428e-7,4.295154702602285e-8,1.8033891069122365e-7,2.588563944380737e-8,-9.65761652116882e-8
-1.5700162697428947e-7,-8.018159048415892e-8,-9.28498060842853e-8,-5.5151266394773245e-8,-8.440839770535976e-8,-8.792477569402302e-8,-1.2041690928576163e-7,-2.039260106252844e-7
-2.2951855378782132e-7,-1.8885750074098937e-7,-1.8380592250506852e-7,-1.941059919670295e-7,-1.7971305535876782e-7,-1.9730571281472133e-7,-1.9350230988196802e-7,-3.2022187860750905e-7
-4.9735764473163e-7,-4.2572822498118486e-7,-4.229007006939505e-7,-4.3845471080942103e-7,-4.239292129156505e-7,-4.6157408213321653e-7,-4.554588808521949e-7,-5.445845751946538e-7
2.8460059424240636e-7,-6.539329538675168e-8,5.288230923850327e-8,-2.5610073319243914e-7,5.524743719383824e-8,-2.300042439073424e-7,1.369196529826237e-7,6.033417408163255e-7
-2.5030449470509464e-7,-5.261440322655163e-7,-4.465837744401749e-7,-6.68055639775204e-7,-4.4375519475605566e-7,-6.570305423726317e-7,-3.785153151074109e-7,9.577216224460359e-8
5.514149176314895e-7,6.996583404673986e-7,6.346865628352422e-7,7.898528763882532e-7,6.220695720689437e-7,8.143284155509995e-7,6.007354182820397e-7,3.4924861198722423e-7
3.256413045919473e-7,5.01849402785424e-7,4.3290397308736386e-7,5.949730647309308e-7,4.162011919762769e-7,6.014142723810211e-7,3.806324399068571e-7,1.6946235234557297e-7
-3.9268644419864397e-10,9.982847479965977e-8,4.53372898516019e-8,1.9834966496023612e-7,6.241881856220094e-8,1.8663725259542215e-7,4.381949419658549e-8,-6.48343680538748e-8
-1.345316980729849e-7,-6.217660858509961e-8,-7.211969599657642e-8,-3.765976970686146e-8,-6.437639871109789e-8,-6.846669810106807e-8,-9.988493338619458e-8,-1.865062577010847e-7
-2.30291324023555e-7,-1.9081476043625842e-7,-1.8675365005990136e-7,-1.9612628943375618e-7,-1.830340521526328e-7,-1.992528134033286e-7,-1.9675131636223054e-7,-3.14602299470025e-7
-4.718373441691056e-7,-4.051285028248802e-7,-4.004741799730446e-7,-4.1486294204828604e-7,-4.0167687886300204e-7,-4.3656765286393936e-7,-4.3286766575031643e-7,-5.255299371530972e-7
2.2777554212430811e-7,-1.0812181213259834e-7,3.7148198414843213e-9,-2.767758350957559e-7,4.379140193465032e-9,-2.5143128663398375e-7,9.100339388643552e-8,5.244873595537147e-7
-2.6775005567092917e-7,-5.350664070174387e-7,-4.572669617549316e-7,-6.577225926091125e-7,-4.5595322324067774e-7,-6.466333373218062e-7,-3.866586827545719e-7,4.83024778225242e-8
1.848811519937312e-5,9.826167665048788e-6,7.960077321703887e-6,8.626358661386372e-6,7.631489442417902e-6,1.245680929951146e-5,1.6787682076352406e-5,4.071365238934367e-5
3.2630303665779484e-5,2.333795846158681e-5,2.1416471391566592e-5,2.1292909661372716e-5,2.1122041391016156e-5,2.5796650041854296e-5,3.1212495475833395e-5,5.4932745669136086e-5
1.6012464853212118e-5,6.206202197943469e-6,4.903255332120334e-6,4.713072252901584e-6,4.690795167803982e-6,8.824849356322969e-6,1.4251993598120946e-5,3.895831395255302e-5
3.0012385605332797e-5,1.9802067401333705e-5,1.8304303550377704e-5,1.7475587410759084e-5,1.8126969734181707e-5,2.2219161816701177e-5,2.8553354309291835e-5,5.256904632649818e-5
1.5782449560348287e-5,5.967653899363863e-6,4.75778027930698e-6,4.326144122295394e-6,4.557182216639808e-6,8.472463010804347e-6,1.40429026677099e-5,3.811256609076266e-5
2.8061992276710327e-5,1.7718981099131904e-5,1.6454275235228714e-5,1.526983295679775e-5,1.6269776723299393e-5,2.00017922831044e-5,2.6551366697112478e-5,5.024649204897508e-5
1.2274882704138646e-5,9.551222622512758e-6,9.474781256903157e-6,7.4465556049673695e-6,9.163844394991432e-6,9.784624456790354e-6,1.4783311438951946e-5,2.549932160428254e-5
5.518177234244321e-6,3.386992548927222e-6,3.5095765267159106e-6,1.6054100391682229e-6,3.111313632196113e-6,3.324160967584938e-6,7.733022382318157e-6,1.792537743073467e-5
6.750706572709636e-6,4.283514447539826e-6,4.916854401008016e-6,4.131458755911587e-7,4.244870860828685e-6,2.7413508679085693e-6,9.152617750794876e-6,1.573936405240705e-5
-2.8305472705392474e-6,-4.709371273030122e-6,-3.874101057965413e-6,-8.070333817613568e-6,-4.606095790033674e-6,-6.429186024127839e-6,-7.810043133446337e-7,5.475563305576757e-6
3.234053230975512e-6,1.6300102243068456e-6,1.2961981491990709e-6,1.4175905206461694e-7,1.0220689811763835e-6,1.6783170263980456e-6,5.20100441397486e-6,1.2834762676170986e-5
-7.816218342635878e-7,-1.972226296378512e-6,-2.1438158103356623e-6,-3.2695832562636723e-6,-2.4809259225662094e-6,-2.203575701271935e-6,9.595349015197133e-7,8.242346739794678e-6
-1.1447178153126705e-5,-1.1817284935541636e-5,-1.1218411146670397e-5,-1.4202280891934899e-5,-1.1710256082776701e-5,-1.3470147582954065e-5,-9.864677192243715e-6,-8.998491803638535e-6
-9.670826286294134e-6,-1.0110240335323738e-5,-9.376027453235367e-6,-1.2864788588192135e-5,-9.909457058914787e-6,-1.21451657596553e-5,-8.035530060446589e-6,-7.2116010764991334e-6
-7.369920639407415e-7,-6.548274783650695e-6,-8.5661915850847e-6,-7.388260171003241e-6,-5.899635859767842e-6,1.2329739736812807e-6,1.375782082683778e-5,4.015669582043172e-5
-5.574432042042734e-7,-6.3790006695668e-6,-8.395915412153642e-6,-7.203347451058171e-6,-5.7277685996045305e-6,1.42612883352278e-6,1.3933780870261105e-5,4.029783104139594e-5
-6.98174099882669e-7,-6.5142012195662785e-6,-8.529676947967164e-6,-7.358979169959287e-6,-5.861228268409849e-6,1.2613510891015747e-6,1.379586582479779e-5,4.020184229284867e-5
-4.936027901593557e-7,-6.3180984432685875e-6,-8.334583341158207e-6,-7.146774685026261e-6,-5.6655723467331696e-6,1.4819929048633697e-6,1.3994826512355749e-5,4.036860791404928e-5
-5.756247879373312e-7,-6.391214304937342e-6,-8.40920537932741e-6,-7.2330223754368195e-6,-5.742053512189059e-6,1.3879084101365033e-6,1.3916640802429162e-5,4.0339702535248856e-5
-4.088583093290976e-7,-6.234413259530913e-6,-8.25187178852646e-6,-7.058979166465872e-6,-5.583136511823534e-6,1.5698828290397134e-6,1.4079769651319483e-5,4.0469517007042783e-5
-5.456250489162649e-7,-6.3598227544766e-6,-8.377950356397976e-6,-7.208187295880175e-6,-5.70911236080466e-6,1.411071356057797e-6,1.3945322744879587e-5,4.036622671109061e-5
-3.6794757172312493e-7,-6.191061983204067e-6,-8.208589731669699e-6,-7.019397048697576e-6,-5.539243403757236e-6,1.6077492941218001e-6,1.4120806909285493e-5,4.0512335547073994e-5
3.865328544685233e-5,4.488142004232282e-6,3.066950470019849e-6,1.6764271846710992e-6,7.3732418779578775e-6,2.232663268602182e-5,6.216376850332206e-5,0.00020407710564101695
3.861960727233301e-5,4.45556609987444e-6,3.035680560651505e-6,1.6343342619771688e-6,7.341896510098827e-6,2.2280733441801627e-5,6.212969959570935e-5,0.000204054988808229
3.8684749311443606e-5,4.537574127130458e-6,3.111935594447318e-6,1.7477897392260635e-6,7.408651934102928e-6,2.2411698661440157e-5,6.22083224286703e-5,0.00020405888359044792
3.8616549224166415e-5,4.472947072005574e-6,3.046608005871047e-6,1.6737396148360093e-6,7.344437127707986e-6,2.2333236031701685e-5,6.214055441055021e-5,0.00020400437829219705
3.866087951826767e-5,4.510209208552645e-6,3.0840933957565755e-6,1.724553025106604e-6,7.382265126229864e-6,2.2388316204752137e-5,6.218273888453354e-5,0.00020404342889932122
3.8622053468590175e-5,4.472848596480456e-6,3.0476101788494907e-6,1.679333432227045e-6,7.345802806052781e-6,2.233910636491993e-5,6.214393898196517e-5,0.00020401851163804268
3.8675818882973174e-5,4.551959467442478e-6,3.1177123439278503e-6,1.7870710266955436e-6,7.4062128477924815e-6,2.2463645943786156e-5,6.221218929885358e-5,0.00020399854375485014
3.859132483285258e-5,4.4700265366696e-6,3.037071824579231e-6,1.7001597666864738e-6,7.326695473900675e-6,2.237178101649561e-5,6.213174947697646e-5,0.00020393587419599083
2.9941248652917958e-5,2.50823753433599e-5,2.2939845281755755e-5,2.4377754796873696e-5,2.5228877962515168e-5,3.19251371450581e-5,4.207453966971944e-5,6.417491102604788e-5
2.996033509388474e-5,2.5100605202183124e-5,2.2958559583387405e-5,2.4396348154873652e-5,2.524804488722653e-5,3.194468997058571e-5,4.209430107315419e-5,6.419226274446609e-5
3.0025599350284834e-5,2.5170933594116685e-5,2.3030126881775822e-5,2.445344619672369e-5,2.5315078031949067e-5,3.2004131858444736e-5,4.215891588806371e-5,6.424892547544679e-5
2.996726328125496e-5,2.5118188777837867e-5,2.2968834521224586e-5,2.4421272882059636e-5,2.525443021448221e-5,3.197278659961767e-5,4.209929334489524e-5,6.418071376643034e-5
2.9973602127568487e-5,2.512791441313696e-5,2.2975844176637884e-5,2.443504794550202e-5,2.526201177243506e-5,3.198441774942653e-5,4.2105906907583554e-5,6.419032687490766e-5
2.999564121352695e-5,2.5148991358834525e-5,2.2996791261781386e-5,2.4457782158746774e-5,2.5283484295838257e-5,3.20081306926208e-5,4.212820655800547e-5,6.421171732960096e-5
2.9834590851229663e-5,2.5013961175402432e-5,2.2846434284008045e-5,2.4348052572793027e-5,2.5130295791786004e-5,3.1897672221463955e-5,4.196920812062258e-5,6.400957969026742e-5
2.9970943879289858e-5,2.514313730404555e-5,2.2983273612706338e-5,2.446126404318539e-5,2.526729951400776e-5,3.201221043397639e-5,4.2106930572050854e-5,6.415464066431297e-5
3.943750171974682e-5,4.8305827429212196e-5,4.631275264579489e-5,4.6431402519221096e-5,4.707444101359753e-5,4.694209758571925e-5,4.4075601749000916e-5,-3.7275151193605444e-6
3.926193059686252e-5,4.814146769138392e-5,4.614501218443607e-5,4.626024983803491e-5,4.690444325310166e-5,4.6764639793092855e-5,4.3902959607326104e-5,-3.872314254958008e-6
3.9236239647962866e-5,4.808419122883131e-5,4.6090003791273e-5,4.621761938125625e-5,4.686742008539886e-5,4.670965160227786e-5,4.3864963157621827e-5,-3.858540032403194e-6
3.9182329642053764e-5,4.8023788186094765e-5,4.60468818708156e-5,4.611181162944775e-5,4.6821183791783866e-5,4.659686910887508e-5,4.381463644035388e-5,-3.873773929847097e-6
3.920042476657398e-5,4.803326592583857e-5,4.6063042476480194e-5,4.611321238958883e-5,4.683755021732644e-5,4.6605750911924064e-5,4.382990438341344e-5,-3.911122139471985e-6
3.9036833274820947e-5,4.7880513524830924e-5,4.5908948091457225e-5,4.5947972260286114e-5,4.66809642692676e-5,4.6434608831215724e-5,4.366967383945162e-5,-4.049776376660724e-6
3.936735925199904e-5,4.8120870373710354e-5,4.618762315075656e-5,4.6136364423518556e-5,4.697397375023582e-5,4.661530350944532e-5,4.397182614786522e-5,-3.6052886717606255e-6
3.906443833269656e-5,4.7840057659388036e-5,4.5890643624060796e-5,4.58706516208356e-5,4.66755238851301e-5,4.6345204230703656e-5,4.366922439181923e-5,-3.909006910528693e-6
5.697972197439533e-5,3.5140227239555574e-5,3.158169616929369e-5,3.242793018239043e-5,3.684783269563078e-5,5.257679567414642e-5,8.601268157028178e-5,0.00017844656017295435
5.730208253866043e-5,3.5436325628346476e-5,3.1881982908925694e-5,3.274457211240077e-5,3.715173441726094e-5,5.291230220113595e-5,8.632836562253373e-5,0.00017869562500941375
5.72186705421456e-5,3.538972683530057e-5,3.1827827563542086e-5,3.266869192240011e-5,3.708715486896213e-5,5.282567931929686e-5,8.624864747715878e-5,0.00017865929101306733
5.7521170853382325e-5,3.568681949375741e-5,3.21099841058237e-5,3.301366802597845e-5,3.7373021168042236e-5,5.3189052621991476e-5,8.65433950786336e-5,0.00017889352617544074
5.743624337789914e-5,3.562917430581937e-5,3.204363882490455e-5,3.294748194054751e-5,3.730569494560388e-5,5.310053611700668e-5,8.646329406404059e-5,0.00017889057484725182
5.774810284870448e-5,3.59155406573893e-5,3.233197440006252e-5,3.325869819679824e-5,3.759792488016787e-5,5.343044834839681e-5,8.676858395591973e-5,0.00017913643590153355
5.723558289620533e-5,3.5565980221778586e-5,3.194023977410798e-5,3.293449994369407e-5,3.7207312822159294e-5,5.306623218441578e-5,8.631162247722559e-5,0.00017853693528763063
5.7658224605647275e-5,3.595028798142178e-5,3.2338437363978104e-5,3.3330096845369216e-5,3.7605944476839975e-5,5.3479874669829004e-5,8.672701206668826e-5,0.0001789081704185074
7.804561604139863e-5,2.731059873333862e-5,2.4405905413499113e-5,2.289465489185044e-5,3.1053799177310025e-5,5.395685365342775e-5,0.000112245605578215,0.0003117185715228217
7.798158111543848e-5,2.7249877894485385e-5,2.4344571024122507e-5,2.2807354458457266e-5,3.0992602034393465e-5,5.386357953497188e-5,0.00011218186416443629,0.0003116898366131649
7.828502224113583e-5,2.7597601019552645e-5,2.4683190531846838e-5,2.3220438188759764e-5,3.130423474328568e-5,5.4321126388648215e-5,0.00011251288928725947,0.0003118147094292633
7.818366631828815e-5,2.75246506926975e-5,2.459136150926965e-5,2.3144921132221345e-5,3.1217425685935655e-5,5.4240410410533014e-5,0.00011242804304052817,0.0003117832852325978
7.835026439559962e-5,2.768143782959251e-5,2.4748173970232467e-5,2.3342735218910107e-5,3.137780897968177e-5,5.444169101246227e-5,0.00011259054168358742,0.0003119153056786988
7.828882274908344e-5,2.7623880658198163e-5,2.4687969270564034e-5,2.3262873575249832e-5,3.131818931611342e-5,5.435593441867998e-5,0.00011253011023139462,0.0003118975810320907
7.829917137193101e-5,2.7819044881025483e-5,2.4838125405042404e-5,2.3572546854180134e-5,3.145392592240441e-5,5.468688615735464e-5,0.00011265071566974909,0.00031165414578453616
7.821952426863797e-5,2.772980164335131e-5,2.475734983557801e-5,2.3449970981659505e-5,3.137405093826091e-5,5.455422575795719e-5,0.00011256973491557482,0.0003116255689013328
3.205533820085016e-5,1.7876083224555783e-5,1.3303064828967438e-5,1.550343174744063e-5,1.8242249256186796e-5,3.3004044498166576e-5,5.868325113073445e-5,0.00011791434921387944
3.196927199970537e-5,1.7792154659514005e-5,1.321804048397644e-5,1.540694723688398e-5,1.8157476105188805e-5,3.290848331136706e-5,5.860170554588607e-5,0.00011785009519704214
3.2313415801730924e-5,1.8149648853640632e-5,1.3575839970148474e-5,1.575478551423067e-5,1.8504947537718268e-5,3.326407883593874e-5,5.893972314935245e-5,0.00011814525250240986
3.209739463371326e-5,1.795811890246292e-5,1.3359821431434329e-5,1.5598873507325532e-5,1.8291388242434917e-5,3.3108112884517484e-5,5.872939265794205e-5,0.00011794635854643984
3.221292706021281e-5,1.8082614180704525e-5,1.3479116610667277e-5,1.574458993127025e-5,1.841479131325347e-5,3.324734341543507e-5,5.884279507866796e-5,0.00011801660408499104
3.215594609172786e-5,1.80272514688724e-5,1.3421262659476962e-5,1.567753060467597e-5,1.8357501954606336e-5,3.318192769579707e-5,5.878968567821906e-5,0.00011798428814093509
3.178944448450731e-5,1.7800125631895836e-5,1.3148902142528598e-5,1.5547998031255847e-5,1.8088566238613076e-5,3.302761680773268e-5,5.846517151129762e-5,0.00011742186938450365
3.200153665907733e-5,1.7992636659763466e-5,1.3358737433969988e-5,1.568749917387563e-5,1.8297426851964796e-5,3.3169922165015865e-5,5.8679698061595234e-5,0.0001176737566579346
0.00013650441433100307,0.00010325789172667712,9.963255355507221e-5,9.96896902392423e-5,0.00010586129576206822,0.0001248451385075689,0.0001662065527086922,0.00028047093223819295
0.00013650441443722504,0.00010325789181876463,9.963255364813274e-5,9.968969031393002e-5,0.00010586129582795298,0.00012484513857301082,0.00016620655275815,0.00028047093230007254
0.0001365044145695125,0.00010325789196733837,9.963255379599983e-5,9.968969049521594e-5,0.00010586129602742353,0.00012484513877399222,0.00016620655297551538,0.0002804709325048803
0.00013650441446827848,0.00010325789184816709,9.963255367767548e-5,9.968969034284346e-5,0.00010586129585629454,0.00012484513860141786,0.00016620655278653802,0.00028047093232900036
0.00013650441433909447,0.00010325789173310513,9.963255356167713e-5,9.96896902451739e-5,0.0001058612957672567,0.00012484513851270405,0.0001662065527130333,0.0002804709322426353
0.00013650441446811306,0.0001032578918481701,9.963255367767754e-5,9.968969034311286e-5,0.00010586129585670072,0.00012484513860182923,0.00016620655278692942,0.00028047093232927764
0.00013650441451941935,0.00010325789191513634,9.963255374403817e-5,9.968969044026829e-5,0.00010586129597030802,0.0001248451387166265,0.00016620655291621863,0.00028047093244532327
0.00013650441450074928,0.00010325789187908577,9.963255370872264e-5,9.968969037320796e-5,0.00010586129588604952,0.0001248451386312529,0.00016620655281634686,0.00028047093235932175
-7.369902425547073e-7,-6.548273065023873e-6,-8.566189863879005e-6,-7.388258450286925e-6,-5.899634154824948e-6,1.2329756770875515e-6,1.3757822526973326e-5,4.015669753823044e-5
-5.57442790113142e-7,-6.379000369096011e-6,-8.395915109449508e-6,-7.203347145764869e-6,-5.727768314588057e-6,1.4261291197065746e-6,1.393378115005009e-5,4.029783134246777e-5
-6.981722969901932e-7,-6.514199521205944e-6,-8.529675246960202e-6,-7.358977469858063e-6,-5.861226583693415e-6,1.2613527720106223e-6,1.3795867505013816e-5,4.020184399106071e-5
-4.936024311398924e-7,-6.318098195117224e-6,-8.334583091078087e-6,-7.146774432477628e-6,-5.6655721141478495e-6,1.4819931385241421e-6,1.3994826739767036e-5,4.036860816247567e-5
-5.756230253914402e-7,-6.391212642627479e-6,-8.409203714728394e-6,-7.233020711467043e-6,-5.742051863688116e-6,1.387910057002986e-6,1.3916642446177539e-5,4.033970419640404e-5
-4.088579522585216e-7,-6.234413013553003e-6,-8.251871540598174e-6,-7.058978916086541e-6,-5.583136281419785e-6,1.5698830605145564e-6,1.407976987654751e-5,4.0469517253296966e-5
-5.456233189717234e-7,-6.359821126490215e-6,-8.377948726056213e-6,-7.2081856666092515e-6,-5.709110746599052e-6,1.4110729683445579e-6,1.394532435464794e-5,4.0366228338590114e-5
-3.6794726681418463e-7,-6.19106178648357e-6,-8.20858953329456e-6,-7.019396847988744e-6,-5.539243222713163e-6,1.6077494761485876e-6,1.4120807085196322e-5,4.051233574372736e-5
3.865328726325748e-5,4.488143717054908e-6,3.0669521856148986e-6,1.6764288997372614e-6,7.373243577237124e-6,2.2326634383740298e-5,6.216377019778829e-5,0.00020407710735315525
3.8619607681400524e-5,4.455566394496673e-6,3.0356808576999795e-6,1.634334561575958e-6,7.3418967894064505e-6,2.2280733722253314e-5,6.212969986978372e-5,0.00020405498910359282
3.868475110916683e-5,4.5375758194919525e-6,3.11193728964988e-6,1.7477914334818459e-6,7.408653612961498e-6,2.241170033846501e-5,6.220832410302197e-5,0.0002040588852828061
3.8616549577841485e-5,4.472947313979848e-6,3.0466082499684428e-6,1.6737398613613741e-6,7.344437354256773e-6,2.2333236259300624e-5,6.214055463191841e-5,0.0002040043785345883
3.866088127538832e-5,4.510210864607004e-6,3.084095054295045e-6,1.7245546829748165e-6,7.3822667686167876e-6,2.2388317845478327e-5,6.218274052216163e-5,0.00020404343055436668
3.862205382019234e-5,4.472848836157898e-6,3.0476104206716712e-6,1.679333676459949e-6,7.345803030296774e-6,2.23391065902097e-5,6.214393920102705e-5,0.00020401851187813884
3.8675820607289414e-5,4.5519610889629825e-6,3.117713967999821e-6,1.7870726496540894e-6,7.4062144556744e-6,2.2463647549720745e-5,6.221219090229094e-5,0.00020399854537603068
3.8591325131968485e-5,4.470026726756516e-6,3.0370720165167615e-6,1.7001599609158381e-6,7.32669564845299e-6,2.2371781192003202e-5,6.21317496463882e-5,0.00020393587438615447
5.566989804896055e-5,3.4577342347553224e-5,3.085432728348017e-5,3.184773562376422e-5,3.616283472448384e-5,5.1854447793882624e-5,8.495127976789211e-5,0.00017450230083388617
5.5792409176763825e-5,3.4686948915452345e-5,3.0966602646332646e-5,3.195852660614304e-5,3.6277011905225935e-5,5.197371093640261e-5,8.507200716190818e-5,0.00017460049963634295
5.5918633377370614e-5,3.48491824089697e-5,3.1119924041538644e-5,3.211814912361578e-5,3.641596132608561e-5,5.2140293808688525e-5,8.520458973049775e-5,0.00017470075623238703
5.5968471785138276e-5,3.4907568863184216e-5,3.1160849361124835e-5,3.220929217131187e-5,3.646041665455405e-5,5.223874067345592e-5,8.525308809223371e-5,0.00017472994233616167
5.599752000444298e-5,3.495120135051383e-5,3.119781825838468e-5,3.226336719121713e-5,3.649876112825805e-5,5.228055090455128e-5,8.52825243491999e-5,0.00017478211876180498
5.612273002624877e-5,3.5063981942567133e-5,3.131126221969233e-5,3.238076113160349e-5,3.66144405384782e-5,5.240650109444667e-5,8.540601844852364e-5,0.00017488948616531456
5.574031601843793e-5,3.4843039420573466e-5,3.104415090079685e-5,3.2223617536832115e-5,3.634475481907142e-5,5.222620129094103e-5,8.50792571665068e-5,0.00017434240629613114
5.599744381428231e-5,3.5073291217870905e-5,3.128900621742483e-5,3.243874001840879e-5,3.658990255531458e-5,5.244939358233743e-5,8.533582764292356e-5,0.00017459821599909734
8.066915036424114e-5,2.802443712163711e-5,2.539283936213817e-5,2.3784654717115542e-5,3.1998251744160336e-5,5.5270418671370675e-5,0.00011430669975285828,0.0003206302511978809
8.078041090276878e-5,2.8120342539230533e-5,2.5491705884310175e-5,2.3880293545907235e-5,3.2098971049432734e-5,5.537405340112025e-5,0.00011441219063799498,0.0003207099627799266
8.089775023625182e-5,2.8266797578847493e-5,2.563728926208973e-5,2.4034520769059976e-5,3.222821933065311e-5,5.5537715304908344e-5,0.00011454016765723435,0.00032077629886671886
8.099786769401546e-5,2.837710564743548e-5,2.5730342135209398e-5,2.417637283159577e-5,3.2325529954961696e-5,5.568984135098499e-5,0.00011464777001708795,0.0003208707174067764
8.101185841159921e-5,2.8405312392256272e-5,2.5751943987181532e-5,2.421774586933671e-5,3.234847310334632e-5,5.571877217246243e-5,0.00011466182112446032,0.0003209055223852173
8.112849099148017e-5,2.8506816056595902e-5,2.5854575339739524e-5,2.4322685511449057e-5,3.2453294649971274e-5,5.583200260784417e-5,0.00011477311756265737,0.0003209977260508306
8.089802153078374e-5,2.8455652983286746e-5,2.57608093296007e-5,2.43444350489249e-5,3.235783812528985e-5,5.583940158960797e-5,0.00011464722040358043,0.00032064992602375176
8.107950982024487e-5,2.8602696935003674e-5,2.5922990604496594e-5,2.4475383960666977e-5,3.251969406015689e-5,5.597513596410024e-5,0.00011481166513807057,0.00032080151469913114
3.1461426910367005e-5,1.7634126999326624e-5,1.3124214086397734e-5,1.5132445468104977e-5,1.8011458362415427e-5,3.2464419609508746e-5,5.8005949638611573e-5,0.00011594342761008311
3.1579097084774644e-5,1.7742451952505697e-5,1.3232642979717366e-5,1.5239401939053676e-5,1.8121802976736624e-5,3.257932295312605e-5,5.812287844407568e-5,0.00011604710615110944
3.170644076942584e-5,1.790451188498592e-5,1.3386533560495432e-5,1.5398332510391597e-5,1.8261976698414437e-5,3.2744994986081174e-5,5.825555588613604e-5,0.00011614763901023146
3.1746794487496304e-5,1.7955055475163444e-5,1.3417560799074747e-5,1.548002431008668e-5,1.829637754673303e-5,3.2832782296673025e-5,5.829274802955246e-5,0.00011617254510972012
3.178543175795305e-5,1.8005974425772758e-5,1.3464215960906092e-5,1.5543223268019754e-5,1.834454475898824e-5,3.288459370051038e-5,5.833251779877214e-5,0.00011622629342831234
3.190540529143195e-5,1.8117175668683582e-5,1.3573493968050309e-5,1.565624712435085e-5,1.8456072088915797e-5,3.3005593582058404e-5,5.845170207940684e-5,0.00011633845305956061
3.1501985429330355e-5,1.7864776845973604e-5,1.3277758038343747e-5,1.5470088177698622e-5,1.815759464731877e-5,3.279495733174441e-5,5.8091320410317375e-5,0.00011575349285322153
3.1768137404705545e-5,1.810983786570877e-5,1.3534405723213336e-5,1.5695714105987706e-5,1.841482386098312e-5,3.3028767082382785e-5,5.836114570578966e-5,0.00011603444380682773
0.00011355906875643681,0.00010092210551113231,9.86532838824588e-5,9.859829493507618e-5,0.00010135890979604708,0.00010902466598947615,0.0001245000618836823,0.00015025723618754272
0.00011347789934964518,0.00010084434303590998,9.85746021640247e-5,9.851743101420716e-5,0.00010127942447312881,0.00010894154731746216,0.00012441959053584062,0.00015018666315073754
0.00011352790978869082,0.00010088387189826844,9.861661157288964e-5,9.855095821093442e-5,0.00010132638236926169,0.00010897138332390683,0.00012446421142125541,0.00015025009785243998
0.00011345234217091546,0.00010080970715407221,9.854352898345007e-5,9.84732928539036e-5,0.00010125242702994501,0.00010889168361066574,0.0001243900749403685,0.0001501837773785235
0.00011347235944880957,0.00010082905168706269,9.856337327521084e-5,9.849235604486422e-5,0.00010127300387145663,0.0001089124956438064,0.00012440921931436977,0.00015018005396015544
0.0001134016651493999,0.00010076153778206765,9.849543403317158e-5,9.842004400893216e-5,0.00010120422944693772,0.00010883822197985292,0.00012433929428762617,0.00015011845724405162
0.00011345400180657175,0.00010079635498463978,9.853532505968492e-5,9.845189346892283e-5,0.00010124927178972284,0.00010886689499812376,0.00012438585236791943,0.00015019530186817327
0.00011340415378019007,0.00010074881931248296,9.848719981224275e-5,9.839669150643543e-5,0.00010120033687391037,0.00010881035469465824,0.00012433463816383615,0.00015014924071845342
-0.00019876767573662473,-0.0002487699769489329,-0.00025842970555623547,-0.00025768328391181716,-0.00024330044845962114,-0.00020082575640236068,-0.00010411151135791732,0.00014905062986446496
-0.0001987650621426228,-0.0002487674051756812,-0.00025842714143031373,-0.00025768070083774785,-0.00024329784172922564,-0.00020082311652442058,-0.0001041087981427717,0.00014905352416774576
-0.00019876731217665638,-0.00024876961811564713,-0.00025842934835679644,-0.00025768292951150766,-0.0002433000934400013,-0.00020082539551599925,-0.00010411113704123886,0.00014905103799858917
-0.0001987649641310992,-0.00024876730863034963,-0.00025842704529187695,-0.000257680605023926,-0.00024329774556767334,-0.00020082301885250548,-0.00010410869703136093,0.00014905363369115677
-0.00019876741095397208,-0.0002487697157167029,-0.0002584294454551291,-0.00025768302379736456,-0.0002433001868441125,-0.00020082549037497624,-0.00010411123528675555,0.00014905093094362635
-0.00019876481942108235,-0.0002487671657832106,-0.0002584269030278237,-0.00025768046189460377,-0.0002432976011066039,-0.00020082287195990155,-0.00010410854464517129,0.00014905379990390766
-0.00019876603735732073,-0.0002487683597162439,-0.00025842809559913494,-0.0002576816757751362,-0.0002432988315810283,-0.00020082411137766268,-0.00010410980203313662,0.00014905250019849446
-0.0001987642013802056,-0.0002487665556520252,-0.0002584262956524291,-0.00025767985369313064,-0.00024329698869151464,-0.00020082224865765086,-0.00010410789649263014,0.00014905451034259
-0.0002467686663821157,-0.00029652452943934143,-0.00030567800097875954,-0.00030395236566777597,-0.00029053714282276295,-0.0002473790826144049,-0.000152245458439442,0.00011175425879333492
-0.00024676606488844655,-0.00029652197078936334,-0.00030567544942226686,-0.00030394979470267414,-0.0002905345479349721,-0.0002473764548763164,-0.00015224275824995593,0.0001117571458105198
-0.00024676831254617966,-0.00029652418016374855,-0.00030567765330446816,-0.0003039520207900642,-0.0002905367974470157,-0.0002473787313341573,-0.00015224509388202446,0.00011175465857411691
-0.0002467659684623346,-0.0002965218758254158,-0.0003056753548502485,-0.00030394970045125865,-0.00029053445335137164,-0.00024737635878761116,-0.0001522426587659421,0.00011175725399891663
-0.0002467684081976288,-0.00029652427470575445,-0.0003056777473461829,-0.00030395211196812067,-0.0002905368876783764,-0.0002473788230433461,-0.00015224518894717097,0.00011175455427265786
-0.0002467658276455586,-0.00029652173680621305,-0.00030567521639836883,-0.000303949561083997,-0.00029053431267607606,-0.00024737621566701983,-0.00015224251021697,0.00011175741693670906
-0.0002467670759061453,-0.00029652295921482955,-0.00030567643788035015,-0.00030395080403531667,-0.00029053557288072053,-0.00024737748435649785,-0.00015224379665937704,0.00011175608815016611
-0.00024676522892700406,-0.000296521145609884,-0.0003056746279044182,-0.0003039489715766778,-0.0002905337191051779,-0.00024737561113564923,-0.00015224188113788115,0.00011175811086362335
3.5324505060234785e-14,2.401891077446897e-14,2.6180774355186164e-14,2.465809286566645e-14,2.5562702883241912e-14,2.578906594325857e-14,2.7695978308229882e-14,2.853880050712976e-14
3.5324505060234785e-14,2.401891077446897e-14,2.6180774355186164e-14,2.465809286566645e-14,2.5562702883241912e-14,2.578906594325857e-14,2.7695978308229873e-14,2.853880050712976e-14
3.5324505060234785e-14,2.401891077446897e-14,2.6180774355186164e-14,2.465809286566645e-14,2.5562702883241912e-14,2.578906594325857e-14,2.7695978308229886e-14,2.853880050712976e-14
3.5324505060234785e-14,2.401891077446897e-14,2.6180774355186167e-14,2.465809286566645e-14,2.5562702883241912e-14,2.578906594325857e-14,2.7695978308229876e-14,2.853880050712976e-14
-9.902767338607161e-14,-1.0311560802664957e-13,-1.0192957302694107e-13,-1.0318294954453303e-13,-1.0214566788222205e-13,-1.0178653899127954e-13,-1.0023468167652061e-13,-1.0016713920011885e-13
-9.902767338607161e-14,-1.0311560802664957e-13,-1.0192957302694107e-13,-1.0318294954453303e-13,-1.0214566788222205e-13,-1.0178653899127954e-13,-1.0023468167652061e-13,-1.0016713920011885e-13
-9.902767338607161e-14,-1.0311560802664957e-13,-1.0192957302694107e-13,-1.0318294954453303e-13,-1.0214566788222205e-13,-1.0178653899127954e-13,-1.0023468167652061e-13,-1.0016713920011885e-13
-9.902767338607161e-14,-1.0311560802664957e-13,-1.0192957302694107e-13,-1.0318294954453303e-13,-1.0214566788222205e-13,-1.0178653899127954e-13,-1.0023468167652061e-13,-1.0016713920011885e-13
1.2274983909266944e-13,1.302230986050505e-13,1.2983376476449868e-13,1.2902523548502325e-13,1.302734242873803e-13,1.3085534558319082e-13,1.318874287251511e-13,1.3111982834553471e-13
1.2274983909266944e-13,1.302230986050505e-13,1.2983376476449868e-13,1.2902523548502325e-13,1.302734242873803e-13,1.3085534558319082e-13,1.318874287251511e-13,1.3111982834553471e-13
1.2274983909266944e-13,1.302230986050505e-13,1.2983376476449868e-13,1.2902523548502325e-13,1.302734242873803e-13,1.3085534558319082e-13,1.318874287251511e-13,1.3111982834553471e-13
1.2274983909266944e-13,1.302230986050505e-13,1.2983376476449868e-13,1.2902523548502325e-13,1.302734242873803e-13,1.3085534558319082e-13,1.318874287251511e-13,1.3111982834553471e-13
-0.000527376852214627,-0.0005287901020410219,-0.0005302786813958771,-0.0005253703077186655,-0.0005282444434385754,-0.0005239639775373624,-0.0005212060261873459,-0.0005109978376631591
4.9807540199515836e-5,4.8413333756840374e-5,4.819459245425622e-5,4.886164307522733e-5,4.9024879644755165e-5,4.980868009602615e-5,5.2769320259819324e-5,5.685388428775429e-5
-0.000515241278254984,-0.000516985844322954,-0.000518141491991236,-0.0005144203714701843,-0.0005160577624204233,-0.0005130626031357839,-0.000508992881785651,-0.0004990916492264485
-0.0006288888397898195,-0.0006308458666877013,-0.0006318127035401717,-0.0006284242913114638,-0.000629654917760131,-0.0006269845825890444,-0.0006222653555879069,-0.0006113310988588915
-0.000515249844739137,-0.0005169944055233887,-0.000518150049716187,-0.000514428938986482,-0.0005160663253543361,-0.0005130711777895963,-0.0005090014743132174,-0.0004991002783434366
-0.0006288969398480595,-0.0006308539611739729,-0.0006318207950455387,-0.0006284323919698946,-0.000629663014681025,-0.0006269926905056257,-0.0006222734831662619,-0.0006113392666480343
-0.000583815849756515,-0.0005855464238638479,-0.0005867118433666567,-0.0005828366144028994,-0.0005845524840197062,-0.0005815441538433601,-0.000577459762519768,-0.0005673782216044738
0.00011783344363966439,0.00011670051606237217,0.0001161700736827064,0.00011766798182564066,0.00011701284835672138,0.00011827086735415987,0.00012028482444811049,0.00012536005193409684
-0.00048215029159083187,-0.00048390256435327573,-0.00048510744778905717,-0.0004813149351660782,-0.00048310705725889075,-0.0004798219809255792,-0.0004759127050736677,-0.00046499777717612503
-0.0005867911804025819,-0.0005887249475329801,-0.0005897575017407228,-0.0005862836001064188,-0.0005876937501474519,-0.000584704072063114,-0.0005801604423247773,-0.0005681399294570755
-0.00038615194304152274,-0.00038238369715505366,-0.0003817926208403023,-0.0003814679828450219,-0.00038028079425250023,-0.0003841361991824561,-0.00038398733872197085,-0.0004075917715785023
-0.0004532668949322838,-0.00044977569846425477,-0.0004491498196849544,-0.0004487148950454756,-0.00044754917951626166,-0.0004514229129206184,-0.0004513231826222871,-0.00047510585584092664
8.51538991676667e-5,8.223745708243124e-5,8.283720460941065e-5,8.135520984514641e-5,8.358136368832781e-5,8.24168575600865e-5,8.859487272934314e-5,9.70024776997366e-5
9.803700737306831e-5,9.572557466943968e-5,9.539551563961987e-5,9.577309983604852e-5,9.606082427385678e-5,9.716843043950782e-5,0.00010081685487329926,0.00010905212950875333
8.81690499161286e-5,8.550182717571472e-5,8.587844511036485e-5,8.482154167681472e-5,8.666243064659161e-5,8.588895552789594e-5,9.173059656574422e-5,0.00010017432046838045
9.15098844850003e-5,8.871129479733526e-5,8.847788342459797e-5,8.865926961362952e-5,8.923933330536787e-5,9.035612761443225e-5,9.465870259707382e-5,0.00010389764564384646
8.502729186537862e-5,8.208539192460434e-5,8.266717939638864e-5,8.121057735872764e-5,8.341774638371238e-5,8.229432558898596e-5,8.845563314754696e-5,9.689958496978578e-5
9.857390669886479e-5,9.625885121078037e-5,9.592346479677074e-5,9.630309746326243e-5,9.65912490312026e-5,9.77000703906292e-5,0.00010134295157298036,0.00010954353691231908
8.804068379082891e-5,8.534796297585785e-5,8.570675578342351e-5,8.46748360729716e-5,8.649712607196318e-5,8.576438166151804e-5,9.158963953726919e-5,0.00010006941347441856
9.205922112008686e-5,8.925689739398658e-5,8.901812554168776e-5,8.920171558986387e-5,8.978205473598327e-5,9.090019157441898e-5,9.519695633019905e-5,0.00010440097879924892
8.730582527884206e-5,8.461741662414318e-5,8.500354008478725e-5,8.402955436346711e-5,8.57722601848184e-5,8.504347292574722e-5,9.077260443477621e-5,9.944743964603834e-5
9.792312720264005e-5,9.558986452336073e-5,9.529238129893471e-5,9.556700676577457e-5,9.594989980741639e-5,9.696845146262661e-5,0.0001007010518880262,0.00010888055849015824
9.03178615066364e-5,8.787847092166163e-5,8.804168634628264e-5,8.7492600657753e-5,8.885015089210796e-5,8.851220005096915e-5,9.390509619220518e-5,0.00010261606156893799
9.139654105942674e-5,8.857584186366819e-5,8.837535403772197e-5,8.845287200808088e-5,8.912895762326805e-5,9.015593431116097e-5,9.454333930184414e-5,0.00010372559257412471
8.73626253733625e-5,8.465626546542033e-5,8.502201108849931e-5,8.408411016118251e-5,8.578973786098005e-5,8.51299448050138e-5,9.081815260772054e-5,9.957476318757365e-5
9.832751345538645e-5,9.598376937264726e-5,9.568606373092338e-5,9.595687306077317e-5,9.63430613237992e-5,9.736224355407152e-5,0.00010109579741900151,0.00010926109969695892
9.037350513149147e-5,8.791617521651762e-5,8.805906636165293e-5,8.754593164535571e-5,8.88665282077876e-5,8.859742645910931e-5,9.394952788274811e-5,0.00010274218541156174
9.181135212739324e-5,8.89801507687509e-5,8.87793747379158e-5,8.88532413456796e-5,8.953244529899064e-5,9.056020284595948e-5,9.494829035448186e-5,0.00010411620922524969
8.693124499966194e-5,8.435695891313426e-5,8.474143825117261e-5,8.377291203669344e-5,8.548655721272285e-5,8.474380858530928e-5,9.038512114260602e-5,9.885616445044381e-5
9.777558726412708e-5,9.541964173455714e-5,9.512372785444232e-5,9.541859850310345e-5,9.577627596671767e-5,9.682978119311502e-5,0.00010055455321490096,0.00010884551854084956
8.994319411975349e-5,8.761773178854241e-5,8.777937555006187e-5,8.723556096204687e-5,8.85642377630995e-5,8.821219976817406e-5,9.351748057416472e-5,0.00010202468049042032
9.124605114053574e-5,8.840295792312012e-5,8.820388992586283e-5,8.830190881419693e-5,8.895250548802612e-5,9.001467226305453e-5,9.439406781958517e-5,0.0001036881740387529
8.693825397318265e-5,8.432266238170876e-5,8.46936131980151e-5,8.37243871596365e-5,8.544516090588691e-5,8.472861726769974e-5,9.03838207839834e-5,9.887604481750192e-5
9.829232969327972e-5,9.593479082194395e-5,9.563046457689376e-5,9.594184100928028e-5,9.62860346452657e-5,9.735373861024225e-5,0.00010106126091145012,0.00010933004504348775
8.994883513845556e-5,8.758206565694867e-5,8.773027373624572e-5,8.718549181797824e-5,8.852155039445045e-5,8.819547424530601e-5,9.351484939791847e-5,0.00010204302346704848
9.177425316493367e-5,8.89295103473339e-5,8.872193714840827e-5,8.883676095452528e-5,8.947358105462324e-5,9.05501973794873e-5,9.49119866579372e-5,0.00010418387996438771
8.880147707708692e-5,8.62780714278435e-5,8.64436448165571e-5,8.602161673091296e-5,8.721322500028906e-5,8.698566124273466e-5,9.217631669423958e-5,0.00010130673653379596
9.807515602611572e-5,9.55315420913006e-5,9.528610858554473e-5,9.542554199404227e-5,9.5908830561915e-5,9.688235510424313e-5,0.00010073672168865857,0.00010927062848444219
9.180860258618302e-5,8.953381884137914e-5,8.947692678136069e-5,8.947897809612751e-5,9.028614710620005e-5,9.044870218735869e-5,9.530380323079536e-5,0.00010446987399452872
9.15550558139367e-5,8.852429546399463e-5,8.837596840250641e-5,8.831758651400312e-5,8.909457476059345e-5,9.007612142130869e-5,9.458563063134096e-5,0.00010412172883261293
8.985713899189654e-5,8.723110166163308e-5,8.738649303140798e-5,8.688119384466734e-5,8.81536949907702e-5,8.794097801710155e-5,9.325363018533811e-5,0.00010247023550155544
9.84355487149981e-5,9.589979305883976e-5,9.56426841725417e-5,9.580841372710947e-5,9.626727118441132e-5,9.726720422622614e-5,0.00010109183010188573,0.0001096012165593838
9.286535270290269e-5,9.048824157727502e-5,9.042092244962378e-5,9.034053358971105e-5,9.122780923909311e-5,9.140582337504864e-5,9.638223861578208e-5,0.00010563505159435954
9.192232443707099e-5,8.889948933855693e-5,8.873930068044084e-5,8.870774312958089e-5,8.945976929504886e-5,9.046821162192914e-5,9.494745659730525e-5,0.00010445924018590109
7.141399128700637e-5,6.727631056367456e-5,6.820788618702833e-5,6.194552496180066e-5,6.76690880685873e-5,6.868430184026465e-5,7.827187937934309e-5,9.229891299826178e-5
8.757922958775244e-5,8.29089831317393e-5,8.359923262755947e-5,7.705827695431649e-5,8.315589564799037e-5,8.43523243683288e-5,9.453486996336879e-5,0.00010829831750172727
7.258042473903398e-5,6.821041847408627e-5,6.911362648781982e-5,6.286359395739946e-5,6.861467200680076e-5,6.969464801610253e-5,7.942427479130117e-5,9.381970275654664e-5
8.786714123121472e-5,8.292800077214726e-5,8.360261496705828e-5,7.69679571280224e-5,8.313648584397793e-5,8.446176742998632e-5,9.489670269394071e-5,0.0001094434657756997
7.247419639543289e-5,6.793482750113858e-5,6.880804363451634e-5,6.253726192551086e-5,6.825226568253734e-5,6.976278796226981e-5,7.984752940693007e-5,9.602978251228334e-5
8.806587899771613e-5,8.30549214258306e-5,8.366900224323463e-5,7.723437336573988e-5,8.320819904803221e-5,8.496980985267812e-5,9.551321491362371e-5,0.00011149057750737146
7.516232711812722e-5,7.093862324963291e-5,7.182599538534899e-5,6.53438202134213e-5,7.128947248852044e-5,7.253118198510697e-5,8.282180369399952e-5,9.80600581440882e-5
8.640815301247308e-5,8.199602381770348e-5,8.2596202966261e-5,7.625124735870356e-5,8.209561702911063e-5,8.38531692392625e-5,9.415507950054757e-5,0.00010954198483693303
1.1066912030873169e-13,1.2191380354653716e-13,1.2221618145067544e-13,1.2026728746832904e-13,1.2428722133398806e-13,1.232426098700874e-13,1.2532046810768336e-13,1.216830458739895e-13
1.1066912030873161e-13,1.2191380354653718e-13,1.222161814506753e-13,1.2026728746832894e-13,1.2428722133398806e-13,1.2324260987008747e-13,1.253204681076834e-13,1.2168304587398954e-13
1.1066912030873167e-13,1.2191380354653713e-13,1.2221618145067544e-13,1.2026728746832896e-13,1.242872213339881e-13,1.232426098700874e-13,1.2532046810768336e-13,1.2168304587398952e-13
1.1066912030873167e-13,1.2191380354653723e-13,1.2221618145067526e-13,1.2026728746832891e-13,1.2428722133398811e-13,1.2324260987008744e-13,1.2532046810768336e-13,1.2168304587398952e-13
0.00014388818641994247,0.00013521113683928672,0.00013701592859313944,0.00012448278566408317,0.00013592135252760867,0.00013844708858069655,0.00015811940756024352,0.00018832869427980637
0.0001756451087150008,0.00016596390473494187,0.00016726823504553017,0.00015429265049692525,0.00016636409487713928,0.0001693221344011031,0.00019004808505605045,0.00021978889517985744
0.00014774275061534643,0.00013914904052054892,0.00014093962066705467,0.0001282074129703054,0.0001399041432941373,0.00014222582880196548,0.000162246077281298,0.00019187975969160248
0.00017427529442230484,0.00016492402481334988,0.0001661988181545092,0.00015321920471014696,0.00016523210310044923,0.00016831493689566682,0.0001890517824197471,0.00021898545082987687
4.8699915053985034e-5,4.78952052849838e-5,4.768743526011031e-5,4.884174205271402e-5,4.8476194045171276e-5,4.896969009832097e-5,5.119157283090084e-5,5.45549920724547e-5
4.870600969484443e-5,4.790119977793997e-5,4.769347864829932e-5,4.8847362916063875e-5,4.848225240616961e-5,4.8975433704584085e-5,5.119762922145923e-5,5.456085065632109e-5
4.8681468490617696e-5,4.787629071180538e-5,4.7668655711288826e-5,4.8824311951086326e-5,4.845777454266063e-5,4.895196299018488e-5,5.117300841302396e-5,5.4536150980907865e-5
4.870981645012221e-5,4.7903974401790285e-5,4.769685653676313e-5,4.8849631487340595e-5,4.8485854096898736e-5,4.8977893550170334e-5,5.120111018842007e-5,5.4563053007970605e-5
9.68080701318829e-5,9.442637375750373e-5,9.397323453680934e-5,9.450222831221302e-5,9.465120638805878e-5,9.582116845163985e-5,9.922712810516633e-5,0.00010762896205047797
9.680091576694134e-5,9.441676405873186e-5,9.396492837295723e-5,9.448586388837842e-5,9.46424938745054e-5,9.580752034243808e-5,9.921910701934057e-5,0.00010761988733326725
9.68002270293281e-5,9.441857414647711e-5,9.396755386459651e-5,9.44886670321097e-5,9.464607836016482e-5,9.580725501475801e-5,9.92203254581461e-5,0.00010761524601642336
9.685091499947469e-5,9.446665686329395e-5,9.401720274920042e-5,9.452803318563255e-5,9.469468557552267e-5,9.585004407665995e-5,9.926980749253145e-5,0.00010766215234370299
9.060681758308139e-5,8.768872268606796e-5,8.736325459951413e-5,8.763881164785555e-5,8.813602196126177e-5,8.926135451479007e-5,9.338772264859163e-5,0.00010290835734137814
9.058630305129156e-5,8.766611502455502e-5,8.73418420266769e-5,8.761053855794651e-5,8.811416622110177e-5,8.923549351733222e-5,9.336660018377719e-5,0.00010288674732789578
9.06386573737178e-5,8.772036711220318e-5,8.739704435959699e-5,8.76595094143272e-5,8.816902006161754e-5,8.928311560695598e-5,9.341963853910203e-5,0.00010293465812891627
9.062436252398297e-5,8.770517722329256e-5,8.738225166748228e-5,8.764193587121398e-5,8.815354148484804e-5,8.926734268698824e-5,9.340503304923549e-5,0.00010292102837373886
9.8601759919493e-5,9.621962870757268e-5,9.575741944078039e-5,9.635673028576117e-5,9.646611463338665e-5,9.762718919216929e-5,0.00010105621728936685,0.00010947075717200463
9.860724945658534e-5,9.622506129823796e-5,9.576287236745759e-5,9.636172753659097e-5,9.647157980787499e-5,9.763230695475697e-5,0.00010106166066281551,0.00010947604973632975
9.858313137440806e-5,9.620042071562452e-5,9.573842361228013e-5,9.633923873365288e-5,9.64475090213849e-5,9.76093704493868e-5,0.0001010375005981064,0.00010945171148978478
9.86107333024052e-5,9.622747339392353e-5,9.576592577272305e-5,9.636360268542053e-5,9.647488180037874e-5,9.763434568055152e-5,0.00010106480353151747,0.00010947792802454439
9.405339510594365e-5,9.115408245721654e-5,9.080910556691349e-5,9.11841636797057e-5,9.162579153415185e-5,9.272106378259648e-5,9.691781184485094e-5,0.00010652430578662467
9.404780057353569e-5,9.114858216209448e-5,9.080356899393475e-5,9.117902880106929e-5,9.162024096505515e-5,9.27158124126867e-5,9.691226317090901e-5,0.00010651893103449725
9.407022498315184e-5,9.117135932933481e-5,9.08262284571703e-5,9.119998671291914e-5,9.16425622699946e-5,9.27371703963845e-5,9.693472591883367e-5,0.00010654151863552166
9.40444388506597e-5,9.114622360904399e-5,9.080063456592591e-5,9.11771504052076e-5,9.161709074976103e-5,9.271375712771041e-5,9.690923317354421e-5,0.00010651711756747798
-0.00024676866545429705,-0.00029652452864383655,-0.0003056780001779348,-0.0003039523648674864,-0.00029053714203469726,-0.00024737908182742097,-0.00015224545765059214,0.00011175425960451748
-0.00024676606538197977,-0.00029652197142611,-0.000305675450054073,-0.00030394979533195175,-0.0002905345485809953,-0.00024737645552070714,-0.00015224275889559827,0.0001117571451908436
-0.0002467683116431448,-0.00029652417939490415,-0.0003056776525302244,-0.0003039520200167969,-0.0002905367966855808,-0.0002473787305740901,-0.00015224509311950404,0.00011175465935929605
-0.00024676596900956397,-0.0002965218765131368,-0.00030567535553333643,-0.0003039497011319431,-0.00029053445404847867,-0.0002473763594831871,-0.00015224265946261762,0.00011175725332793169
-0.00024676840734015517,-0.0002965242739785052,-0.00030567774661387074,-0.00030395211123653606,-0.00029053688695870205,-0.00024737882232486936,-0.00015224518822663072,0.00011175455501530481
-0.00024676582820558823,-0.0002965217375073267,-0.00030567521709477807,-0.00030394956177806837,-0.00029053431338658205,-0.0002473762163760084,-0.0001522425109270217,0.00011175741625238658
-0.000246767075092972,-0.0002965229585342854,-0.00030567643719465944,-0.0003039508033508308,-0.00029053557220775077,-0.00024737748368500634,-0.00015224379598515814,0.0001117560888469041
-0.0002467652295411035,-0.00029652114636279905,-0.0003056746286528707,-0.0003039489723229334,-0.000290533719867562,-0.00024737561189660704,-0.0001522418818997216,0.00011175811012729576
-0.00019876767443147456,-0.0002487699757511419,-0.00025842970435688615,-0.0002576832827120748,-0.00024330044727161949,-0.00020082575521488885,-0.00010411151016945973,0.00014905063107383936
-0.00019876506225909157,-0.0002487674054104101,-0.0002584271416638638,-0.0002576807010678412,-0.0002432978419755817,-0.00020082311676859228,-0.00010410879838907507,0.00014905352394599156
-0.00019876731089639698,-0.0002487696169446277,-0.0002584293471841378,-0.000257682928338898,-0.00024330009227874072,-0.00020082539435555552,-0.00010411113587922147,0.00014905103918184994
-0.00019876496430124436,-0.00024876730891603517,-0.0002584270455766909,-0.0002576806053054088,-0.00024329774586509558,-0.00020082301914784508,-0.0001041086973286802,0.0001490536334181116
-0.00019876740971943956,-0.00024876971458745586,-0.00025842944432457677,-0.0002576830226666132,-0.00024330018572478817,-0.00020082548925629915,-0.0001041112341668936,0.00014905093208417882
-0.00019876481960427172,-0.0002487671660825445,-0.0002584269033262112,-0.000257680462189727,-0.00024329760141767812,-0.00020082287226890795,-0.00010410854495612008,0.00014905379961727169
-0.00019876603616738914,-0.00024876835863402803,-0.00025842809451552464,-0.00025768167469180617,-0.00024329883050873077,-0.00020082411030629443,-0.00010410980095991897,0.00014905250129281365
-0.00019876420161751604,-0.000248766556003236,-0.00025842629600292917,-0.00025767985404050913,-0.00024329698905453797,-0.0002008222490186987,-0.00010410789685543902,0.00014905451000387623
9.261072306277976e-7,1.0130497990866873e-7,8.125725255157754e-7,-1.0888607080690747e-6,7.929285725096851e-7,-1.1903808709697095e-6,7.730256355825095e-7,-4.303165380817634e-7
7.209920605684692e-7,-8.633775395825406e-8,6.313116751718154e-7,-1.2753314565300343e-6,6.074439091391122e-7,-1.3907000503142323e-6,5.63897988832177e-7,-6.451639916452751e-7
4.0824939833503304e-7,-4.5310845301815913e-7,2.618031906213199e-7,-1.612266254426503e-6,2.615984013768075e-7,-1.7376150064959337e-6,2.5037484285324157e-7,-8.699979939130385e-7
2.9962164731318347e-7,-5.847685655007919e-7,1.6727386918554621e-7,-1.7894795799137018e-6,1.5911089540169872e-7,-1.9236880797090318e-6,1.3716796543432216e-7,-1.005866099056713e-6
2.0253540432133568e-7,-6.989718716051912e-7,5.245697087524529e-8,-1.9223222791742828e-6,4.467820407156422e-8,-2.04002547745482e-6,4.374244747725873e-8,-1.1244696710787603e-6
-1.3426887890209782e-8,-8.983389520372413e-7,-1.372949285776058e-7,-2.12601523184792e-6,-1.5019529476861944e-7,-2.2577697120951972e-6,-1.7754768197125367e-7,-1.366457666853931e-6
1.0874368695007904e-7,-9.77948602282582e-7,-1.7851434746738507e-7,-2.272475506304384e-6,-1.7076949733870393e-7,-2.365928162906129e-6,-4.260103753877921e-8,-9.510765895130152e-7
-2.6879176448462827e-7,-1.30916994212502e-6,-5.251600842328907e-7,-2.5740851142521596e-6,-5.18640338183547e-7,-2.683898869063146e-6,-4.273036832742008e-7,-1.3641364344068105e-6
8.771284709576921e-7,6.537590943960246e-7,8.656384331266363e-7,2.786788322052281e-7,8.516269565282801e-7,2.6689790859666364e-7,8.392862869930747e-7,3.8125085750669287e-7
6.707610957438408e-7,4.6501448367346543e-7,6.831496152591831e-7,9.146992844505182e-8,6.649094650720228e-7,6.575329698656485e-8,6.288962091051275e-7,1.6552012309915888e-7
3.565977757540237e-7,9.689239434453755e-8,3.122063132990911e-7,-2.4646539784124796e-7,3.1767109749316833e-7,-2.822416695370371e-7,3.140160927572208e-7,-6.024419621920359e-8
2.502258329556652e-7,-3.280714682108813e-8,2.1993106361233338e-7,-4.2236143708647667e-7,2.1742661139366155e-7,-4.6691660093987623e-7,2.030570407369865e-7,-1.945708112446771e-7
1.5330649050912693e-7,-1.4690441116903669e-7,1.0526441469562054e-7,-5.551752973611801e-7,1.0314377961440496e-7,-5.832139765262995e-7,1.0979759304344664e-7,-3.1309078607820364e-7
-6.371999225339797e-8,-3.472155200236587e-7,-8.553003612765639e-8,-7.595062421106964e-7,-9.277853060156592e-8,-8.016767262547049e-7,-1.1257311856482178e-7,-5.558494320654152e-7
6.475949723753004e-8,-4.2135838948134663e-7,-1.205124170243514e-7,-9.02314914984771e-7,-1.0707829927591664e-7,-9.058452927497228e-7,2.8855291556529736e-8,-1.3577489900218719e-7
-3.1724060613891703e-7,-7.565271905813943e-7,-4.715834970016691e-7,-1.2066150834708773e-6,-4.593739384023718e-7,-1.226753516762336e-6,-3.603361919545362e-7,-5.51992585160303e-7
9.678372027597976e-7,6.031525538480075e-7,9.43916707436708e-7,-2.7144217804651562e-9,9.282402140970179e-7,-4.480440449997694e-8,8.902762863800239e-7,2.0408489899982638e-7
7.617632380801593e-7,4.1465662148947435e-7,7.617148696593099e-7,-1.8977190647471852e-7,7.418113045186822e-7,-2.457751395657713e-7,6.801790274395768e-7,-1.1463836863255603e-8
4.4792154876733097e-7,4.683071861288852e-8,3.9109391136441273e-7,-5.27502482530124e-7,3.948858924020942e-7,-5.935440976477448e-7,3.656028946044381e-7,-2.370403101519784e-7
3.410213738756468e-7,-8.331411057685332e-8,2.982920782055433e-7,-7.036747075387989e-7,2.9411676408761995e-7,-7.785156837413397e-7,2.5412357421613496e-7,-3.7168778971500755e-7
2.4405760150732716e-7,-1.9744020063742817e-7,1.8358429730765081e-7,-8.364972380544741e-7,1.79792822532807e-7,-8.948234980469393e-7,1.6082113278338055e-7,-4.902273321919735e-7
2.7280027542861254e-8,-3.9753874402519075e-7,-6.966923765993094e-9,-1.0406977541081207e-6,-1.5884411290700722e-8,-1.113135066176758e-6,-6.129935866241092e-8,-7.328277466781672e-7
1.5428209497909221e-7,-4.729222817279168e-7,-4.341000960396501e-8,-1.1842654341618055e-6,-3.1655066049912954e-8,-1.2181464041913202e-6,7.863021125875918e-8,-3.1371962366849327e-7
-2.2667835114661353e-7,-8.072029688423803e-7,-3.9345340364566185e-7,-1.4880115678735401e-6,-3.8292182181049727e-7,-1.5384369922635785e-6,-3.095271649101108e-7,-7.292884219835039e-7
7.26656225518049e-7,9.977466602729556e-7,8.077171037132674e-7,1.2723589283490292e-6,7.982154110298242e-7,1.3104638242363741e-6,7.629792534273246e-7,8.977634936505356e-7
5.193032645277253e-7,8.081312248707928e-7,6.242605213507514e-7,1.0845727967997555e-6,6.105271823631737e-7,1.1086715174968557e-6,5.515927752185595e-7,6.813338349998202e-7
2.0401906686495232e-7,4.3893902160137797e-7,2.5218563188106945e-7,7.458493943084665e-7,2.6219038288510777e-7,7.598243468600772e-7,2.3563987678226538e-7,4.5482789129144046e-7
9.944019264829062e-8,3.108034616631635e-7,1.6170205326285111e-7,5.710005491797227e-7,1.6372814887676095e-7,5.762666839605402e-7,1.2647495158302043e-7,3.2173804121765264e-7
2.6534784367370474e-9,1.9679057530989187e-7,4.7155066978085675e-8,4.382095801467661e-7,4.9564563146762815e-8,4.6000153707864373e-7,3.3348532089527504e-8,2.03286754828306e-7
-2.1520927993984863e-7,-4.2656112636145054e-9,-1.4445993010713778e-7,2.3338086364102593e-7,-1.4718244365796206e-7,2.4097634611837853e-7,-1.8987355441444032e-7,-4.008016529436988e-8
-8.172827543480914e-8,-7.405531385334134e-8,-1.7449184886622227e-7,9.346377839028254e-8,-1.565054197455636e-7,1.3998145168403367e-7,-4.328650908912535e-8,3.8373932932156094e-7
-4.672602518490317e-7,-4.1235943456625993e-7,-5.290663937604487e-7,-2.1295875167941624e-7,-5.123018804248822e-7,-1.8325259143715464e-7,-4.3604060076329425e-7,-3.4993911292421956e-8
6.407992184459057e-7,2.1322569468722023e-7,6.060422909613802e-7,-4.830222630100608e-7,5.865755140594659e-7,-5.203102052376273e-7,5.628097736964087e-7,-2.071053155132763e-7
4.34652842510513e-7,2.4643973628914393e-8,4.2376621781087155e-7,-6.702053205201849e-7,4.000710443736991e-7,-7.213978695321242e-7,3.526400249165159e-7,-4.227641761564537e-7
1.2074979729567474e-7,-3.4324772037788156e-7,5.30870479597127e-8,-1.0080373952049665e-6,5.3087701871806205e-8,-1.0692583167284797e-6,3.8006688658651454e-8,-6.484349180144168e-7
1.4004887179570335e-8,-4.7321605556307074e-7,-3.9556902231251803e-8,-1.1839887953459733e-6,-4.7521237150816366e-8,-1.25401541011535e-6,-7.331574097167297e-8,-7.82877211219011e-7
-8.293594373339159e-8,-5.873137210586117e-7,-1.5424032543040555e-7,-1.3167769868194324e-6,-1.618206656598557e-7,-1.3702895454546254e-6,-1.6659611445674918e-7,-9.013909623367573e-7
-2.9977211818489305e-7,-7.874825389490095e-7,-3.4485199883670895e-7,-1.521083591817697e-6,-3.5755948148267426e-7,-1.5886990232665457e-6,-3.8877545467407463e-7,-1.1440840562193345e-6
-1.7235425950552564e-7,-8.623745067939719e-7,-3.8085948457998243e-7,-1.6640055074848362e-6,-3.728867016812755e-7,-1.6930921240733384e-6,-2.4841888528933505e-7,-7.243946458488254e-7
-5.535851827095058e-7,-1.1969694611142772e-6,-7.311792157734942e-7,-1.968184203684718e-6,-7.244342483740225e-7,-2.013791446180041e-6,-6.368488211879142e-7,-1.1403557714501803e-6
3.684990826351122e-7,5.747407171192133e-7,4.3850835290621824e-7,7.634751304456923e-7,4.249201612977104e-7,8.038237917132865e-7,4.044329893303047e-7,4.5814196745434867e-7
1.6106600715026197e-7,3.8503089759229623e-7,2.5496964103742857e-7,5.755538115874343e-7,2.3714838615066318e-7,6.019050201836697e-7,1.929663845965162e-7,2.4159357668699495e-7
-1.542845323679493e-7,1.5767728106060786e-8,-1.1716816992075341e-7,2.3672220896042584e-7,-1.1125092081095892e-7,2.5296005608389565e-7,-1.2304841458506024e-7,1.4987095668308838e-8
-2.5869341817997947e-7,-1.121758428761027e-7,-2.074790007027339e-7,6.210896680605738e-8,-2.095379597214812e-7,6.963217253223703e-8,-2.3204144606534916e-7,-1.1788252533680613e-7
-3.554544236696718e-7,-2.2615718567227185e-7,-3.2199871315921926e-7,-7.064497471572801e-8,-3.236741231965639e-7,-4.6596426417357604e-8,-3.2514323002084673e-7,-2.3630588442050985e-7
-5.733820883711753e-7,-4.272907874985389e-7,-5.136806695210053e-7,-2.755880244808038e-7,-5.204892987807421e-7,-2.6572762826712005e-7,-5.484304146605897e-7,-4.797727563865065e-7
-4.3944438216977646e-7,-4.965439026109145e-7,-5.43234319317001e-7,-4.148140784639561e-7,-5.293256119990359e-7,-3.660582510810266e-7,-4.013746539486469e-7,-5.5329086907046105e-8
-8.252734337238124e-7,-8.351912914175194e-7,-8.981122942980763e-7,-7.217000258501304e-7,-8.854302447087137e-7,-6.897319774238279e-7,-7.944281046121503e-7,-4.7448397250470586e-7
7.060624875096545e-7,6.695569514989267e-7,7.357733308601812e-7,5.197515588799507e-7,7.218509760744358e-7,5.253158849816953e-7,6.927611583519194e-7,4.2906515282295366e-7
4.992414288740079e-7,4.803976144523026e-7,5.528372038521106e-7,3.3223219435428945e-7,5.346845751678705e-7,3.238349474415187e-7,4.819111167123188e-7,2.1297620528970283e-7
1.8456644142411376e-7,1.1177928335758268e-7,1.8137769588931927e-7,-6.097289308473019e-9,1.8694456724490153e-7,-2.4576402504598015e-8,1.665402029576093e-7,-1.316011741046279e-8
7.903005761121042e-8,-1.716755271262539e-8,8.99391872900513e-8,-1.8143640680656066e-7,8.753345484148565e-8,-2.0866718882674068e-7,5.642132036106484e-8,-1.468498667378864e-7
-1.7824875725982746e-8,-1.3121817177438533e-7,-2.4668265295857764e-8,-3.142267905366485e-7,-2.6690334713769317e-8,-3.249368789949893e-7,-3.677331027359773e-8,-2.653292209823792e-7
-2.3523527930367437e-7,-3.318830162174817e-7,-2.158410975954887e-7,-5.188247653067646e-7,-2.2299308859513937e-7,-5.436902414295488e-7,-2.595358703278863e-7,-5.0839849815034e-7
-1.0443222554934662e-7,-4.039295630967289e-7,-2.485128839817521e-7,-6.60076665317801e-7,-2.3496834965676239e-7,-6.461933314598504e-7,-1.1570133025100283e-7,-8.640795112869723e-8
-4.880657384398422e-7,-7.405947453870494e-7,-6.012093259317863e-7,-9.655045408566443e-7,-5.888894505559634e-7,-9.68304692198396e-7,-5.065464973739502e-7,-5.039140767662412e-7
3.623837422224902e-7,9.771626098085774e-7,4.98351089034758e-7,1.7406829718827672e-6,4.907686340111512e-7,1.8207742217408834e-6,4.6251012692947595e-7,1.0577348463892532e-6
1.5426778022836443e-7,7.868719077047252e-7,3.141442753404896e-7,1.5524355979956432e-6,3.0232707727712e-7,1.6184697091728595e-6,2.5035502973425093e-7,8.407627331948635e-7
-1.618621109929948e-7,4.168781299889399e-7,-5.8780150972320465e-8,1.2131142718077817e-6,-4.6834956440913294e-8,1.2689785039079974e-6,-6.640392926592824e-8,6.136949616477085e-7
-2.650403361253624e-7,2.899696364737683e-7,-1.4786414436725665e-7,1.039107020201819e-6,-1.4390302301800667e-7,1.086314917256765e-6,-1.7417101718435e-7,4.815759345615227e-7
-3.6171227688034927e-7,1.7603686265492633e-7,-2.6230463340648967e-7,9.063505222418982e-7,-2.579603171726391e-7,9.70090271355932e-7,-2.671838868857298e-7,3.631878035702827e-7
-5.80220466663473e-7,-2.559501556818e-8,-4.545540013382242e-7,7.011256431049721e-7,-4.553455057965413e-7,7.506223223804232e-7,-4.910605944881536e-7,1.1935110311289011e-7
-4.428415187659979e-7,-9.196988618930478e-8,-4.807151868714956e-7,5.635412920222907e-7,-4.607738892023727e-7,6.521659969696532e-7,-3.4046886265084e-7,5.46077512259552e-7
-8.311079723756778e-7,-4.327059972636526e-7,-8.380037858220981e-7,2.5543167164571834e-7,-8.192853602427708e-7,3.2709628738437004e-7,-7.359725613431484e-7,1.2539276541686807e-7
6.186126973908261e-7,1.0107558776050988e-6,7.215664671498525e-7,1.4495473811590487e-6,7.127201517484588e-7,1.4985112646540855e-6,6.725826591580397e-7,9.567886570156393e-7
4.1100372735134935e-7,8.209130535718472e-7,5.378579579207453e-7,1.261606997408569e-6,5.247791153530541e-7,1.296547179188992e-6,4.609374078017354e-7,7.401751425600336e-7
9.543330533811043e-8,4.5144807378322673e-7,1.6549496727236916e-7,9.226806030066938e-7,1.761625002141733e-7,9.474811560489137e-7,1.447108009465667e-7,5.134769798128008e-7
-8.67527423205556e-9,3.237253716611308e-7,7.548154556858265e-8,7.481138257785127e-7,7.81683893765432e-8,7.642240198293251e-7,3.601707887709022e-8,3.8071684699550885e-7
-1.0542450977014528e-7,2.0973813759538689e-7,-3.903088805438263e-8,6.153330566602477e-7,-3.5960734521058354e-8,6.47971304171604e-7,-5.707192468860405e-8,2.622864883989733e-7
-3.2350391214314556e-7,8.487962056421802e-9,-2.3085899467112773e-7,4.103717836825702e-7,-2.3292199638952066e-7,4.2879755816978374e-7,-2.8051447431744804e-7,1.8760288506788868e-8
-1.8871449909622748e-7,-6.015329946476356e-8,-2.5959163549884837e-7,2.712351348802652e-7,-2.409382464947717e-7,3.2865490796859057e-7,-1.3257757883570432e-7,4.435678646325899e-7
-5.751654538894743e-7,-3.992773503755957e-7,-6.150789501462236e-7,-3.575345150160199e-8,-5.976473309127225e-7,4.803371058748103e-9,-5.262590558911364e-7,2.4171613829126947e-8
1.5949597484745575e-7,1.2263030942914727e-6,3.7064174514229774e-7,2.619813826019669e-6,3.686048127212519e-7,2.7379117681432227e-6,3.260901308325883e-7,1.5192184375455266e-6
-4.942338617630221e-8,1.0353198254404547e-6,1.856471624311771e-7,2.4311546291678355e-6,1.793734600549033e-7,2.5351295725286826e-6,1.131243550052358e-7,1.3017260267814958e-6
-3.6646162948240945e-7,6.644711621786999e-7,-1.8819194766285555e-7,2.0912436036439774e-6,-1.706760200092683e-7,2.1849869019937747e-6,-2.0450193279322574e-7,1.0740990620106648e-6
-4.681735275634316e-7,5.388138422858602e-7,-2.7581326275352814e-7,1.9180078060009976e-6,-2.6628976145417093e-7,2.0031622612276786e-6,-3.108047775904652e-7,9.429150291530052e-7
-5.647337978293214e-7,4.2494831646689545e-7,-3.9015255796838815e-7,1.7852619756731145e-6,-3.8024624824874046e-7,1.8869555376517726e-6,-4.0370613460426024e-7,8.245783368055724e-7
-7.839230913766145e-7,2.2272420078431165e-7,-5.830693641561599e-7,1.5796827289201267e-6,-5.783019033820436e-7,1.667072874214651e-6,-6.282749343323252e-7,5.80289688176267e-7
-6.424586044754227e-7,1.598236620701723e-7,-6.051902208498492e-7,1.4441979435239974e-6,-5.796708992216822e-7,1.5709791233783538e-6,-4.7347840422527996e-7,1.0098301074047497e-6
-1.033604659119351e-6,-1.834120382482545e-7,-9.65330908577038e-7,1.1345470823490714e-6,-9.410308502947717e-7,1.2441755579325427e-6,-8.718810412949644e-7,5.872609389191886e-7
3.1314460826456444e-6,1.7930614690695775e-6,2.8696130135105763e-6,1.9730802221920862e-7,2.84215931315582e-6,-2.4596165068481456e-7,2.464047823877721e-6,1.6937096192570392e-7
2.9321858406164112e-6,1.6111428840010108e-6,2.6941208995607196e-6,1.6341064749330285e-8,2.662469705167274e-6,-4.406951872071058e-7,2.260766442724936e-6,-3.9906009796229095e-8
2.625816559938162e-6,1.250762559166773e-6,2.331022095131759e-6,-3.1452685716932107e-7,2.3228463564731806e-6,-7.815217199765868e-7,1.95328374725552e-6,-2.5928215138707155e-7
2.5066061281303127e-6,1.1089073576432233e-6,2.225871973127807e-6,-5.009443337168121e-7,2.2097778999376985e-6,-9.768657145013197e-7,1.829588113722198e-6,-4.045085008431523e-7
2.4086357272181065e-6,9.939050775225973e-7,2.1102213026557955e-6,-6.344548639889845e-7,2.094514814091158e-6,-1.0939175588419738e-6,1.735305391177065e-6,-5.237442795312732e-7
2.197632801461948e-6,7.99415682645829e-7,1.9253512091447213e-6,-8.333988837441542e-7,1.904554793151802e-6,-1.3068388394780483e-6,1.518999769541393e-6,-7.60870400296506e-7
2.2901496669359865e-6,6.910858690301412e-7,1.854582809973521e-6,-1.0064860408590974e-6,1.8542412612774465e-6,-1.4420359616021687e-6,1.62374175478938e-6,-3.7420371455099946e-7
1.9334515312619723e-6,3.8020632111913575e-7,1.5286754000483575e-6,-1.2889458528424488e-6,1.52712343245089e-6,-1.7406575042781412e-6,1.259832202323863e-6,-7.67752420692058e-7
2.865097053052656e-6,2.104827252778008e-6,2.6549290097568734e-6,1.4498153475197851e-6,2.63425242874131e-6,1.1367823198363489e-6,2.3623056787540197e-6,9.730381233522765e-7
2.664656044054738e-6,1.9219094292416885e-6,2.4782818719513803e-6,1.2682437518018795e-6,2.4534010983495574e-6,9.413529861055957e-7,2.157844929824703e-6,7.630299319081616e-7
2.356983579330536e-6,1.5603279402234412e-6,2.1138751155266104e-6,9.365460449383802e-7,2.1125078707176678e-6,5.996103842565615e-7,1.8491295745640212e-6,5.428929927897199e-7
2.239897707588648e-6,1.4202614773594961e-6,2.010844047188568e-6,7.51233461868792e-7,2.001550567276909e-6,4.0545192670694457e-7,1.7275264360741412e-6,3.9895774800565093e-7
2.142100493352363e-6,1.3053687051380402e-6,1.8953528733110332e-6,6.177506482322227e-7,1.8864469318235699e-6,2.884349395860037e-7,1.6334113910356855e-6,2.797958199638003e-7
1.930095501865927e-6,1.1100248465912577e-6,1.709503554408338e-6,4.1828558243098676e-7,1.6954999952032707e-6,7.490817916805243e-8,1.4160974324535932e-6,4.203367383772982e-8
2.028558764748757e-6,1.0066793133333634e-6,1.6446133276841822e-6,2.4823295889130453e-7,1.6511066391438736e-6,-5.6918481513365975e-8,1.52687515459439e-6,4.3259705377214285e-7
1.667670385515634e-6,6.922238179100033e-7,1.3145624638906015e-6,-3.644931557902054e-8,1.319839992335284e-6,-3.58018693984273e-7,1.1587955736219794e-6,3.643231948132013e-8
2.8826507568308093e-6,2.916863133553552e-6,2.910432368152824e-6,3.0114043008893147e-6,2.8953694934564665e-6,2.672067162892419e-6,2.3834951078300748e-6,1.6094392418428992e-6
2.680710078690753e-6,2.7325512109203586e-6,2.7323064053374316e-6,2.8288199174847198e-6,2.713039819549341e-6,2.475527895723919e-6,2.1774958568612683e-6,1.3982005471232954e-6
2.3712582618984857e-6,2.369200796677707e-6,2.3660902763447034e-6,2.4957309738370372e-6,2.3703906300482443e-6,2.132311404274576e-6,1.8670549004133637e-6,1.1767260971749748e-6
2.2569407144802986e-6,2.231650214714673e-6,2.2658312404106486e-6,2.3122497886332336e-6,2.262185149066004e-6,1.9400935553892844e-6,1.7482713331091918e-6,1.0349745481138644e-6
2.1593177992560967e-6,2.1168664363236714e-6,2.150491122102351e-6,2.1787946236343623e-6,2.1472312646947943e-6,1.8231248357689725e-6,1.6543408389491287e-6,9.15925749310105e-7
1.946040375483452e-6,1.9203287827796558e-6,1.963387651380482e-6,1.9784555828260564e-6,1.9550281584834794e-6,1.608635913899399e-6,1.4357128508250744e-6,6.77091662758068e-7
2.0521914058448583e-6,1.823971861598025e-6,1.9061141641107402e-6,1.8134767183560508e-6,1.918274598385192e-6,1.4823126504559042e-6,1.5545693260536945e-6,1.07429468182473e-6
1.685855770996432e-6,1.504453786263833e-6,1.5706404246754558e-6,1.5250566117502942e-6,1.5816030325918046e-6,1.1771857300938098e-6,1.1809087080043142e-6,6.73668663782259e-7
2.47872229652772e-6,3.112724279842095e-6,2.5604771363244716e-6,4.18580175811945e-6,2.5526851675897e-6,3.970949167612834e-6,2.143607603647175e-6,2.3229991150930833e-6
2.275574440533778e-6,2.9273926674310126e-6,2.3811699457080745e-6,4.0026094329308425e-6,2.3691677849529296e-6,3.773707333385218e-6,1.9364026634203806e-6,2.111021473203676e-6
1.9647950173255913e-6,2.56282118163515e-6,2.013623273481965e-6,3.668685552838064e-6,2.0252269057616298e-6,3.4295659843662228e-6,1.6247066018371633e-6,1.888777868241541e-6
1.852662843442687e-6,2.4271086425178427e-6,1.915543190663823e-6,3.486330233961822e-6,1.919192107586958e-6,3.2385608541428185e-6,1.5080769786333555e-6,1.7483448095701583e-6
1.7552198414826853e-6,2.3124391380721282e-6,1.8003694766570718e-6,3.3529046776740473e-6,1.8044045113669501e-6,3.1216288752108842e-6,1.414320662954928e-6,1.6293726425900657e-6
1.540919326378445e-6,2.1150307233805798e-6,1.6122657743416208e-6,3.152042960466647e-6,1.6111936666580292e-6,2.906529859327872e-6,1.1946633294340256e-6,1.3898973339863423e-6
1.6531810668129185e-6,2.0237935949791653e-6,1.561037096222443e-6,2.990150993770049e-6,1.5805263730880497e-6,2.7836469605882267e-6,1.3197246162611862e-6,1.7910633279763801e-6
1.282547930302403e-6,1.7006128131797746e-6,1.2213137237155683e-6,2.6994797360802025e-6,1.2396005882732642e-6,2.4760001381275047e-6,9.417861618193587e-7,1.3877793491983474e-6
1.3183616607410295e-7,-3.449271618993527e-7,7.155484901747566e-8,-9.444268142458599e-7,2.4700923356235815e-8,-1.2546557247976725e-6,-3.7140948289916427e-7,-1.8148610030720265e-6
-7.070258166147424e-8,-5.299461668302515e-7,-1.0718513352676764e-7,-1.128036968402217e-6,-1.5825382314598393e-7,-1.4521519713659578e-6,-5.780075942379451e-7,-2.0269989717259873e-6
-3.8065194666103275e-7,-8.93828268699418e-7,-4.7387261750585137e-7,-1.461946536589739e-6,-5.013720808905125e-7,-1.796108306204574e-6,-8.889128043683716e-7,-2.249237817037251e-6
-4.936876147384334e-7,-1.0299261119592496e-6,-5.728278745609145e-7,-1.6436277197378912e-6,-6.08254481818927e-7,-1.986574132105893e-6,-1.006399515326569e-6,-2.389308974307084e-6
-5.911176395471052e-7,-1.1444717727811676e-6,-6.879629658383937e-7,-1.7767996591491149e-6,-7.230020942715633e-7,-2.1032643714137594e-6,-1.1001448714711802e-6,-2.508144334287848e-6
-8.048786464766694e-7,-1.3415883266009561e-6,-8.755661823668873e-7,-1.9780052448611203e-6,-9.157143570606171e-7,-2.3185544569823466e-6,-1.3192585152036741e-6,-2.7477343012849052e-6
-6.95291939310917e-7,-1.433892862081798e-6,-9.292360589952333e-7,-2.1377125976275605e-6,-9.487991694254081e-7,-2.43982152388149e-6,-1.1968724842953899e-6,-2.345781474190026e-6
-1.0638583239465722e-6,-1.7559965052524308e-6,-1.2669908385222605e-6,-2.429660678707939e-6,-1.2877889774777174e-6,-2.748288227170884e-6,-1.5727828439184587e-6,-2.749612790975278e-6
-3.3498736031484423e-7,-2.169689618385777e-7,-3.4150674803148946e-7,1.6496678338225962e-7,-3.8180120148013184e-7,-2.4426912258339473e-8,-6.740057845905571e-7,-1.1647167557946532e-6
-5.387594970776487e-7,-4.030359906027697e-7,-5.214545236130129e-7,-1.928300883814498e-8,-5.659704760898958e-7,-2.2265705349945347e-7,-8.818357239146684e-7,-1.3776230655191311e-6
-8.500569557137168e-7,-7.681603134223972e-7,-8.894926463409351e-7,-3.5405224038136133e-7,-9.103999423728636e-7,-5.675619742568219e-7,-1.194015582413649e-6,-1.6006540031428838e-6
-9.608600148017097e-7,-9.023712011487003e-7,-9.862212201558586e-7,-5.345593576480249e-7,-1.0150636574064928e-6,-7.567661334223603e-7,-1.3093003724807287e-6,-1.7393573640988752e-6
-1.0581022945087997e-6,-1.0167939667791787e-6,-1.1011818193645362e-6,-6.676937244892551e-7,-1.1296369203801406e-6,-8.734112896147028e-7,-1.402864184446442e-6,-1.8581096014897047e-6
-1.2729082722529796e-6,-1.214805167020851e-6,-1.2898075185237021e-6,-8.694493356848998e-7,-1.3233794070403792e-6,-1.0893383385272702e-6,-1.6230290298192809e-6,-2.098365992778056e-6
-1.1570790976587572e-6,-1.301849011577576e-6,-1.3372970499408714e-6,-1.0259241646401487e-6,-1.3502408188435701e-6,-1.207018672340331e-6,-1.4943033770173228e-6,-1.6923066124720478e-6
-1.5300313154247666e-6,-1.6277093443857383e-6,-1.6793909546430032e-6,-1.3202244065114371e-6,-1.6935750422016485e-6,-1.5181057774710198e-6,-1.8745806867984398e-6,-2.098894078544047e-6
1.472565109762644e-6,1.6056599331588356e-6,1.4837449155032528e-6,1.95623110508452e-6,1.4590026181690008e-6,1.6943810452736278e-6,1.0602425770630241e-6,5.316382693086913e-7
1.2697695652764696e-6,1.4205511256117018e-6,1.3047704570590012e-6,1.7729405648965547e-6,1.2758161908770202e-6,1.4971134037232739e-6,8.533902959805616e-7,3.196798704613793e-7
9.594562576581627e-7,1.0563865904392558e-6,9.377037367421313e-7,1.4391243649818827e-6,9.323365923528366e-7,1.1531541787490408e-6,5.421390260303147e-7,9.753166664848483e-8
8.467659110163412e-7,9.203455087513739e-7,8.390774229174957e-7,1.256914069367588e-6,8.257683177676879e-7,9.622346820179436e-7,4.2497078697651016e-7,-4.289936603450386e-8
7.493183736804391e-7,8.057212432014152e-7,7.239115370256881e-7,1.1235914593772555e-6,7.109891491566011e-7,8.453996709392402e-7,3.3120863167351875e-7,-1.6182118708491798e-7
5.353264112347297e-7,6.085137073660686e-7,5.360982086230347e-7,9.226519547782606e-7,5.180681700023699e-7,6.302905866695869e-7,1.1186336224984107e-7,-4.01268877468792e-7
6.459698045841459e-7,5.163671524554802e-7,4.83356200394789e-7,7.61292323439453e-7,4.858954482794329e-7,5.076857365466312e-7,2.352891846389119e-7,-2.332717425756827e-10
2.7655657014690773e-7,1.9397264377669124e-7,1.4480842866010395e-7,4.7036689091321835e-7,1.4613082504239726e-7,1.9998652470678951e-7,-1.4144229212468085e-7,-4.034362706310674e-7
1.147404351559627e-6,1.8573576781735312e-6,1.210659262303488e-6,3.147832831420457e-6,1.1926614861139218e-6,3.0135766400918097e-6,8.992416176098886e-7,1.2809212783200804e-6
9.434047241378835e-7,1.6712258683416908e-6,1.030506609640123e-6,2.9639136791090367e-6,1.0082901789016923e-6,2.8155892740746753e-6,6.911867868667743e-7,1.0682083775994363e-6
6.317657479831487e-7,1.3058378468653777e-6,6.621099676926089e-7,2.629245392529543e-6,6.635195178594392e-7,2.4706920199993293e-6,3.7868175854531894e-7,8.452789745249942e-7
5.21246463011544e-7,1.1716310581344471e-6,5.656491835068246e-7,2.44818154341186e-6,5.591086880813825e-7,2.281000629478066e-6,2.6365290370566225e-7,7.06181262723535e-7
4.239758937094373e-7,1.0571202597981993e-6,4.5064662407757563e-7,2.3148900355838094e-6,4.444927296593992e-7,2.1642041167344043e-6,1.7006193608504577e-7,5.873357531421015e-7
2.08962723741036e-7,8.590385346836551e-7,2.6183500791170626e-7,2.113409182363907e-6,2.505657616927324e-7,1.9484694019994878e-6,-5.031076356313381e-8,3.4723229528473116e-7
3.2568495270084793e-7,7.720093707193251e-7,2.1510491964825974e-7,1.955210554698651e-6,2.2444735121293376e-7,1.829363510395587e-6,7.928648317717676e-8,7.522930336177278e-7
-4.8008858169326496e-8,4.4594830289996237e-7,-1.276764220259445e-7,1.661974526724261e-6,-1.195560273772323e-7,1.5190969258602985e-6,-3.017056844130396e-7,3.4638613570150684e-7
1.9994557077687464e-6,2.9388266900372446e-6,2.1433391883129987e-6,4.407211158287114e-6,2.134703194948141e-6,4.214932876992746e-6,1.7020793577885747e-6,2.221819986977084e-6
1.7955615689161393e-6,2.7528154193058596e-6,1.9632948314818257e-6,4.223516058113904e-6,1.950445757022852e-6,4.0171449765803935e-6,1.4941181286424348e-6,2.0092630584873887e-6
1.4839564062529606e-6,2.387448176268321e-6,1.5949177784696765e-6,3.8889665906816935e-6,1.6056976327133112e-6,3.672340440872428e-6,1.1816308577987678e-6,1.7864242855851755e-6
1.3732103634130188e-6,2.2529814400894834e-6,1.4982259704155115e-6,3.7075247839670608e-6,1.5010465878246607e-6,3.48229749030313e-6,1.0663963000334932e-6,1.6470372441744234e-6
1.2758827091548588e-6,2.138398242959603e-6,1.3831602792594997e-6,3.574146482339756e-6,1.386366797675461e-6,3.3654190654224306e-6,9.727553882726478e-7,1.528138858297591e-6
1.0609523026599967e-6,1.9404116301703944e-6,1.1944343761915564e-6,3.3728536959410496e-6,1.1925302117346897e-6,3.1498497505458104e-6,7.52455583899904e-7,1.28816349737851e-6
1.17706030579339e-6,1.8526415693076066e-6,1.1470414726072526e-6,3.2135114331475244e-6,1.165722879341878e-6,3.029701968933883e-6,8.814991260548509e-7,1.6924434000703495e-6
8.03737841322204e-7,1.5270052154844905e-6,8.04639428299777e-7,2.921010242373073e-6,8.221169808269483e-7,2.7200961860788867e-6,5.008375749735361e-7,1.2870691223450977e-6
1.7268581419000945e-6,3.236936670664514e-6,1.922327482171033e-6,5.6279763467902145e-6,1.920626489818697e-6,5.566139765309112e-6,1.593472990303479e-6,3.0086495393559323e-6
1.5217679569771004e-6,3.049909134413828e-6,1.741113213082475e-6,5.443654643993423e-6,1.7351925276431593e-6,5.367635300706702e-6,1.3843172596656434e-6,2.7953409181639963e-6
1.20884207222277e-6,2.6833221102718223e-6,1.3714105598002776e-6,5.108253326460674e-6,1.3891575762663195e-6,5.021894012848401e-6,1.0705808033364363e-6,2.5717227745983277e-6
1.100248985336568e-6,2.5506742878835795e-6,1.276866232204796e-6,4.927951189826682e-6,1.2866457717704703e-6,4.83307018708007e-6,9.574670844599323e-7,2.4336595810373447e-6
1.0030947535798823e-6,2.436201398907229e-6,1.16196011843242e-6,4.794601948184835e-6,1.1721254387064629e-6,4.716228166197973e-6,8.639939956093272e-7,2.314835375355992e-6
7.871494918206223e-7,2.2373459557428306e-6,9.722425640432406e-7,4.592769209836757e-6,9.772895579598354e-7,4.500035582172795e-6,6.426731210585574e-7,2.074206106169907e-6
9.092884648572652e-7,2.154651275570631e-6,9.308113795518472e-7,4.436570608296771e-6,9.564858663649302e-7,4.383363506490443e-6,7.778387578024416e-7,2.482491276216702e-6
5.317152050110431e-7,1.8253735427658714e-6,5.842059801603094e-7,4.141767562732947e-6,6.086716771307387e-7,4.07120328706416e-6,3.929467635741851e-7,2.074425439582608e-6
-0.00026803214845244285,-0.0003260156898030489,-0.0003330731240988097,-0.00032424077698747875,-0.00031526865931489094,-0.0002707387415838674,-0.00016511876683395908,0.00020123659697453364
-0.0003460519342958723,-0.0003982722238576313,-0.00040664966162879193,-0.0003908590159256614,-0.0003890003289216112,-0.0003416416607814619,-0.0002504721562038964,8.760138428708423e-5
0.0003745594050961194,0.00033584229164631744,0.00032310858899943387,0.0003469615238452925,0.0003395142661315792,0.0003838208044273867,0.0004451867662140836,0.0006761934124527596
-0.000600734568501147,-0.0006770995352803645,-0.0006700153559212839,-0.000721697831318628,-0.00066101022235472,-0.0006581407261841344,-0.0005093686072706402,-0.00025720093616186837
0.00039055682001031043,0.0003475471514697889,0.00033446341358062766,0.0003611807410324639,0.00035171398064661396,0.00039881976423905357,0.0004624500111107515,0.0007095484341712096
-0.00022833396371796459,-0.0003003409019956959,-0.0002941889708026128,-0.00034382991020750315,-0.0002865710539905905,-0.0002832572018708984,-0.00014197341795403173,0.00010231236643504379
0.0007214641126429029,0.0006852474189583088,0.0006775848302680431,0.0006890053151411362,0.0006850196271289042,0.0007094627612852784,0.0007434367917324245,0.0009077656295027176
0.00019474209217149957,0.00022723118116412856,0.00023141359226198092,0.00022649869528378953,0.00022094020504638225,0.0001949686903265791,0.00013277348118250328,-7.304067804880605e-5
0.00014299069875330395,0.00017823314121457654,0.00018203540392667327,0.00017887875749262786,0.0001716130203407081,0.00014671590355557499,8.159029151829035e-5,-0.0001296674874724206
0.00031408746313258226,0.00034476270092133126,0.00034280052284568253,0.0003521049204008829,0.0003369677808431962,0.0003312947754479679,0.00027916014163538287,0.00014093409937767496
-0.0007638184074142488,-0.0007550072426735803,-0.0007462002939007757,-0.0007713496251851746,-0.0007533685980078736,-0.0007790504744478254,-0.0007837552589960266,-0.0009050560333977918
0.0001573495524823702,0.00018754581997256696,0.0001859080511021726,0.00019436330208203739,0.00018049493377070974,0.00017784906510251485,0.00012810308779542627,3.74892022171484e-7
-0.00042688792185862273,-0.00040687877589978854,-0.0003992454478214894,-0.00041624784146056254,-0.0004076417652151248,-0.00043532172293922825,-0.00046246662736631875,-0.0006211666885247251
-7.59332142155752e-6,1.0061653407266821e-6,1.3081106100322114e-6,6.990746995398933e-7,1.5772787033694534e-8,-3.748078979657094e-6,-1.2271616392968915e-5,-4.203204327406147e-5
1.0175433558848096e-5,1.1265773613917614e-5,1.1402981967750323e-5,1.1050793434647773e-5,1.122958980991073e-5,1.0526742311357114e-5,9.67817621299567e-6,5.624313117042203e-6
0.00015179795345062364,0.00015567590287603273,0.0001601876333244448,0.00015047724114379595,0.00015805718280932868,0.00014353039113443685,0.00013868405649820656,0.00010836238290081429
0.00011043675981804179,0.00011453722619797602,0.00011972291222239395,0.00010874900382966262,0.00011734882602260367,0.00010145003813494992,9.65453264627091e-5,6.136025384095734e-5
0.00032601319518627155,0.0007094228508531332,0.0008383056100099438,0.0007905800959853134,0.0006667022594429047,0.00021507234779945153,-0.0006775018231042314,-0.002486851051017404
0.0014580335606242465,0.0010791480583166248,0.0010694885343022578,0.0008852734687342181,0.00114834382587449,0.0012667604374234135,0.0020194209601176985,0.003225747180208218
-0.0007214641132688158,-0.0006852474197524287,-0.0006775848310461461,-0.0006890053159214264,-0.0006850196279272602,-0.0007094627620874344,-0.0007434367925377673,-0.000907765630292857
-0.0006047443060902861,-0.00074361920758661,-0.0007669181922066565,-0.0007242295326661765,-0.0007206764713305381,-0.0005976779872064284,-0.00035147774643113944,0.0005465414640765755
0.0017647418616524178,0.0016595016779754166,0.0016547735656664928,0.0016348314194440093,0.0016590756269846685,0.0017091985665588529,0.0018247033778673984,0.0022083027376923713
-0.0017647418571898406,-0.0016595016737119882,-0.001654773561383278,-0.0016348314151613552,-0.0016590756227132452,-0.001709198562279689,-0.0018247033735726073,-0.00220830273337116
-0.0002947799860140665,-0.00027460333727365703,-0.0003109067091882037,-0.000186306593475689,-0.0002915810565177492,-0.00018615620009407758,-0.00027066460296158723,-0.00014676450926188556
-5.029855291202071e-5,5.246015194221837e-5,-1.1918822460754907e-5,0.00017715414644635055,1.5105322209834821e-5,0.0001956846372920066,1.3844398426336816e-5,2.8562565701581867e-5
5.029855706027943e-5,-5.246014790102415e-5,1.1918826510228507e-5,-0.000177154142395997,-1.5105318169663642e-5,-0.00019568463324413815,-1.3844394367513362e-5,-2.8562561621117873e-5
0.00037906822739152616,0.00035780218445062676,0.0003574806539956983,0.00034933146528422655,0.000362406513727379,0.00036690038021590864,0.0004002628474459912,0.0004918466660702529
0.0003218137306702292,0.0002890069291326812,0.00029960399469062,0.0002568208783901996,0.0002890364616849001,0.00029027313268780136,0.0003378298832049239,0.0003927715678525847
0.00020988999019765173,0.0005198755676962115,0.0005170967862361373,0.0006114791461630838,0.00045566104466203487,0.00033163205183037295,-0.00025382479930967106,-0.0016185886342415916
-0.0013761947371562515,-0.0009223702270284525,-0.0008274870293093715,-0.000881892238365518,-0.0009508570788489872,-0.0013388954917651133,-0.0020277521233760644,-0.003910402084678407
0.00034959222826170546,0.00023835241983878036,0.00026203281099002735,0.00016108763362717373,0.00025341934094538494,0.00024165740158366586,0.0003984427260278119,0.0006489334662355491
-0.00029279063918693257,-0.0001926056116187519,-0.00018537765113143872,-0.00018680628516041278,-0.0002011255447604647,-0.00024895790189011983,-0.0003570125858502148,-0.0006818393524589838
-0.0003753915849688608,-0.0003141018817823704,-0.00032276478969133426,-0.0002990519963166428,-0.0003134870417444847,-0.0003125586286053443,-0.0003607492287202412,-0.000498109941936219
0.00022001376299849405,0.00020070582519875207,0.00017825515234443055,0.0002542852188953486,0.00018870436232117468,0.00023519435427912954,0.0002067236933697155,0.0003248141236257108
9.857627066943395e-5,6.764928468969986e-5,6.785451390481061e-5,7.048546536972103e-5,7.248891949979055e-5,8.466481089894955e-5,0.00011259543144337867,0.00020620174102507343
-0.0002666915690120984,-0.0005656223658232477,-0.0005937519359793207,-0.0005857604845119111,-0.0005079548307349448,-0.00032433154141252557,0.00021239466924532273,0.0016514945305793943
0.0002666915753322968,0.0005656223720960986,0.000593751942258685,0.0005857604907917493,0.000507954837011665,0.00032433154768819793,-0.00021239466297185393,-0.0016514945243107744
-0.000263462939063693,-0.0002448709663585562,-0.00021081212563116817,-0.0003239702465552017,-0.0002292531323105559,-0.0003022321157012558,-0.00024772346779687447,-0.00038686357447941324
0.0003202645012559593,0.00029061774894612665,0.0002874672597941272,0.00029825156931751243,0.00028154690293967705,0.00029493158983234433,0.00028915358242312123,0.0003539576625105424
-0.00013602014217717117,-0.00014605401693962316,-0.00011258215828215022,-0.0002217921482784386,-0.0001358075259944859,-0.0002097975818308746,-0.00012474794276506705,-0.00014554229133395113
0.00013602014614636147,0.00014605402083584282,0.00011258216218621266,0.00022179215217617605,0.00013580752988916287,0.00020979758572301025,0.00012474794666074407,0.00014554229523501124
4.647599056942375e-12,4.510691187267131e-12,4.517457900664811e-12,4.512216359412032e-12,4.501113707706477e-12,4.492746568657635e-12,4.498088172639855e-12,4.520389053664087e-12
7.907666322393975e-12,7.788083725448863e-12,7.79010012124571e-12,7.793240967725498e-12,7.773616874831346e-12,7.773248948098078e-12,7.76831698757327e-12,7.791283960556677e-12
-2.1751575149269666e-11,-2.20018736869055e-11,-2.1927135476930036e-11,-2.221454262030588e-11,-2.1956217730709945e-11,-2.2298971475139675e-11,-2.195138198337559e-11,-2.201416847802658e-11
-0.00034063659578840197,-0.00034800092059795394,-0.00034595121436630904,-0.00035104907384118564,-0.00034339821131410816,-0.00035159370882936384,-0.000333456612395231,-0.0003194412930742569
-0.0008394188379909446,-0.0008321593957559156,-0.0008309424406614433,-0.0008301828780288367,-0.0008278299739236787,-0.0008355591122569577,-0.0008353105214997681,-0.0008826976275488933
0.00010433950081195249,9.563136655969252e-5,9.39039394852721e-5,9.668919351684358e-5,9.431586882569648e-5,9.67804841836353e-5,9.964274276995849e-5,0.000120827197315287
0.00010344205984554218,9.458086128279613e-5,9.293363143687285e-5,9.533918185095277e-5,9.331153938020694e-5,9.560571016413025e-5,9.884715317568325e-5,0.00012019243709707748
0.0001075230389569551,9.864316841320594e-5,9.678642294034844e-5,0.0001003665095533137,9.740378762911723e-5,0.00010039800168716082,0.00010285661532294234,0.00012563853922771428
0.00010787234445374244,9.899356190966353e-5,9.71744616594121e-5,0.00010039023831070191,9.776918165272962e-5,0.00010049367025583006,0.00010321983637043857,0.0001254991759913416
0.00010480255874943382,9.632836325093812e-5,9.471180079552552e-5,9.783958094838557e-5,9.52547037245698e-5,9.739363427878398e-5,9.955459614505125e-5,0.00011953410327365034
0.00010309648348194033,9.445321619144091e-5,9.295078312900696e-5,9.554660804284419e-5,9.344280049434384e-5,9.527430329553042e-5,9.794119102138492e-5,0.0001178107792998652
9.570955245256673e-5,9.544273725861729e-5,9.455280749496873e-5,9.937017888850554e-5,9.524999376815053e-5,9.502296938294684e-5,9.078206067767026e-5,9.243744654806546e-5
8.955398622632763e-5,8.924259590012324e-5,8.847929004798902e-5,9.310045495784382e-5,8.91399334438158e-5,8.870199798109298e-5,8.464770103289514e-5,8.641333089872266e-5
0.00012020299303575558,3.66001347073662e-5,3.1732323368542386e-5,2.971205421835435e-5,4.233058224605633e-5,8.194671060598785e-5,0.00017803623393951944,0.0005183775137270737
0.00011916066711295815,3.562598431439193e-5,3.058131143984124e-5,2.8892050748702787e-5,4.1185955823492064e-5,8.124513832629258e-5,0.00017696733116969647,0.0005174368274115863
0.00011775908569418743,3.249989644832909e-5,2.8349162200270904e-5,2.5043475169213727e-5,3.929102923294754e-5,7.689725416195321e-5,0.00017565026779078996,0.0005178420042078928
0.00011731685130297038,3.229766658137256e-5,2.7829003679881955e-5,2.5241558405355258e-5,3.876354333017176e-5,7.724249671675779e-5,0.00017520408670651402,0.0005177314598422737
0.00011635498589122467,3.172115617402177e-5,2.7416202615400596e-5,2.4512048419596727e-5,3.829990164085215e-5,7.614529800804144e-5,0.00017417817070601452,0.0005153736736251595
0.00011606409299623583,3.1434518192081866e-5,2.696246465363078e-5,2.4295382579552867e-5,3.785301354583491e-5,7.609677839016058e-5,0.00017387600364992872,0.0005151563975646044
0.00010881255677749308,2.2643847798499e-5,1.879343744687747e-5,1.549359111863979e-5,3.0114114228229465e-5,6.671498671150726e-5,0.0001666696442667074,0.0005101365020507898
0.00011556202720305204,2.9044927194057163e-5,2.514641973560442e-5,2.1455422949081374e-5,3.6436569501551394e-5,7.311001347894087e-5,0.00017355368279830407,0.0005174120603479125
-0.0001677325311350719,-0.0001914267954135892,-0.0001864215654263397,-0.00019356554213822107,-0.0001880240015510202,-0.00018339844663934664,-0.00016972564820717735,-9.803974917892726e-5
-0.00038503986265228825,-0.0004047710209524077,-0.00041468772861784955,-0.0003894177465401078,-0.0004050961570083179,-0.00037150461765456393,-0.00035283392239506434,-0.00020522717681958918
0.0003671725514207226,0.0003656598443043113,0.0003740352130807867,0.0003610614558367766,0.0003724834376615029,0.00035307140334133206,0.00036180098421395845,0.00038332283889578076
-0.0003576126880539057,-0.00038169822612129116,-0.00038978002539706515,-0.0003666543009579978,-0.0003802267017532099,-0.00034967775710451694,-0.00032739541792153675,-0.00017491963026314652
7.116922082596179e-5,6.40884671679242e-5,7.184345094616798e-5,5.5306916831254276e-5,7.060482644408991e-5,5.441595693196963e-5,7.539936494771078e-5,0.00011931827358054603
0.0001960851073950627,0.00021428572436711928,0.00021671431924287396,0.00021185536134298613,0.00021048620194426872,0.00019396893636397294,0.00015949085298262887,2.880756945929608e-5
0.00020265220508788385,0.00022010034746789035,0.00022276390610766295,0.00021660493616747938,0.00021658732261535912,0.00019963146861673645,0.00016803340089812142,4.30596720708155e-5
-5.368068137832494e-6,1.9956470939809705e-5,2.6213745009937258e-5,1.1133194343902137e-5,1.5312557516615524e-5,-1.3333656483239398e-5,-5.610572953409842e-5,-0.0002308937027681109
0.0007488630582066754,0.0008033613852635975,0.0008055158252689796,0.0008250682515042969,0.0007944193201346603,0.0007712512847659047,0.0006659917918532791,0.00044102294097167895
-0.00011116036505958511,-8.380607358833144e-5,-7.572059406803283e-5,-9.492495062781823e-5,-8.73935291420177e-5,-0.00011867722831585749,-0.00016157412689787426,-0.00034422529046876013
0.0005269715189298885,0.0005662268953807613,0.0005707105549342848,0.000579487607519072,0.0005608059623826846,0.0005385207164850612,0.0004591800604306085,0.0002750101465276793
-0.0001317193800268464,-0.00015081464349728186,-0.00015338816474782895,-0.000155863759803605,-0.00014857015030135358,-0.00013966202014979026,-0.00010861878439163083,-1.4699120044214379e-5
0.0003716038158224811,0.00035787140348870317,0.00037019036922433064,0.0003343522311395092,0.00036223675242118237,0.0003470013812709084,0.0003698084869134616,0.0003601766962027677
0.00037160381453265413,0.00035787140243692325,0.0003701903681658324,0.0003343522300833159,0.00036223675139834214,0.0003470013802551745,0.000369808485904434,0.0003601766951534925
-0.0003716038100700773,-0.00035787139817349705,-0.0003701903638826172,-0.0003343522258006601,-0.00036223674712692125,-0.0003470013759760114,-0.00036980848160964383,-0.00036017669083228
0.00031719284881715013,2.0854408497001674e-5,5.160946425683319e-6,-1.9991792478289743e-5,8.04988019257653e-5,0.00023486566616960693,0.0007722784386232027,0.002158894996598508
-0.00031719284437984864,-2.0854404117728512e-5,-5.160942038909781e-6,1.999179686432365e-5,-8.04987975421411e-5,-0.0002348656617866976,-0.0007722784342396366,-0.00215889499221495
-0.00031719284474917756,-2.0854404505271158e-5,-5.160942421914363e-6,1.9991796485822167e-5,-8.049879791873824e-5,-0.00023486566216184918,-0.0007722784346164103,-0.002158894992594579
-8.473824404070461e-5,-8.439287881816425e-5,-8.466099666675908e-5,-8.645293087579948e-5,-8.542922104141594e-5,-8.266271539326966e-5,-8.163837516225454e-5,-7.943434543997727e-5
-7.01772776485801e-5,-7.024966707963102e-5,-7.066434740428165e-5,-7.285166980694938e-5,-7.137277783086208e-5,-6.860077562826944e-5,-6.688488639994543e-5,-6.495398446403297e-5
-9.153195180580232e-5,-9.225488334870461e-5,-9.181266223199341e-5,-9.526290190533471e-5,-9.260762506974034e-5,-9.120617914083732e-5,-8.853491956939578e-5,-8.68416388235621e-5
-7.81514910531944e-5,-7.933385135238695e-5,-7.90351262632476e-5,-8.300746058953778e-5,-7.979099533443046e-5,-7.843089854032853e-5,-7.488678252546222e-5,-7.332056060078007e-5
-8.947992216247355e-5,-9.074038450553569e-5,-9.032458298979683e-5,-9.39036720006139e-5,-9.106027148803706e-5,-8.93177326666052e-5,-8.590194997961972e-5,-8.205636427215755e-5
-7.60036850670544e-5,-7.756509045764301e-5,-7.731988141917401e-5,-8.113009138494699e-5,-7.799862847479447e-5,-7.617065136732386e-5,-7.227814948501549e-5,-6.863440042338043e-5
-9.51971783242048e-5,-9.561625423616588e-5,-9.449621224140781e-5,-9.990305732622086e-5,-9.51903690473009e-5,-9.550440676937788e-5,-9.055413949026946e-5,-9.130961933126839e-5
-9.007203992674434e-5,-9.030380533894789e-5,-8.938313978782158e-5,-9.442623219455158e-5,-9.003964084404006e-5,-9.000566084816272e-5,-8.541287401452535e-5,-8.626925527254275e-5
0.001440227293658968,0.001225243418178281,0.0012216616710709189,0.0011495201070280663,0.0012675967426079122,0.0013432013623798135,0.0017574431352377646,0.002514545077857966
0.0006415513399542863,0.0006052481067016037,0.0006114226022512629,0.0005602020536370933,0.0006074216935920169,0.0006183099884729,0.0006994653521072477,0.0008189827997706596
-2.0851253048897568e-12,-1.9235083596127612e-12,-1.9389990312019833e-12,-1.9196548784703092e-12,-1.921678791267608e-12,-1.9090415023153813e-12,-1.919505698477866e-12,-1.9280834611517812e-12
-0.00021367592843694785,-0.00021030580045857032,-0.0002128122332488593,-0.00020440371596762766,-0.00021251432741955373,-0.00020428216300411863,-0.00021106504550101902,-0.00020738453924282045
-0.00020631043986357996,-0.00020297621560474502,-0.00020562118993322292,-0.00019694422502165322,-0.0002052755078561944,-0.00019675812751339823,-0.00020354641986319828,-0.0001988926196770638
0.0014343281950047787,0.0006515130571106947,0.0005650432203216751,0.000572373975150445,0.0007105978425280668,0.0011702872326576149,0.0022075582918163876,0.0053788049964593925
-0.0014343281906024317,-0.0006515130527265449,-0.0005650432159338959,-0.0005723739707570188,-0.0007105978381372849,-0.0011702872282659614,-0.0022075582874278494,-0.005378804992074636
-0.0006016015976877813,-0.00042404168011066896,-0.0003482700591269581,-0.0003437796722975065,-0.0004538916071638076,-0.0006998104884471521,-0.0012310271333303613,-0.0019991699452762465
0.000918464667102499,0.0004024360755400201,0.00033126443056510175,0.0002828642488161148,0.00045286772395505885,0.0007832509922364505,0.001653223084094864,0.0037164330282843565
-0.0008975386946637738,-0.0004617944716319713,-0.0003708517606125489,-0.0004055319415091239,-0.0004980852097184688,-0.000864908886118441,-0.0015960778704376525,-0.0034727383704685156
0.00020262684093537165,0.00019946974982977393,0.00020301781239966146,0.0001980004080672569,0.00020568130311064293,0.00019681180341016592,0.00020907268122700464,0.00020062597486068646
0.00022602171932941967,0.00019180942004942087,0.00019636719399672875,0.00017015722114901424,0.000191207238039493,0.00018849859524165913,0.00022758102525157929,0.00032781682484467556
6.849505046428882e-5,6.105938107962893e-5,6.421777224729629e-5,5.571207931755471e-5,6.30468948635927e-5,5.733138982581359e-5,6.915551683033122e-5,9.242084409353193e-5
-7.64957534245377e-5,-9.947343224303943e-5,-9.524403484265278e-5,-0.00011367367723901257,-9.581368831275202e-5,-0.0001034494115983829,-7.108183603813041e-5,-2.9351369185087046e-5
5.8806197812163e-5,5.025381611040673e-5,5.469295164200386e-5,4.179213123143987e-5,5.35206877640491e-5,4.416084846698637e-5,6.03795944253197e-5,7.867767034569985e-5
-3.2927170563179566e-5,-6.144078000006044e-5,-5.5839075920042976e-5,-7.769811197926095e-5,-5.480674505516113e-5,-6.298110078895817e-5,-2.0456342846401407e-5,3.2440867667684196e-5
-3.794211690093389e-12,-3.660411214819913e-12,-3.6738432200494346e-12,-3.656628708457485e-12,-3.657387542246378e-12,-3.6460505409227014e-12,-3.652917665838134e-12,-3.65655444777245e-12
-2.1247035670429192e-12,-1.9630868673117267e-12,-1.9785670935313738e-12,-1.9592684278215065e-12,-1.9612445109441226e-12,-1.9486471791506467e-12,-1.9590711374355125e-12,-1.967619448591518e-12
-3.682746071085399e-6,-3.664793923120571e-6,-3.5955232889379127e-6,-3.7297471027479784e-6,-3.6194114121305137e-6,-3.7620193614733707e-6,-3.7593144469166064e-6,-4.245961416861021e-6
3.6827424450250303e-6,3.6647906467635293e-6,3.5955199780637087e-6,3.7297438244963907e-6,3.6194081408134704e-6,3.7620161098182004e-6,3.759311184081694e-6,4.245958138350657e-6
3.181115549883919e-6,-1.1184211539148374e-5,-8.292548090487691e-6,-1.0849986122526875e-5,-9.419886420207708e-6,-1.0751910009677504e-5,-4.503558130183904e-6,4.744955717111415e-5
2.841460439573825e-6,-1.1486560927317418e-5,-8.601018526801347e-6,-1.1153452625008101e-5,-9.733814837984546e-6,-1.107970784902068e-5,-4.836180629559025e-6,4.71780664413557e-5
2.484991681433046e-6,-1.1947001337080933e-5,-9.036594735359401e-6,-1.1604172246280144e-5,-1.0127910147898179e-5,-1.1551163313856896e-5,-5.2097309427735055e-6,4.690567816179669e-5
2.3022771178648595e-6,-1.2156564565518911e-5,-9.19379323098963e-6,-1.1906466800728067e-5,-1.0296029612741502e-5,-1.1876351107992823e-5,-5.393438335207454e-6,4.6767530507515136e-5
2.2065083450879746e-6,-1.2294134471876057e-5,-9.313386765948213e-6,-1.207607292552352e-5,-1.041981550713564e-5,-1.2010713948067654e-5,-5.491457239083521e-6,4.660943511954994e-5
1.8563127638183263e-6,-1.2608451340511462e-5,-9.627968604155119e-6,-1.2401190192463663e-5,-1.0740867975060065e-5,-1.236051822501349e-5,-5.835016615227625e-6,4.630790248448634e-5
2.8522533735849245e-6,-1.209400808568999e-5,-8.97996588083155e-6,-1.2071429287075899e-5,-1.008769914495703e-5,-1.1967545141326422e-5,-5.022890129048974e-6,4.775729746886069e-5
2.165244699295387e-6,-1.2701014842881325e-5,-9.627873798842416e-6,-1.2631442313769981e-5,-1.0735806082063365e-5,-1.2549035808645203e-5,-5.699743240991622e-6,4.70840606246544e-5
-2.623532642158031e-6,-7.138368202259271e-7,-9.869323773241689e-7,-8.899982547972926e-7,-9.444510122492625e-7,-1.3135634647560722e-6,-2.061092623700911e-6,-8.911678104667237e-6
-2.798829514475671e-6,-8.704644953659341e-7,-1.147134707912426e-6,-1.0729389329465541e-6,-1.1063688809086125e-6,-1.5104737307277487e-6,-2.2303263435064787e-6,-9.020126013642361e-6
-2.6127263332902614e-6,-6.691950118502219e-7,-9.540971794886153e-7,-8.140810308093801e-7,-9.239830533543888e-7,-1.216587383931339e-6,-2.027276839312969e-6,-8.961587887010981e-6
-2.8142011578250956e-6,-8.524548575521933e-7,-1.138980526163836e-6,-1.0314515974897335e-6,-1.1081041872012604e-6,-1.449430857427091e-6,-2.219726898759961e-6,-9.087432073578528e-6
-2.661592394140489e-6,-7.238730508837773e-7,-1.0037685022184637e-6,-8.75009136680981e-7,-9.70662625482487e-7,-1.2770796633279092e-6,-2.0712779462944996e-6,-8.990215192746354e-6
-2.8396680265280293e-6,-8.829353034675235e-7,-1.166605971634193e-6,-1.059811836566206e-6,-1.135105254297536e-6,-1.4760681084079367e-6,-2.2430072557293937e-6,-9.100144920395277e-6
-2.598848568694741e-6,-6.366066238486069e-7,-9.226824431390149e-7,-7.718867147472915e-7,-9.039107380489542e-7,-1.1525139692072094e-6,-1.996503272283608e-6,-8.995778758148533e-6
-2.8599853874562486e-6,-8.72895245484248e-7,-1.1656407204440657e-6,-1.0254129285547395e-6,-1.1456430912055696e-6,-1.4209101743420722e-6,-2.2419301957898024e-6,-9.175945748563574e-6
7.804976604143997e-5,3.992131463658622e-5,3.433357063719223e-5,3.5454696186979034e-5,4.205123113872771e-5,6.686896395919156e-5,0.00011942621219893107,0.00027351064916218183
7.824778662629414e-5,4.0098288365323625e-5,3.45126316484402e-5,3.56333740639558e-5,4.2233303371372376e-5,6.70606299984588e-5,0.00011961750864172775,0.0002736681395373875
7.839177803173449e-5,4.0296057460149745e-5,3.469905624736041e-5,3.583088290079399e-5,4.23990821689488e-5,6.726921867076599e-5,0.00011977578537811714,0.00027377404570139694
7.853858878891277e-5,4.045348833157922e-5,3.483128527024221e-5,3.602768807999536e-5,4.253715086178996e-5,6.747826737589987e-5,0.00011992079112942173,0.0002738992606010857
7.857583275635283e-5,4.0510590487034516e-5,3.488152595564688e-5,3.6099713928759583e-5,4.25885766632109e-5,6.753218151391736e-5,0.00011995977715679025,0.0002739758665126201
7.877482042056519e-5,4.068953887891302e-5,3.5059642951026415e-5,3.6285420704851275e-5,4.2770233101576065e-5,6.77309464410051e-5,0.00012015267498111093,0.0002741452387012767
7.83303699644836e-5,4.0484268865046194e-5,3.479365861254946e-5,3.615976469609972e-5,4.2500785783353346e-5,6.757694356077903e-5,0.00011980703125688105,0.0002734959713897342
7.866396041279208e-5,4.077756740433681e-5,3.51042802883396e-5,3.643877029791651e-5,4.2811744588740796e-5,6.786714087238904e-5,0.00012013289269989244,0.00027381322589842635
5.514138273210364e-7,6.996573202781023e-7,6.346855396148804e-7,7.89851855666973e-7,6.220685584868951e-7,8.143274019456425e-7,6.007344036099081e-7,3.492475853348839e-7
3.2564162357716556e-7,5.018498027612298e-7,4.3290437038081277e-7,5.949734614570883e-7,4.162016003524797e-7,6.01414678029824e-7,3.806328476127751e-7,1.6946274445611185e-7
-3.937564513397706e-10,9.982747666200227e-8,4.533628861876207e-8,1.9834866664254893e-7,6.241782699605063e-8,1.8663626127114104e-7,4.381850122968515e-8,-6.483537333191939e-8
-1.345313249723966e-7,-6.21761572884071e-8,-7.211924706935684e-8,-3.7659321235946506e-8,-6.437593889874315e-8,-6.846624093610845e-8,-9.98844743007209e-8,-1.8650581394293698e-7
-2.302923560656451e-7,-1.9081572493442519e-7,-1.8675461728821984e-7,-1.9612725403453294e-7,-1.8303500991209273e-7,-1.992537711012009e-7,-1.9675227526880088e-7,-3.1460327010034183e-7
-4.7183696883746124e-7,-4.051280490817572e-7,-4.0047372861800255e-7,-4.148624911340895e-7,-4.016764165924677e-7,-4.365671932379452e-7,-4.328672042039443e-7,-5.255294909457645e-7
2.2777453815116772e-7,-1.0812274711590016e-7,3.7138821126465657e-9,-2.7677676977827e-7,4.3782119554720365e-9,-2.514322145476856e-7,9.100246418326591e-8,5.244864177981998e-7
-2.6774963068275867e-7,-5.350659067779874e-7,-4.572664635639131e-7,-6.577220947607921e-7,-4.559527143445436e-7,-6.466328309993129e-7,-3.8665817462866064e-7,4.830297088883865e-8
-0.0006823780853787408,-0.0011835503174786287,-0.0012789546246442293,-0.0012735515754836845,-0.0011362457549193134,-0.0007353347652483764,0.000162365317761313,0.0023939413924738595
0.0006823780858314643,0.0011835503179733285,0.0012789546251380521,0.0012735515759767948,0.0011362457554192054,0.0007353347657472799,-0.00016236531726107384,-0.0023939413919804916
0.0018453144765853426,0.0017389328749863047,0.0017462466948191817,0.0017500048469656275,0.0017394737785070844,0.001744686580681563,0.0017428864600504235,0.0019984233919023843
0.0004805583085074598,-0.0006281677573297749,-0.0008116625518265444,-0.0007970983013553382,-0.0005330177286923531,0.0002740170528244955,0.0020676170982067256,0.00678630617948007
-0.0004805583037895757,0.0006281677619988159,0.0008116625565025403,0.0007970983060326284,0.0005330177333662885,-0.00027401704815199345,-0.0020676170935367416,-0.006786306174813351
8.813254485646918e-5,8.231790045801579e-5,7.100060201366637e-5,0.00010875266705856837,7.713789262395675e-5,0.00010125785744479459,8.269299872670733e-5,0.00012712868956652162
3.865328884670336e-5,4.4881451973284495e-6,3.0669536663401293e-6,1.6764303821378724e-6,7.373245041743724e-6,2.232663584619325e-5,6.216377165497419e-5,0.0002040771088294348
3.861960785777341e-5,4.4555664568344355e-6,3.035680920143689e-6,1.634334628777824e-6,7.341896834212596e-6,2.228073376771021e-5,6.212969990684914e-5,0.00020405498916336936
3.868475267406569e-5,4.537577279444683e-6,3.111938750121977e-6,1.7477928952118376e-6,7.408655057185758e-6,2.241170178036452e-5,6.220832554023244e-5,0.00020405888673944334
3.861654969904973e-5,4.472947323903906e-6,3.0466082596939565e-6,1.6737398757242747e-6,7.344437346537796e-6,2.2333236252140163e-5,6.214055461651203e-5,0.00020400437854162573
3.866088279976684e-5,4.5102122883332195e-6,3.084096478183857e-6,1.724556108399011e-6,7.382268176451428e-6,2.2388319251161334e-5,6.218274192273036e-5,0.00020404343197377313
3.8622053939332436e-5,4.472848843787615e-6,3.0476104281249174e-6,1.6793336885330823e-6,7.345803020275494e-6,2.2339106580742808e-5,6.214393918331658e-5,0.0002040185118828834
3.867582209903931e-5,4.551962478339657e-6,3.1177153576049064e-6,1.7870740403520676e-6,7.406215829186249e-6,2.2463648920796155e-5,6.221219226885204e-5,0.0002039985467617543
3.8591325198879886e-5,4.470026685062454e-6,3.0370719743506143e-6,1.7001599232521285e-6,7.326695589006066e-6,2.237178113302208e-5,6.213174957929465e-5,0.00020393587434123275
-6.675795823053927e-6,-0.0006041124267161937,-0.000725896612110459,-0.0007200822995475972,-0.0005398001584364942,-3.460446935719388e-5,0.001084545581400877,0.0037164180843557645
6.6757962757769095e-6,0.0006041124272108928,0.0007258966126042819,0.0007200823000407078,0.0005398001589363865,3.46044698560971e-5,-0.0010845455809006387,-0.0037164180838623966
-0.000868748639102214,-0.0003378946800126461,-0.00019655683003452068,-0.00019392320392596046,-0.0003977927458610151,-0.0009110487099777192,-0.0020573880824427994,-0.004295019217985646
8.813254485645047e-5,8.231790045801454e-5,7.10006020136835e-5,0.00010875266705856739,7.713789262393937e-5,0.00010125785744479237,8.26929987267243e-5,0.00012712868956652265
-0.000882100228068726,-0.0015461195308038537,-0.0016483500516127007,-0.0016340878003747608,-0.0014773930600948193,-0.000980257646052422,0.00011170308299263346,0.0031378169533558516
0.0008821002327866099,0.0015461195354728942,0.0016483500562886962,0.00163408780505205,0.001477393064768757,0.0009802576507249264,-0.00011170307832264877,-0.00313781694868913
0.0008666674203619852,0.0007289275730149336,0.000704880636881695,0.0006821396462692069,0.0007052933555082143,0.000757909135737289,0.0008621784803845712,0.0011596718218313546
8.813254485644863e-5,8.231790045801478e-5,7.100060201368602e-5,0.00010875266705856967,7.713789262395802e-5,0.00010125785744479257,8.269299872672362e-5,0.00012712868956652238
0.0003286425208169568,0.00031684932516546304,0.0003142624866952674,0.0003041929805653227,0.00031596716445079663,0.0003166580152161884,0.0003367123924874759,0.000343620015569451
0.00025521235740579343,0.00024595882382106817,0.0002424581115073316,0.00023418633873463103,0.00024387895346664472,0.00024521628035625696,0.0002618373782958259,0.0002639339104969018
1.848811410941513e-5,9.826166645365302e-6,7.96007629895274e-6,8.626357641140364e-6,7.631488429315095e-6,1.2456808286386975e-5,1.6787681062161607e-5,4.0713651363185585e-5
3.2630303985690336e-5,2.3337958862642905e-5,2.141647178990589e-5,2.1292910059151544e-5,2.1122041800448277e-5,2.5796650448561605e-5,3.121249588459791e-5,5.493274606231987e-5
1.6012463783715684e-5,6.206201200479562e-6,4.90325433152167e-6,4.713071255225946e-6,4.690794176883208e-6,8.824848365647413e-6,1.4251992605802173e-5,3.8958312947936136e-5
3.001238597938065e-5,1.9802067853737783e-5,1.8304304000376606e-5,1.7475587860309576e-5,1.8126970195076498e-5,2.221916227495232e-5,2.855335476946296e-5,5.256904677135686e-5
1.5782448528847177e-5,5.96765293556667e-6,4.757779312741153e-6,4.326143158364877e-6,4.557181259553831e-6,8.472462053783316e-6,1.4042901709479591e-5,3.811256512082175e-5
2.8061992653106453e-5,1.7718981554099778e-5,1.6454275687772282e-5,1.5269833408908887e-5,1.6269777186769303e-5,2.0001792743934005e-5,2.6551367159861515e-5,5.0246492496399836e-5
0.0003638768073907646,0.0003555821629090319,0.00035005670958350823,0.00034113863770821593,0.00035066572337889466,0.0003543163376504012,0.00037275718115444315,0.00037854523827621423
0.00021997808538134307,0.0002072259967857967,0.00020666389946063742,0.0001972406923673393,0.0002091804048347548,0.00020755796823359782,0.00022579259986894415,0.00022900869862616744
0.0005838548682660729,0.0005628081394248777,0.0005567205885992608,0.0005383793097312605,0.0005598461083639895,0.0005618742860375649,0.0005985497612451259,0.0006075539165178157
-0.00019608510090143372,-0.0002142857179866828,-0.00021671431285160867,-0.00021185535496370486,-0.00021048619556932909,-0.0001939689299963268,-0.00015949084661467548,-2.8807563091358338e-5
-0.00020265219914694023,-0.00022010034165057186,-0.00022276390027810717,-0.00021660493035071575,-0.0002165873168022168,-0.0001996314628113327,-0.00016803339509082136,-4.305966626203207e-5
-0.00021367592898012265,-0.0002103058011931063,-0.00021281223396557174,-0.00020440371670556645,-0.00021251432815408164,-0.00020428216375253233,-0.00021106504623514546,-0.0002073845399632624
-0.00020631044236053424,-0.00020297621832525943,-0.00020562119263354439,-0.0001969442277456447,-0.00020527551057585093,-0.00019675813024816542,-0.0002035464225798207,-0.00019889262237451056
3.620541877552617e-5,3.4986532496016574e-5,3.5973831841806757e-5,3.387377895256026e-5,3.614833825877956e-5,3.402571689742633e-5,3.7462225975230866e-5,3.92629038119045e-5
3.5349136231797954e-5,3.476825947447011e-5,3.43717000413517e-5,3.435915266959831e-5,3.4243649481265065e-5,3.53202026658835e-5,3.549180574397638e-5,3.79677933500371e-5
4.44587913704101e-5,4.3663405256840115e-5,4.419084827875064e-5,4.299783176286369e-5,4.445766259263976e-5,4.3103439059855696e-5,4.587439194615344e-5,4.79065136503248e-5
4.013889615639452e-5,3.825099890660988e-5,3.833250945844747e-5,3.71676992117609e-5,3.824866548019847e-5,3.889766531404115e-5,4.108183757856762e-5,4.65960544095009e-5
3.587868602425064e-5,3.4609538292100205e-5,3.5559976614431994e-5,3.3514363340435976e-5,3.574744191215594e-5,3.3710177987048224e-5,3.7109893153134933e-5,3.8985391245756875e-5
3.6461234302589255e-5,3.587333152660202e-5,3.546593589305577e-5,3.545821287620123e-5,3.5342781616618814e-5,3.642257684987871e-5,3.658202955454811e-5,3.898878940136926e-5
4.412512536119239e-5,4.327945523519784e-5,4.3770399676752295e-5,4.263072809230771e-5,4.405011651562282e-5,4.278028197687442e-5,4.5515296011155156e-5,4.7621453523277286e-5
4.129146171243736e-5,3.939632481292069e-5,3.946726751578154e-5,3.830664212844674e-5,3.938833303171803e-5,4.0040062794376527e-5,4.221253723909313e-5,4.765666748925065e-5
4.041558825588832e-5,3.965988674148589e-5,4.021079664409875e-5,3.915636160016801e-5,4.043448532370685e-5,3.92085109123205e-5,4.1720890331770407e-5,4.407623636715741e-5
3.512449072866207e-5,3.449916352636458e-5,3.41687848307298e-5,3.394734037840508e-5,3.4025051907088254e-5,3.492109401499885e-5,3.5263306951021733e-5,3.762501074017356e-5
4.865459771387139e-5,4.832173996976996e-5,4.841343043007416e-5,4.826619297697507e-5,4.8729144800273145e-5,4.827158369434667e-5,5.011827114094544e-5,5.2706033029687485e-5
3.9917706955409677e-5,3.79845182311888e-5,3.8133283475696105e-5,3.67566075585408e-5,3.8033621642425605e-5,3.849964513172736e-5,4.085673253491395e-5,4.625406812391102e-5
4.051070704510638e-5,3.972063432719519e-5,4.0229550550004976e-5,3.925132969949878e-5,4.045123713197723e-5,3.936698226383043e-5,4.179416531383613e-5,4.4317054252620086e-5
3.596610879738968e-5,3.532019823994032e-5,3.498916970688562e-5,3.476052312592081e-5,3.484432334103065e-5,3.574222165854213e-5,3.608562130136576e-5,3.8419179451326255e-5
4.8746533326409244e-5,4.837946589582376e-5,4.842922570997182e-5,4.8358157193201645e-5,4.874291806787862e-5,4.842692170279509e-5,5.0188501167408396e-5,5.2943778595041505e-5
4.0795283011858284e-5,3.884155306328091e-5,3.8989794676298116e-5,3.760540711922222e-5,3.8889001980447185e-5,3.9356539702025814e-5,4.171519677735216e-5,4.7084013515999916e-5
3.963936515022242e-5,3.911193021805929e-5,3.965866978675258e-5,3.86166963994996e-5,3.983426686696927e-5,3.8581951444141547e-5,4.09156640669576e-5,4.2862750492265526e-5
3.482336623017189e-5,3.4153694019860105e-5,3.382586957856522e-5,3.364587103855894e-5,3.367219509168648e-5,3.463904785439535e-5,3.496511927296538e-5,3.7551248705530244e-5
4.787697563533289e-5,4.777175585459168e-5,4.785948640655042e-5,4.772402973168919e-5,4.812708299624977e-5,4.76427311463225e-5,4.9311494101357705e-5,5.149114115626209e-5
3.961441846236212e-5,3.7637838393088493e-5,3.778860734431186e-5,3.645434324026423e-5,3.767899864470773e-5,3.821679661346351e-5,4.055720837404077e-5,4.618101293907609e-5
3.961291458396581e-5,3.900298239626266e-5,3.952244735902279e-5,3.848045601133218e-5,3.971108164187357e-5,3.851250135127377e-5,4.087267156092113e-5,4.28624633017836e-5
3.589155898821277e-5,3.5219046112525605e-5,3.4874079247187065e-5,3.472809929541441e-5,3.472639091397309e-5,3.5722664587115864e-5,3.601301814202029e-5,3.8555352094436505e-5
4.7845886167373924e-5,4.765825247767082e-5,4.771893836471288e-5,4.758284596782418e-5,4.7999542247963625e-5,4.756833400483227e-5,4.926397935280932e-5,5.1485787226332894e-5
4.0719204211702244e-5,3.8739730287879915e-5,3.887341809358173e-5,3.757306288557277e-5,3.876981205104602e-5,3.9336960622751725e-5,4.164169467253966e-5,4.722137473585081e-5
4.32007265692699e-5,4.278428499109294e-5,4.2883493967916405e-5,4.296607578185981e-5,4.310836595947173e-5,4.2913488200301495e-5,4.431954077945288e-5,4.7612011481092435e-5
3.545595286527776e-5,3.441231880192914e-5,3.418602276306562e-5,3.3692151141299185e-5,3.397227759476103e-5,3.4777464844705394e-5,3.5364763090120094e-5,3.8434542281908415e-5
5.1416328764019904e-5,5.142186050922844e-5,5.106304368857251e-5,5.205108463990683e-5,5.137960076935093e-5,5.195157139986506e-5,5.269354647385599e-5,5.621812915627055e-5
4.02865040306586e-5,3.7936419521544434e-5,3.8189653558294285e-5,3.653757231761579e-5,3.80196035003623e-5,3.8393070596858156e-5,4.099809913027468e-5,4.7105000927075417e-5
4.550441562755053e-5,4.4883419827639305e-5,4.4963069908144984e-5,4.487650890243589e-5,4.518333707017852e-5,4.501675948919093e-5,4.666981384259746e-5,5.013435836852426e-5
3.619666716343239e-5,3.516911843115079e-5,3.49190703468382e-5,3.447895534129086e-5,3.470900787801606e-5,3.55681190316898e-5,3.6094691035784934e-5,3.911612565483631e-5
5.373148128470246e-5,5.353343806645894e-5,5.315418076915786e-5,5.397640729897318e-5,5.346627265227052e-5,5.406905697758838e-5,5.5055141903753465e-5,5.8753582778724575e-5
4.104762850000853e-5,3.8713851987603474e-5,3.894302089574233e-5,3.7345607183238444e-5,3.877663936944131e-5,3.920489369931984e-5,4.174830582753879e-5,4.780717249858998e-5
0.0011441301182934962,0.0011478317112563838,0.001149954195778564,0.0011428446630259465,0.0011457126804280135,0.0011400471859697912,0.001131258237621672,0.0011104227483324975
0.0011441467853792373,0.0011478483674893254,0.0011499708455543266,0.001142861331747516,0.0011457293408282411,0.0011400638690869385,0.0011312749582726353,0.001110439545783781
0.0004659824023149116,0.00046884590397754816,0.00047054176587274954,0.00046516862871618433,0.0004675396318499687,0.0004632732826179691,0.0004571749342606525,0.00044201816584429557
0.0010689414714109106,0.001072627511311278,0.0010748649489551556,0.0010675985346953773,0.0010708008068327924,0.0010645260524140296,0.001056073146826124,0.0010331377060588788
-0.000527376852709353,-0.0005287901025649122,-0.0005302786819205892,-0.0005253703082397603,-0.0005282444439678266,-0.0005239639780640165,-0.0005212060267185889,-0.000510997838187265
4.980753880467903e-5,4.841333233601093e-5,4.819459103237019e-5,4.8861641656795756e-5,4.902487821854579e-5,4.980867867226053e-5,5.27693188315478e-5,5.6853882866137476e-5
-0.0005152412772208372,-0.0005169858433229338,-0.000518141490990085,-0.0005144203704688621,-0.0005160577614236136,-0.0005130626021397682,-0.0005089928807899378,-0.0004990916482245356
-0.0006288888387488696,-0.0006308458656781149,-0.0006318127025297602,-0.0006284242903009867,-0.0006296549167538539,-0.0006269845815836601,-0.0006222653545826998,-0.0006113310978477777
-0.000515249843161651,-0.0005169944039771421,-0.0005181500481696015,-0.0005144289374383279,-0.0005160663238121148,-0.0005130711762468356,-0.000509001472772472,-0.00049910027679638
-0.0006288969382637705,-0.0006308539596181596,-0.0006318207934896927,-0.0006284323904125857,-0.0006296630131293363,-0.0006269926889534966,-0.0006222734816160224,-0.0006113392650917765
-0.0005838158527496609,-0.0005855464269101545,-0.0005867118464005349,-0.0005828366174836213,-0.0005845524870600451,-0.0005815441569402104,-0.0005774597655598458,-0.0005673782246524681
0.00011783343955897033,0.00011670051193167773,0.0001161700695642259,0.0001176679776601737,0.00011701284423197564,0.00011827086317276379,0.00012028482032351019,0.0001253600478010966
-0.0004821502914031697,-0.0004839025641893636,-0.0004851074476250533,-0.00048131493500154737,-0.0004831070570984665,-0.00047982198076456316,-0.00047591270491376526,-0.00046499777701106875
-0.0005867911802090799,-0.0005887249473604634,-0.000589757501568421,-0.000586283599933695,-0.0005876937499785223,-0.000584704071893691,-0.0005801604421563429,-0.0005681399292837799
9.680807303239403e-5,9.442637658969177e-5,9.397323737074115e-5,9.450223114667074e-5,9.46512092118851e-5,9.582117127527383e-5,9.922713092597689e-5,0.00010762896488243455
9.680091725710811e-5,9.441676546980752e-5,9.396492978546571e-5,9.448586530447768e-5,9.464249527544694e-5,9.580752174589365e-5,9.921910841682468e-5,0.00010761988874550043
9.680022989107007e-5,9.44185769384581e-5,9.396755665837933e-5,9.448866982594882e-5,9.464608114386299e-5,9.580725779794704e-5,9.922032823916224e-5,0.0001076152488088275
9.685091642707372e-5,9.446665821494079e-5,9.401720410196306e-5,9.452803454183725e-5,9.469468691698514e-5,9.585004542050477e-5,9.926980883060891e-5,0.00010766215369616655
9.060682043769358e-5,8.768872547508232e-5,8.736325738994799e-5,8.763881443869662e-5,8.813602474178365e-5,8.926135729502389e-5,9.338772542614204e-5,0.00010290836012979747
9.058630449557448e-5,8.766611639247221e-5,8.734184339570264e-5,8.761053993044451e-5,8.811416757875405e-5,8.923549487740293e-5,9.33666015380166e-5,0.00010288674869660694
9.063866018949645e-5,8.772036986094518e-5,8.739704710981631e-5,8.76595121644844e-5,8.816902280194587e-5,8.928311834667929e-5,9.341964127679278e-5,0.00010293466087771773
9.06243639057079e-5,8.770517853179e-5,8.738225297677138e-5,8.76419371838269e-5,8.815354278303067e-5,8.926734398745752e-5,9.340503434407746e-5,0.00010292102968268976
9.860176305606171e-5,9.621963177157296e-5,9.575742250832828e-5,9.635673334941262e-5,9.646611769173469e-5,9.762719224921769e-5,0.00010105622034950026,0.0001094707602460856
9.860725118943041e-5,9.622506294767445e-5,9.57628740201238e-5,9.636172918842677e-5,9.64715814498914e-5,9.763230859817366e-5,0.00010106166230617973,0.00010947605139724934
9.858313450070093e-5,9.620042376763273e-5,9.573842666791175e-5,9.633924178492192e-5,9.644751206780138e-5,9.760937349420672e-5,0.00010103750364666021,0.00010945171455263469
9.861073499598402e-5,9.622747500694339e-5,9.576592738867527e-5,9.636360430039464e-5,9.647488340590912e-5,9.763434728737074e-5,0.00010106480513848707,0.00010947792964881315
4.535348313953282e-5,4.3258880189962675e-5,4.3121673327752525e-5,4.234242464392751e-5,4.314960050092423e-5,4.3751376694823305e-5,4.5726242027724145e-5,5.196931674161947e-5
4.534179256255306e-5,4.324738398733204e-5,4.311009195171449e-5,4.233166749013711e-5,4.313799015450899e-5,4.374038030503003e-5,4.571463554646597e-5,5.195808199247579e-5
4.538875956978491e-5,4.329507162321951e-5,4.3157575754866784e-5,4.237567776633847e-5,4.31847907272982e-5,4.3785210404470995e-5,4.576172050795644e-5,5.2005370670784595e-5
4.533462404514371e-5,4.3242250774025315e-5,4.3103779598538825e-5,4.2327520486147796e-5,4.313123821201049e-5,4.373586513788101e-5,4.570812454575678e-5,5.1954066137167165e-5
-0.00018741488461643794,-0.00018211509338176486,-0.00018133648607263867,-0.00018214103689880067,-0.00018278722529104852,-0.0001850825199099859,-0.00019261484769664925,-0.00021053731633066526
-0.00018738721713007446,-0.00018208287744261495,-0.0001813067687573948,-0.00018209640080343737,-0.00018275665846024202,-0.00018504301222352647,-0.0001925857055693574,-0.00021050663301971735
-0.00018743888134328975,-0.0001821389382370829,-0.00018136459520065975,-0.00018214817342578933,-0.0001828150954036402,-0.00018509036760571673,-0.00019263996097993577,-0.00021054990112370314
-0.0001874752758977944,-0.00018217183250527155,-0.0001813994528341174,-0.00018216996747378146,-0.0001828482254844126,-0.0001851173851869431,-0.00019267483896734155,-0.00021058317913569396
-0.00014395523663318454,-0.00013947850258251164,-0.0001388790864466008,-0.00013869914861861128,-0.00013961570882589167,-0.00014137855958290394,-0.0001467824530032028,-0.00016144006757917823
-0.00014394903840072716,-0.0001394724417996565,-0.00013887296082698604,-0.0001386933915392643,-0.00013960956648661064,-0.00014137268378294467,-0.0001467762927289144,-0.00016143412822066484
-0.00014397188453897525,-0.00013949548604787703,-0.00013889599306911982,-0.00013871491021375112,-0.00013963229346419963,-0.00014139457457429877,-0.00014679921481540624,-0.00016145707584865803
-0.00014394535380765419,-0.00013946972075485237,-0.0001388697019524874,-0.00013869111975781166,-0.00013960611660957168,-0.00014137020741476815,-0.0001467729246696795,-0.00016143199072685593
7.444805715157293e-5,6.515577670895763e-5,6.754376220383091e-5,5.693378473524142e-5,6.67562878967868e-5,6.494488369827349e-5,8.004460135886338e-5,0.00010232096454538792
5.421890297452405e-5,4.6105588512001643e-5,4.870131078347266e-5,3.9382938868449846e-5,4.7845147457188875e-5,4.627656100225173e-5,5.94126417579544e-5,8.149004413190956e-5
6.58253968439511e-5,5.767409492152139e-5,6.0038535324381954e-5,5.021541988480536e-5,5.923623398921016e-5,5.768474430953878e-5,7.129713551159102e-5,9.186123885188965e-5
4.5392074008624026e-5,3.812129595701757e-5,4.051859222729202e-5,3.195632393145985e-5,3.9828928953250476e-5,3.843316829707138e-5,5.0435320073910715e-5,6.980532466696635e-5
3.400775595083024e-5,2.216191764204068e-5,2.0700734020249383e-5,1.960134466570416e-5,2.1015335593261156e-5,2.506114694001084e-5,3.2429961617786e-5,5.578180078942283e-5
-8.675497277361854e-6,-1.736472126951379e-5,-1.84099752628927e-5,-1.6242371223100096e-5,-1.829584194587678e-5,-1.3951923598034105e-5,-1.2042141714689585e-5,9.947140121739954e-6
4.790249844611556e-5,3.790673318467271e-5,3.587757561793264e-5,3.441319911318723e-5,3.567568880143992e-5,3.962738932640907e-5,4.675059661125641e-5,6.789300963316477e-5
-5.439863371778622e-6,-1.2745261644258228e-5,-1.3824090448417092e-5,-1.2579876065007948e-5,-1.4287235457783547e-5,-1.0674829740373328e-5,-8.657140878048497e-6,1.1859697160571845e-5
5.915655675188759e-5,4.697024763414263e-5,4.507129046759104e-5,4.1997891463440615e-5,4.471183588265453e-5,4.932499470324279e-5,5.986637946002415e-5,8.957830491255224e-5
1.4998685091627674e-5,6.087187355500315e-6,4.811521659454052e-6,4.717980504082088e-6,4.203454000540263e-6,8.793509392892744e-6,1.3962911260650188e-5,4.182423398844272e-5
-1.022561882045808e-5,-9.275763371817415e-6,-7.819561654088934e-6,-1.2830394273383152e-5,-8.683887901825724e-6,-1.1812239233449567e-5,-9.642455210541664e-6,-1.6212477442856392e-5
-9.040679655803988e-6,-8.109827544998537e-6,-6.666496326819005e-6,-1.1707881750445118e-5,-7.530439545473782e-6,-1.0636377552785156e-5,-8.42244412561062e-6,-1.4975193639554647e-5
-1.0426378372564501e-5,-9.603253028281817e-6,-8.307536284424067e-6,-1.2511721621352369e-5,-9.000345184140984e-6,-1.1736729892258152e-5,-9.831599050626197e-6,-1.5283567998518563e-5
-8.869515302646322e-6,-8.089318860059306e-6,-6.802793267773009e-6,-1.1095460633005092e-5,-7.496987661979191e-6,-1.0241374197565457e-5,-8.224006826917383e-6,-1.369380671613714e-5
-1.3148427338500263e-5,-1.2441552037040524e-5,-1.0882626942662558e-5,-1.603790634466521e-5,-1.1709179936536022e-5,-1.5037736187295441e-5,-1.2431886318389997e-5,-1.8290011330270214e-5
-1.2587452243156101e-5,-1.1873530994443005e-5,-1.0319658657975863e-5,-1.549529190056927e-5,-1.1151117504192246e-5,-1.446763676457093e-5,-1.1853726508641551e-5,-1.7731791585525044e-5
-1.1481911371035692e-5,-1.1057921496146973e-5,-9.698585598525432e-6,-1.415454657300304e-5,-1.0376650856972789e-5,-1.326208198316723e-5,-1.0691924663858187e-5,-1.4976140394286691e-5
-1.2352546930931879e-5,-1.1866719049496695e-5,-1.0503329180777974e-5,-1.4919449849577301e-5,-1.1189270031439967e-5,-1.4063667621539838e-5,-1.159494201923967e-5,-1.5965686281774153e-5
-1.0225624759225766e-5,-9.275769150612008e-6,-7.819567439918096e-6,-1.2830400055017531e-5,-8.683893666933808e-6,-1.181224499723578e-5,-9.64246097788235e-6,-1.621248324358875e-5
-9.04068278569772e-6,-8.109830493235058e-6,-6.666499281449321e-6,-1.170788470700925e-5,-7.53044247647878e-6,-1.0636380487868739e-5,-8.422447057976037e-6,-1.497519661252937e-5
-1.0426384289629816e-5,-9.603258781860787e-6,-8.307542045192753e-6,-1.2511727377009838e-5,-9.000350924147018e-6,-1.1736735630352036e-5,-9.831604793560411e-6,-1.5283573775565904e-5
-8.869518352091889e-6,-8.089321733467469e-6,-6.8027961469797195e-6,-1.1095463513864999e-5,-7.496990518006891e-6,-1.0241377057452189e-5,-8.224009684482831e-6,-1.3693809613824367e-5
-1.3148433184536627e-5,-1.2441557728433934e-5,-1.0882632640462583e-5,-1.6037912038024373e-5,-1.170918561399761e-5,-1.503774186323624e-5,-1.243189199819144e-5,-1.829001704295066e-5
-1.2587455280973552e-5,-1.1873533855940162e-5,-1.0319661525242361e-5,-1.549529476952367e-5,-1.115112034821596e-5,-1.446763961247433e-5,-1.1853729354131516e-5,-1.7731794471109776e-5
-1.1481917192075941e-5,-1.105792715894148e-5,-9.698591267882427e-6,-1.415455223699685e-5,-1.0376656505944428e-5,-1.3262087630028804e-5,-1.0691930315879237e-5,-1.4976146079923145e-5
-1.2352549888277846e-5,-1.1866721836065624e-5,-1.0503331972532433e-5,-1.4919452642736793e-5,-1.1189272800393031e-5,-1.4063670394154942e-5,-1.159494478984299e-5,-1.596568909199491e-5
8.36534173823099e-6,5.247038912244947e-6,6.090145366010732e-6,4.9821167167904835e-6,6.664903204510477e-6,6.144595809169472e-6,8.410743020417102e-6,1.1150477704383258e-5
8.523279976364185e-6,5.391810327258853e-6,6.234451313410618e-6,5.113756606570791e-6,6.810504110330908e-6,6.2866087131636136e-6,8.573109154906714e-6,1.1316696244810362e-5
7.80590472394334e-6,4.718510961872256e-6,5.570706539192627e-6,4.506766764668574e-6,6.1543995803343015e-6,5.6333460807851515e-6,7.825591620712205e-6,1.047865849209236e-5
8.617540026857058e-6,5.474905096840444e-6,6.3273013314026475e-6,5.191757913116865e-6,6.911452808939818e-6,6.3676772490271576e-6,8.66537255526066e-6,1.1335654801625125e-5
-8.365332716804246e-6,-5.2470300669691365e-6,-6.090136514980488e-6,-4.982107867553434e-6,-6.6648943792471095e-6,-6.1445869863769055e-6,-8.410734202202396e-6,-1.1150468859818107e-5
-8.523275185942111e-6,-5.3918057452915875e-6,-6.2344467266217995e-6,-5.113752012380359e-6,-6.810499553693521e-6,-6.2866041508775195e-6,-8.573104606642182e-6,-1.1316691659386657e-5
-7.805895818922516e-6,-4.7185022373170175e-6,-5.570697808709135e-6,-4.506758037386637e-6,-6.154390875554643e-6,-5.633337379427215e-6,-7.825582921979987e-6,-1.047864976628391e-5
-8.617535424129235e-6,-5.474900693151161e-6,-6.327296923842972e-6,-5.191753498601175e-6,-6.9114484307307465e-6,-6.367672865564802e-6,-8.665368185207795e-6,-1.133565039550166e-5
-9.107975490896071e-5,-9.391886471471633e-5,-9.153337626643466e-5,-9.698797584984899e-5,-9.226411930300542e-5,-9.755222061030748e-5,-9.453143581378401e-5,-8.541482611235323e-5
-9.419164948957408e-5,-9.725283974058849e-5,-9.482955367577745e-5,-0.00010039407925638868,-9.553892207923491e-5,-0.00010089750451413073,-9.776004556479708e-5,-8.890571099472286e-5
-7.89441529473802e-5,-8.05344912905762e-5,-7.845604447795578e-5,-8.416793921843707e-5,-7.963980179873566e-5,-8.428351525473282e-5,-8.220725085185794e-5,-7.507166884245279e-5
-8.22933372926666e-5,-8.336027574263757e-5,-8.185229883428185e-5,-8.605614272115185e-5,-8.293508576124334e-5,-8.620793734254875e-5,-8.566103307184843e-5,-7.8016736368727e-5
-7.720241244124633e-5,-7.73432690605906e-5,-7.613131225920865e-5,-7.920268625337526e-5,-7.714025632352142e-5,-8.005268168021163e-5,-8.087441427613842e-5,-7.440584143664209e-5
-7.794897498211869e-5,-7.83984550504806e-5,-7.727295870383483e-5,-8.025857722010506e-5,-7.821844415077699e-5,-8.093684524900023e-5,-8.164479235473721e-5,-7.487729350221013e-5
-7.913668591284255e-5,-7.374710281899028e-5,-7.342844853990353e-5,-7.346413215518801e-5,-7.471248974940698e-5,-7.569984404291636e-5,-8.29411528812377e-5,-8.532315051310835e-5
-7.11750865400871e-5,-6.690123665848375e-5,-6.6262064226126e-5,-6.758292893671214e-5,-6.755829431520713e-5,-6.927411064867605e-5,-7.474627842834526e-5,-7.63460848942019e-5
6.722512696760408e-5,6.78867979094383e-5,6.724708016688138e-5,6.671414619359682e-5,6.831331037540191e-5,6.960023512505732e-5,7.458160641436784e-5,7.100990333601027e-5
7.443385173551745e-5,7.496368043722053e-5,7.41629680967047e-5,7.38276409909329e-5,7.529224589664637e-5,7.693249747859237e-5,8.198786429879124e-5,7.878079738504843e-5
6.543706151394252e-5,6.557372466913124e-5,6.517555079728189e-5,6.432267368697544e-5,6.630611440887925e-5,6.724214567031699e-5,7.27020371624626e-5,6.942928206534384e-5
7.096754265372218e-5,7.104914800392702e-5,7.047153016438749e-5,6.978748980764631e-5,7.166029447467796e-5,7.291763485801988e-5,7.842785201893696e-5,7.511644183533075e-5
6.78196221345072e-5,6.731900818697742e-5,6.704828057401832e-5,6.559544528304874e-5,6.815549895225319e-5,6.909370457767832e-5,7.551079218946922e-5,7.387973335889321e-5
7.28807943101544e-5,7.235313464732506e-5,7.198031995697008e-5,7.070611506432914e-5,7.312645747140275e-5,7.431608482932514e-5,8.070280858622056e-5,7.91759757206801e-5
7.165116338245703e-5,6.93430788627985e-5,6.898735473745128e-5,6.694132542443441e-5,7.005940337322939e-5,7.133304850416136e-5,7.932392817178067e-5,8.139398291716689e-5
7.122222131318393e-5,6.908855427687487e-5,6.87354522522528e-5,6.702138541041854e-5,6.984408106232155e-5,7.120370469898543e-5,7.880682443818793e-5,8.062235710218982e-5
-1.55828676212541e-5,-2.227375498881701e-5,-2.2026450888872512e-5,-1.615756721385423e-5,-2.3123626495664922e-5,-1.8990106514816426e-5,-2.4125766763958262e-5,1.8132443566995473e-5
-1.9504133754633168e-5,-2.585230987625667e-5,-2.5478428073153506e-5,-1.9693813033287158e-5,-2.6657768612578666e-5,-2.2799634290755285e-5,-2.8130779890155704e-5,1.3997226419576357e-5
-2.5729142164544958e-5,-3.3123419088462204e-5,-3.2809504569066417e-5,-2.6372348318643572e-5,-3.353372722122623e-5,-2.9668276549600326e-5,-3.4359743997083784e-5,9.500932367966826e-6
-2.785653618663303e-5,-3.571266219356985e-5,-3.466611492819555e-5,-2.9843160436735795e-5,-3.5546394305788766e-5,-3.330656841651467e-5,-3.658145719451551e-5,6.774066758593404e-6
-2.9817628620330793e-5,-3.8008999722961186e-5,-3.698000544116303e-5,-3.250596607818262e-5,-3.785278756223257e-5,-3.564676853075171e-5,-3.846627701728957e-5,4.437235581116825e-6
-3.396865381888307e-5,-4.183519490224563e-5,-4.061631110603892e-5,-3.639551185965802e-5,-4.1588979424883694e-5,-3.9813850238168526e-5,-4.2727691912389586e-5,-2.4890758073010696e-7
-3.188183106460365e-5,-4.3716841280558224e-5,-4.174652419014261e-5,-3.961355254590882e-5,-4.232088228246438e-5,-4.224850288567622e-5,-4.035459634947054e-5,7.534461442872688e-6
-3.911157458462891e-5,-5.0027377307764704e-5,-4.836403366243802e-5,-4.530911010111535e-5,-4.896131271711944e-5,-4.827480035795669e-5,-4.772977249269203e-5,-3.6726728724525594e-7
-1.0225618820458224e-5,-9.275763371818676e-6,-7.819561654088568e-6,-1.2830394273383045e-5,-8.683887901826171e-6,-1.181223923344916e-5,-9.64245521054299e-6,-1.621247744285696e-5
-9.040679655803156e-6,-8.109827544998529e-6,-6.66649632681849e-6,-1.1707881750445106e-5,-7.530439545475374e-6,-1.0636377552785464e-5,-8.422444125612204e-6,-1.4975193639554622e-5
-1.0426378372564994e-5,-9.603253028281588e-6,-8.307536284396348e-6,-1.2511721621352428e-5,-9.000345184142705e-6,-1.1736729892258091e-5,-9.831599050625853e-6,-1.5283567998517695e-5
-8.869515302646454e-6,-8.089318860059208e-6,-6.802793267772593e-6,-1.1095460633005045e-5,-7.496987661981079e-6,-1.0241374197565922e-5,-8.22400682691843e-6,-1.3693806716136398e-5
-1.314842733849975e-5,-1.2441552037040061e-5,-1.0882626942662588e-5,-1.603790634466461e-5,-1.170917993653615e-5,-1.5037736187295085e-5,-1.2431886318389594e-5,-1.8290011330271288e-5
-1.2587452243156694e-5,-1.1873530994442085e-5,-1.0319658657974547e-5,-1.5495291900569247e-5,-1.1151117504193211e-5,-1.4467636764571636e-5,-1.1853726508641156e-5,-1.773179158552472e-5
-1.1481911371037435e-5,-1.1057921496146718e-5,-9.6985855985536e-6,-1.4154546573002163e-5,-1.0376650856973372e-5,-1.326208198316751e-5,-1.0691924663857008e-5,-1.4976140394287135e-5
-1.235254693093197e-5,-1.1866719049497117e-5,-1.0503329180777533e-5,-1.491944984957656e-5,-1.1189270031414124e-5,-1.4063667621538747e-5,-1.159494201923853e-5,-1.5965686281774346e-5
-1.0225624759225908e-5,-9.275769150613285e-6,-7.819567439917744e-6,-1.2830400055017456e-5,-8.683893666934245e-6,-1.1812244997235391e-5,-9.642460977883664e-6,-1.621248324358931e-5
-9.040682785696876e-6,-8.109830493235041e-6,-6.666499281448807e-6,-1.1707884707009248e-5,-7.530442476480369e-6,-1.0636380487869038e-5,-8.422447057977636e-6,-1.4975196612529346e-5
-1.0426384289630306e-5,-9.603258781860559e-6,-8.307542045165043e-6,-1.2511727377009894e-5,-9.000350924148737e-6,-1.1736735630351983e-5,-9.831604793560086e-6,-1.5283573775565057e-5
-8.86951835209202e-6,-8.089321733467367e-6,-6.802796146979303e-6,-1.1095463513864943e-5,-7.496990518008761e-6,-1.0241377057452666e-5,-8.22400968448389e-6,-1.3693809613823625e-5
-1.3148433184536119e-5,-1.2441557728433493e-5,-1.0882632640462613e-5,-1.6037912038023753e-5,-1.170918561399774e-5,-1.503774186323586e-5,-1.243189199819106e-5,-1.829001704295176e-5
-1.2587455280974145e-5,-1.1873533855939225e-5,-1.0319661525241053e-5,-1.5495294769523663e-5,-1.115112034821693e-5,-1.4467639612475047e-5,-1.1853729354131133e-5,-1.7731794471109428e-5
-1.1481917192077691e-5,-1.1057927158941193e-5,-9.698591267910583e-6,-1.4154552236995973e-5,-1.0376656505945012e-5,-1.3262087630029078e-5,-1.0691930315878055e-5,-1.4976146079923596e-5
-1.2352549888277944e-5,-1.1866721836066036e-5,-1.0503331972532015e-5,-1.4919452642736058e-5,-1.1189272800367185e-5,-1.406367039415387e-5,-1.1594944789841854e-5,-1.5965689091995102e-5
2.467488542792099e-12,2.1852064669728965e-12,2.195721667128754e-12,2.1916109721231837e-12,2.1627644038065423e-12,2.16111188790895e-12,2.1638936402639304e-12,2.2125548296528524e-12
-1.7965168265693937e-12,-2.111501410335295e-12,-2.1021248997111455e-12,-2.097038240474157e-12,-2.1394468831465246e-12,-2.132957021351195e-12,-2.139527866703569e-12,-2.079970004109935e-12
2.3928809269795465e-12,2.1049559658530974e-12,2.1157137827893286e-12,2.11027548695195e-12,2.0826036245990477e-12,2.0800898303596535e-12,2.084635657627357e-12,2.1342755935105407e-12
-1.9575233834290252e-12,-2.2643489553962665e-12,-2.255894215802476e-12,-2.2511843706073993e-12,-2.2926234176971866e-12,-2.2864384991435733e-12,-2.2925527458154843e-12,-2.2338204638357494e-12
2.2556795804637352e-12,1.9796182243132537e-12,1.989374653580673e-12,1.9846813500049723e-12,1.9567769093415735e-12,1.9547716863623705e-12,1.9581505547118962e-12,2.0061331337105716e-12
-1.996632893547135e-12,-2.3052720005553353e-12,-2.2965924613395777e-12,-2.2920827696569783e-12,-2.333556164750827e-12,-2.3274160262968955e-12,-2.3334180443819788e-12,-2.27457000015148e-12
2.122050688726966e-12,1.8386997601959555e-12,1.8487223711404867e-12,1.8425903111243137e-12,1.8158683626958922e-12,1.8130175791856313e-12,1.8183901639085644e-12,1.8676049093307563e-12
-2.1589285055674897e-12,-2.460834599660445e-12,-2.452861751561118e-12,-2.44878080915156e-12,-2.4893345766373455e-12,-2.483471734416243e-12,-2.4889296963444152e-12,-2.430734311444163e-12
0.00010729506079082491,7.13280859588389e-5,6.37533728032833e-5,6.509734031848662e-5,7.37769408207117e-5,0.00010242685720075992,0.00016207174652648826,0.0003046812133314117
0.00010728443271958797,7.131864010639703e-5,6.374333872049493e-5,6.508758663671465e-5,7.376661767635406e-5,0.0001024161936754487,0.00016206074271897866,0.0003046727701335061
0.00010724843106002004,7.12785134934296e-5,6.370240510823394e-5,6.505989192971535e-5,7.372993740708083e-5,0.00010238684881646627,0.00016202808287746134,0.0003046511270936454
0.0001072725417664464,7.129682685112464e-5,6.372774233381396e-5,6.506005074588402e-5,7.375447988758747e-5,0.00010238488575539922,0.00016204931175603195,0.0003046799273098759
0.00010725929806890332,7.128019064265652e-5,6.371379009183448e-5,6.503980640357426e-5,7.373978886334497e-5,0.00010236640851867305,0.00016203520618924847,0.0003046623515644009
0.00010724567203589019,7.126794145594984e-5,6.370147899772563e-5,6.502610996628912e-5,7.372711593648453e-5,0.00010235172980489765,0.00016202159005540456,0.00030464997084196904
0.00010733216005495644,7.132698331817464e-5,6.377383450127048e-5,6.506331579821228e-5,7.380138494486214e-5,0.00010238770792665079,0.00016209856118297206,0.00030476907654155075
0.00010725876133920766,7.126216025909698e-5,6.370240008774652e-5,6.501267916623759e-5,7.373027605227205e-5,0.00010233694556735722,0.00016202871188106157,0.00030469384424422464
-1.0225618820456907e-5,-9.275763371818979e-6,-7.819561654089481e-6,-1.2830394273383033e-5,-8.683887901824525e-6,-1.1812239233449167e-5,-9.642455210543956e-6,-1.6212477442856548e-5
-9.040679655803229e-6,-8.109827544997878e-6,-6.666496326820806e-6,-1.1707881750445885e-5,-7.530439545473106e-6,-1.0636377552785776e-5,-8.422444125612717e-6,-1.4975193639554828e-5
-1.0426378372592025e-5,-9.60325302828185e-6,-8.30753628439819e-6,-1.251172162135302e-5,-9.00034518414054e-6,-1.1736729892258311e-5,-9.831599050627743e-6,-1.528356799851739e-5
-8.869515302644323e-6,-8.08931886006031e-6,-6.802793267773862e-6,-1.1095460633005353e-5,-7.496987661979941e-6,-1.0241374197565541e-5,-8.224006826918662e-6,-1.3693806716136701e-5
-1.3148427338498013e-5,-1.2441552037039848e-5,-1.088262694266354e-5,-1.6037906344664646e-5,-1.1709179936535587e-5,-1.5037736187295429e-5,-1.2431886318391826e-5,-1.829001133027062e-5
-1.2587452243155485e-5,-1.1873530994442819e-5,-1.0319658657975275e-5,-1.549529190056857e-5,-1.1151117504192942e-5,-1.4467636764571998e-5,-1.1853726508615317e-5,-1.7731791585524217e-5
-1.1481911371036754e-5,-1.105792149614698e-5,-9.698585598526267e-6,-1.4154546573001667e-5,-1.0376650856972847e-5,-1.3262081983167003e-5,-1.0691924663858687e-5,-1.4976140394286923e-5
-1.2352546930930656e-5,-1.1866719049496566e-5,-1.0503329180779746e-5,-1.4919449849577111e-5,-1.1189270031439999e-5,-1.4063667621540644e-5,-1.1594942019240048e-5,-1.59656862817749e-5
-1.0225624759224575e-5,-9.275769150613573e-6,-7.81956743991865e-6,-1.283040005501743e-5,-8.683893666932615e-6,-1.1812244997235398e-5,-9.64246097788464e-6,-1.6212483243588916e-5
-9.040682785696947e-6,-8.109830493234387e-6,-6.666499281451103e-6,-1.1707884707010025e-5,-7.530442476478123e-6,-1.0636380487869343e-5,-8.422447057978138e-6,-1.4975196612529566e-5
-1.0426384289657345e-5,-9.603258781860823e-6,-8.307542045166861e-6,-1.2511727377010487e-5,-9.000350924146575e-6,-1.173673563035219e-5,-9.831604793561958e-6,-1.5283573775564722e-5
-8.869518352089888e-6,-8.089321733468455e-6,-6.80279614698058e-6,-1.1095463513865234e-5,-7.496990518007637e-6,-1.0241377057452294e-5,-8.224009684484125e-6,-1.3693809613823929e-5
-1.3148433184534396e-5,-1.2441557728433276e-5,-1.0882632640463564e-5,-1.60379120380238e-5,-1.1709185613997175e-5,-1.5037741863236234e-5,-1.2431891998193275e-5,-1.8290017042951068e-5
-1.2587455280972926e-5,-1.1873533855939977e-5,-1.0319661525241795e-5,-1.5495294769522962e-5,-1.115112034821666e-5,-1.4467639612475386e-5,-1.185372935410529e-5,-1.7731794471108933e-5
-1.1481917192077014e-5,-1.1057927158941469e-5,-9.698591267883261e-6,-1.4154552236995472e-5,-1.0376656505944477e-5,-1.326208763002856e-5,-1.0691930315879735e-5,-1.497614607992339e-5
-1.2352549888276624e-5,-1.1866721836065467e-5,-1.0503331972534217e-5,-1.4919452642736609e-5,-1.1189272800393077e-5,-1.4063670394155755e-5,-1.1594944789843372e-5,-1.5965689091995647e-5
2.99412503936615e-5,2.5082376976231242e-5,2.293984691807335e-5,2.437775643249432e-5,2.5228879582268006e-5,3.192513876308718e-5,4.2074541284590965e-5,6.417491265874137e-5
2.996033542705324e-5,2.5100605416616498e-5,2.2958559800920787e-5,2.4396348374788467e-5,2.5248045086769197e-5,3.194469017110898e-5,4.209430126739519e-5,6.419226296014637e-5
3.0025601072528597e-5,2.5170935206717058e-5,2.303012849788963e-5,2.4453447811724718e-5,2.5315079631470784e-5,3.20041334559724e-5,4.215891748301118e-5,6.424892708854894e-5
2.996726355931362e-5,2.5118188939915036e-5,2.296883468609667e-5,2.4421273049192972e-5,2.5254430361556497e-5,3.1972786747581415e-5,4.2099293486721516e-5,6.418071392942817e-5
2.9973603809229767e-5,2.5127915989446916e-5,2.2975845756104774e-5,2.44350495241325e-5,2.5262013335501617e-5,3.1984419310672126e-5,4.210590846582359e-5,6.419032845071332e-5
2.9995641489462888e-5,2.5148991518560527e-5,2.2996791424324975e-5,2.4457782323534113e-5,2.5283484440553876e-5,3.200813083822158e-5,4.2128206697471246e-5,6.421171749024938e-5
2.983459250030942e-5,2.501396271741488e-5,2.2846435829242177e-5,2.434805411674989e-5,2.5130297320582398e-5,3.189767374815563e-5,4.1969209644907904e-5,6.400958123244292e-5
2.997094410308013e-5,2.5143137414535933e-5,2.29832737257177e-5,2.446126415832388e-5,2.5267299609384988e-5,3.2012210530151375e-5,4.210693066222116e-5,6.415464077538231e-5
4.8516749315912935e-5,2.3835745058483633e-5,2.4724447019654558e-5,1.9692930210687653e-5,2.51427827097313e-5,3.00124809263804e-5,5.3334079577828886e-5,0.00014271638370117623
5.861322133218533e-5,3.3472594493409965e-5,3.390917812148759e-5,2.943703384449356e-5,3.448502453685636e-5,4.0388141652232865e-5,6.367083137634643e-5,0.00015364166910648023
4.7718177935293405e-5,2.2978877709389756e-5,2.376423142363314e-5,1.9036142804326516e-5,2.4266816316328496e-5,2.939078380094708e-5,5.262116056468004e-5,0.00014220980549768133
6.216562634399255e-5,3.6830664161936756e-5,3.728197273504711e-5,3.270877456331425e-5,3.789237738388938e-5,4.376246954278114e-5,6.735026941154454e-5,0.00015776010168788945
6.0680609441617e-5,3.556539788179975e-5,3.6451617882557016e-5,3.1332766994022484e-5,3.6945548356040764e-5,4.202038049633771e-5,6.596791327531728e-5,0.00015711269687244711
6.976190722630111e-5,4.4249923976956e-5,4.4676908918552006e-5,4.020109127174852e-5,4.53250352929806e-5,5.1471069055941665e-5,7.526913807406245e-5,0.0001670332721087235
6.512881710002823e-5,3.970089329154371e-5,4.07767703715052e-5,3.500810347687952e-5,4.1256097393593285e-5,4.577753768740279e-5,7.045838316441267e-5,0.00016154867645276253
7.249697399283644e-5,4.709587153095931e-5,4.756188125758983e-5,4.3044213857022155e-5,4.817563078967538e-5,5.424466517796344e-5,7.801271662558026e-5,0.0001698506892560207
2.9859846418609646e-5,2.708299700771777e-5,2.751543554296497e-5,2.4924655086548057e-5,2.7436863641353256e-5,2.6694796512544288e-5,3.287999070539384e-5,4.275611229149517e-5
3.3685429877786634e-5,3.116132413435038e-5,3.1370744577516064e-5,2.9625133422219435e-5,3.135851340561302e-5,3.1313712137771946e-5,3.662398878609486e-5,4.6342093414327635e-5
2.3243550214573194e-5,2.0624870404815048e-5,2.205983560101601e-5,1.6028625881461902e-5,2.155782667613813e-5,1.7860054836107845e-5,2.6221211498314283e-5,3.055892160484218e-5
2.4778391462411605e-5,2.2534914735891313e-5,2.373311349539101e-5,1.881511332815202e-5,2.3292571423836654e-5,2.0466324673757853e-5,2.762428809575929e-5,3.217287645748062e-5
2.658249307858763e-5,2.4620942208420227e-5,2.480418672633061e-5,2.3167365698461974e-5,2.4895273013903434e-5,2.437704940083395e-5,2.9377789545525415e-5,3.667096113413557e-5
3.294186219299085e-5,3.1056123460043155e-5,3.098036993368815e-5,3.0094282160435723e-5,3.116094063187639e-5,3.136835915789768e-5,3.5722541919036556e-5,4.302761318171842e-5
1.1173443887865483e-5,1.0334951664336715e-5,1.1743104887525764e-5,7.273619305037286e-6,1.1540115769175323e-5,7.766635443529359e-6,1.3630158372915002e-5,1.2786221125206573e-5
2.3409497479744552e-5,2.2296269961161245e-5,2.3396103260473168e-5,1.9271523972376025e-5,2.327458821326249e-5,2.0245276153408195e-5,2.6141018244754593e-5,2.5817845324160307e-5
-6.738094098610435e-6,-6.365829811413611e-6,-6.239534668514951e-6,-6.296185175008778e-6,-6.367490667170523e-6,-6.773732729908515e-6,-7.088286560213306e-6,-7.2141065286951354e-6
3.3247832135581552e-6,3.303876802468574e-6,3.0011600236671283e-6,3.6032988576590605e-6,3.025584664803839e-6,3.705580108460011e-6,3.1959745460722415e-6,3.5586342437879235e-6
-9.826542913526853e-6,-9.626485852200154e-6,-9.294551313480148e-6,-1.0042113042580542e-5,-9.433703645796678e-6,-1.036395947705469e-5,-1.003938053888437e-5,-1.0879014953692463e-5
1.8360559351719422e-6,1.7741924126610176e-6,1.6537607987091352e-6,1.6646444618843807e-6,1.628864906495356e-6,1.8982212151239771e-6,1.8568860406610776e-6,1.712183479651859e-6
-1.0083364537701022e-6,-8.817126502359321e-7,-7.727962967569316e-7,-7.330985536843587e-7,-7.663433714360469e-7,-9.78592743451189e-7,-1.0222757268203025e-6,-7.737570919063456e-7
8.971888901099577e-6,8.704773830595854e-6,8.385625474583927e-6,9.080982489549045e-6,8.54376195948155e-6,9.415054428566785e-6,9.177223949973951e-6,9.909806180566714e-6
-4.032520460062514e-6,-4.076201543445855e-6,-3.762467364486112e-6,-4.414603050678231e-6,-3.767877391148702e-6,-4.504198179739786e-6,-3.908548176799489e-6,-4.371402862833016e-6
7.472796215961695e-6,7.167416359124726e-6,7.028832932520655e-6,7.137103551577312e-6,7.137233032773941e-6,7.601656856853516e-6,7.828435986396574e-6,8.057687215593872e-6
-5.479710793589222e-6,-4.9476507920737904e-6,-4.8404566942961925e-6,-4.951804648278413e-6,-5.015158559160469e-6,-5.39287251499179e-6,-5.90392675941437e-6,-6.632984055783733e-6
5.2024824155805725e-6,5.325953805372637e-6,4.997533174514675e-6,5.528914380996035e-6,4.97692101978423e-6,5.694832673850354e-6,5.017419347633288e-6,4.792993821037043e-6
-9.254062884451232e-6,-8.887043610006104e-6,-8.619452479567244e-6,-9.09401195850057e-6,-8.736341192892951e-6,-9.51100415158471e-6,-9.559334874833963e-6,-1.0759959119245327e-5
3.739451451880755e-6,3.794151212556259e-6,3.6036233997067283e-6,3.805428949538954e-6,3.6014814956779987e-6,4.010560231589862e-6,3.711183445372666e-6,3.2145129407389645e-6
-2.726144367799205e-6,-2.687100965418393e-6,-2.493161735459784e-6,-2.6579544286391406e-6,-2.4947093068179828e-6,-2.8878964227900614e-6,-2.681209568697782e-6,-2.288680528120761e-6
7.252077154009052e-6,6.909421041795783e-6,6.67534886954615e-6,7.165910345295772e-6,6.8222094915574115e-6,7.515955025883164e-6,7.516346084263484e-6,8.375322174129599e-6
-4.568762360974311e-6,-4.852786148823143e-6,-4.537004102058833e-6,-5.184343559299856e-6,-4.507237367693851e-6,-5.25229215750276e-6,-4.34876745288511e-6,-3.97000028993832e-6
5.834695446336806e-6,5.345080531765115e-6,5.21359468074375e-6,5.3878860312612906e-6,5.352859404111632e-6,5.822742307592907e-6,6.248314778254039e-6,7.268820290764844e-6
3.682746614259928e-6,3.664794657656379e-6,3.5955240056502078e-6,3.7297478406864003e-6,3.6194121466583215e-6,3.7620201098871316e-6,3.7593151810430243e-6,4.2459621373029454e-6
-3.682739948070744e-6,-3.664787926249057e-6,-3.59551727774232e-6,-3.729741100504988e-6,-3.6194054211569536e-6,-3.7620133750510838e-6,-3.759308467459268e-6,-4.245955440904131e-6
1.2274882026253025e-5,9.551222028057497e-6,9.474780659141613e-6,7.446555008209551e-6,9.163843807822086e-6,9.7846238705441e-6,1.4783310853354275e-5,2.5499321004872166e-5
5.5181779777164535e-6,3.3869933867266673e-6,3.5095773615878406e-6,1.6054108719799486e-6,3.1113144791180737e-6,3.324161812715682e-6,7.733023231214856e-6,1.7925378262183954e-5
6.750705920028322e-6,4.283513880155069e-6,4.916853830239235e-6,4.1314530627033833e-7,4.244870300700069e-6,2.7413503089924476e-6,9.152617191936234e-6,1.57393634794093e-5
-2.8305464731852865e-6,-4.709370384082363e-6,-3.874100171635253e-6,-8.070332933215982e-6,-4.606094891853197e-6,-6.429185127634677e-6,-7.810034132407355e-7,5.47556418850832e-6
3.2340526231347755e-6,1.6300096978024354e-6,1.296197619646782e-6,1.4175852370802093e-7,1.022068462094595e-6,1.6783165083554437e-6,5.201003896383032e-6,1.2834762144992525e-5
-7.816210245494553e-7,-1.9722253944715982e-6,-2.1438149111180994e-6,-3.2695823589159854e-6,-2.480925011419623e-6,-2.2035747918012712e-6,9.595358145679224e-7,8.242347635632097e-6
-1.1447178716463695e-5,-1.1817285415143414e-5,-1.1218411629402794e-5,-1.420228137299152e-5,-1.1710256554956836e-5,-1.3470148053811515e-5,-9.86467766331732e-6,-8.998492288710787e-6
-9.670825422245617e-6,-1.0110239381355558e-5,-9.376026501713892e-6,-1.2864787638395981e-5,-9.909456095630654e-6,-1.2145164797952218e-5,-8.03552909535008e-6,-7.211600128396682e-6
5.939129714707313e-7,2.419577936581581e-7,1.7885231422305768e-7,3.7098785014507514e-7,2.3079244871496664e-7,5.396264421884346e-7,6.773030434079675e-7,1.9709231745325026e-6
3.901751880839996e-7,4.970285673988787e-8,-1.4602343131390574e-8,1.6754545267084295e-7,3.567326292086937e-8,3.291604940009343e-7,4.788272322005339e-7,1.802989199392145e-6
6.06976694446909e-7,2.451385164690804e-7,1.893079607589169e-7,3.564545536850145e-7,2.429723736725012e-7,5.190853825434951e-7,6.841687942341451e-7,1.9976150429799895e-6
3.506003644289137e-7,3.0635248490237665e-9,-5.773926751882155e-8,1.1884929947264947e-7,-4.989222123751729e-9,2.753306712202798e-7,4.366447065391168e-7,1.7738135376710186e-6
4.2749692443119096e-7,7.66412670775196e-8,1.490216483961643e-8,2.0136817734728053e-7,7.024805279936705e-8,3.627512119503191e-7,5.102787748263155e-7,1.7903121708042497e-6
2.5054101647361487e-7,-8.992410451837679e-8,-1.5223121068756515e-7,2.1283580306084546e-8,-9.857005440070593e-8,1.763341948448459e-7,3.3798367469418347e-7,1.6458351800694297e-6
2.8746064564707596e-7,-6.464973529948936e-8,-1.2885441404811257e-7,7.79113339058632e-8,-6.902694351732067e-8,2.326609393876791e-7,3.7385256288021854e-7,1.6683780127023536e-6
2.3339941884308783e-7,-1.1720115940274369e-7,-1.7566824041222683e-7,-8.214881299339686e-9,-1.173969779673716e-7,1.4115511479624603e-7,3.185523828725123e-7,1.639312900704027e-6
3.1461428215784354e-5,1.7634128182065223e-5,1.3124215270904074e-5,1.513244665357065e-5,1.8011459529806078e-5,3.246442077508988e-5,5.800595080097448e-5,0.00011594342879509403
3.157909698234573e-5,1.7742451716533313e-5,1.3232642745165523e-5,1.5239401708537471e-5,1.8121802723640385e-5,3.257932270092436e-5,5.812287818553165e-5,0.00011604710591883109
3.170644205564934e-5,1.7904513046767535e-5,1.3386534724110822e-5,1.5398333674549834e-5,1.8261977844885593e-5,3.2744996130474165e-5,5.8255557027887646e-5,0.00011614764017496405
3.174679433036321e-5,1.795505518725581e-5,1.341756051227981e-5,1.5480024027210845e-5,1.829637724158851e-5,3.283278199233587e-5,5.8292747719014204e-5,0.00011617254482518032
3.178543300470716e-5,1.80059755523929e-5,1.3464217088999682e-5,1.554322439693778e-5,1.8344545870132955e-5,3.2884594809752754e-5,5.833251890494409e-5,0.00011622629455687632
3.1905405132204226e-5,1.81171753784605e-5,1.3573493678960352e-5,1.5656246839163445e-5,1.8456071781446243e-5,3.3005593275392585e-5,5.8451701766541484e-5,0.00011633845277270489
3.1501986645393365e-5,1.7864777940294923e-5,1.3277759134184305e-5,1.5470089273930983e-5,1.8157595726178317e-5,3.2794958408425794e-5,5.809132148451941e-5,0.00011575349395014157
3.176813719433658e-5,1.8109837527354902e-5,1.3534405385679313e-5,1.5695713772246933e-5,1.8414823505270178e-5,3.302876672739209e-5,5.8361145344723974e-5,0.00011603444347148971
-0.00038615194285176037,-0.00038238369698919555,-0.0003817926206743121,-0.00038146798267850847,-0.00038028079409010084,-0.0003841361990194628,-0.0003839873385600937,-0.00040759177141147117
-0.00045326689473650745,-0.0004497756982896232,-0.00044914981951049563,-0.00044871489487060016,-0.000447549179345187,-0.00045142291274904913,-0.00045132318245170793,-0.00047510585566548473
7.860118600262047e-5,4.0620977683472505e-5,3.4968261915954285e-5,3.624455377680003e-5,4.2673305376643084e-5,6.768329703636924e-5,0.00012002695227209136,0.0002738599024874148
7.857342875030922e-5,4.060013821780995e-5,3.4945536079696433e-5,3.6228347593583236e-5,4.264950496713887e-5,6.766204467852283e-5,0.0001199981414731958,0.0002738376023505134
7.839139033248734e-5,4.039589057971563e-5,3.474439819168594e-5,3.6029237216488575e-5,4.246150559182405e-5,6.745586052264711e-5,0.00011981960946658173,0.0002737092159869758
7.84040577455142e-5,4.039131201622964e-5,3.4759165875029895e-5,3.599002861744542e-5,4.2472774710065646e-5,6.740980092841114e-5,0.00011982090643095529,0.0002737127546467196
7.834554629920933e-5,4.031978026394553e-5,3.469477685156726e-5,3.5903592182400276e-5,4.240554710745428e-5,6.733293319240558e-5,0.00011976303032602085,0.00027366126875634045
7.830298372472262e-5,4.028441066230171e-5,3.465916906488013e-5,3.587055806295145e-5,4.236855646265205e-5,6.729437903169378e-5,0.00011971980754322655,0.00027361970906043825
7.855815027839856e-5,4.037615149019155e-5,3.479737787846494e-5,3.588299330286462e-5,4.2505169319935806e-5,6.732551666519026e-5,0.00011989803903730001,0.0002740204631943937
7.839621085052079e-5,4.0242501137493535e-5,3.464701347345442e-5,3.578104785816035e-5,4.235579145907354e-5,6.722050763200153e-5,0.00011974623409876765,0.00027386152852547927
0.00038502233885217316,0.0003853160886907256,0.0003922862847596454,0.00037418541984366523,0.000389883620237487,0.000367191999569239,0.0003692643369048594,0.0003359141502538651
0.0003895560974889285,0.0003898068493306578,0.0003967957972681344,0.0003786162103934732,0.0003943978871627889,0.00037165218308731927,0.0003738099467040292,0.0003404566893747768
-0.000137015567571596,-0.00013080673054443093,-0.00013442715667999765,-0.0001238199909431493,-0.00013424065354604081,-0.00012177539826555364,-0.00013586500685974242,-0.00014384742081891856
0.00015345665958459577,8.735286041846408e-5,8.60007348133877e-5,8.994486228213402e-5,9.274111747913406e-5,0.00012599444453016375,0.0001788530259176818,0.0004004480492592457
3.9437503459574285e-5,4.8305829060797816e-5,4.6312754280930616e-5,4.643140415364308e-5,4.70744426321442e-5,4.6942099202533495e-5,4.407560336266397e-5,-3.727513487877078e-6
3.9261930929110175e-5,4.814146790452669e-5,4.614501240078275e-5,4.626025005674619e-5,4.690444345143327e-5,4.676463999239647e-5,4.390295980035378e-5,-3.872314040492832e-6
3.923624136927965e-5,4.808419284013519e-5,4.609000540619417e-5,4.621762099504787e-5,4.6867421683703604e-5,4.670965319857996e-5,4.386496475135008e-5,-3.858538420521993e-6
3.918232991919763e-5,4.80237883468876e-5,4.604688203450727e-5,4.6111811795383966e-5,4.682118393765342e-5,4.659686925562558e-5,4.381463658097317e-5,-3.8737737680584e-6
3.920042644732164e-5,4.803326750086537e-5,4.6063044054767846e-5,4.6113213967023404e-5,4.6837551779189396e-5,4.6605752471957646e-5,4.382990594044772e-5,-3.911120564874099e-6
3.903683354983939e-5,4.788051368326987e-5,4.590894825281766e-5,4.594797242387366e-5,4.668096441277572e-5,4.643460897560063e-5,4.36696739777077e-5,-4.049776217224145e-6
3.936736090018958e-5,4.812087191446514e-5,4.618762469483671e-5,4.613636596630504e-5,4.697397527785395e-5,4.6615305034950634e-5,4.397182767097025e-5,-3.6052871307679333e-6
3.906443855557891e-5,4.784005776860175e-5,4.5890643735899285e-5,4.587065173478473e-5,4.667552397931018e-5,4.6345204325673274e-5,4.3669224480790264e-5,-3.909006800661099e-6
-7.369886620917452e-7,-6.5482715883828745e-6,-8.566188386612383e-6,-7.388256971379935e-6,-5.899632693820368e-6,1.2329771360159394e-6,1.375782398064944e-5,4.0156699011004176e-5
-5.574426167223806e-7,-6.379000310389623e-6,-8.395915050463483e-6,-7.203347082055785e-6,-5.72776827328297e-6,1.4261291616398555e-6,1.3933781183606553e-5,4.029783139874e-5
-6.981707350694853e-7,-6.514198064880844e-6,-8.529673789941792e-6,-7.3589760116167455e-6,-5.861225142966156e-6,1.2613542103906008e-6,1.3795868938719443e-5,4.020184544419697e-5
-4.936023129053331e-7,-6.318098188816011e-6,-8.334583084801657e-6,-7.146774421598862e-6,-5.665572125359385e-6,1.4819931278487403e-6,1.399482672086021e-5,4.036860816601702e-5
-5.756215039844791e-7,-6.391211222522186e-6,-8.409202294286622e-6,-7.233019289524874e-6,-5.742050459343747e-6,1.3879114591731361e-6,1.3916643843248127e-5,4.0339705612316116e-5
-4.088578360890117e-7,-6.234413009543128e-6,-8.25187153659098e-6,-7.0589789074944634e-6,-5.583136294930439e-6,1.5698830475357331e-6,1.4079769855339846e-5,4.046951725454862e-5
-5.456218301881685e-7,-6.359819740729117e-6,-8.377947339892816e-6,-7.208184279387916e-6,-5.709109376572151e-6,1.4110743359126158e-6,1.3945325717716288e-5,4.0366229720824516e-5
-3.679472028648912e-7,-6.1910618317888046e-6,-8.208589578898164e-6,-7.019396889124683e-6,-5.539243285640753e-6,1.6077494136643562e-6,1.4120807014614227e-5,4.051233569532106e-5
-0.0010077804609822496,-0.0008115423366551016,-0.0007785400038469876,-0.0007536953212071397,-0.0007776658872945672,-0.0008555980573904074,-0.0009936599499531856,-0.0014355037689748335
8.371016674328566e-7,4.013476706706556e-7,5.676974406130757e-7,3.52501874004354e-7,6.50713678484015e-7,4.913739660125712e-7,8.291054238900544e-7,1.0522477742835974e-6
-0.00014195013795278367,-8.301610602575655e-5,-7.42270591544984e-5,-7.190817155615852e-5,-7.302324007716236e-5,-9.818029022481182e-5,-0.00013231056957400383,-0.0002768841896761646
0.00014195013667946173,8.301610455652195e-5,7.422705769012254e-5,7.190817009308323e-5,7.30232385861785e-5,9.818028873398785e-5,0.00013231056807988685,0.0002768841882236504
-0.00014182481349428325,-8.326037963866257e-5,-7.436386176716981e-5,-7.2056408173346e-5,-7.304896965438966e-5,-9.826310108376075e-5,-0.00013222890156970216,-0.0002765850654918992
-0.00014195013603915857,-8.301610388909716e-5,-7.422705701988243e-5,-7.190816942118008e-5,-7.302323790485903e-5,-9.818028805302155e-5,-0.00013231056739740557,-0.00027688418755563544
-3.5040935979163266e-6,-4.8013959162143835e-6,-4.259469436535861e-6,-5.140974090626238e-6,-3.903543125911199e-6,-5.663226200593394e-6,-3.6268617907998643e-6,-2.581838512303384e-6
-2.5594793674225932e-6,-3.920540847412578e-6,-3.201060387194643e-6,-4.450362560746672e-6,-2.851457793297331e-6,-5.100825865453992e-6,-2.655767921122503e-6,-1.692002521631778e-6
-7.893161732168619e-7,-3.647232274772658e-7,-5.54038004971248e-7,-7.524916908662319e-8,-5.781444701383277e-7,-1.6443102510189924e-7,-9.290579874395408e-7,-1.9684131173474018e-6
-5.166363471140489e-7,-3.0006929115038555e-7,-1.910346436673639e-7,-4.228981374514705e-7,-2.016809778158807e-7,-6.688507373524174e-7,-6.354897140496889e-7,-1.9437967956949192e-6
6.561560317477827e-7,4.704889747090705e-7,4.1606285636809227e-7,5.552379330615167e-7,4.601705870653748e-7,6.847073323479242e-7,5.951079863642053e-7,5.850590611206655e-7
8.467826369161028e-7,6.622105904139328e-7,7.731143191338849e-7,6.468239510651601e-7,8.109781173501443e-7,5.982619329209406e-7,7.980451071251577e-7,7.596946296097202e-7
8.162431519501568e-6,9.727154695278045e-6,9.162398442526751e-6,9.866024905974405e-6,8.746022698664062e-6,1.0435543547788002e-5,8.193258860529653e-6,5.516185630907286e-6
1.2488213666777882e-6,3.154900563655428e-6,2.648001498070724e-6,3.6947073726934545e-6,2.2641765016045635e-6,3.815992885061098e-6,1.147801187875303e-6,-1.8506176762922101e-6
-0.00012143043599302034,-0.00012033316064940414,-0.00011966245989032041,-0.00012153671611870231,-0.0001197316458172433,-0.0001219084967366394,-0.00012117811227966442,-0.00013033080915926597
0.00012134758971987434,0.00012190228297120254,0.00012136818296992394,0.00012317632114735997,0.0001213123499528191,0.00012269469227398332,0.00012029320416246911,0.00012118605382419899
3.3518102784283234e-6,4.413157652508832e-6,4.48464986264392e-6,4.493518600573043e-6,4.403939739841473e-6,3.9397524053801924e-6,2.8144819911449167e-6,-2.389403512956085e-6
4.125772978566075e-5,4.391933754779843e-5,4.309304287748826e-5,4.127632398640866e-5,4.148925469114878e-5,4.190938434018823e-5,4.020315887980577e-5,3.136161390342205e-5
1.881456742493414e-5,2.3859767619182726e-5,2.4150184902638926e-5,2.041761037404986e-5,2.1817460446451073e-5,1.8892891312484446e-5,1.6962812699491035e-5,5.4746593372244295e-6
-9.08616642722306e-6,-1.3187668336903457e-5,-1.3544427397626775e-5,-9.819565978875778e-6,-1.1506277505088192e-5,-8.540967591300292e-6,-7.5146009729381954e-6,1.766860036248563e-6
-4.2639117258297e-5,-4.464587520067524e-5,-4.3742937497365345e-5,-4.247843245873282e-5,-4.230241131755809e-5,-4.339581939905127e-5,-4.2012921519197034e-5,-3.70150644215154e-5
-1.8185846045770913e-5,-1.864652226837646e-5,-1.858969315143764e-5,-1.7865693185583236e-5,-1.8153993639708715e-5,-1.8495111095985464e-5,-1.798233327793434e-5,-1.755509838564993e-5
-2.0411921190603468e-5,-2.0711354752570956e-5,-2.0437204888257396e-5,-1.9968550153258632e-5,-2.0030064835021483e-5,-2.0942314684462797e-5,-2.0229345770081426e-5,-1.989790349674542e-5
3.4376806904703383e-7,5.553716902084981e-7,5.898282422076747e-7,3.0967709847867284e-7,5.11710319528762e-7,4.002173404203583e-7,3.210843372122703e-7,-9.77213182898282e-7
-5.564106804243204e-6,-5.209302736251803e-6,-4.927017124709129e-6,-5.511956670077641e-6,-5.0034895091073025e-6,-5.832868146933061e-6,-5.663366916179206e-6,-7.4043183597315576e-6
3.916222528073774e-6,3.888892181156988e-6,3.661554799915756e-6,4.275298417727839e-6,3.7618701121267876e-6,4.344089739913091e-6,3.843467175814979e-6,3.7511058672184796e-6
1.0141095586718844e-6,1.1790680064509972e-6,1.1737571403514122e-6,1.5551032676324247e-6,1.2407360564529e-6,1.251366899138175e-6,9.042046015371178e-7,6.879091592215632e-7
2.407346742377871e-5,2.4544706812477796e-5,2.4264819570499442e-5,2.371843028433844e-5,2.3824195031930273e-5,2.4645881992091265e-5,2.3818982119329562e-5,2.2437186782606928e-5
1.5748913787344067e-5,1.6481791870139983e-5,1.645355146770939e-5,1.5775361166128035e-5,1.6009498194392538e-5,1.6170110708878313e-5,1.534275225537992e-5,1.3480741043625734e-5
2.930734410607309e-6,3.858746637753949e-6,3.921257420505064e-6,3.929011996632605e-6,3.850686748971377e-6,3.4448143995088524e-6,2.4609095918556407e-6,-2.089221534851457e-6
-1.3232016676804008e-5,-1.2620408166287926e-5,-1.116681822495835e-5,-1.5465775073644126e-5,-1.1517554050203426e-5,-1.6144853868848447e-5,-1.4075650554219029e-5,-2.531853286492919e-5
-1.172168452428146e-5,-1.0631441744401262e-5,-8.997841848166405e-6,-1.317030121317074e-5,-9.371161271867262e-6,-1.4422503791986515e-5,-1.2712636880274988e-5,-2.4645597541020582e-5
3.5491516930072343e-6,4.211091312780737e-6,2.9110010581312613e-6,6.953614404553138e-6,3.342585765890135e-6,6.481277720281089e-6,3.213419247315934e-6,5.251174220979822e-6
-2.168183345246774e-6,-1.0350128755004314e-6,-2.114373701061612e-6,2.074028364630884e-6,-1.6533122063373024e-6,8.987245714036089e-7,-2.7417345749549926e-6,-1.7723936787074029e-6
2.0804559221243413e-6,2.3003726553853793e-6,3.505344908477879e-6,-6.825540762380479e-7,2.9698513452478153e-6,-3.069822220701304e-7,1.9126536078689002e-6,-5.952652344213727e-6
3.4446134485746353e-6,4.141845710538319e-6,5.528536436526454e-6,1.4665869079791888e-6,4.971879189412225e-6,1.2693352608904144e-6,3.130001809723926e-6,-5.430232836508692e-6
1.9523516630595105e-5,1.9767970774021373e-5,1.8243818038688842e-5,2.2293784011113736e-5,1.848161507631218e-5,2.2905901158253273e-5,1.986358434878545e-5,2.522444349920834e-5
1.381828165393994e-5,1.4544494467326522e-5,1.3236030384442876e-5,1.7450487047271008e-5,1.3503047355909304e-5,1.7357521358631163e-5,1.3927706248217383e-5,1.8238437965079646e-5
1.2697959543930322e-5,1.6718753582221864e-5,1.6989593710209776e-5,1.7023191895276476e-5,1.668383258298853e-5,1.4925311554365626e-5,1.066235238557555e-5,-9.051976999387769e-6
-2.2413802219336875e-5,-2.252793334628809e-5,-2.1102711294414457e-5,-2.623176741840689e-5,-2.1754574520082413e-5,-2.499989400584432e-5,-2.2261661688832598e-5,-2.870412716417692e-5
-2.6213942041965514e-5,-2.611266887791104e-5,-2.4348394799072772e-5,-3.0168195396947374e-5,-2.5116814702552143e-5,-2.919133072270674e-5,-2.612930125226648e-5,-3.32650581282335e-5
1.3974477142888132e-7,2.900029973040543e-7,4.165093560325572e-7,-2.650578410861773e-7,2.844280336178491e-7,-6.773836426635334e-8,2.029961823112102e-7,-1.1617643667917204e-6
-7.651145126719678e-6,-7.2744050317687225e-6,-6.788253335567839e-6,-8.127360565497732e-6,-7.003126258056631e-6,-8.279496937319334e-6,-7.722685657667597e-6,-1.0072125173602282e-5
6.5254287358255445e-6,6.546655399045285e-6,6.131752244179795e-6,7.377984382341478e-6,6.321081591796662e-6,7.317716140661448e-6,6.403240515623681e-6,6.640907279341171e-6
2.8030554986310353e-6,3.051059703559584e-6,2.9647993528991095e-6,3.5562798488847665e-6,3.0402724854273374e-6,3.2377231178129782e-6,2.618720951337201e-6,2.193145083743031e-6
2.761970821121658e-5,2.784477669703005e-5,2.6195943520797508e-5,3.164509159339034e-5,2.6875374619646098e-5,3.058377630931361e-5,2.735520743086611e-5,3.241444222173284e-5
2.014695394661573e-5,2.0619139359350022e-5,1.9310917896684265e-5,2.4170789966780447e-5,1.9913049681794605e-5,2.275238486328515e-5,1.9760659313777233e-5,2.3896562339820925e-5
3.4126398176115867e-6,4.493246662197198e-6,4.566036196235482e-6,4.575065864295161e-6,4.4838614771031604e-6,4.011250862425274e-6,2.865560962645203e-6,-2.432755771180328e-6
3.97349427860225e-5,4.021506681651358e-5,3.897598358515968e-5,4.0679276639821546e-5,3.923588468071702e-5,4.116732700833867e-5,4.0495903198818787e-5,4.159999554879969e-5
3.433481153449863e-5,3.370451635050034e-5,3.3189591310505155e-5,3.313510499517137e-5,3.3436022801413525e-5,3.392131565588457e-5,3.506628823747365e-5,3.604091042071469e-5
4.084247536451057e-5,4.139863420617145e-5,4.020839166620745e-5,4.182875477851837e-5,4.04511222369615e-5,4.225077978279783e-5,4.163287315295237e-5,4.2593536677637264e-5
3.4939662775738567e-5,3.4435951115088826e-5,3.3951319256358526e-5,3.391737505397446e-5,3.418087857249072e-5,3.460141427366207e-5,3.568716055019892e-5,3.658168462173579e-5
3.3248169184343324e-5,3.299582157329924e-5,3.246877083996274e-5,3.240850791521611e-5,3.264729241492494e-5,3.3053845041973235e-5,3.393693882362179e-5,3.416264035427137e-5
2.937501527713702e-5,2.8381100317644435e-5,2.8613119145966136e-5,2.661404553022636e-5,2.8753887717954745e-5,2.7475379049986776e-5,3.0232069602629403e-5,2.9438892611748545e-5
3.357208805075771e-5,3.3364118381239105e-5,3.2899257464996186e-5,3.271509195903517e-5,3.308078788840961e-5,3.326626264144902e-5,3.428520339053359e-5,3.424822551472901e-5
2.615876350515873e-5,2.5485666824378054e-5,2.573130767825705e-5,2.4026844178388824e-5,2.5881695481791154e-5,2.4595171049746393e-5,2.6940124566604034e-5,2.586572372592293e-5
-1.2792566824963259e-5,-1.0137466389634823e-5,-1.176133689980336e-5,-6.6170141030350286e-6,-1.1855686839864027e-5,-7.674232389588148e-6,-1.3355016891066201e-5,-1.1589063659505917e-5
-1.940529039722947e-5,-1.832217250603896e-5,-1.8876341338317735e-5,-1.638193249759449e-5,-1.899188446560858e-5,-1.6991333672811617e-5,-1.9966293902026575e-5,-1.8463092382823924e-5
-1.0193563829464353e-5,-7.449892645529802e-6,-9.00083028421737e-6,-4.000288925191334e-6,-9.116124632230738e-6,-5.140336003219449e-6,-1.0721820785463497e-5,-9.200050711920664e-6
-1.7735436322914382e-5,-1.648834642206138e-5,-1.7004708988321243e-5,-1.4481975713581422e-5,-1.7140956760567364e-5,-1.5227638290423676e-5,-1.8282033654648823e-5,-1.6908975326985843e-5
-2.095637212995683e-5,-1.9356282299304788e-5,-1.9930790654686322e-5,-1.745735656688617e-5,-2.013929333681911e-5,-1.8266305119028768e-5,-2.159758265325395e-5,-2.1192507950307995e-5
-2.4435688808361452e-5,-2.4030416393161872e-5,-2.3471280574683522e-5,-2.3949787162679718e-5,-2.3750402951374817e-5,-2.4389515295326292e-5,-2.4893190062241272e-5,-2.5769460342413288e-5
-1.9850667405118097e-5,-1.8209634835214756e-5,-1.8690894722319293e-5,-1.641848430491911e-5,-1.8894625625594857e-5,-1.7348017407606963e-5,-2.0468041598961568e-5,-2.0453820705677916e-5
-2.9513515377941892e-5,-2.8670200654849407e-5,-2.811330429338128e-5,-2.814684951028454e-5,-2.8379590680576595e-5,-2.8990449675490903e-5,-3.0092864936846394e-5,-3.133759075686279e-5
2.8144513293039156e-5,2.8061539253060345e-5,2.7550797223032302e-5,2.7634006664774215e-5,2.7649879417789826e-5,2.8172756008646718e-5,2.8638636380425325e-5,2.885877414563603e-5
2.2764665013937954e-5,2.157430328778759e-5,2.1785284935173724e-5,2.0114244007086273e-5,2.1871466184628116e-5,2.0951291854277497e-5,2.323021203333148e-5,2.3320638898710718e-5
2.9257542809816038e-5,2.9251005581928825e-5,2.878811816597773e-5,2.8791332377320507e-5,2.8870170569622865e-5,2.9263849254861382e-5,2.9780915907061128e-5,2.9859904613680916e-5
2.337316875463889e-5,2.230949748210032e-5,2.2550129402392016e-5,2.090142488198008e-5,2.2619524841451337e-5,2.163625460287764e-5,2.3854604943839324e-5,2.386649102453572e-5
2.1677751913225164e-5,2.086419087664828e-5,2.106347780347913e-5,1.9385394886393297e-5,2.108175729138435e-5,2.00819722460106e-5,2.2100473665030066e-5,2.1442379422116192e-5
1.783073976771427e-5,1.6278391330053722e-5,1.723333555586051e-5,1.3623222732224227e-5,1.7214569745657592e-5,1.453572051444869e-5,1.842188121763075e-5,1.6748031954957387e-5
2.2003890157180625e-5,2.1234740600443792e-5,2.149580735979475e-5,1.969475640956499e-5,2.1517152075801473e-5,2.029732248244724e-5,2.24508126117794e-5,2.15308561412424e-5
1.4604912339072321e-5,1.3371477031475198e-5,1.4341814399678383e-5,1.1019864296072636e-5,1.4332396151720404e-5,1.1640614945283289e-5,1.5120530316769901e-5,1.3161747600649469e-5
-2.9354809361089543e-5,-2.83887937431628e-5,-2.8782835524292843e-5,-2.6466780264901037e-5,-2.8776446193214473e-5,-2.7288216380796727e-5,-3.0123498297815126e-5,-2.9809436843154666e-5
-3.588687014087744e-5,-3.6484527913110455e-5,-3.581277245417529e-5,-3.6147374936238745e-5,-3.582763771382629e-5,-3.651879183017209e-5,-3.665048508719574e-5,-3.660446504712001e-5
-2.6702589033650316e-5,-2.5644492180484066e-5,-2.5969876291702248e-5,-2.37857350184957e-5,-2.5984965613556556e-5,-2.4691706089571372e-5,-2.7438425239420584e-5,-2.7358820694734436e-5
-3.418040612498391e-5,-3.4611867188804074e-5,-3.390534517082041e-5,-3.420327746736311e-5,-3.394130907575498e-5,-3.471219155287758e-5,-3.493071058621303e-5,-3.500756063640385e-5
-3.744852562213354e-5,-3.75328085807374e-5,-3.6879593525056526e-5,-3.723986613324354e-5,-3.698749527577748e-5,-3.781013410341032e-5,-3.829409972403523e-5,-3.934951800342067e-5
-4.0789617554032975e-5,-4.2057842883828645e-5,-4.02792344430415e-5,-4.357979615844558e-5,-4.045849903119344e-5,-4.378046823978036e-5,-4.14506323791017e-5,-4.3782217022944546e-5
-3.631662432661943e-5,-3.6358908274517385e-5,-3.5614152998315265e-5,-3.617149417427585e-5,-3.571752062617268e-5,-3.686258211637238e-5,-3.713927802411617e-5,-3.858269726405453e-5
-4.594641536255038e-5,-4.678473881709445e-5,-4.500148081831022e-5,-4.787797476116889e-5,-4.5167203759187484e-5,-4.847899187237733e-5,-4.672881149399631e-5,-4.944462759791826e-5
3.3770805031329168e-6,4.446427917123051e-6,4.5184590159146026e-6,4.527394605734635e-6,4.4371405161063605e-6,3.969454290434258e-6,2.8357019413724725e-6,-2.4074087772287764e-6
-0.00017403357366558542,-0.00018804532287778258,-0.00020922522823609073,-0.00010691406480094236,-0.00018608971508793953,-0.00012104425728927593,-0.00010615780308012845,0.00013906069053374657
3.86735463743289e-5,3.082370245973468e-5,3.1370998248464494e-5,2.6901057666267634e-5,3.284781066944205e-5,2.9993549428198303e-5,3.519232927108471e-5,3.7769553692225536e-5
8.061928648397597e-5,0.00024797754725813294,0.00026178048594748633,0.00025046272624073857,0.00021893074705549293,9.589125672446416e-5,-0.000165382199468135,-0.0010965517043125777
-0.0003298245252702282,-0.0003611291616840496,-0.00043290448449027615,-0.0006210600587691767,-0.0007605386084038702,-0.0008337558988463599,-0.0008529467735708965,-0.0008554069596814227
0.00032982452324671353,0.0003611291596569456,0.00043290448246331947,0.0006210600567269171,0.0007605386063524593,0.000833755896793457,0.0008529467715178297,0.0008554069576279856
-0.00032982452591235294,-0.0003611291623227118,-0.0004329044851294174,-0.0006210600593866442,-0.0007605386090082704,-0.0008337558994500204,-0.0008529467741747445,-0.0008554069602856284
5.3096961208674295e-5,-5.962408473480238e-6,-6.474541253772656e-6,-1.58236585014902e-5,-4.650680699529232e-7,2.1492460128996957e-5,9.211990092838627e-5,0.0003278415873558533
0.01364023580282556,0.013638398770509062,0.013638725914167165,0.013638639346670551,0.013638475230676633,0.013637861701020068,0.013635538023904485,0.013628187446939832
8.062110854664239e-5,0.0002479793950315457,0.00026178227705939985,0.00025046438267382887,0.00021893218843760905,9.589240009909698e-5,-0.0001653814408711672,-0.0010965514285628066
8.061928445819065e-5,0.0002479775447112465,0.0002617804834489918,0.00025046272370560045,0.0002189307444966361,9.58912541649225e-5,-0.00016538220198915424,-0.0010965517067504488
8.061928504368067e-5,0.0002479775456814504,0.0002617804843840099,0.00025046272467266564,0.00021893074548564478,9.589125515483305e-5,-0.00016538220102705367,-0.0010965517058485958
8.06192847440282e-5,0.00024797754538513194,0.0002617804840872153,0.0002504627243760279,0.0002189307451891035,9.589125485827939e-5,-0.00016538220132372882,-0.001096551706145205
1.0661940767646174e-11,1.0590156479507704e-11,1.0556299871043481e-11,1.0683444160673111e-11,1.0539165964646541e-11,1.0672186305586431e-11,1.0542816892281533e-11,1.0724478622280953e-11
3.778882237864384e-12,3.599928206123356e-12,3.5925985585344382e-12,3.652632297992473e-12,3.564327408402645e-12,3.6312470019355067e-12,3.5677662103520063e-12,3.683507018915344e-12
7.1699054471553524e-12,7.0823580770470255e-12,7.059003927234076e-12,7.152917134944605e-12,7.039212098223593e-12,7.136495560706902e-12,7.038282800719598e-12,7.1772947073257186e-12
5.242462491892444e-12,5.053181595534374e-12,5.04277753130466e-12,5.116210545646519e-12,5.014280364133362e-12,5.096984629509701e-12,5.021585060583698e-12,5.159045203221159e-12
4.328797647365912e-12,4.296501058117589e-12,4.305861611092957e-12,4.293889979553832e-12,4.305532289482534e-12,4.307912502175164e-12,4.319050705208198e-12,4.348202491552191e-12
5.112905414857865e-12,5.029711301182242e-12,5.043808518600819e-12,5.034900874714601e-12,5.0432910976541645e-12,5.045839249533984e-12,5.056053203703658e-12,5.07875413765354e-12
1.6580394166759292e-12,1.5612826031569922e-12,1.56457595654616e-12,1.5727417234218729e-12,1.5489199400846999e-12,1.5568101286938447e-12,1.5419017921788118e-12,1.5637973125345816e-12
2.777895680772395e-12,2.691536181564254e-12,2.6947423456155074e-12,2.701689277404733e-12,2.6788766756570513e-12,2.6894517875549847e-12,2.67536016539123e-12,2.6970474187912205e-12
-5.667393070799431e-13,-6.815199568190239e-13,-6.738471476712493e-13,-6.748932840930297e-13,-6.94767851277155e-13,-6.915555382499519e-13,-6.990057146393169e-13,-6.796907739799739e-13
1.71871080892899e-12,1.607192798057554e-12,1.61291788214916e-12,1.6143547255534157e-12,1.5942121459449625e-12,1.6006884463856253e-12,1.5908816701299393e-12,1.6123187789219899e-12
3.2322446149040314e-12,3.1330469281924653e-12,3.1360150350519955e-12,3.142033779627909e-12,3.1180193255425526e-12,3.125530028224462e-12,3.1106257387664866e-12,3.130347951330219e-12
0.00041187397077950213,0.0004004631945674175,0.00039716485648016737,0.0004097857296751031,0.0004281555757163979,0.00048299039698697355,0.0005789239384289171,0.000745468349375158
0.0004924932514760261,0.0006484407355250359,0.0006589453361799875,0.0006602484496507211,0.0006470863164945965,0.0005788816474283074,0.000413541732702854,-0.0003510833611356163
0.00047598950235106457,0.00046389910258037436,0.00046150784890538793,0.0004681800331118441,0.0004911683723723432,0.0005417849398968463,0.0006422710005939095,0.0008042164125952708
0.0005566087825617013,0.0007118766430543245,0.0007232883281215071,0.0007186427526029984,0.0007100991126675614,0.0006376761898543871,0.00047688879438543955,-0.0002923352983988411
1.2374204100666754e-6,1.5801844466259053e-5,4.125746143876011e-6,3.5109218166926824e-5,4.244061512553589e-6,3.587992641900328e-5,2.506496296799067e-6,1.783106825171593e-5
8.121153845490335e-6,6.839694440650486e-6,7.655096896990159e-6,5.7337729774881576e-6,7.727554435462953e-6,5.765539600310781e-6,8.124625222384118e-6,7.632988553189945e-6
-2.1493010142550054e-5,-1.1274541287801105e-5,-1.9127900031612683e-5,1.4277980136716129e-6,-1.9265347317241928e-5,2.098416841073573e-6,-2.0447301817139175e-5,-1.0890335796539433e-5
-1.3934803958784075e-5,-1.954152381921302e-5,-1.4911816610759878e-5,-2.7509693148006925e-5,-1.5088555996204123e-5,-2.748192022260883e-5,-1.4140706193403717e-5,-2.0588788660106063e-5
1.9083954984455044e-6,1.6326136059852437e-5,4.932487713781483e-6,3.49426456994706e-5,5.0454245631776e-6,3.5503063995118275e-5,2.927389602762069e-6,1.7370151978026827e-5
8.746261153420978e-6,7.31533003418785e-6,8.417871980230029e-6,5.47437169386023e-6,8.484480704189364e-6,5.306101781945971e-6,8.508962202466254e-6,7.1110773834887806e-6
-3.2531563720698452e-6,2.4183772596285486e-8,-2.5069217038787604e-6,4.115449364773041e-6,-2.5269179052708743e-6,4.315494758454577e-6,-2.9708155526381717e-6,-2.933364643054722e-8
1.7494395670558523e-6,-1.0442736706973294e-5,-8.22151732330066e-7,-2.6171760233285345e-5,-8.79122188508142e-7,-2.677655860976653e-5,7.564464189476093e-7,-1.1369259710317726e-5
6.197408742301127e-6,4.342088792966644e-6,5.8233049770612044e-6,1.907564994707754e-6,5.8556505990214195e-6,1.6978803315689385e-6,5.882342688479867e-6,3.7382471547925855e-6
9.622745497799827e-6,-7.470637631994728e-6,5.948374744906684e-6,-2.9206091900384724e-5,5.945920594183236e-6,-3.03160004795233e-5,8.021106429130344e-6,-8.60582772608963e-6
4.779240339292808e-5,5.921009579621523e-5,4.678812757285429e-5,8.353861677487154e-5,4.904240275424586e-5,8.234083654891409e-5,4.9304407598292806e-5,7.596167472635317e-5
3.185319839056336e-5,3.906299668949026e-5,3.1743174954213664e-5,5.281333996745195e-5,3.3013669106112385e-5,5.235691989795892e-5,3.2408914933966174e-5,4.5318956228823746e-5
-5.0160726839307736e-5,-6.214422414320236e-5,-4.9106684199916315e-5,-8.767834699917508e-5,-5.147267017559358e-5,-8.642121058276111e-5,-5.174765860188647e-5,-7.972592860450983e-5
-3.327697693677865e-5,-4.080904708658391e-5,-3.31620359162907e-5,-5.517401815080593e-5,-3.4489320001528844e-5,-5.4697196462603606e-5,-3.38575338019246e-5,-4.7344642058236573e-5
1.651221093961512e-5,1.686014463838211e-5,1.63827973336076e-5,1.861339861328666e-5,1.666541395509115e-5,1.7733546649788045e-5,1.612488028190067e-5,1.7634561967544826e-5
-2.963827544158082e-6,-3.314301096593389e-6,-3.1135168353038046e-6,-3.506371836256873e-6,-3.0809015863112686e-6,-3.270252648533018e-6,-2.8002478747497585e-6,-2.23216705425589e-6
2.4614984470357928e-5,2.482887577560236e-5,2.4767169350062357e-5,2.5498529122235656e-5,2.4925590359619652e-5,2.4803292063666183e-5,2.440755861824631e-5,2.400349886437444e-5
5.942174610631141e-6,5.583233931635836e-6,5.802092019790751e-6,5.457887202377831e-6,5.859794502226606e-6,5.664874375810124e-6,6.232664093045372e-6,6.834045580660578e-6
-7.999662423807131e-6,-7.149620618238394e-6,-7.166482166055433e-6,-6.754622587401809e-6,-7.188664950420676e-6,-7.341445113381819e-6,-8.405062783786659e-6,-1.0692635463274661e-5
-1.4203320718732814e-5,-1.5100937515629161e-5,-1.5075086940873152e-5,-1.670358758503458e-5,-1.5365230144120212e-5,-1.5353431639125985e-5,-1.3740406597584771e-5,-1.2153848934953094e-5
8.343031603793204e-7,1.5064739482232313e-6,1.5093029212427948e-6,1.6453293620242494e-6,1.5578148081493112e-6,1.1488662278120989e-6,6.322037528157878e-7,-2.0265856776469826e-6
-1.9540153380931954e-5,-1.9938517089223112e-5,-1.9858440936204302e-5,-2.076858907303908e-5,-2.008520808085297e-5,-2.0058044527634218e-5,-1.9309262356008098e-5,-1.8286818766079557e-5
1.1611696715755704e-5,1.2290155079706144e-5,1.2547468511503804e-5,1.0331452767196954e-5,1.1771020537730662e-5,1.1249520038964897e-5,1.1854102820291922e-5,9.520201108632511e-6
5.28729844499359e-7,1.2227693502460097e-7,-2.2604448218138558e-9,3.414488455759493e-7,8.119146804612262e-8,5.367718377380489e-7,5.267935144307981e-7,1.7584317565193908e-6
1.725071643696283e-5,1.807482024885215e-5,1.800621458757937e-5,1.6757353525234195e-5,1.7262117323307463e-5,1.7709521395448493e-5,1.76191446957871e-5,1.6890554345156075e-5
2.5469571305239374e-6,2.2805619855055206e-6,2.2599382330256023e-6,2.3690888104393845e-6,2.2665434364082735e-6,2.5121806034306166e-6,2.580506818483919e-6,3.560453534916029e-6
-9.744727061996891e-7,-8.597248479581638e-7,-1.0041608893448404e-6,-6.85067790220689e-7,-1.0117172845061498e-6,-6.872283821197052e-7,-1.0478319093182641e-6,-9.159692820915896e-7
-1.2203009368649128e-5,-1.2888782831352418e-5,-1.2877512254339062e-5,-1.1685933532449528e-5,-1.2176089529825038e-5,-1.2521394319760522e-5,-1.2400377924090493e-5,-1.169229828983558e-5
5.331775181522761e-7,6.673403048340037e-7,6.804311397572429e-7,5.392886487077471e-7,6.214162522014447e-7,4.999583418622764e-7,5.062615605470159e-7,1.3266493580745425e-7
-1.660136570465139e-5,-1.687884310800741e-5,-1.6798590528024315e-5,-1.543229202072844e-5,-1.6136757434229018e-5,-1.6585475211382683e-5,-1.6894771274155343e-5,-1.6689491300264532e-5
7.67290831161982e-6,6.352115408179139e-6,7.3592235865209214e-6,4.702339267709334e-6,7.2444902986824765e-6,4.859184197876158e-6,7.660566889328268e-6,7.679414543004067e-6
-7.309684299604271e-6,-6.051416087851086e-6,-7.010849288336637e-6,-4.479737789824364e-6,-6.9015473686203566e-6,-4.6291579785565814e-6,-7.297927547803374e-6,-7.315882917361976e-6
9.140555141457297e-8,-3.881620582642625e-7,2.969007099042915e-7,-1.636769521239479e-6,-6.620830894612729e-8,-1.0684466010235223e-6,3.33568648332129e-7,6.215270606372232e-7
1.7110062592634184e-5,1.589349148278959e-5,1.6761522964975003e-5,1.341350083776485e-5,1.637872899243581e-5,1.472905732984558e-5,1.7774586757830165e-5,1.7710807836106967e-5
-1.2988437077730544e-5,-1.2032500609626194e-5,-1.2539276851554712e-5,-1.0433714635653503e-5,-1.240405388849335e-5,-1.1335025848654665e-5,-1.3459626279449053e-5,-1.3285004338438668e-5
3.902406936599663e-6,4.295264121518049e-6,3.882442757796017e-6,4.54197993015529e-6,4.021261007756277e-6,4.332749071374867e-6,3.875747622577391e-6,2.9005712816183977e-6
-1.14736405025921e-5,-1.1039768697996692e-5,-1.1422662808725438e-5,-9.590863652894033e-6,-1.1178389787152456e-5,-1.0257349007741053e-5,-1.1841405842554052e-5,-1.1291225545555742e-5
4.069978483225933e-6,3.917296441584525e-6,3.7255726453358385e-6,4.2066049292242105e-6,3.925104690506047e-6,4.173199332996399e-6,4.064565953343018e-6,4.0964466406943214e-6
-2.2711601694190105e-5,-2.266995006693317e-5,-2.2275147431351923e-5,-2.1739333589897337e-5,-2.2145934693706547e-5,-2.243965024795671e-5,-2.332315103663723e-5,-2.378976449010307e-5
2.201148679830709e-6,1.1691589275863881e-6,1.2829605399038076e-6,1.6451964121215908e-6,1.6410106818282982e-6,1.8868969953555771e-6,2.1530531178690688e-6,3.3245164242957055e-6
-2.4809271748960437e-5,-2.3971216956356063e-5,-2.3711126281349595e-5,-2.3069357480426817e-5,-2.385177629379931e-5,-2.4009343995036666e-5,-2.5467656348140705e-5,-2.617985273551576e-5
-1.0308588949872414e-6,-1.0391319598549543e-6,-1.2176021393364189e-6,-6.50862219555094e-7,-1.0779729604438928e-6,-7.324623304463137e-7,-1.1053089628765126e-6,-1.1192743286113385e-6
-2.293557978707319e-5,-2.2680310953577553e-5,-2.2258741979369112e-5,-2.1975792402649985e-5,-2.226944642909664e-5,-2.2658315039141396e-5,-2.3490896986762404e-5,-2.4012099974382617e-5
6.872618370663307e-8,-5.585460806648656e-7,-4.499211737012846e-7,-2.1465914090035065e-7,-2.6121566452139145e-7,-8.050058770347767e-8,2.2981093921751794e-8,1.011635794432076e-6
2.9715329401971074e-7,-5.130017955017445e-7,-1.301341420472618e-7,-5.854099612093935e-7,9.229380701435195e-8,-4.689879942841364e-7,1.5805311937881188e-7,-2.2903357916351835e-7
2.3986278492542064e-5,2.2105939558267196e-5,2.219828417238948e-5,2.1584556321934316e-5,2.264431468932588e-5,2.2631411700872484e-5,2.4392035354569515e-5,2.566068005505025e-5
-1.6352280852527982e-6,-1.6550493377718772e-6,-1.4015088259723993e-6,-1.759312662269898e-6,-1.444436964425365e-6,-1.8782016460775502e-6,-1.8149550848741896e-6,-2.4576324375679786e-6
2.1258156295892253e-5,2.0397378198974994e-5,2.0203862597027867e-5,1.9781304685240287e-5,2.0436966326243303e-5,2.0512234732400058e-5,2.16537048213418e-5,2.1733839945241225e-5
-6.40559093690835e-7,-1.235512505211742e-6,-8.181480411384555e-7,-1.494831794929253e-6,-7.307188851048318e-7,-1.3800132072937807e-6,-7.375118564308026e-7,-1.157447234578272e-6
1.8573612218419315e-5,1.7142160252487542e-5,1.726134178655033e-5,1.666151233160086e-5,1.754726221505527e-5,1.749861482490701e-5,1.8909820258999973e-5,2.007378654688617e-5
-2.493867473816524e-5,-2.3961224918908622e-5,-2.377982644877372e-5,-2.2952226804207173e-5,-2.3914027771973518e-5,-2.398691727949105e-5,-2.562198745130269e-5,-2.6436748815248553e-5
1.5122120545605985e-7,5.0252603509313244e-8,-4.418253201536467e-8,6.018681002340737e-7,5.4939282205834344e-8,5.137236433799365e-7,3.903928773916372e-8,8.539118809091143e-7
-2.7063937877457407e-5,-2.528826944894847e-5,-2.5242981625431724e-5,-2.4307487496926812e-5,-2.5648230982215236e-5,-2.5582709187108066e-5,-2.779519663421037e-5,-2.885298992493584e-5
-3.1566572321192797e-6,-2.2298224990202663e-6,-2.619622549447632e-6,-1.7647753914323928e-6,-2.741847015382862e-6,-2.178769479318158e-6,-3.2999244335824067e-6,-3.6685311525328663e-6
-2.503889516181818e-5,-2.3897641860297824e-5,-2.367777443081527e-5,-2.3119438973605377e-5,-2.3937943684551114e-5,-2.4118480140805656e-5,-2.5661984443836993e-5,-2.6513216598633108e-5
-1.5524864546990505e-6,-1.441707115940135e-6,-1.4986596237642335e-6,-1.0393363573087897e-6,-1.5155806259381411e-6,-1.1653927524731014e-6,-1.6483042308685828e-6,-9.432037252631888e-7
-2.9149111666788765e-6,-2.701576920048497e-6,-2.610340637234135e-6,-2.865777974925721e-6,-2.606410952335436e-6,-3.0725983766966355e-6,-3.0814776645628224e-6,-4.664374058121934e-6
2.124241897355852e-5,2.0384335214556806e-5,2.018865648357768e-5,1.9769837868373603e-5,2.042209980286015e-5,2.0499854737700358e-5,2.1638117255136886e-5,2.1715834564642753e-5
-4.910047694389652e-6,-3.902788153080084e-6,-3.943297244454924e-6,-4.098528276888049e-6,-4.207479303025137e-6,-4.5426437971637415e-6,-5.1210307326429055e-6,-6.957715358270439e-6
1.8345859956184253e-5,1.851093484807141e-5,1.8026175163973715e-5,1.7802415851813806e-5,1.8042859446369908e-5,1.8213192150421473e-5,1.872224247248276e-5,1.7605269618461405e-5
-3.867190739845383e-6,-3.437863217949322e-6,-3.3122102489871353e-6,-3.790173265611897e-6,-3.4444004284317842e-6,-3.998884089056466e-6,-3.992370458481316e-6,-5.60760591232783e-6
1.576785523111032e-5,1.5350348558294438e-5,1.518484745695734e-5,1.478030123950931e-5,1.5258009574837781e-5,1.5299120030372798e-5,1.6088800624331042e-5,1.6073686620008158e-5
-2.1570636367551945e-5,-2.1420085899249585e-5,-2.109306741600317e-5,-2.0696470864551756e-5,-2.1086590374186293e-5,-2.1249101592640055e-5,-2.193695004544227e-5,-2.158506912972937e-5
2.5544544587539487e-6,1.639175090213742e-6,1.7028870778760039e-6,1.9267852832839136e-6,1.9382574887621574e-6,2.291563395577026e-6,2.730472326519781e-6,4.680507103268116e-6
-2.3557446830920465e-5,-2.2652448433884297e-5,-2.2453017533853245e-5,-2.1955950981978284e-5,-2.270209834820579e-5,-2.2735603477921103e-5,-2.396784914300197e-5,-2.3848134621217957e-5
-6.867010399646861e-7,-5.758540790852787e-7,-8.052292442524757e-7,-3.7693637632111175e-7,-7.894586667329838e-7,-3.355591187982941e-7,-5.359705831618703e-7,2.3207263036511016e-7
-2.1635910380934767e-5,-2.1281284867038095e-5,-2.093338445891064e-5,-2.0763542409745033e-5,-2.1050857593493937e-5,-2.130839538391027e-5,-2.1963439120388776e-5,-2.1748593554247794e-5
6.119333551938185e-7,9.45723597347049e-8,1.4922222829178728e-7,2.8735038678604076e-7,2.4405008253665313e-7,5.129165270305954e-7,7.386452570701312e-7,2.2641978185076186e-6
-3.69625899994389e-7,-9.376350234450739e-7,-6.530987658890397e-7,-1.0612485259795263e-6,-5.65726297031807e-7,-8.987543858630874e-7,-3.347251877295385e-7,8.506101148368706e-8
1.9700869453852777e-5,1.8145323351264147e-5,1.8216218764833915e-5,1.765559708809042e-5,1.8513212726595308e-5,1.8622674121903135e-5,2.018953720229118e-5,2.2071359291465028e-5
-1.9038453716186007e-6,-1.8448624018998452e-6,-1.6635669003783974e-6,-1.9943390988795246e-6,-1.7869179506883823e-6,-2.0175205270091736e-6,-1.9004012023522962e-6,-1.6829034288037834e-6
1.691930830340789e-5,1.6376217248441276e-5,1.616411396780442e-5,1.57956632928751e-5,1.62480402396472e-5,1.644567249644771e-5,1.7394317674868117e-5,1.8101966544365914e-5
-8.667766127816915e-7,-1.245157678278906e-6,-9.472013742772495e-7,-1.5179632620189588e-6,-9.633045796566199e-7,-1.3646240861297688e-6,-8.051925280789055e-7,-5.005141007874562e-7
1.5428191446028778e-5,1.4378915389682862e-5,1.4422005936302582e-5,1.3919383334399034e-5,1.457628574330014e-5,1.465510002591074e-5,1.5828721138667758e-5,1.7275419705978556e-5
-3.442114445772021e-6,-2.9840208078738313e-6,-2.9949363704506655e-6,-3.199483249056144e-6,-3.1270660432397678e-6,-3.3581735740063345e-6,-3.436585591893493e-6,-4.21893793015695e-6
1.6639372091278532e-5,1.6119100515361594e-5,1.5895967885475024e-5,1.5536021319993332e-5,1.5976582686222068e-5,1.6182399433378573e-5,1.711635223884013e-5,1.7798523232953002e-5
-4.961601532230096e-6,-3.8834648172547874e-6,-3.995509623903919e-6,-4.121996538283477e-6,-4.336139066188225e-6,-4.467817304627124e-6,-4.991310961649845e-6,-5.972699012390788e-6
1.3789809369790516e-5,1.4264125621428364e-5,1.3765188519958466e-5,1.3598557528323372e-5,1.363324704168839e-5,1.3925047706864058e-5,1.4241388748168003e-5,1.3766040563135973e-5
-3.924283864099284e-6,-3.2792635846555155e-6,-3.2765401518900745e-6,-3.6407435089281457e-6,-3.510848542946938e-6,-3.80928340892908e-6,-3.893593003048921e-6,-4.790551675277905e-6
1.2396824461808951e-5,1.2375979267318581e-5,1.2126804640175421e-5,1.1824055157127696e-5,1.2065271476739366e-5,1.2238554243644713e-5,1.277986536677865e-5,1.3028417363337516e-5
-3.0457647111545684e-6,-2.642990576634219e-6,-2.8305178867682205e-6,-2.3954107879897837e-6,-2.8622483695611957e-6,-2.583399903088491e-6,-3.1199990016989642e-6,-3.330051031620978e-6
1.550348792903721e-5,1.5104345827669556e-5,1.4928674369544363e-5,1.4537886682758554e-5,1.4998074080849727e-5,1.5054016137933287e-5,1.5825913619979368e-5,1.5800724387653812e-5
-4.658835503317568e-6,-3.526479047596989e-6,-3.876273853614556e-6,-3.2185081027672845e-6,-4.1117138774828835e-6,-3.66804353105401e-6,-4.78763876874134e-6,-5.276319496952811e-6
1.2627817903303441e-5,1.3224826763783581e-5,1.2771597005807299e-5,1.2577364229023022e-5,1.2628725452395513e-5,1.2772327787820252e-5,1.2923231816875613e-5,1.1735995974104126e-5
-2.4937679684089407e-6,-1.982496811548071e-6,-2.223595213158285e-6,-1.8829024886054942e-6,-2.3474130681382952e-6,-1.9805903160044865e-6,-2.395757002653623e-6,-2.072898555063394e-6
1.238398906812609e-5,1.2362261100573065e-5,1.211151898426504e-5,1.1818872472063596e-5,1.2050540995949874e-5,1.223257315458133e-5,1.2766511953163813e-5,1.302180614411773e-5
-1.0924255285833893e-12,-1.0999699467837436e-12,-1.0953561177015797e-12,-1.1065743737781778e-12,-1.0943501381454026e-12,-1.1064162273596978e-12,-1.091447710074465e-12,-1.0948502344541886e-12
-3.10348402221585e-12,-3.086533516143943e-12,-3.0863199413713447e-12,-3.0927428209107398e-12,-3.0865078660389952e-12,-3.0883238798877772e-12,-3.0857132172242624e-12,-3.091683453734813e-12
2.205260004723862e-12,2.1892368713254843e-12,2.1916532236879143e-12,2.1949355060776705e-12,2.1921516843972426e-12,2.194582006264231e-12,2.1934045797379865e-12,2.2101247601372513e-12
1.6880886953609978e-13,1.4413627157885566e-13,1.4600337925625172e-13,1.4542282878204835e-13,1.465265467142091e-13,1.466881762981062e-13,1.5143603248008428e-13,1.575680351635882e-13
-0.00021365444896096617,-0.00022279486826779255,-0.00023170100236845025,-0.00028400427292316576,-0.00023778853916477205,-0.00025779527600605206,-0.00023332077929325777,-0.0002513558837034103
-2.5234570475060167e-12,-2.4582515842227844e-12,-2.467254157478993e-12,-2.466071416251355e-12,-2.4606019825067692e-12,-2.457971286674014e-12,-2.4523407756770506e-12,-2.4759763050196446e-12
8.166040481718135e-14,8.35924989764464e-14,8.361968785100945e-14,8.321500422737116e-14,8.385948576066603e-14,8.377291833966106e-14,8.402257998292032e-14,8.352595372984434e-14
2.005593539215334e-12,2.107937518052529e-12,2.0951510191650884e-12,2.108849633929997e-12,2.1015829596074077e-12,2.103434321277987e-12,2.0899332670559024e-12,2.0780540956882487e-12
2.6811418955336875e-12,2.5965418905941794e-12,2.611277655538241e-12,2.6063963674018503e-12,2.6055988904302185e-12,2.6027025305088594e-12,2.603221737619603e-12,2.6305194003513785e-12
0.00012357012772567458,0.00011174343085379969,0.00011345088992170709,0.0001141649077297391,0.00011285613284751607,0.00011302801072288366,0.00011169057217357399,0.00011331815093016977
3.496241396778199e-5,4.0408757506553384e-5,4.332804349030671e-5,4.740017594054291e-7,2.833115365504718e-5,9.887206067092164e-6,1.1291570423604887e-5,-0.00010204866426255136
0.0001235395100355306,0.00011171287642553817,0.00011342032860558764,0.00011413437989706583,0.00011282563744266754,0.000112997511562742,0.00011166008148036615,0.00011328763072939157
1.7327674043747686e-12,1.6474614305174538e-12,1.656983350818822e-12,1.6498292421950457e-12,1.64735766872253e-12,1.64348573949595e-12,1.6456041009377774e-12,1.648963142431949e-12
1.2394367429346146e-13,1.2385354767246865e-13,1.2450772973302522e-13,1.2404721641679556e-13,1.2495185244957376e-13,1.248958208349932e-13,1.2574241768177408e-13,1.2596652083816167e-13
1.435059788545612e-13,1.4344303138375761e-13,1.4418770946715893e-13,1.4366203803871928e-13,1.446988770618077e-13,1.4463691345226165e-13,1.4560216808891406e-13,1.4584755226331073e-13
-6.343474644171961e-15,-4.0358001121864935e-15,-4.565271519871311e-15,-4.464576854055197e-15,-4.4232339781072434e-15,-4.317883838314867e-15,-4.25130505220964e-15,-3.803928648205758e-15
5.572558240292702e-13,5.729157983604666e-13,5.715423388834666e-13,6.092831408414156e-13,6.343260747570803e-13,6.347581317705748e-13,6.339082386296349e-13,6.330433835140635e-13
8.878917938870348e-13,8.987308503602612e-13,8.978163165006292e-13,8.938623068528419e-13,8.924835374696167e-13,8.92006540271748e-13,8.915758098944224e-13,8.895730297895362e-13
3.3743099902186e-12,3.482243277258364e-12,3.4663597676265517e-12,3.48204111979992e-12,3.4662919512809466e-12,3.4683359660332534e-12,3.450163744349816e-12,3.4394503364850733e-12
0.000155695514179143,0.000147056125285562,0.00014142009919812312,0.00012303571759230398,0.00013700146642626774,0.0001324489413878408,0.00015065070514041026,0.00018933974446976956
2.1702223918314074e-13,1.713247811499037e-13,1.7692282008029598e-13,1.7518486305250525e-13,1.7458557578294108e-13,1.74504480641302e-13,1.779293375923001e-13,1.832835058998814e-13
-6.100727274726348e-13,-6.003404865652663e-13,-6.016506463849359e-13,-6.032595646344511e-13,-6.012241687883751e-13,-6.026129368868734e-13,-6.034853035970048e-13,-6.123629464449318e-13
1.2975814878096726e-31,-1.3035358773842624e-31,-1.0322907360866752e-33,-8.663662570436882e-34,-1.031831581418608e-33,-2.74722291564816e-34,-1.709961069295547e-32,1.6096053606694343e-32
1.30443174456657e-13,1.2165765968610154e-13,1.211682935680968e-13,1.229324914674883e-13,1.2015803236171248e-13,1.2049786415467573e-13,1.1912213586157278e-13,1.2113302245909734e-13
1.30443174456657e-13,1.2165765968610154e-13,1.211682935680968e-13,1.229324914674883e-13,1.2015803236171248e-13,1.2049786415467573e-13,1.1912213586157275e-13,1.2113302245909734e-13
1.30443174456657e-13,1.2165765968610154e-13,1.211682935680968e-13,1.229324914674883e-13,1.2015803236171248e-13,1.2049786415467573e-13,1.1912213586157275e-13,1.2113302245909734e-13
1.30443174456657e-13,1.2165765968610154e-13,1.211682935680968e-13,1.229324914674883e-13,1.2015803236171248e-13,1.2049786415467573e-13,1.1912213586157278e-13,1.2113302245909734e-13
1.30443174456657e-13,1.2165765968610154e-13,1.211682935680968e-13,1.229324914674883e-13,1.2015803236171248e-13,1.2049786415467573e-13,1.1912213586157278e-13,1.2113302245909734e-13
1.911708507473735e-12,1.9006407694698932e-12,1.9007115196989306e-12,1.8980974797936554e-12,1.8994878855441605e-12,1.898030424562471e-12,1.898871811065235e-12,1.897883100926936e-12
2.168903999205633e-12,2.0734802591263575e-12,2.0869094034613244e-12,2.082433455043362e-12,2.0814784719558696e-12,2.0808270641984195e-12,2.086918302995517e-12,2.0932863494558413e-12
-2.963736044246833e-13,-3.2960460923585656e-13,-3.292098822110685e-13,-3.634222983829607e-13,-3.9401415862420085e-13,-3.9376655214045254e-13,-3.956681155335931e-13,-3.907814868722563e-13
-2.0396952644931967e-12,-2.0417973862134233e-12,-2.0383445170130338e-12,-2.038289024951159e-12,-2.0314665661260897e-12,-2.031561781735322e-12,-2.025831840830373e-12,-2.0234983355241626e-12
0.000362825973290699,0.00035031698843072934,0.00038489185554900886,0.0002351727274140417,0.0003692767738026735,0.00027730265961710475,0.00032781814774379047,8.724701406880587e-5
4.4497912743889497e-13,4.4235569900092323e-13,4.435732984926919e-13,4.4298005399779255e-13,4.4342452339276245e-13,4.435767146057211e-13,4.4340908707306737e-13,4.422241457944461e-13
-4.717744146660794e-13,-5.158226828545112e-13,-5.129252787862641e-13,-5.156110565773966e-13,-5.173680912244281e-13,-5.181932971150262e-13,-5.159682803651083e-13,-5.087118779554282e-13
7.054223092423589e-5,-1.5783478403425186e-7,-4.464669403425018e-6,-1.5058183353289361e-5,1.6964348210305935e-6,3.0820171845871774e-5,0.00011294455410092035,0.0004245320844826469
-1.5844945641505016e-13,-1.5990565916188544e-13,-1.6055471609951662e-13,-1.5941183607142849e-13,-1.613095779526439e-13,-1.6088199026006714e-13,-1.625253329839129e-13,-1.6272545424775425e-13
-1.8934303959241626e-12,-1.8931034096099594e-12,-1.893726990366828e-12,-1.8947892999499166e-12,-1.8945160263315374e-12,-1.895789531037078e-12,-1.8957820183425416e-12,-1.8964385657922446e-12
1.329559064478325e-13,1.1028902562687731e-13,1.1299743053511683e-13,1.1162326630213844e-13,1.112238721044751e-13,1.1116857096382904e-13,1.1339464269704928e-13,1.1760120861991195e-13
6.693070210540563e-13,6.667515968006206e-13,6.668819162368968e-13,6.673653699642492e-13,6.666038007035517e-13,6.66641153934549e-13,6.660680063491967e-13,6.662238349124106e-13
9.455806030758774e-13,9.322250826109645e-13,9.338960266325613e-13,9.328718270149773e-13,9.323020900034734e-13,9.318629880870338e-13,9.3234347854007e-13,9.325547994008828e-13
4.033563460879486e-13,4.033180693366074e-13,4.04599419416502e-13,4.0379058904311197e-13,4.0412332612194115e-13,4.0378841116590674e-13,4.0308358179217446e-13,3.9921414525062e-13
1.2975814878096726e-31,-1.3035358773842624e-31,-1.0322907360866743e-33,-8.668890826304614e-34,-1.031831581415834e-33,-2.5395485871564963e-34,-1.7099610694258856e-32,1.6713217369642193e-32
0.00024448143224580366,0.00032706348838501125,0.0002989878858928993,0.0003634607390951203,0.000306686377895437,0.00038184083655544866,0.0002845090005466134,0.00017532707412153212
2.291530464247862e-13,2.330015451458155e-13,2.330118093588657e-13,2.3222213347044883e-13,2.3353550695768246e-13,2.334402699507898e-13,2.337462672358622e-13,2.318225735206657e-13
-3.2663952777349685e-13,-3.3436790440133274e-13,-3.3447665993109094e-13,-3.32857925885563e-13,-3.35435852384353e-13,-3.3508958272250326e-13,-3.360882293172868e-13,-3.341017243306265e-13
1.6384798039035124e-13,1.6102708029570444e-13,1.6148354056143781e-13,1.6084062951941634e-13,1.6129253756683074e-13,1.6114097189554798e-13,1.6203829862035093e-13,1.6323633928293094e-13
1.638484254072601e-13,1.6102752536223857e-13,1.6148398566995502e-13,1.60841074699754e-13,1.6129298274302422e-13,1.6114141711183076e-13,1.6203874387794058e-13,1.6323678458983288e-13
-2.052904190007978e-13,-2.0179055160856822e-13,-2.0177741242965077e-13,-2.0195154463295848e-13,-2.0116639092935847e-13,-2.0107212118739545e-13,-2.008886533064047e-13,-2.0149576475005622e-13
0.00021219022469912732,0.00022253763631740458,0.00021624380915808182,0.00019072169412853574,0.00020251013622710396,0.00020289366703574887,0.00019909262789270246,0.0001793245872270289
0.00022847820120561137,0.00021347950192157728,0.00021135730729219003,0.00015304534209282497,0.00020687490754022029,0.00016796443958690008,0.0001864743832325886,9.936359870563492e-5
-0.0002692852369010436,-0.00024348214223065127,-0.00028247833932457214,0.0003205695059083869,-0.00031280877351271317,-5.091156879667828e-5,-0.00039624487495272173,9.098084318154035e-5
7.054223104542275e-5,-1.5783469107531664e-7,-4.464669305901067e-6,-1.5058183257749906e-5,1.6964349175470671e-6,3.082017194228775e-5,0.00011294455419798916,0.00042453208457622854
-7.47857198762387e-13,-7.454307132489311e-13,-7.4670338860932e-13,-7.467238605242848e-13,-7.468848938323347e-13,-7.466469520061442e-13,-7.475665238516898e-13,-7.499942303731168e-13
4.135941452136438e-33,-4.673986125198451e-33,7.110566839966689e-34,6.800414861875953e-34,9.87621021703727e-34,2.0277499206491095e-33,1.249948320121061e-32,-1.3240029320730155e-32
1.3531835585899566e-13,1.3700253476041224e-13,1.377842330686485e-13,1.3567590596307152e-13,1.3827793852634405e-13,1.373988239305403e-13,1.394444594589215e-13,1.390763564804033e-13
-9.427266372410936e-33,1.0202099936293531e-32,-5.8129947898217095e-34,-5.3143628304149545e-34,-4.45353490799693e-34,-1.1989808357217916e-33,-2.694653593342927e-32,2.642256022920579e-32
-1.9072077822790936e-13,-1.7612505560592347e-13,-1.7736773006915033e-13,-1.7582541016192113e-13,-1.7658921164703485e-13,-1.7600741770077637e-13,-1.7805838577163562e-13,-1.8088766782836436e-13
-1.3125921654913363e-12,-1.2887582051276488e-12,-1.2914084485356229e-12,-1.2856750621735757e-12,-1.283869258464867e-12,-1.2832092949970688e-12,-1.285269730811265e-12,-1.2862837251164856e-12
-0.000992422745486742,-0.001000186245822318,-0.0009962904450796792,-0.000976943970068317,-0.0009716790279935948,-0.0009603462296358702,-0.0009636655314481516,-0.0009664160241118897
0.00022623774500810405,0.00014689829037222967,0.00013695542967363144,0.00010797753412586515,0.00013869790113326254,0.00016326911312250196,0.00026359525914193907,0.0006138718288859869
1.9442246381036027e-13,1.9623339516312075e-13,1.9611190587914354e-13,1.9567583450138498e-13,1.961270023843991e-13,1.9562571372384824e-13,1.9576446406225091e-13,1.9483590486871045e-13
-0.0001797911425869022,-0.00030952137601526785,-0.00031683109376308107,-0.0003172382199861901,-0.00029174004527577827,-0.00020571989052141823,-7.414925230072198e-6,0.0007641794619193683
-5.320599993777839e-13,-5.297900831941413e-13,-5.301978267457948e-13,-5.280426107600821e-13,-5.290369670510375e-13,-5.275174133788006e-13,-5.274885715212336e-13,-5.223632467236089e-13
6.977367883525498e-13,6.724953766909456e-13,6.756483189669839e-13,6.745143837653422e-13,6.739868657744148e-13,6.736748215415071e-13,6.758536308355145e-13,6.79747644351505e-13
5.814457125552962e-13,5.69076621420164e-13,5.712314208337629e-13,5.702393075049972e-13,5.706315050529558e-13,5.703529821928961e-13,5.718330820124428e-13,5.736222547300197e-13
4.187285442261142e-13,4.017423056694464e-13,4.04177238080872e-13,4.027219995654256e-13,4.029706700112926e-13,4.030561373370618e-13,4.051226295419094e-13,4.076473245860195e-13
-5.71996567782853e-14,-5.890114908697962e-14,-5.436237797695666e-14,-4.648608134508468e-14,-4.299839493602901e-14,-3.273863106567664e-14,-1.990455840817589e-14,1.5653799439643314e-14
-1.1397947580238366e-12,-1.155315963961005e-12,-1.1534633673266194e-12,-1.1470000805073502e-12,-1.1443654863177518e-12,-1.1437587834610641e-12,-1.143448907249031e-12,-1.1422133603065797e-12
-1.232590452191793e-12,-1.1625145419507271e-12,-1.1717275903703043e-12,-1.168210140101229e-12,-1.1659894178946256e-12,-1.1638675068603548e-12,-1.1656646674228246e-12,-1.1703072485672585e-12
3.972396148396068e-5,-9.112925976611388e-5,-9.233781557898001e-5,-6.488164212295831e-5,-5.439186003904274e-5,2.071011894987849e-5,0.00016894879131538175,0.0007895703258498144
8.864727502995373e-13,8.40775298687439e-13,8.463733694688442e-13,8.446365073208236e-13,8.440377502860787e-13,8.439566609195591e-13,8.473815170866745e-13,8.52735685384878e-13
0.00010411276840206974,6.413384119736941e-5,1.0753048240071704e-5,0.00014867607009786283,2.3656390894668656e-5,0.00013438397404525005,6.079448297640018e-5,0.0002835261322383263
-6.025834827098283e-13,-5.99686880335325e-13,-5.894250792337806e-13,-5.74849252905165e-13,-5.774541402310735e-13,-5.772176972866915e-13,-5.797821903616574e-13,-5.856961536546045e-13
-1.3294277661326093e-12,-1.314611899552418e-12,-1.315783677023129e-12,-1.3185498094173268e-12,-1.3172442245495678e-12,-1.3185103365011937e-12,-1.3234540890221033e-12,-1.3378683113368393e-12
-5.93214025620108e-13,-5.944909285248461e-13,-5.939961903089619e-13,-5.935515656642006e-13,-5.929210965180702e-13,-5.926929260156752e-13,-5.915290914434503e-13,-5.890955110221539e-13
-1.0140173590539604e-13,-7.955459490078803e-14,-7.463791032748009e-14,-6.61426987690763e-14,-6.253632329421848e-14,-5.655008707414914e-14,-5.45917804569309e-14,-5.4970852517051625e-14
-0.00032488521445311967,-0.00044138447898123094,-0.00043402112870756824,-0.0004935813640816013,-0.00042868679269274744,-0.0003799650061476566,-0.0001922481929479862,0.00042101452790033287
3.8353438327577445e-13,3.7529831675805146e-13,3.757021086911419e-13,3.7626663670096246e-13,3.7485700279673417e-13,3.747535875613162e-13,3.7434001950433673e-13,3.7617771894630324e-13
3.184399124598164e-13,3.668172476722038e-13,3.619725035972029e-13,3.678304420593517e-13,3.684383516517583e-13,3.6926770592747084e-13,3.648527625376662e-13,3.5833029507236546e-13
0.0003167706240838037,0.000305796122465456,0.00032229568857362705,0.000272806260164578,0.00030835716402321964,0.000247387333068556,0.00021771804130297313,-2.857834335481566e-5
7.405758444710063e-13,6.558874172446475e-13,6.665543099742786e-13,6.62333085401591e-13,6.618660590978916e-13,6.61350736965857e-13,6.674811857503524e-13,6.74147028327622e-13
-1.9062115545245377e-14,-2.7262007705920818e-14,-2.5980384515120252e-14,-2.7072039741250948e-14,-2.6725506461632543e-14,-2.6701739340943142e-14,-2.5615499061509137e-14,-2.5233292599184927e-14
1.1450816569708935e-12,1.1136387884279262e-12,1.117879144854893e-12,1.1179440896929967e-12,1.1163153249340808e-12,1.1167972082148737e-12,1.1193995941791022e-12,1.1273071310572317e-12
7.610834814373772e-14,7.603920401626922e-14,7.644516003956743e-14,7.615987052366191e-14,7.671889354063984e-14,7.668351645532812e-14,7.720836174647203e-14,7.735067016655404e-14
3.625717562732887e-14,3.644207777235409e-14,3.6568361508255017e-14,3.647204866391871e-14,3.668270691570318e-14,3.668117265933711e-14,3.685247936454742e-14,3.684614237495762e-14
2.943958232843599e-14,3.012756419153797e-14,3.006441339137828e-14,3.0083970397934233e-14,3.011761258827905e-14,3.0154188873065635e-14,3.009891985926719e-14,2.9910746556357596e-14
4.755622494887595e-14,4.866758026729674e-14,4.856556743616961e-14,4.85971595302662e-14,4.865150461284672e-14,4.871058938069726e-14,4.86213086660039e-14,4.831733640764015e-14
-1.132395569726454e-12,-1.1180446431706177e-12,-1.118946785123925e-12,-1.1164548530481696e-12,-1.1133391607224895e-12,-1.1134096698908463e-12,-1.1128512258777499e-12,-1.1127390527463863e-12
-3.1962360802769905e-13,-3.1994188155848124e-13,-3.1927032975468404e-13,-3.1996013571192053e-13,-3.1883844614969614e-13,-3.190812319122541e-13,-3.1799385558791123e-13,-3.174832342256785e-13
1.8889701688786586e-12,1.8158595844828933e-12,1.8237752670563744e-12,1.8258441256868816e-12,1.8188126695076859e-12,1.8208153392656562e-12,1.8240205583866667e-12,1.8406844031125436e-12
-2.5774879421695124e-5,-5.080285863157276e-5,-5.432360512369267e-5,-5.329763076357398e-5,-4.8896670577786144e-5,-3.2595754974713926e-5,-4.805059033056652e-6,0.00011231364680694257
-0.00011898872633163802,-0.0001326309254318962,-0.0001400042036083755,-0.00010055371908001761,-0.00012607392832476153,-9.874828472952853e-5,-9.936166241097973e-5,-5.742277832258902e-6
4.392712552305314e-14,-1.360135238588661e-14,-9.230460481696601e-15,-1.1309218323272397e-14,-1.602802849454359e-14,-1.6231690529448663e-14,-1.2335643147828258e-14,1.5963350678986618e-15
-8.268262264851451e-14,-6.230292481466313e-14,-6.330194002383557e-14,-6.32512406346239e-14,-6.121469179510286e-14,-6.129690726814539e-14,-6.09283055361321e-14,-6.338229240022518e-14
1.181894944609511e-12,1.120949906361993e-12,1.1248682941698348e-12,1.1272364639549739e-12,1.118892100025178e-12,1.1204600387982582e-12,1.1218871810228464e-12,1.138687261199363e-12
4.2563520058628723e-13,4.08773705520072e-13,4.1055500732611575e-13,4.064520399545778e-13,4.057045244314569e-13,4.050555059407207e-13,4.0625490682694274e-13,4.067414005362932e-13
6.683748663736917e-5,7.614349230625783e-5,7.587323934483056e-5,7.682884680333098e-5,7.785272349518657e-5,7.185094697315751e-5,7.905538025906311e-5,8.757283926796061e-5
-6.683748629369986e-5,-7.614349196125296e-5,-7.587323899969766e-5,-7.682884645713524e-5,-7.78527231497159e-5,-7.185094662643933e-5,-7.905537991310084e-5,-8.757283892161467e-5
5.838654408220329e-13,5.587700951327805e-13,5.609529466049844e-13,5.605947085883986e-13,5.580453815821466e-13,5.576368500908986e-13,5.577681595246051e-13,5.61032319549742e-13
-2.275292174635388e-13,-2.319484568555833e-13,-2.315604950077889e-13,-2.31270633157092e-13,-2.3195498440508994e-13,-2.3210272543366817e-13,-2.324757533895289e-13,-2.31922695906327e-13
-4.585771607073776e-13,-4.567600941121237e-13,-4.5396502850289865e-13,-4.5208587642796475e-13,-4.4961705182612774e-13,-4.486718427984872e-13,-4.4634513297128463e-13,-4.446417021427286e-13
-6.750925062381229e-13,-6.674335329108099e-13,-6.655917081253643e-13,-6.642198931430915e-13,-6.606980044201133e-13,-6.602552804450368e-13,-6.560108331404198e-13,-6.482856120469772e-13
7.73372599151806e-5,8.769980152343451e-5,7.757509121239864e-5,0.0001343525407704198,8.481954081034762e-5,8.934166647825056e-5,6.180058940758502e-5,6.53888732567681e-5
-1.3133362492429233e-14,-1.0536086804944542e-14,-1.115559698980134e-14,-1.1033556088927711e-14,-1.0976565366438636e-14,-1.0876147612052355e-14,-1.0841229924565942e-14,-1.0534768002763407e-14
2.0053980090264e-5,5.147297118925235e-5,6.524779787225344e-5,-2.3839988287272643e-5,4.179625903465333e-5,1.9863965693363592e-5,2.601171036929983e-5,-0.00011179185700711416
-1.9148699271547658e-13,-1.817037216665143e-13,-1.8205851469085332e-13,-1.8346304257183326e-13,-1.822900299998129e-13,-1.8232402229720782e-13,-1.8130057826280138e-13,-1.813371489075895e-13
-0.0006878155492616061,-0.0007276746999854764,-0.0007246909738561416,-0.0007501069980602188,-0.000721402962820751,-0.0007168358995902784,-0.0006144346443196133,-0.00031280027130028715
-0.00032274799621463625,-0.0003661564685670789,-0.00036353047914647357,-0.00038546450651295806,-0.00036164436665923536,-0.00035825571745652586,-0.0002764046510084932,-4.6577704634168205e-5
4.8693249083892424e-5,3.180617105837486e-5,3.628384527291327e-5,1.5003630395026678e-5,3.193463852468051e-5,3.110892407492578e-5,6.802623854989208e-5,0.0001623793770146061
4.775840992930729e-13,4.873673703746414e-13,4.870120539818596e-13,4.855898416090801e-13,4.867526098463715e-13,4.867184514513391e-13,4.877418982668013e-13,4.877053276125751e-13
-1.2567653383538273e-12,-1.2577228277730774e-12,-1.258198623103266e-12,-1.2600737349294812e-12,-1.2589328118123134e-12,-1.2608496064907162e-12,-1.2598240781477547e-12,-1.2606475730802013e-12
7.360412537567555e-14,7.351132280156681e-14,7.391191065936979e-14,7.363129434280365e-14,7.41785490612707e-14,7.414251230856354e-14,7.46594602532991e-14,7.480591136403407e-14
6.119115496849333e-14,6.12963508685254e-14,6.157320709192111e-14,6.137305954042074e-14,6.178143679608255e-14,6.176430047028093e-14,6.212817117495499e-14,6.218787152515333e-14
-2.0236485837203465e-14,-2.1766991170605825e-14,-2.4134755659914282e-14,-2.4491272458010773e-14,-2.749670142593859e-14,-2.6760504628322418e-14,-2.978553165879225e-14,-3.057972525642903e-14
-0.00010664933172480689,-9.439116576856843e-5,-0.00010344588178455143,-8.222368919566319e-5,-0.00010504306890080225,-9.343474837740601e-5,-0.0001018559216254665,-7.132423337475645e-5
5.372073583417004e-13,5.364737850421186e-13,5.370266539587218e-13,5.336004699485039e-13,5.350891770542191e-13,5.328695611683428e-13,5.321107440930983e-13,5.224677531748878e-13
5.372073583417003e-13,5.364737850421194e-13,5.370266539580583e-13,5.336004699485039e-13,5.350891770545411e-13,5.328695611681842e-13,5.321107440931048e-13,5.224677531748878e-13
-9.462573261602958e-13,-9.079275375446297e-13,-9.129049653076238e-13,-9.08383499283004e-13,-9.083122116248055e-13,-9.058834575381205e-13,-9.070082248768139e-13,-9.066372518402626e-13
-1.766414710854861e-13,-1.922537463146994e-13,-1.8922413971342772e-13,-1.8947299589837264e-13,-1.8900143028437374e-13,-1.8933323418037765e-13,-1.873758235480657e-13,-1.8377707146393594e-13
-2.0333456093217534e-13,-1.8924107603056675e-13,-1.904263088704252e-13,-1.9145509181679118e-13,-1.9031331552247526e-13,-1.9011490758103588e-13,-1.892398340416732e-13,-1.892546180776741e-13
-3.242184501131976e-12,-3.3055058414129813e-12,-3.300096347733159e-12,-3.304156322539202e-12,-3.303243888645936e-12,-3.304140486825352e-12,-3.2977036950813883e-12,-3.290033450209906e-12
-8.140593006947962e-13,-8.415398181829446e-13,-8.395523836626859e-13,-8.404494620537957e-13,-8.413316954552032e-13,-8.416826970012314e-13,-8.394959234127489e-13,-8.353014320349283e-13
0.00021618977469290793,0.00018747960618885668,0.0002082279872249016,0.0002753036742212015,0.00031439297123572784,0.000355895293951163,0.00038736852258431493,0.0005141508128232733
0.00021618977680142016,0.00018747960832094147,0.00020822798935477693,0.00027530367639098973,0.0003143929734337002,0.0003558952961492132,0.0003873685247808418,0.0005141508150158182
1.9854871651024516e-10,1.9822011837217536e-10,1.8412632152263396e-10,-1.9270240455671508e-10,-4.135710631904483e-10,-4.1883552794731255e-10,-4.1886118733050625e-10,-4.188130115114253e-10
-1.9804357263115322e-10,-1.9778342954021364e-10,-1.8367941270064933e-10,1.9315785499703936e-10,4.140342352109991e-10,4.19298724424127e-10,4.193295182988361e-10,4.192849830694843e-10
-0.00011122436486187624,-0.00013971252095391413,-0.00014664775316665596,-0.0001313396002598303,-0.00014533961076660924,-0.0001264976243777826,-0.00011555993734803629,-1.63650767365536e-5
-9.69293609688562e-13,-1.0041104403090491e-12,-1.0001098039603844e-12,-1.0202161195873647e-12,-1.0343683749250352e-12,-1.0344305865502444e-12,-1.0324702075386764e-12,-1.0293315416602638e-12
-1.9829614454387792e-10,-1.9800177394936527e-10,-1.839028671048269e-10,1.9293012978336242e-10,4.1380264920566743e-10,4.190671261917554e-10,4.190953528420515e-10,4.190489972957583e-10
2.3780790031392996e-12,2.3752433108994412e-12,2.3749600399935802e-12,2.3748670602896986e-12,2.3727923409289797e-12,2.3729567904061914e-12,2.3727481091400288e-12,2.374019985380896e-12
-0.0006260578324962487,-0.0005991442875253462,-0.0005988065999368189,-0.0006301933633907132,-0.0005985699686608176,-0.0006170133618061207,-0.0005909983856466342,-0.0005874574858117932
0.0003070273636081384,0.00029023938692632277,0.0002911133716770476,0.00028394474332260475,0.00028740039033764355,0.00029340738940427605,0.0002858884395448651,0.0002704991554998
-3.909578646029881e-5,-4.24084123938003e-5,-4.604394624405667e-5,-5.015473353832372e-5,-4.785881422270606e-5,-3.929982372903363e-5,-4.7857579052992065e-5,-5.136194505617816e-5
5.958732076508572e-13,5.919288604914851e-13,5.923010800978485e-13,5.931189191352e-13,5.92488289078962e-13,5.926940462564116e-13,5.926057843724298e-13,5.933201763206356e-13
3.919644405321228e-13,3.9286129249618235e-13,3.940952254552502e-13,3.939705922723484e-13,3.9548645004922703e-13,3.9555821021131424e-13,3.9675743904847873e-13,3.9617535539650933e-13
5.958732076508572e-13,5.919288604914851e-13,5.923010800978485e-13,5.931189191352e-13,5.92488289078962e-13,5.926940462564116e-13,5.926057843724298e-13,5.933201763206356e-13
5.958732076508572e-13,5.919288604914851e-13,5.923010800978485e-13,5.931189191352e-13,5.92488289078962e-13,5.926940462564116e-13,5.926057843724298e-13,5.933201763206356e-13
5.958732076508572e-13,5.919288604914851e-13,5.923010800978485e-13,5.931189191352e-13,5.92488289078962e-13,5.926940462564116e-13,5.926057843724298e-13,5.933201763206356e-13
5.958732076508572e-13,5.919288604914851e-13,5.923010800978485e-13,5.931189191352e-13,5.92488289078962e-13,5.926940462564116e-13,5.926057843724298e-13,5.933201763206356e-13
5.958732076508572e-13,5.919288604914851e-13,5.923010800978485e-13,5.931189191352e-13,5.92488289078962e-13,5.926940462564116e-13,5.926057843724298e-13,5.933201763206356e-13
5.958732076508572e-13,5.919288604914851e-13,5.923010800978485e-13,5.931189191352e-13,5.92488289078962e-13,5.926940462564116e-13,5.926057843724298e-13,5.933201763206356e-13
5.958732076508572e-13,5.919288604914851e-13,5.923010800978485e-13,5.931189191352e-13,5.92488289078962e-13,5.926940462564116e-13,5.926057843724298e-13,5.933201763206356e-13
5.958732076508572e-13,5.919288604914851e-13,5.923010800978485e-13,5.931189191352e-13,5.92488289078962e-13,5.926940462564116e-13,5.926057843724298e-13,5.933201763206356e-13
5.958732076508572e-13,5.919288604914851e-13,5.923010800978485e-13,5.931189191352e-13,5.92488289078962e-13,5.926940462564116e-13,5.926057843724298e-13,5.933201763206356e-13
5.958732076508572e-13,5.919288604914851e-13,5.923010800978485e-13,5.931189191352e-13,5.92488289078962e-13,5.926940462564116e-13,5.926057843724298e-13,5.933201763206356e-13
5.958732076508572e-13,5.919288604914851e-13,5.923010800978485e-13,5.931189191352e-13,5.92488289078962e-13,5.926940462564116e-13,5.926057843724298e-13,5.933201763206356e-13
3.0797437503273265e-13,2.7215528914531e-13,2.763248770895059e-13,2.7503450644497846e-13,2.7455623461506543e-13,2.74723312408766e-13,2.7765097419158533e-13,2.82227775437567e-13
-3.0655021578259887e-13,-2.741241938288305e-13,-2.751338365596466e-13,-2.7375768866395426e-13,-2.694501291243172e-13,-2.705082687387468e-13,-2.7013723753315535e-13,-2.765165074769159e-13
5.4350149360074634e-14,5.562026971561e-14,5.550368362365248e-14,5.5539788824034184e-14,5.560189744524658e-14,5.5669422893319337e-14,5.556738779154092e-14,5.5219990923453013e-14
3.8498138980884664e-14,3.939780756057361e-14,3.9315225745934015e-14,3.9340800230130196e-14,3.938479380762978e-14,3.943262433275927e-14,3.936034946947631e-14,3.911427668700644e-14
6.693070210540563e-13,6.667515968006206e-13,6.668819162368968e-13,6.673653699642492e-13,6.666038007035517e-13,6.66641153934549e-13,6.660680063491967e-13,6.662238349124106e-13
-1.3501766640800441e-12,-1.7667266153190436e-12,-1.7274605794680249e-12,-1.7471815933070833e-12,-1.7591524629421784e-12,-1.7595539122106275e-12,-1.728361213945536e-12,-1.661341796184555e-12
-1.5164809993312495e-12,-2.0831219311844546e-12,-2.0295796821438954e-12,-2.0586096768113374e-12,-2.0750691790815324e-12,-2.0760371238057936e-12,-2.033647258909765e-12,-1.943963706177161e-12
5.3808686888235456e-5,1.732444471841095e-5,-6.229485829388105e-6,8.088027947123616e-5,1.6561533587538855e-5,7.120892406738595e-5,6.665216014038533e-5,0.00028047034915172316
-1.855670636179515e-12,-2.461100898066051e-12,-2.4039874458553767e-12,-2.433385123941191e-12,-2.4508424939939586e-12,-2.4515665915094012e-12,-2.406243938289538e-12,-2.3093300029693605e-12
-3.4591965287160516e-12,-3.4905947510375966e-12,-3.474004222615487e-12,-3.441552301841985e-12,-3.4095967715978636e-12,-3.406406379828394e-12,-3.3922800973839252e-12,-3.38580005616704e-12
2.9203702962278785e-13,2.9791591471784386e-13,2.99609600074668e-13,3.4260045569340906e-13,3.7048382884991015e-13,3.7199998886593977e-13,3.7236456691080905e-13,3.7136115105796254e-13
7.525708853015107e-13,7.879960121657846e-13,7.900547224015136e-13,8.863657993922752e-13,9.508474972447829e-13,9.540105918529849e-13,9.550791643745847e-13,9.521224578777705e-13
-3.3260598680447943e-13,-6.327879478643483e-13,-6.042355215092216e-13,-6.22853484769099e-13,-6.318307506644353e-13,-6.329637415298437e-13,-6.105694082193894e-13,-5.652411381850002e-13
3.147659419406096e-13,1.9784379315031855e-13,2.091425704133933e-13,1.9883361564481012e-13,1.9509367829549592e-13,1.9406699617268712e-13,2.0273117481826233e-13,2.1832709185215755e-13
-1.1773158269247445e-13,-2.2511028147174554e-13,-2.1485033184986114e-13,-2.1979055115455926e-13,-2.225154166670676e-13,-2.2222294451512787e-13,-2.1402406444762278e-13,-1.971832233184116e-13
9.773851457186064e-13,9.856540778388613e-13,9.847424405235547e-13,9.859146972916116e-13,9.845921580921348e-13,9.848278392643279e-13,9.832332727807606e-13,9.82735533554274e-13
-1.4507103525508614e-12,-1.4784453397700265e-12,-1.4758231414244906e-12,-1.4778137747654645e-12,-1.4773905398153847e-12,-1.477799141503681e-12,-1.4751510273711272e-12,-1.4721065321610077e-12
-4.458636164905549e-13,-4.458636164905549e-13,-4.458636164905549e-13,-4.458636164905549e-13,-4.458636164905549e-13,-4.4586361649055474e-13,-4.458636164905549e-13,-4.458636164905549e-13
1.89431264914046e-13,1.957277240047231e-13,1.949851944321282e-13,1.9364843080214414e-13,1.9528187472238538e-13,1.9512060708678778e-13,1.9561489711704354e-13,1.934755773633167e-13
4.024521835264134e-13,4.0141819670947284e-13,4.029370534025084e-13,4.0208167249683837e-13,4.0239270455994375e-13,4.0201929507661906e-13,4.0130107927678976e-13,3.9731415493762124e-13
9.758206814980023e-13,6.854585818203592e-13,7.145054788342937e-13,6.847200469963802e-13,6.781742059108466e-13,6.752124905801889e-13,6.982361053308686e-13,7.338729777609052e-13
2.1769705797062715e-13,2.3950766909544083e-13,2.3676646635170855e-13,2.4422382563291194e-13,2.3886752434470307e-13,2.454590711469766e-13,2.383524955847937e-13,2.379117857733605e-13
0.00046004097148612906,0.00045053401929149163,0.0004535722438758575,0.0004009686396319981,0.00044159685634641906,0.00035491290059472687,0.00043633249389793573,0.0004884551429051825
1.2236944658207398e-12,1.180656279788365e-12,1.185263696237936e-12,1.1817300060767946e-12,1.1747390022177917e-12,1.175356285873461e-12,1.1783992305323813e-12,1.1872895688075452e-12
0.00014976356916574746,0.00017882742331897796,0.00017988296870651127,0.00015069292280333373,0.00015957982258009348,0.00013401410858867961,0.00012444159039018776,3.9600527641657946e-5
-0.004046702682495643,-0.0038485670920686632,-0.003906837785635831,-0.003845265014428142,-0.0038017789504912036,-0.003504963426878501,-0.002889940288194524,-0.0004411830319770934
8.372773480133213e-13,7.460233317863432e-13,7.584582491647629e-13,7.541908308419079e-13,7.533357519840584e-13,7.528457069550483e-13,7.589930076115901e-13,7.658530546870368e-13
0.00011724542545958509,5.2588548367402815e-5,5.20997823852102e-5,5.599820591346943e-5,5.986851632623258e-5,8.889789279270604e-5,0.00013935450836851613,0.00036360699512576184
-2.286702728362113e-13,-2.0874762549116554e-13,-2.0971060495902147e-13,-2.0890828760182264e-13,-2.0810534894594781e-13,-2.0735430319594437e-13,-2.1052357051183928e-13,-2.19008090478865e-13
8.562199514805617e-13,8.219594434449916e-13,8.247899207163924e-13,8.234173986889709e-13,8.230906234571894e-13,8.232315118194014e-13,8.264035736141725e-13,8.315411534983809e-13
1.9084913501544489e-13,1.6547165567706055e-13,1.6907045630674244e-13,1.570105253482491e-13,1.512871033659369e-13,1.5060664376466914e-13,1.5316132156259915e-13,1.552413502215425e-13
-9.025852840834484e-12,-9.228709083723242e-12,-9.197819217217793e-12,-9.234380208226636e-12,-9.198948849003291e-12,-9.20438754351981e-12,-9.165242037760752e-12,-9.143760507689936e-12
8.518542385332799e-13,8.522460941714033e-13,8.520453888934315e-13,8.542583286978733e-13,8.521120472493034e-13,8.527014936492244e-13,8.511009988303032e-13,8.508697623152106e-13
-1.3138865233141087e-5,-3.46640034272714e-5,-4.7251862681980985e-5,1.7084891009137038e-5,-2.3172414700494696e-5,1.4951720288787433e-5,2.1512181841456362e-5,0.00018712060757767612
-1.3138866559252393e-5,-3.466400477079701e-5,-4.72518640238512e-5,1.708488966806121e-5,-2.31724160434123e-5,1.4951718946159269e-5,2.1512180499308574e-5,0.00018712060623964324
0.00011755426818936445,9.973417569046256e-5,9.561865955228713e-5,9.882794259439012e-5,8.826952986263373e-5,9.486777424821278e-5,9.648114539829749e-5,0.00014040549875681
0.00011755426599471633,9.973417348819937e-5,9.56186573492639e-5,9.882794039089906e-5,8.826952765748921e-5,9.486777204258737e-5,9.648114319176589e-5,0.0001404054965504251
5.117065855323092e-5,4.630893275932459e-5,5.459575164323151e-5,2.2802281428584243e-5,4.523739558442194e-5,3.608158664276379e-5,5.761667774285115e-5,8.063832635551002e-5
-7.560209257111688e-5,-8.930072442620659e-5,-9.19902402875147e-5,-7.642252627699764e-5,-8.928959750021229e-5,-7.59728945815036e-5,-7.766686853139979e-5,-2.1188197523494185e-5
5.8113201160286986e-5,5.003937626042105e-5,5.342700323862133e-5,4.151878687092164e-5,4.8921244719267604e-5,4.9208600915415064e-5,6.136390628119504e-5,0.00010061060723587566
5.811320332632635e-5,5.0039378435380173e-5,5.342700541287422e-5,4.151878904407957e-5,4.892124689204979e-5,4.9208603088040954e-5,6.136390845253226e-5,0.00010061060940313306
5.380868904137071e-5,1.73244469043163e-5,-6.229483642436576e-6,8.088028165178639e-5,1.6561535777512396e-5,7.120892625584922e-5,6.665216233196713e-5,0.0002804703513318444
5.380868739114453e-5,1.7324445227278485e-5,-6.229485318240703e-6,8.088027997738487e-5,1.656153409963524e-5,7.120892457850814e-5,6.665216065533682e-5,0.0002804703496632835
0.00019585543787645394,0.00017967213880782726,0.00017128554914785325,0.00020634320186799636,0.00018293740487269932,0.00022135257114442583,0.00023216521739302968,0.00037557162821961305
0.0001958554397158613,0.0001796721406666299,0.0001712855510046213,0.0002063432037250121,0.00018293740673080283,0.00022135257300209712,0.000232165219249338,0.0003755716300715249
1.5033907408411602e-6,1.29566675102172e-5,-1.5269491409519778e-5,5.6185927735175505e-5,-1.2698370411209493e-5,5.115027512374346e-5,9.755377483643919e-6,0.0001146834694857343
1.503388865233358e-6,1.2956665635438716e-5,-1.5269493285124884e-5,5.61859258581579e-5,-1.2698372286539713e-5,5.1150273245950114e-5,9.755375607415126e-6,0.00011468346760941508
0.00018541282020936894,0.00017860974313712306,0.00019009888752973702,0.00021933161518611726,0.00020569655235830585,0.0002230664662754622,0.0002525266165781026,0.00037669182107710904
-0.00018541281965956015,-0.00017860974259840067,-0.0001900988869879541,-0.0002193316146440748,-0.00020569655181572013,-0.00022306646573187704,-0.00025252661603102,-0.0003766918205232314
-1.4403691001281433e-5,-1.6385186770863918e-5,-5.3752241939351e-6,-6.015654927794623e-5,-2.107727231986643e-5,-4.457752154827074e-5,-1.2309582853373537e-5,-1.378798438450734e-5
-4.8518150054787245e-5,-6.23297168780861e-5,-6.227328017124894e-5,-5.209369267111108e-5,-5.6475905552073164e-5,-4.853901148668534e-5,-4.221521498835969e-5,6.2804890724278825e-6
-2.9695656519351347e-5,-3.749714494966034e-5,-3.196450064416526e-5,-5.4282470353699124e-5,-3.692632420380009e-5,-4.4627069042976195e-5,-2.5217269213496953e-5,-1.0226004770272085e-6
-2.9695654740537773e-5,-3.749714316272565e-5,-3.1964498857832295e-5,-5.4282468567636676e-5,-3.692632241804918e-5,-4.462706725735788e-5,-2.521726742962158e-5,-1.0225986975920142e-6
-4.341051569988498e-5,-4.487199483372288e-5,-4.790223787117472e-5,-3.7184292121048354e-5,-5.096625878190732e-5,-4.980575200307953e-5,-5.338192977072541e-5,-3.951394238469415e-5
-4.341051893756361e-5,-4.487199807786239e-5,-4.790224111637158e-5,-3.7184295364471286e-5,-5.096626202753183e-5,-4.980575524832097e-5,-5.338193301539528e-5,-3.95139456224552e-5
-1.4297969462210596e-12,-1.4734517671367227e-12,-1.4703046569171017e-12,-1.4713092027486697e-12,-1.4750934447642328e-12,-1.4746542970033402e-12,-1.4730962466548492e-12,-1.4654538774425381e-12
-5.191954167398127e-13,-5.402889523965116e-13,-5.38255337365886e-13,-5.391619325549851e-13,-5.408931545816216e-13,-5.408122908611043e-13,-5.403755589283726e-13,-5.384002322581365e-13
9.105959613613347e-13,9.331572466630155e-13,9.320437515395512e-13,9.321417028520265e-13,9.34194723564597e-13,9.338364395860184e-13,9.327151212282694e-13,9.27048078767224e-13
0.000694016738467902,0.0007325093886752364,0.000720356444955164,0.0006596633673178063,0.0006712573186275377,0.0006047097629596956,0.000489354043707324,-5.794181925690366e-6
0.0006940167418091469,0.0007325093919610167,0.0007203564482496083,0.0006596633706121488,0.0006712573219218813,0.0006047097662553353,0.0004893540470095577,-5.794178611551241e-6
-5.224662417120179e-6,-9.360430387767382e-6,-2.4992740262848762e-5,-4.3198283412899224e-5,-1.4519477140350702e-5,-1.6665211888108412e-5,7.0519070405607675e-6,1.7323283200326393e-5
-0.00014343301497422248,-0.00016070711446137696,-0.0001576259868312614,-0.00016203672047039665,-0.00015570985684133537,-0.00014671510683600685,-0.00011675311964191244,-3.08308410780268e-6
8.6338169795779e-5,7.645560600056895e-5,8.191308567821523e-5,5.414045653295297e-5,7.402760708519445e-5,6.456293419184668e-5,8.790791007484957e-5,0.00012261277340949367
1.9936535692917986e-5,1.0194038703860046e-6,-2.6819676642660322e-6,2.585709108266478e-5,8.510370898981834e-6,2.599324925762206e-5,2.6422394845124033e-5,9.983780307670366e-5
3.411446074057242e-5,4.5944531803013457e-5,5.689805767315092e-5,-8.062854911750565e-6,3.5398634927963743e-5,3.961491633954103e-6,2.9905633829508446e-5,-2.0068471767222142e-5
3.4114462653716125e-5,4.594453371637582e-5,5.689805958610789e-5,-8.062852998567327e-6,3.5398636839441074e-5,3.961493545330264e-6,2.9905635738701973e-5,-2.006846986096687e-5
9.166975799999652e-5,9.073203844153351e-5,0.00010121147064720631,3.358900676684493e-5,9.148640299998496e-5,5.951980585665331e-5,7.786625980936197e-5,-1.433897424889895e-5
9.166975981170409e-5,9.073204025095869e-5,0.00010121147245763148,3.358900857802522e-5,9.148640480949026e-5,5.9519807666566694e-5,7.786626161831888e-5,-1.4338972440297944e-5
9.171045516158509e-5,7.761006209281496e-5,7.899124822151782e-5,9.118073912351394e-5,8.796662403148025e-5,9.77508560527672e-5,0.00010898117332283931,0.00017820742280171237
9.171045682723812e-5,7.761006376843812e-5,7.899124989599583e-5,9.118074079767427e-5,8.796662570578195e-5,9.775085772723696e-5,0.000108981174996706,0.00017820742447351035
-0.000332155790861916,-0.0003386574325740574,-0.00035033875824203107,-0.00042545811631392174,-0.00043802403258966536,-0.00047261518104831513,-0.00047531754572549827,-0.0005280014920925069
-0.0003321557892343325,-0.0003386574309467576,-0.0003503387566153793,-0.00042545811469122264,-0.0004380240309697115,-0.00047261517942893077,-0.0004753175441072035,-0.000528001490475773
-0.0003788543275272655,-0.00038864077245607186,-0.00037737797095772007,-0.00042694189633436336,-0.000385417181295091,-0.00038347799694586084,-0.0003314303004770251,-0.0002195979940835581
-0.00037885432600823904,-0.0003886407709173374,-0.00037737796942051275,-0.00042694189479544603,-0.00038541717975697513,-0.00038347799540779955,-0.000331430298942161,-0.00021959799255533006
6.656209164328277e-13,6.556436747984629e-13,6.572102271434378e-13,6.574652533177794e-13,6.572806696777647e-13,6.56131517150677e-13,6.578726345949629e-13,6.607987668207097e-13
-3.3280691788488895e-13,-3.278182970186554e-13,-3.28601573211303e-13,-3.2872908622344043e-13,-3.2863679429418283e-13,-3.280622180397008e-13,-3.2893277677666125e-13,-3.3039584289588504e-13
-8.796819795960659e-5,-0.00010478647399229062,-8.950286670680302e-5,-0.00015452668543944895,-0.00010535680808835277,-0.00012640101008309218,-9.34236084686004e-5,-0.00011362630473646916
-8.796819673544652e-5,-0.0001047864727605424,-8.950286547568943e-5,-0.00015452668420841504,-0.00010535680685958675,-0.0001264010088541842,-9.342360724174872e-5,-0.00011362630351169749
9.749293489082657e-5,8.806705965175272e-5,8.873982504328073e-5,3.0084501324729815e-5,8.405086110548998e-5,5.896344015185793e-5,8.709237346247258e-5,5.2148463509920545e-5
9.749293931989034e-5,8.806706409598097e-5,8.873982948669174e-5,3.0084505769796566e-5,8.405086554803094e-5,5.896344459582439e-5,8.709237790446321e-5,5.214846795098073e-5
6.640163591836775e-5,7.543620395607539e-5,8.459505516876018e-5,2.8283367275800613e-5,6.55172380130895e-5,3.856968676103201e-5,6.148551705610729e-5,2.2774972154522982e-5
6.64016378968557e-5,7.543620593563263e-5,8.459505714809076e-5,2.8283369255311867e-5,6.551723999129088e-5,3.856968873917854e-5,6.148551903240015e-5,2.2774974127934566e-5
5.5588821649326414e-5,7.008179964260842e-5,8.396904946540362e-5,8.706444824846293e-5,0.00011951650401759502,0.00011475217977143006,0.00011335198088630055,5.488525085646043e-5
5.558881935249578e-5,7.008179733329576e-5,8.396904715467945e-5,8.706444590419538e-5,0.00011951650165046902,0.00011475217740344256,0.0001133519785184207,5.488524849208081e-5
5.5588823565030304e-5,7.008180155329444e-5,8.396905137644942e-5,8.70644501449196e-5,0.00011951650590472923,0.00011475218165785255,0.00011335198277209922,5.4885252740208537e-5
-0.0001084506257096032,-0.0001296366174315749,-0.00013400853922530673,-0.00011604405620007271,-0.00012901849787045496,-0.0001139564276810447,-0.00011053166535507776,-5.1453737503823985e-5
-0.00010845062701761272,-0.00012963661871087567,-0.0001340085405082224,-0.00011604405747585563,-0.0001290184991433647,-0.00011395642895335576,-0.00011053166662952421,-5.14537387795288e-5
-0.00010845062447250851,-0.00012963661618570685,-0.00013400853798054246,-0.00011604405495803331,-0.00012901849662938722,-0.00011395642644024202,-0.00011053166411439968,-5.145373626364127e-5
-0.0001442068635132911,-0.00013789062158566014,-9.859260859997701e-5,-0.00023207864479769615,-0.00013145140144174496,-0.00015678194985704265,-9.422774881419211e-5,-9.65666720909454e-5
-0.00031606363143188193,-0.0003257148996424871,-0.0003065035321287331,-0.0004140278263802605,-0.00032903720799849485,-0.00036050470531503087,-0.0003103817258169662,-0.0003293890935915202
-2.2191091119701375e-6,-1.2941576090499191e-5,-2.411348309116884e-5,-6.601298153908141e-5,-3.6181570085675564e-5,-4.4194031184268374e-5,-3.9310539364726155e-5,-6.245889339060609e-5
0.00014234314114610936,0.00014106242486024923,0.0001353535826947051,9.288389722255393e-5,0.0001265335578303256,0.00011150496362510454,0.00011125929484314399,4.108139384166213e-5
0.00014940688271759494,0.00020751079765724196,0.0003265604542287775,0.0005749450268726544,0.0007886486741300113,0.0008913070231177285,0.0009307008370553084,0.0008989363513574379
0.0001830020037574268,0.00018961342965715031,0.00018693733981633073,0.0001284360373187111,0.00016982604863715402,0.00012957126038863037,0.00012280379954506828,-3.409737070344826e-5
0.00018300200611170522,0.00018961343199886966,0.00018693734216091224,0.0001284360396636412,0.00016982605098132694,0.00012957126273401107,0.00012280380189243087,-3.409736835173921e-5
-0.00014343301636060487,-0.00016070711586637032,-0.00015762598823515,-0.00016203672187549038,-0.00015570985824778474,-0.00014671510824228412,-0.00011675312104580832,-3.0830855040883567e-6
-5.714424589297172e-5,-6.02974453797848e-5,-6.374579718577893e-5,-8.738302451896223e-5,-7.26978413983233e-5,-8.439504026514602e-5,-8.024297022169435e-5,-0.00010912481481486726
-1.3138865233141117e-5,-3.466400342727158e-5,-4.7251862681980666e-5,1.7084891009136922e-5,-2.3172414700494692e-5,1.4951720288787365e-5,2.151218184145668e-5,0.00018712060757767612
-2.5774876161042607e-5,-5.0802855372077374e-5,-5.432360186188355e-5,-5.329762750368557e-5,-4.88966673168537e-5,-3.259575171414321e-5,-4.805055770887234e-6,0.00011231365006948719
-2.577487766097693e-5,-5.080285689376762e-5,-5.432360338211313e-5,-5.3297629024310505e-5,-4.8896668838397936e-5,-3.259575323555247e-5,-4.805057290871688e-6,0.00011231364855356806
0.00014234314334250265,0.00014106242705720659,0.0001353535848922788,9.288389942029657e-5,0.0001265335600270817,0.00011150496582225196,0.00011125929704034049,4.1081396039576874e-5
0.00014234313914241804,0.00014106242285347642,0.00013535358068785008,9.288389521539762e-5,0.00012653355582413386,0.00011150496161844214,0.00011125929283649252,4.1081391834204536e-5
0.00011653551385257377,0.00015270420788430415,0.00018417821573410518,8.079938937615451e-5,0.00016076851034471166,9.29736853052714e-5,0.0001476976278484949,4.3217095547181884e-5
0.00012108083561781516,0.0001255785226740013,0.0001400176193267324,9.778340301950002e-5,0.00013011334720212199,0.00010786954780582608,0.00011423863866365762,3.324856028325688e-5
0.00012677275304555244,0.0001356096591158002,0.00014658599386079522,9.922480963431026e-5,0.00013452699501390378,0.00011205448315334433,0.0001352835482028222,0.00010182652580378464
6.376261234302877e-5,3.598197361896252e-5,3.3137170889349524e-5,4.581520598256867e-5,4.092115721375682e-5,6.178928704698956e-5,8.88273172206706e-5,0.0002278103742431843
-2.219112861609007e-6,-1.2941579857619364e-5,-2.411348685783501e-5,-6.601298530797126e-5,-3.618157385407934e-5,-4.419403495419776e-5,-3.931054313610516e-5,-6.245889716699546e-5
-8.158038846058347e-5,-6.314851893163035e-5,-6.140870183777786e-5,-0.00010637034349561093,-7.596287823518938e-5,-9.568743485525499e-5,-9.333819426546224e-5,-0.00021435432541840619
0.00018300200159214252,0.0001896134275023477,0.00018693733765905434,0.00012843603516095542,0.00016982604648013458,0.00012957125823029992,0.00012280379738478602,-3.409737286819305e-5
-5.714424955074727e-5,-6.029744903859952e-5,-6.374580084711845e-5,-8.73830281810902e-5,-7.269784506107065e-5,-8.43950439288412e-5,-8.024297388642923e-5,-0.0001091248184807012
-7.191847907858625e-5,-8.190347843756006e-5,-8.992451222948408e-5,-8.827365369646981e-5,-0.00010105222103109903,-9.632852201571718e-5,-0.00010914962066328969,-0.00010477895782222088
0.00012108083731650241,0.00012557852436720588,0.0001400176210211848,9.77834047139534e-5,0.00013011334889553484,0.00010786954949910767,0.00011423864035635941,3.324856197522709e-5
-0.0023784715851870083,-0.0023397870411470457,-0.002237623395457381,-0.002069489262738014,-0.0019096364309829934,-0.0017903080559526678,-0.0017203816024915725,-0.0016728203473973906
0.00018700154681372706,0.0002013524271642667,0.00018738974153763624,0.00023980684820000076,0.000185623045069389,0.00022718832897953713,0.00015637582898183873,9.598331583129304e-5
0.00011653551617611567,0.00015270421019921424,0.0001841782180481549,8.079939168948895e-5,0.00016076851265461314,9.297368761464688e-5,0.00014769763015484,4.3217097850989935e-5
-4.341051742070603e-5,-4.4871996556500066e-5,-4.7902239594742094e-5,-3.718429384370431e-5,-5.096626050560881e-5,-4.980575372656666e-5,-5.338193149394584e-5,-3.9513944104527764e-5
-7.191847579002711e-5,-8.190347514108364e-5,-8.992450893162556e-5,-8.827365039835404e-5,-0.00010105221773047438,-9.632851871453658e-5,-0.00010914961735930846,-0.00010477895451580952
-7.19184775359376e-5,-8.190347688965749e-5,-8.992451068115652e-5,-8.827365214797864e-5,-0.00010105221948129853,-9.632852046561035e-5,-0.00010914961911178368,-0.00010477895626946968
-2.219111085676802e-6,-1.2941578071575458e-5,-2.411348507231101e-5,-6.601298352126083e-5,-3.6181572067595746e-5,-4.419403316690643e-5,-3.931054134810903e-5,-6.245889537640886e-5
-0.0003160636304271299,-0.00032571489862627474,-0.00030650353111386075,-0.00041402782536162624,-0.00032903720698252987,-0.0003605047042979122,-0.00031038172480280803,-0.00032938909257922475
-5.224660426988216e-6,-9.360428387689625e-6,-2.499273826381616e-5,-4.3198281413431026e-5,-1.4519475141210035e-5,-1.6665209889076453e-5,7.051909037973724e-6,1.732328519522212e-5
-8.158038613974499e-5,-6.314851663785171e-5,-6.140869953730396e-5,-0.00010637034119335148,-7.59628759339418e-5,-9.568743255263503e-5,-9.33381919641294e-5,-0.00021435432309875705
-8.158038740731649e-5,-6.314851789090322e-5,-6.140870079390525e-5,-0.00010637034245079789,-7.596287719086335e-5,-9.568743381020085e-5,-9.333819322109848e-5,-0.00021435432436471498
9.749293701019435e-5,8.806706178004765e-5,8.873982717087764e-5,3.008450345323491e-5,8.405086323273289e-5,5.896344227986568e-5,8.709237558944573e-5,5.2148465636435384e-5
0.0001870015447903729,0.00020135242515194953,0.00018738973952191573,0.00023980684618578373,0.00018562304305335826,0.00022718832696450391,0.0001563758269649926,9.598331381676734e-5
6.376261386948647e-5,3.598197516646255e-5,3.313717243432514e-5,4.581520752809957e-5,4.092115875986646e-5,6.178928859311014e-5,8.882731876541862e-5,0.0002278103757849115
6.376261386948678e-5,3.5981975166477265e-5,3.313717243432535e-5,4.581520752809939e-5,4.092115875986678e-5,6.17892885931105e-5,8.882731876541846e-5,0.00022781037578489577
-1.3138866559252423e-5,-3.4664004770797214e-5,-4.725186402385088e-5,1.7084889668061123e-5,-2.31724160434123e-5,1.495171894615919e-5,2.15121804993089e-5,0.00018712060623964324
6.376261234302908e-5,3.59819736189772e-5,3.313717088934968e-5,4.5815205982568514e-5,4.0921157213757166e-5,6.178928704698987e-5,8.882731722067042e-5,0.00022781037424316858
7.537908371093281e-5,7.482316013603021e-5,7.220747748440838e-5,7.354752339255229e-5,6.433051000440705e-5,6.22863203460497e-5,4.4113340171442646e-5,1.589838573792953e-6
7.53790817435074e-5,7.482315817274057e-5,7.220747551962229e-5,7.354752142856475e-5,6.433050803983434e-5,6.228631838157597e-5,4.4113338206201755e-5,1.5898366090183778e-6
7.537907997427426e-5,7.482315640527744e-5,7.220747375114286e-5,7.354751966083183e-5,6.433050627141597e-5,6.228631661321069e-5,4.411333643709161e-5,1.589834840396457e-6
0.00025706496865643544,0.00026766686711019003,0.00027960324424956953,0.0003211885690502251,0.0002887548019578444,0.0003076010320186763,0.00028670271307384667,0.0002908698300874864
-0.00018300200003391678,-0.00018961342597550152,-0.00018693733612624633,-0.00012843603362940119,-0.0001698260449464038,-0.00012957125669558616,-0.00012280379584330418,3.4097374420637475e-5
0.0001943520450174783,0.00016671546919592138,0.000186555038453256,0.000150157272033396,0.0001956357731815203,0.00017020229392070868,0.0002224098378051654,0.000260888156628301
0.00012677275489209841,0.00013560966096202087,0.00014658599570602676,9.922481147967105e-5,0.00013452699685734536,0.0001120544849967687,0.00013528355004472628,0.00010182652764505106
-0.0001330688561381753,-0.00019419952948522055,-0.00019525131049678938,-0.00018558685303053028,-0.00017941756878116642,-0.00013637767312042648,-7.322808094069896e-5,0.00016211839603068247
-0.0001956021667876048,-0.0002669240066705263,-0.00026208467153887566,-0.0002684282044813428,-0.0002503222188811631,-0.0002136419361866812,-0.00013952620075484868,0.00011485004877891945
-0.00011184123713254213,-7.915487278304279e-5,-7.406318221526584e-5,-3.8981234120377095e-5,-5.143154477492513e-5,-6.0072569149966614e-5,-0.00011816744438788293,-0.00030141260329295637
-0.0001581784588257758,-0.0001347649131216711,-0.00012566867033242325,-0.00010340681281717101,-0.00011515874401321756,-0.00012238388244145598,-0.0001505701133635614,-0.00023989552068035008
-0.00021365444743312597,-0.00022279486671475417,-0.00023170100081772193,-0.00028400427137077316,-0.0002377885376147226,-0.00025779527445456493,-0.00023332077774411964,-0.00025135588215612797
-0.00021365444830882615,-0.0002227948676016293,-0.0002317010017037558,-0.00028400427225755653,-0.00023778853850033502,-0.0002577952753408456,-0.00023332077862927124,-0.00025135588304033224
1.8315507510485673e-5,-1.728079443555993e-5,-1.8965766042118565e-5,-3.0289418782531616e-5,-2.091020492020689e-5,-9.213243936010485e-6,8.568828949021869e-6,8.169907325818444e-5
4.4834048869921833e-5,5.9872191410907874e-5,6.347133826299742e-5,5.518531264984106e-5,5.330101370438387e-5,5.198151136399806e-5,3.15778496313799e-5,-2.985651386600984e-5
-2.355403292141232e-12,-2.3069660508679463e-12,-2.3097112203580742e-12,-2.3106096195850057e-12,-2.3108939801639746e-12,-2.309954072568272e-12,-2.311270828092066e-12,-2.2950797335244656e-12
-0.00011655033906757292,-8.560369749928075e-5,-8.17680560695823e-5,-4.932561071788066e-5,-6.523488960976647e-5,-7.359040232205731e-5,-0.00013159273099339264,-0.00030467534863036835
-1.0979581761198986e-5,4.012864188047062e-6,1.676579734902572e-5,-1.0333012572252342e-5,1.4165656893465157e-5,-1.1437469837110185e-5,-1.2046597933153739e-5,-0.00012186704592226583
-0.00019530509490018033,-0.00023945209336876804,-0.00022653754736395615,-0.0003006663259573353,-0.00023959583618784339,-0.000240048640062176,-0.000143826190429685,1.5142205620750663e-5
-0.00011348949817262114,-8.227259010142904e-5,-8.10464158578356e-5,-5.659276309059723e-5,-7.837789341114064e-5,-8.964851781771436e-5,-0.00015046157443233065,-0.0003372629820663252
0.00012443895970202487,0.00013745548060872616,0.00012438201909423835,0.0001639987724910997,0.0001215901292029752,0.0001364588847741852,9.143147926079744e-5,6.120037455158229e-5
-1.0648114828267138e-5,7.32439717149962e-6,3.177315827636535e-6,3.6768245278161643e-5,1.5635026639300688e-5,1.3884811958165177e-5,-2.1653577004780433e-5,-9.234630564251221e-5
-0.00024171195350672413,-0.00019638841081556077,-0.00019831914052120765,-0.00020261675200790202,-0.0002148724750535654,-0.00023890006623569654,-0.00029911872156878066,-0.0005145301783512566
0.00037261845114906463,0.0004013451122008237,0.0003996037068948466,0.00038407247418517274,0.0003822024701238881,0.00036774132499291945,0.00034745284872331227,0.0002822038134357843
8.077409896834293e-5,9.09310484315738e-5,9.401468540117762e-5,9.589108756521337e-5,9.563215873770935e-5,9.216769866543706e-5,7.736034647087917e-5,1.627395133491263e-5
3.447607282772691e-13,3.472186124205616e-13,3.465634263736893e-13,3.4865373075418844e-13,3.468828424741155e-13,3.480532575325453e-13,3.4654722187480107e-13,3.4717259271142754e-13
-0.00019350071808951514,-0.00017593629485377339,-0.00017585065705547274,-0.00018402223719785895,-0.00018448031744794743,-0.0001930879105611053,-0.0002107722978253004,-0.00024843068527639136
0.00012098974271055467,0.00012898500619299018,0.00013868598948465208,9.425322357075477e-5,0.00012733784644864814,0.00010586393996899054,0.0001285994880799859,0.00010218532856314736
-9.389679941409194e-5,-0.00010983696404832805,-0.00011457486969652413,-9.459178399139745e-5,-0.0001108187786049149,-9.65514424417138e-5,-9.912038341238114e-5,-3.2906261828449655e-5
-9.049497231077129e-5,-4.1533866920413694e-5,-3.496790456245935e-5,-4.144686656248716e-5,-4.3392898693545275e-5,-7.835055708576012e-5,-0.00013928606958855076,-0.00037923493772387836
-0.00011122436376311803,-0.0001397125198405344,-0.00014664775205489803,-0.00013133959914898196,-0.00014533960965563717,-0.00012649762326680442,-0.00011555993623700665,-1.6365075625378494e-5
5.6234471471688095e-14,4.088075614366247e-14,4.280706401122405e-14,4.2560874051735616e-14,4.2425851968597256e-14,4.240863202756099e-14,4.320782380710362e-14,4.3972892443166107e-14
-7.627080095587985e-5,-5.5013335610945986e-5,-5.735075097463931e-5,-7.142626052306452e-5,-7.616192605949679e-5,-0.0001005475010106108,-0.00010877786997126116,-0.00014648628056589306
-0.00034884806397503395,-0.0003657868128904651,-0.00036750530071626175,-0.00036043228037761554,-0.0003679197350421019,-0.00036271088246102914,-0.000362678676103328,-0.00029860435184701973
-0.0002692852346616846,-0.00024348214003480325,-0.00028247833712047885,0.00032056950806843545,-0.0003128087713108128,-5.09115666133915e-5,-0.0003962448727454351,9.09808453548217e-5
-0.00026928523588887004,-0.0002434821412393453,-0.00028247833832925406,0.00032056950688121657,-0.00031280877251840984,-5.091156781193794e-5,-0.00039624487395570785,9.098084416106544e-5
0.00022847820087888867,0.00021347950160249455,0.00021135730697394037,0.00015304534177875843,0.00020687490722241447,0.00016796443927374495,0.000186474382920176,9.936359840214776e-5
0.00022847820091964545,0.0002134795016407044,0.00021135730701147138,0.00015304534181427812,0.00020687490725980291,0.00016796443930887107,0.00018647438295489867,9.936359843245107e-5
0.0006266533213996771,0.0006562627285152576,0.0006405942901608338,0.000604029902690471,0.0006170070748896957,0.0006370189882359183,0.0005868923231137554,0.0004697616963203182
0.0006266533190388253,0.0006562627261667919,0.0006405942878108009,0.0006040299003397313,0.0006170070725408866,0.0006370189858871564,0.0005868923207632559,0.0004697616939621762
1.957002723107609e-13,1.9643414713325188e-13,1.968942070868326e-13,1.9648988514852064e-13,1.9665078449148784e-13,1.9651207436245703e-13,1.9616978114994834e-13,1.9432392325454369e-13
-0.00021219022423364992,-0.00022253763585444806,-0.00021624380869397672,-0.00019072169366499334,-0.00020251013576314233,-0.00020289366657163523,-0.000199092627428763,-0.00017932458676416042
-5.714424782136319e-5,-6.029744730746182e-5,-6.374579911496607e-5,-8.738302644849487e-5,-7.269784332813154e-5,-8.439504219539049e-5,-8.024297215247805e-5,-0.00010912481674619495
-0.00019435204588643613,-0.0001667154700560547,-0.00018655503931412024,-0.00015015727289234698,-0.00019563577404177205,-0.00017020229477992095,-0.0002224098386668113,-0.00026088815749239285
-0.0003856562854551322,-0.000350402541047486,-0.00037995807694186185,-0.00030117166916811315,-0.0003903387403969471,-0.0002847231214088377,-0.0003787804112045376,-0.0003499704673805157
-8.45770893937444e-5,-8.985530238165911e-5,-2.2686520033709975e-5,-0.00026863167771441223,7.545639407705639e-5,-1.9415784713705775e-5,0.00025458454499392914,0.00027869218219278585
-0.0001313840338148549,-0.00010122973297730154,-8.199222705288883e-5,-1.3751884715060134e-5,-4.648908589311759e-5,2.785647919921323e-7,1.2186807697134295e-5,0.00015246428818293506
8.106767230602838e-5,5.707665365823417e-5,7.300653231075922e-5,3.92955086180031e-5,7.796854344154289e-5,5.519373065984208e-5,7.124709960383331e-5,2.1376254692657935e-5
-3.5703390639706814e-5,-3.934124620198392e-6,-9.36969048314827e-6,-1.3055621920600503e-5,-3.317555190192337e-5,1.0117301022404724e-5,-2.2635094427993347e-5,-7.622604909105146e-6
-3.570339421110356e-5,-3.93412816685227e-6,-9.369694029411555e-6,-1.3055625467526304e-5,-3.317555544315155e-5,1.0117297479923224e-5,-2.2635097966749075e-5,-7.622608449203726e-6
-3.57033984309074e-5,-3.934132362693756e-6,-9.369698224047315e-6,-1.3055629668704385e-5,-3.3175559632959636e-5,1.0117293284955995e-5,-2.2635102153857573e-5,-7.622612640786279e-6
-3.570340135439215e-5,-3.934135265918385e-6,-9.36970112502662e-6,-1.3055632576159199e-5,-3.317556252887936e-5,1.011729038526858e-5,-2.2635105045733094e-5,-7.622615536781118e-6
0.00017637642485821177,0.00016107424046036195,0.00015731308229459065,0.0001710686599113766,0.0001600135012601179,0.0001731788879882725,0.00016540804195146614,0.0001860818289347829
0.00017637642433791507,0.0001610742399454938,0.00015731308178024383,0.00017106865939595933,0.0001600135007477799,0.0001731788874755728,0.00016540804143997282,0.0001860818284213398
0.00011512345059678862,0.00010750543159912968,0.00010994502585126799,0.00010086702709289692,0.00010712091094897292,0.0001065042942631871,0.00011012161044707594,0.00010892898726802606
0.00011512344932148487,0.00010750543030422173,0.00010994502455669517,0.00010086702580280448,0.0001071209096550591,0.00010650429296997054,0.00011012160915215055,0.00010892898597690469
-0.0001085034603291949,-0.00013395648448319452,-8.92229056394174e-5,-0.00021902301038199273,-9.827583707614442e-5,-0.00016689923840369804,-7.159264193196875e-5,-8.894405471699524e-5
5.558881820579743e-5,7.00817961803567e-5,8.39690460010544e-5,8.706444473447293e-5,0.00011951650046972476,0.00011475217622227443,0.00011335197733730648,5.488524731271665e-5
2.7092939908172276e-5,1.9148038745535667e-5,2.4111116390185298e-5,-3.385638180476247e-7,1.651906444681862e-5,9.312494130334104e-6,2.9479101272315248e-5,6.927906334360769e-5
-0.00022847820048827136,-0.00021347950121294531,-0.0002113573065841533,-0.00015304534139169338,-0.00020687490683325244,-0.00016796443888704852,-0.00018647438253457978,-9.936359802445224e-5
-0.00011653551809476949,-0.0001527042121081182,-0.00018417821995527956,-8.079939359663626e-5,-0.00016076851455815974,-9.297368951788862e-5,-0.00014769763205587188,-4.3217099753251005e-5
0.0003321557879961593,0.00033865742971029374,0.0003503387553804895,0.00042545811345954794,0.00043802402974108955,0.0004726151782006374,0.00047531754287929333,0.0005280014892457967
8.796819589077815e-5,0.00010478647190996551,8.950286462657091e-5,0.0001545266833586451,0.00010535680601233839,0.0001264010080065581,9.342360639544134e-5,0.00011362630266386143
0.00010845062323314629,0.000129636614937865,0.00013400853673373425,0.00011604405371394376,0.0001290184953862936,0.00011395642519740869,0.00011053166287170455,5.1453735021464764e-5
0.002378471584159735,0.0023397870401192728,0.002237623394431294,0.0020694892617162675,0.0019096364299661522,0.0017903080549392337,0.0017203816014809,0.0016728203463886105
0.0001165503377648672,8.560369622389948e-5,8.17680547910571e-5,4.9325609446490554e-5,6.523488834140362e-5,7.359040105425214e-5,0.0001315927297235621,0.00030467534735932286
-0.00014940688466900443,-0.00020751079960085672,-0.0003265604561736324,-0.0005749450288097832,-0.0007886486760625257,-0.0008913070250500899,-0.0009307008389874303,-0.0008989363532901301
0.00011184123584180849,7.915487152143183e-5,7.406318095015182e-5,3.898123286251306e-5,5.143154352019036e-5,6.00725678958369e-5,0.0001181674431317019,0.00030141260203552157
-5.558882508451342e-5,-7.00818030665047e-5,-8.396905288907689e-5,-8.706445164378962e-5,-0.00011951650739401514,-0.0001147521831467124,-0.00011335198426103833,-5.4885254230760034e-5
0.00011122436265879066,0.00013971251872207244,0.00014664775093793853,0.0001313395980329436,0.00014533960853950606,0.00012649762215067304,0.0001155599351208451,1.6365074509145144e-5
0.0003488480627312432,0.00036578681163581064,0.0003675052994634409,0.00036043227912550623,0.0003679197337900329,0.0003627108812086741,0.00036267867485082427,0.00029860435059472404
2.2191075355330636e-6,1.2941574508365779e-5,2.411348150982574e-5,6.601297995597783e-5,3.6181568503093564e-5,4.419402960073057e-5,3.9310537779770044e-5,6.245889179983187e-5
0.0002692852338145436,0.00024348213921101278,0.0002824783362936765,-0.0003205695088754861,0.0003128087704847094,5.091156579549849e-5,0.0003962448719157296,-9.098084617255145e-5
7.191847443589969e-5,8.19034737858148e-5,8.992450757630931e-5,8.827364904214152e-5,0.00010105221637340229,9.632851735694376e-5,0.00010914961599967822,0.00010477895315148579
8.158038525291696e-5,6.314851576645508e-5,6.140869866339521e-5,0.00010637034031781992,7.596287505920316e-5,9.568743167700838e-5,9.333819108837198e-5,0.000214354322210781
5.7144244360616194e-5,6.029744384954284e-5,6.374579565497358e-5,8.738302298703614e-5,7.269783986642006e-5,8.439503873255392e-5,8.024296868789083e-5,0.00010912481327696179
-0.00014234314513655497,-0.0001410624288503744,-0.00013535358668515554,-9.288390121408289e-5,-0.00012653356181962925,-0.00011150496761543866,-0.00011125929883427056,-4.108139783770532e-5
4.341051437014277e-5,4.487199350350448e-5,4.7902236541084906e-5,3.7184290791046226e-5,5.0966257451200366e-5,4.980575067230479e-5,5.3381928439545516e-5,3.951394105319708e-5
-9.74929412248739e-5,-8.806706600558034e-5,-8.873983139530901e-5,-3.0084507679873752e-5,-8.405086745661291e-5,-5.896344650529015e-5,-8.709237981371521e-5,-5.214846986331553e-5
-7.537908528150714e-5,-7.482316170117151e-5,-7.22074790500848e-5,-7.354752495825047e-5,-6.433051157035997e-5,-6.228632191218549e-5,-4.4113341739001595e-5,-1.5898401444764539e-6
-0.000183002008059936,-0.00018961343393353227,-0.00018693734409738422,-0.00012843604160120322,-0.00016982605291788138,-0.00012957126467199795,-0.00012280380383306247,3.4097366403308e-5
0.00021365444692892177,0.0002227948662011545,0.00023170100030577828,0.0002840042708573718,0.0002377885371027208,0.0002577952739416684,0.00023332077723162744,0.0002513558816410547
7.627080130987227e-5,5.501333597469134e-5,5.735075133822068e-5,7.142626088631182e-5,7.616192642341494e-5,0.0001005475013729074,0.00010877787033070372,0.0001464862809157277
0.00018541281947349918,0.0001786097424244968,0.0001900988868120275,0.00021933161446712873,0.00020569655163852436,0.00022306646555343403,0.00025252661584845013,0.00037669182033051555
-8.077410057546425e-5,-9.093105002969801e-5,-9.401468700091678e-5,-9.589108916533345e-5,-9.563216033817093e-5,-9.216770026586068e-5,-7.73603480717644e-5,-1.627395293571137e-5
1.3138863906992813e-5,3.466400208427743e-5,4.7251861340517715e-5,-1.7084892349840146e-5,2.3172413358024063e-5,-1.4951721630990172e-5,-2.1512183183151997e-5,-0.00018712060891534055
0.0001330688550146447,0.00019419952832735456,0.00019525130934124204,0.00018558685187392888,0.00017941756762467255,0.00013637767196467317,7.322807978828093e-5,-0.00016211839717731794
-4.4834050579798885e-5,-5.987219311142792e-5,-6.347133996426228e-5,-5.518531435041546e-5,-5.33010154042231e-5,-5.1981513063623165e-5,-3.1577851331644746e-5,2.9856512164610757e-5
-1.8315508355156042e-5,1.7280793573750425e-5,1.896576518186208e-5,3.0289417920369746e-5,2.091020405761964e-5,9.213243072972003e-6,-8.568829812143529e-6,-8.169907412331434e-5
2.5774875047371057e-5,5.080285423878204e-5,5.432360073078752e-5,5.329762637142218e-5,4.889666618399708e-5,3.2595750581163014e-5,4.805054638643665e-6,-0.00011231365120126455
-0.0003726184503924921,-0.00040134511143184465,-0.0003996037061263837,-0.00038407247341928376,-0.00038220246935934414,-0.0003677413242287404,-0.000347452847961026,-0.00028220381267828976
0.00014343301397117477,0.0001607071134417445,0.00015762598581349995,0.00016203671945065634,0.00015570985582056616,0.0001467151058151473,0.00011675311862271995,3.0830830924618297e-6
0.00019530509397198303,0.0002394520924093392,0.0002265375464078264,0.00030066632499904834,0.0002395958352323076,0.00024004863910717542,0.0001438261894804019,-1.5142206563638077e-5
-0.000694016744722976,-0.0007325093948197035,-0.0007203564511155376,-0.0006596633734787753,-0.0006712573247882372,-0.0006047097691232345,-0.0004893540498846005,5.79417572152951e-6
0.00015817845778611794,0.00013476491210040903,0.00012566866930801364,0.00010340681179247218,0.00011515874298743576,0.00012238388141541957,0.0001505701123355874,0.0002398955196505843
-0.00012443896140236027,-0.00013745548230069784,-0.00012438202078735657,-0.00016399877418368688,-0.00012159013089727043,-0.0001364588864683928,-9.143148095728345e-5,-6.120037625056252e-5
-0.00019585544154376736,-0.00017967214251329042,-0.00017128555284942073,-0.00020634320557007084,-0.00018293740857689772,-0.00022135257484778457,-0.00023216522109365299,-0.000375571631911483
7.560209104573235e-5,8.930072289348981e-5,9.199023875586049e-5,7.64225247458568e-5,8.928959596887881e-5,7.597289305008166e-5,7.766686699981187e-5,2.1188195992032765e-5
1.313886390699278e-5,3.466400208427725e-5,4.725186134051803e-5,-1.708489234984025e-5,2.3172413358024046e-5,-1.4951721630990237e-5,-2.151218318315168e-5,-0.00018712060891534055
-5.8113205090971296e-5,-5.0039380207223005e-5,-5.342700718318365e-5,-4.151879081407492e-5,-4.892124866135562e-5,-4.9208604857456324e-5,-6.136391022136249e-5,-0.0001006106111715614
-5.380869030192995e-5,-1.732444818939491e-5,6.229482359335685e-6,-8.088028293432951e-5,-1.6561537063103587e-5,-7.120892754121252e-5,-6.665216361724604e-5,-0.000280470352612778
1.0648113696359663e-5,-7.324398288593183e-6,-3.177316946576054e-6,-3.67682463938798e-5,-1.5635027754331353e-5,-1.3884813073278191e-5,2.1653575887918178e-5,9.23463045239788e-5
0.00011348949686568373,8.227258882317989e-5,8.104641457604969e-5,5.659276181585832e-5,7.837789213932854e-5,8.964851654644515e-5,0.00015046157315896217,0.0003372629807915908
-0.0001267727567272728,-0.00013560966279688887,-0.0001465859975399352,-9.922481331366553e-5,-0.00013452699868948337,-0.00011205448682886527,-0.00013528355187536007,-0.00010182652947507588
5.224658834262529e-6,9.360426786761136e-6,2.499273666475836e-5,4.3198279813166116e-5,1.4519473541555382e-5,1.6665208289273382e-5,-7.051910636877737e-6,-1.7323286795187754e-5
-0.00011755426998182825,-9.973417748886531e-5,-9.561866135056694e-5,-9.8827944393935e-5,-8.826953166346978e-5,-9.486777604978942e-5,-9.648114720141887e-5,-0.00014040550056335104
0.00019560216582383493,0.0002669240056665614,0.00026208467053870143,0.00026842820347956406,0.0002503222178796944,0.00021364193518566356,0.00013952619975758808,-0.00011485004977026762
9.389679813178811e-5,0.00010983696275734513,0.0001145748684065841,9.459178270161073e-5,0.00011081877731437427,9.655144115094392e-5,9.912038212119502e-5,3.290626053725559e-5
-9.171045848513563e-5,-7.761006543597753e-5,-7.899125156247589e-5,-9.118074246383009e-5,-8.796662737205772e-5,-9.775085939367609e-5,-0.0001089811766625455,-0.0001782074261373304
-0.00012098974441767112,-0.00012898500790048577,-0.0001386859911911992,-9.425322527768161e-5,-0.00012733784815403113,-0.00010586394167442572,-0.00012859948978406974,-0.00010218533026671168
0.0002417119525751988,0.00019638840991610947,0.00019831913961864547,0.0002026167511116794,0.00021487247416060112,0.000238900065343036,0.00029911872067327574,0.000514530177450768
0.00019350071686815396,0.00017593629363858439,0.00017585065584036923,0.00018402223598305883,0.0001844803162333523,0.0001930879093460636,0.00021077229660902507,0.0002484306840576652
0.00031606362979653686,0.00032571489798604073,0.00030650353047573584,0.000414027824719075,0.00032903720634287325,0.00036050470365689804,0.0003103817241639816,0.00032938909193865626
0.0002121902237476739,0.00022253763537089037,0.00021624380820933946,0.00019072169318088954,0.00020251013527864325,0.00020289366608698448,0.00019909262694429362,0.00017932458628064813
-9.166976123002321e-5,-9.073204166564706e-5,-0.00010121147387238968,-3.358900999426447e-5,-9.148640622382873e-5,-5.95198090815445e-5,-7.786626303306945e-5,1.4338971022335117e-5
0.0003788543248757829,0.00038864076976725286,0.0003773779682726834,0.0004269418936451763,0.00038541717860779586,0.0003834779942584287,0.00033143029779523966,0.000219597991411302
-0.00012108083862429186,-0.0001255785256682655,-0.00014001762232254325,-9.77834060160978e-5,-0.00013011335019637193,-0.00010786955080007407,-0.00011423864165745474,-3.324856327920927e-5
-0.00018700154843863392,-0.00020135242877700787,-0.00018738974315277748,-0.00023980684981453446,-0.0001856230466853207,-0.00022718833059483072,-0.00015637583059953202,-9.598331745022066e-5
0.00010850345851108132,0.0001339564826584343,8.92229038156171e-5,0.00021902300855433464,9.82758352511938e-5,0.00016689923657698115,7.159264010724747e-5,8.894405289145083e-5
-0.0006266533237368798,-0.0006562627308404522,-0.0006405942924875367,-0.0006040299050178573,-0.0006170070772151961,-0.000637018990561415,-0.000586892325440945,-0.00046976169865472063
1.0979580381371786e-5,-4.01286555443932e-6,-1.6765798717065143e-5,1.0333011203895104e-5,-1.4165658260960015e-5,1.1437468469644974e-5,1.2046596566346495e-5,0.00012186704455658548
9.04949711920226e-5,4.1533865837975797e-5,3.4967903476069484e-5,4.144686547724873e-5,4.3392897608952634e-5,7.835055600048241e-5,0.00013928606849979307,0.0003792349366292765
-6.37626153915774e-5,-3.5981976708921226e-5,-3.313717397442946e-5,-4.581520906873542e-5,-4.092116030105707e-5,-6.178929013430326e-5,-8.882732030524964e-5,-0.00022781037732172552
-6.376261539157715e-5,-3.598197670890654e-5,-3.313717397442919e-5,-4.581520906873552e-5,-4.092116030105687e-5,-6.178929013430292e-5,-8.882732030524981e-5,-0.00022781037732174118
-1.9936537114722734e-5,-1.0194053008095315e-6,2.681966234315031e-6,-2.58570925126674e-5,-8.510372329981521e-6,-2.5993250688833102e-5,-2.6422396276570242e-5,-9.983780450720489e-5
4.851814875828697e-5,6.232971557457241e-5,6.22732788685455e-5,5.209369136835664e-5,5.6475904248983814e-5,4.853901018353839e-5,4.221521368554448e-5,-6.2804903741416725e-6
2.969565335431336e-5,3.749714177006727e-5,3.196449746661476e-5,5.428246717591725e-5,3.6926321026937596e-5,4.462706586612081e-5,2.5217266039407825e-5,1.0225973081168212e-6
-6.640163947826913e-5,-7.54362075166688e-5,-8.459505872801269e-5,-2.828337083616727e-5,-6.551724157058298e-5,-3.856969031866151e-5,-6.148552061077037e-5,-2.2774975707098527e-5
-3.411446417137922e-5,-4.594453523283934e-5,-5.689806110127941e-5,8.062851482422651e-6,-3.539863835364057e-5,-3.961495059672132e-6,-2.9905637251614303e-5,2.0068468347313844e-5
-0.0002369170164592083,-0.00033659800492557857,-0.00034451826193937393,-0.0003390546785843467,-0.0003233299845465115,-0.00025356399600696,-9.882458442293947e-5,0.0005346408326889115
1.4144511274203302e-12,1.397546472214727e-12,1.377184916826857e-12,1.3403456092402932e-12,1.3473238461536366e-12,1.3432373668534525e-12,1.3479423993463064e-12,1.3517532256964818e-12
-1.5363172803424002e-12,-1.5311165763128177e-12,-1.5214603546071103e-12,-1.49996305090247e-12,-1.5069175007213368e-12,-1.503805605092851e-12,-1.50795452718218e-12,-1.5073546886628515e-12
-0.00038398462603903786,-0.0003627099782369901,-0.0004017338396728709,-0.000278023447835011,-0.0003912606351236899,-0.0003274822140812218,-0.00041086504561369257,-0.000337626418658602
0.0003839846248413083,0.0003627099770389371,0.00040173383847392905,0.00027802344664114396,0.0003912606339264963,0.0003274822128858123,0.00041086504441483667,0.0003376264174602643
3.0824081594852363e-5,2.767706190360013e-5,3.788628621277216e-6,2.0618410428081473e-5,5.382883632919789e-7,2.575238642351521e-5,-1.0309096056528589e-5,-5.422138532126847e-6
-9.824297530974245e-5,-9.518569310594454e-5,-0.00010514767469844908,-9.216529658345863e-5,-0.0001055860533587866,-8.085011710909952e-5,-0.00010029133930641259,-8.065523182487321e-5
-8.986298381162285e-5,-7.512475758440312e-5,-8.233350009496536e-5,-7.445405060303872e-5,-7.97786997860659e-5,-7.391285421549938e-5,-7.409927836438059e-5,-4.8397406363354734e-5
0.00021893003943800963,0.0001979875113162819,0.0001912698021368539,0.00018723775633147625,0.00018590304023033736,0.00018051535646821613,0.00016408152033832446,0.00012363049837937331
0.00012254236273254718,0.00011648104092457711,0.00013966239811192567,6.513349904722211e-5,0.00013605447750671178,9.051859093256605e-5,0.0001403760678524136,8.408385505254042e-5
0.00012254236322099617,0.00011648104141268319,0.00013966239860098328,6.513349953378332e-5,0.00013605447799391133,9.051859141947782e-5,0.00014037606834024785,8.408385553928056e-5
8.638694760429364e-5,6.957457324559584e-5,7.257615775287701e-5,6.905647892778793e-5,7.478537907274441e-5,7.317031251662586e-5,9.615927731437207e-5,0.0001895129519739403
8.638694907551689e-5,6.957457464741248e-5,7.257615916256745e-5,6.905648033127272e-5,7.47853804739373e-5,7.317031391400703e-5,9.61592787125743e-5,0.00018951295337348104
-5.8496085099154355e-12,-5.906043955332147e-12,-5.8831898394251344e-12,-5.849643665109666e-12,-5.81063009446755e-12,-5.807609565026439e-12,-5.786834082993695e-12,-5.774807015156439e-12
3.278214922404747e-12,3.311665733943693e-12,3.2974780249008642e-12,3.2754410353511134e-12,3.250683587053141e-12,3.2486426890653566e-12,3.2359005861522064e-12,3.228807047266013e-12
1.749551076470344e-8,5.381216036626343e-8,5.680741094934322e-8,5.43514511154852e-8,4.750901208723686e-8,2.080944270933149e-8,-3.588688903853214e-8,-2.3795066215917915e-7
1.0399891345855879e-7,3.19891069515251e-7,3.3769686281411864e-7,3.2309695194628316e-7,2.8242069725825796e-7,1.2369974903520281e-7,-2.1334302102240617e-7,-1.4145517240963409e-6
5.312935060672897e-8,1.6341835527987126e-7,1.7251450572474054e-7,1.6505609686300992e-7,1.4427652167541936e-7,6.319349524159219e-8,-1.0898571009694599e-7,-7.226264220224791e-7
2.2009321750902003e-7,6.769811805920478e-7,7.146632198168801e-7,6.837657295846892e-7,5.97683423621824e-7,2.617856058021557e-7,-4.514909413922077e-7,-2.9935837486485743e-6
6.030403099976187e-8,1.8548800842512523e-7,1.9581260901675782e-7,1.8734692323381736e-7,1.6376100374200744e-7,7.172746537646687e-8,-1.2370507898181053e-7,-8.20219868216881e-7
1.0017373191016424e-7,3.0812356318957676e-7,3.2527431093391504e-7,3.112115062473132e-7,2.7203166721316526e-7,1.191498104324909e-7,-2.0549369209575482e-7,-1.3625118395028832e-6
-1.0399892659504668e-7,-3.1989108006021466e-7,-3.376968739771452e-7,-3.2309696298753366e-7,-2.824207082426154e-7,-1.2369975991927094e-7,2.1334301017342284e-7,1.414551713553967e-6
-5.312936291999863e-8,-1.6341836626924207e-7,-1.7251451703162713e-7,-1.6505610817079285e-7,-1.4427653299450608e-7,-6.319350651013251e-8,1.0898569884631899e-7,7.226264109284941e-7
-2.2009322210390627e-7,-6.769811797025201e-7,-7.146632202371729e-7,-6.837657298119614e-7,-5.97683423770034e-7,-2.6178560573882836e-7,4.514909415297758e-7,2.993583749435028e-6
-6.030404296245805e-8,-1.8548801888513073e-7,-1.9581261983715445e-7,-1.873469340541805e-7,-1.637610145733649e-7,-7.172747615040406e-8,1.2370506822821317e-7,8.202198576410895e-7
-1.0017374297044019e-7,-3.081235717536568e-7,-3.252743200953381e-7,-3.112115153622536e-7,-2.7203167631743245e-7,-1.191498194408926e-7,2.0549368312114354e-7,1.362511830823622e-6
8.06192847337913e-5,0.00024797754537443797,0.00026178048407656267,0.00025046272436537987,0.00021893074517842376,9.589125484761084e-5,-0.000165382201334382,-0.001096551706155779
8.061928474156351e-5,0.00024797754538268875,0.000261780484084764,0.0002504627243737294,0.0002189307451866725,9.58912548559889e-5,-0.00016538220132614984,-0.0010965517061475821
-1.7495524357161217e-8,-5.3812173522786344e-8,-5.6807424212446865e-8,-5.435146444919893e-8,-4.750902546773602e-8,-2.080945607390811e-8,3.588687567984809e-8,2.3795064885208235e-7
0.00015858980677205928,0.00016204170491665362,0.0001636249980733399,0.00016869343688159048,0.00016495929115554876,0.00016608348371793328,0.00016072026602183365,0.00015501819828086486
-4.988094793351141e-13,-3.77455804178319e-13,-3.872866465681886e-13,-3.735351423234521e-13,-3.763706581701505e-13,-3.7272783497171305e-13,-3.8468103576209533e-13,-3.991161968533032e-13
-7.993951772808174e-12,-7.733607080448594e-12,-7.771764802806393e-12,-7.761769702589408e-12,-7.749234569234642e-12,-7.740966216510112e-12,-7.734676546240453e-12,-7.817658400858474e-12
-8.745326176722453e-12,-8.95397005649074e-12,-8.89854241167963e-12,-9.026536461600356e-12,-8.89882348461739e-12,-9.057055411187788e-12,-8.889030717943026e-12,-8.929399117087067e-12
-2.1053618654671076e-6,-1.817188975739726e-5,-2.064185400053016e-5,-2.5046146325095727e-5,-1.5786555595785187e-5,-2.3863386920122296e-5,-7.791728963230455e-6,-1.5660278502855336e-5
2.8578459937448417e-12,2.9143709714716562e-12,2.9072832301625864e-12,2.9215190302864286e-12,2.907893526981216e-12,2.9156449701986143e-12,2.897446174850167e-12,2.880719234001605e-12
-0.00017282095467920918,-0.00011714156954525134,-0.00011202973937017599,-0.00012407930581453985,-0.00012484532643199775,-0.00015687634425654346,-0.00020662404384693458,-0.0003974124872104791
0.0002614422592843825,0.0002462289334035698,0.0002620714376373487,0.00021288994488691596,0.00025520615371390544,0.0002369636192560747,0.0002704889738613167,0.0002535425597074303
3.873562897211387e-5,1.0369127875679958e-5,6.321411742964496e-6,1.7808871823537953e-5,1.6172241123302382e-5,3.724810629505813e-5,6.571967466949642e-5,0.0001794447709360608
-0.00013798725681076293,-7.991338804453763e-5,-7.587448188217327e-5,-6.365036823760133e-5,-8.125245530414757e-5,-0.0001062401306688938,-0.0001877373020994884,-0.0004039216760273279
-3.873562589690646e-5,-1.0369124820607225e-5,-6.3214086860731655e-6,-1.7808868762986873e-5,-1.617223806513311e-5,-3.724810323705597e-5,-6.57196716154252e-5,-0.00017944476788657395
2.1430450015991834e-13,2.1098813671408462e-13,2.10871100655057e-13,2.1100598122824787e-13,2.1125832872633039e-13,2.1092166454014614e-13,2.1157750691480403e-13,2.1126245714864657e-13
-7.883391078172385e-13,-8.450150111457432e-13,-8.457475443101147e-13,-8.367315265532688e-13,-8.557454395165229e-13,-8.500279640108751e-13,-8.596175075301115e-13,-8.41697913838841e-13
3.6124442907112003e-12,3.5903350354007923e-12,3.5947516947399253e-12,3.6006437349322533e-12,3.5971237758358273e-12,3.6004657853321744e-12,3.5998323425922367e-12,3.617969377432767e-12
1.1049219263227527e-12,1.0916321146862936e-12,1.0937910234650338e-12,1.0941875849536639e-12,1.0989040717169125e-12,1.0993173851120618e-12,1.110161348858424e-12,1.126870148016717e-12
-1.9932278599256164e-12,-2.1150567093562074e-12,-2.0974020174620367e-12,-2.1127654998340056e-12,-2.0979179296150495e-12,-2.099986047903488e-12,-2.082503883235324e-12,-2.073030382903592e-12
3.3136966457087275e-12,3.255619698557553e-12,3.261615922031133e-12,3.257993540855924e-12,3.254484008522494e-12,3.2526707825252673e-12,3.254508520722089e-12,3.2592490392511738e-12
6.553922553242276e-13,6.441086549829104e-13,6.459344960771951e-13,6.433628519629742e-13,6.45170484149524e-13,6.445642214944597e-13,6.481535284244512e-13,6.529456911121342e-13
1.2083185649216133e-12,1.0949189245374828e-12,1.1087489556316929e-12,1.1042461075999598e-12,1.1029316540222945e-12,1.1022497751925709e-12,1.1097385879279323e-12,1.1192339037361706e-12
2.4392289406226865e-12,2.395221322860375e-12,2.3999399835514654e-12,2.390313567015498e-12,2.3842860344126767e-12,2.3837684969347336e-12,2.3853552861051137e-12,2.3865506313500217e-12
-0.0001189887260070634,-0.00013263092511822056,-0.00014000420329259773,-0.00010055371876166923,-0.00012607392800930976,-9.87482844135013e-5,-9.936166209412314e-5,-5.742277509504146e-6
-1.3233483607696653e-12,-1.2672888317808465e-12,-1.2708066013561153e-12,-1.2792068564517323e-12,-1.2662558711743332e-12,-1.2719065823743358e-12,-1.2720257580057379e-12,-1.3009727389624572e-12
4.039038657881459e-13,4.06636203668058e-13,4.0462648204117296e-13,4.011074234721452e-13,4.001866134105203e-13,3.994798133527351e-13,3.948712184962035e-13,3.816545035446525e-13
-1.5749232091285998e-12,-1.6214232802923351e-12,-1.6162667144078693e-12,-1.6187706755431993e-12,-1.6185409953778107e-12,-1.6180406493183083e-12,-1.612252883744547e-12,-1.6028353005236728e-12
-1.5533438741810838e-13,-1.5149581230810063e-13,-1.5158315583271808e-13,-1.5501022330110167e-13,-1.5160589054383363e-13,-1.52937573203838e-13,-1.5093724751236173e-13,-1.5370193806818402e-13
8.820681808035283e-13,8.764804603584118e-13,8.789304549117727e-13,8.800679731123892e-13,8.795597871034204e-13,8.794831141704159e-13,8.786880978899104e-13,8.758702894167216e-13
4.20298141265517e-12,3.843265444148107e-12,3.876890541748858e-12,3.838815329992869e-12,3.820275153278129e-12,3.816097338737752e-12,3.8386281772404546e-12,3.880320572192241e-12
1.2353374141592821e-11,1.2500432025199087e-11,1.2472167042259088e-11,1.2510051119286286e-11,1.2461596334240843e-11,1.2467748988614372e-11,1.2425546196290265e-11,1.2411698182528127e-11
7.824032581360236e-5,6.465939785022059e-5,6.56743483933038e-5,9.486712793183223e-5,7.964643859954655e-5,9.750554183630638e-5,0.00011507917711522854,0.0002493368618310413
-0.0005870428330891389,-0.0005497897405741653,-0.0005456786024588782,-0.0005635040310878612,-0.0005540092626905996,-0.0005530690695914604,-0.0005423715767981475,-0.0005394448389025337
0.00024326638763920368,0.00023940660081294617,0.00023920755593300895,0.00026979070012321304,0.00025044409290010916,0.0002691885961108294,0.0002776357777856764,0.0003921675161457921
-3.442791253873953e-12,-3.456022634769612e-12,-3.456338561702089e-12,-3.4545843598512733e-12,-3.458669220606717e-12,-3.459316669811588e-12,-3.460027759448009e-12,-3.4558084816426876e-12
9.355282915549569e-5,0.00010756177443516565,0.0001098495658648612,0.00010366156828529326,0.00010816221425909202,0.00010945829966505818,0.00011692443294804399,0.00012921410835275125
7.82403246654618e-5,6.46593967201251e-5,6.567434726032067e-5,9.486712679807166e-5,7.96464374663931e-5,9.750554070298261e-5,0.00011507917598049191,0.0002493368606920679
-0.0005870428356124825,-0.0005497897430970127,-0.0005456786049845645,-0.0005635040336149962,-0.0005540092652196996,-0.0005530690721222214,-0.0005423715793309061,-0.0005394448414357398
0.00024326638679969165,0.0002394065999882582,0.00023920755510544134,0.00026979069929439377,0.000250444092071814,0.0002691885952820423,0.00027763577695565745,0.00039216751531175433
-7.4245208027245e-12,-7.437752138014964e-12,-7.438068582085425e-12,-7.436335075441595e-12,-7.440433449611e-12,-7.441081082566313e-12,-7.441792116874605e-12,-7.437572802284347e-12
9.355282586352145e-5,0.00010756177114835074,0.00010984956257356838,0.00010366156499202667,0.00010816221096329973,0.00010945829636697516,0.00011692442964687191,0.00012921410504994997
7.824032351302293e-5,6.465939558516175e-5,6.56743461226336e-5,9.486712565961701e-5,7.964643632850748e-5,9.750553956493004e-5,0.00011507917484104007,0.00024933685954848617
-0.0005870428381092942,-0.0005497897455933237,-0.0005456786074836263,-0.0005635040361154878,-0.0005540092677220812,-0.0005530690746262316,-0.0005423715818368625,-0.000539444843942166
0.000243266385948743,0.00023940659915166194,0.00023920755426611626,0.0002697906984538383,0.0002504440912317486,0.00026918859444150113,0.0002776357761138955,0.00039216751446606764
-1.0076692316376935e-11,-1.0089923631629304e-11,-1.0090240420679584e-11,-1.0088520435086578e-11,-1.0092627672301355e-11,-1.0093275433745235e-11,-1.0093986439928044e-11,-1.0089767103297968e-11
9.355282367045599e-5,0.00010756176895872486,0.0001098495603809568,0.00010366156279808549,0.00010816220876766602,0.00010945829416981402,0.00011692442744765164,0.0001292141028496434
7.824032235627607e-5,6.465939444532106e-5,6.56743449802332e-5,9.486712451645858e-5,7.964643518588e-5,9.750553842213905e-5,0.00011507917369686349,0.0002493368584002864
-0.0005870428405795918,-0.0005497897480631156,-0.0005456786099560816,-0.0005635040385893519,-0.0005540092701977617,-0.0005530690771035085,-0.0005423715843160353,-0.0005394448464218291
0.00024326638508634864,0.0002394065983031486,0.00023920755341502525,0.0002697906976015379,0.00025044409037990484,0.0002691885935891974,0.0002776357752603814,0.0003921675136087235
-1.1402140405178104e-11,-1.141537171242416e-11,-1.14156886734631e-11,-1.141397536372105e-11,-1.1418086985345735e-11,-1.141873481256861e-11,-1.1419445806438835e-11,-1.141522645987171e-11
9.355282257436264e-5,0.00010756176786435128,0.00010984955928509032,0.00010366156170155056,0.00010816220767028254,0.00010945829307166684,0.00011692442634847479,0.00012921410174992343
-5.5759926331383784e-5,-5.432740068436883e-5,-4.820733915908025e-5,-6.807084053675239e-5,-4.9176637539254196e-5,-6.349875308614743e-5,-4.206079573147808e-5,-3.7371451609805276e-5
-5.5759927702321856e-5,-5.4327402072505807e-5,-4.820734055366172e-5,-6.807084194121643e-5,-4.9176638947594125e-5,-6.349875450036821e-5,-4.206079715042293e-5,-3.7371453034178726e-5
0.00011255957321114007,9.814068385803734e-5,0.00010660206921624265,4.965427081051694e-5,0.00010307033886806963,8.136307491114261e-5,0.00012442629357355418,0.00013973160529453951
2.1703715036480633e-5,3.7352915206892995e-5,4.801163174897778e-5,8.026598787840038e-6,3.943846040826758e-5,1.582177976460256e-5,2.8073522883517924e-5,-3.189519827726355e-5
-1.849030451871976e-12,-1.8450498348497424e-12,-1.844615336924091e-12,-1.8467761781347723e-12,-1.8430328452194006e-12,-1.8435621474115987e-12,-1.8421283796569067e-12,-1.845354534337649e-12
0.0003302867284414897,0.00032635732033114425,0.0003422709623239103,0.0002819152574153762,0.00032666546849076687,0.0003006245951267379,0.000309827457797653,0.00021541831838633205
-2.4008566562603327e-12,-2.4079239357032393e-12,-2.4075696613512164e-12,-2.4063492279826494e-12,-2.4067444357318845e-12,-2.40643119417744e-12,-2.4068298668477583e-12,-2.406503066518136e-12
0.00018707843877013164,0.0001759418124194785,0.00018213333417750523,0.00015658900946036278,0.00018263610823868957,0.00016951068169191407,0.0001798496859614346,0.00014614690056226066
0.00014829812023341605,0.0001643143063979871,0.00019371375589185533,7.900533057834106e-5,0.0001655943239462073,0.00011440523282329074,0.00014413560344478062,-6.692094646824662e-6
0.0001870784378311457,0.0001759418114805641,0.00018213333323896866,0.00015658900852331503,0.00018263610730101586,0.00016951068075483493,0.00017984968502414688,0.00014614689962641413
0.00014829811966353526,0.0001643143058174112,0.00019371375531117356,7.900533000094441e-5,0.00016559432336480756,0.00011440523224268232,0.00014413560286243672,-6.692095225658315e-6
-0.00026628222345393494,-0.00026915982121372955,-0.00023955537140715595,-0.000438299671443986,-0.0002804181635748407,-0.00036531369813219076,-0.0003073414802598739,-0.0005439555745926262
0.0002533860538298765,0.000268680156900346,0.0002803097797713893,0.00022126446173856875,0.0002665973892721254,0.0002335303925452135,0.0002534817137256634,0.00017829168058605238
-2.8877911111394575e-12,-2.882546281271068e-12,-2.882187120572967e-12,-2.8839698011293113e-12,-2.8804795489953516e-12,-2.880819462536633e-12,-2.8790981865271054e-12,-2.880876972180429e-12
0.00025097602580583086,0.0002444381499572879,0.0002618059003781261,0.00017700205243192252,0.00023842236654182368,0.00020361270029487668,0.0002189452862113027,0.00010107112925585363
-4.480155625014799e-12,-4.484694448691101e-12,-4.484490851859089e-12,-4.482514729723869e-12,-4.483416232400846e-12,-4.48272420221518e-12,-4.482547834060112e-12,-4.4793262836228715e-12
-0.0007706443057443094,-0.0007822781307238774,-0.0007816710542089173,-0.0008365661882644847,-0.0007854379220399558,-0.0008024567936224278,-0.0007797684828467849,-0.0008233183870804881
0.00020157058069815773,0.00021487116039863166,0.0002486995609394005,9.033839219037284e-5,0.00020794994468507227,0.00013770955637294586,0.00018192421497617556,-8.883533506051358e-6
-0.0007706443083690655,-0.0007822781333465499,-0.0007816710568313136,-0.0008365661908847346,-0.0007854379246612873,-0.0008024567962427895,-0.000779768485466922,-0.0008233183896967932
0.0002015705791119424,0.00021487115880294936,0.00024869955934355223,9.033839059813327e-5,0.00020794994308861536,0.00013770955477743544,0.0001819242133792324,-8.883535098134096e-6
0.00018616063730711595,0.0001448880693190413,0.00017686774385895543,8.789640034958065e-5,0.00014815695493329803,0.00011958375861781341,0.00015920239486610086,0.0001782887910021477
0.00011375974220924024,0.00011921142671345868,0.00013019711475331628,9.313039583444785e-5,0.00011919251747551684,9.85883640915215e-5,0.00011391006902482275,8.837881407757785e-5
-2.41617858962463e-12,-2.404184202642561e-12,-2.4039982525113697e-12,-2.406338930435259e-12,-2.401462209968769e-12,-2.4018740551814477e-12,-2.400057812706637e-12,-2.40429958188814e-12
0.0002556204440490907,0.00024087984901658308,0.00025734308950947063,0.0002013623463687695,0.00023868526682135254,0.0002187083862020863,0.00022975102546775596,0.00017587627318646119
-3.5361898107954877e-12,-3.527229527409167e-12,-3.52737253049822e-12,-3.526518477633036e-12,-3.524650811735559e-12,-3.524102713614195e-12,-3.5237364174402676e-12,-3.5254408359676185e-12
-0.00018321955082288343,-0.0002152032082693747,-0.00021067246226221241,-0.0002065963437108061,-0.00020972083121957425,-0.0001977129935309448,-0.00018445870148125216,-8.596629811681855e-5
0.0001390566670748694,0.00013921338631823205,0.00017058871174764932,5.6820046196189345e-5,0.00013715587180730427,9.047070767949754e-5,0.00012589308514947603,2.6991814986138345e-5
-0.0001832195526822169,-0.0002152032101158469,-0.0002106724641086195,-0.0002065963455560517,-0.00020972083306367413,-0.00019771299537421912,-0.00018445870332417142,-8.596629995990567e-5
0.00013905666595009187,0.00013921338519051123,0.0001705887106196239,5.682004507124235e-5,0.0001371558706794605,9.047070655255013e-5,0.00012589308402115852,2.699181386030198e-5
-0.00042650930996655453,-0.00044151136502899727,-0.000465813859963287,-0.0003968765957806685,-0.000445669699197919,-0.00040459398259975565,-0.00039332437399692416,-0.0001899384163031794
-0.0004265093129272873,-0.0004415113679531959,-0.0004658138628888664,-0.0003968765987067025,-0.0004456697021203889,-0.00040459398552118145,-0.0003933243769192147,-0.000189938419231885
-0.00011988467674079543,-0.000101882157300129,-0.0001053506395479524,-0.00010086995055044861,-0.00010215136061668717,-8.780106862393994e-5,-6.073767433439338e-5,4.275660438013586e-5
-0.00042650931780377255,-0.00044151137264185916,-0.00046581386759704497,-0.00039687660340075834,-0.00044566970680783686,-0.0004045939902003335,-0.0003933243816030973,-0.00018993842392559069
0.00024326638984391866,0.00023940660284289044,0.000239207557978548,0.0002697907021531306,0.00025044409492112104,0.00026918859812162077,0.0002776357797975409,0.0003921675181657263
7.824032833408522e-5,6.465940019261374e-5,6.567435075131275e-5,9.486713027373405e-5,7.964644093245486e-5,9.750554415866071e-5,0.00011507917943883986,0.0002493368641629523
-0.0005870428291626136,-0.000549789736807608,-0.00054567859867683,-0.000563504027321238,-0.0005540092589302855,-0.0005530690658401802,-0.000542371573044989,-0.0005394448351449945
9.355283381859597e-5,0.00010756177893357765,0.00010984957038037284,0.00010366157278589365,0.00010816221875390372,0.00010945830415144706,0.0001169244374373792,0.00012921411284766828
0.00042650931147006224,0.0004415113665138865,0.0004658138614489391,0.0003968765972665617,0.00044566970068199137,0.00040459398408331524,0.0003933243754808962,0.00018993841779039322
0.00023032351452724093,0.00022087788476151508,0.00021695148786437125,0.00023767269136031066,0.00022072190784170608,0.00022682603796775919,0.00021776800469566792,0.00023726326763129943
0.0002303235130267939,0.00022087788326609727,0.00021695148636863705,0.00023767268986365028,0.00022072190634676782,0.00022682603647286212,0.0002177680032017257,0.00023726326613711466
0.00023032351227685881,0.0002208778825186766,0.0002169514856210579,0.00023767268911560944,0.00022072190559958838,0.0002268260357257037,0.00021776800245504433,0.0002372632653903116
0.00030279149286500506,0.0002982471403721352,0.0002934161131232957,0.00030792811589903425,0.0002970698050424993,0.00029943353038249063,0.00029050277887476844,0.00028824633727015715
0.00030279149105016446,0.0002982471385578238,0.0002934161113087832,0.00030792811408396695,0.0002970698032282288,0.00029943352856830993,0.00029050277706147885,0.000288246335458267
0.00030279149014316895,0.00029824713765109307,0.00029341611040195224,0.0003079281131768576,0.00029706980232151767,0.00029943352766164364,0.00029050277615525817,0.000288246334552746
0.00020369232029186042,0.00019939592616924083,0.00019656883521049722,0.00021093652265894103,0.00020050960198235993,0.0002020411390987391,0.00019376537426484797,0.0001902152117882307
0.0002036923191697155,0.0001993959250467827,0.00019656883408788848,0.00021093652153552565,0.00020050960085990946,0.00020204113797625173,0.0001937653731430605,0.00019021521066687756
0.00020369231860879874,0.00019939592448570907,0.00019656883352673965,0.00021093652097397257,0.0002005096002988389,0.00020204113741516293,0.0001937653725823217,0.00019021521010635558
-0.00011988468018533318,-0.00010188216071744255,-0.00010535064297190528,-0.00010086995397713924,-0.00010215136404515655,-8.780107205480083e-5,-6.073767777014846e-5,4.2756600938615705e-5
-0.00011988468362084405,-0.00010188216412614896,-0.00010535064638708528,-0.00010086995739505005,-0.0001021513674648057,-8.780107547682128e-5,-6.073768119701702e-5,4.275659750601593e-5
-0.00011988468533677386,-0.00010188216582867642,-0.00010535064809284938,-0.00010086995910217679,-0.00010215136917280001,-8.780107718600121e-5,-6.0737682908621204e-5,4.275659579154596e-5
-4.8544562351208e-5,-2.1820143135368336e-5,-7.458425197265047e-6,-8.483731317700476e-5,-3.0497260823121716e-5,-7.420455118164659e-5,-6.756597416233448e-5,-0.00021846319742801882
-0.00011898872531735757,-0.0001326309244384785,-0.00014000420261370538,-0.00010055371808085294,-0.00012607392733168012,-9.874828373315929e-5,-9.936166141454091e-5,-5.742276819864998e-6
-0.00015339574584472465,-0.00015246027923419923,-0.00014566518431784943,-0.00023946106003123444,-0.00015431586816112052,-0.00020375915912215114,-0.00015133627162929847,-0.00022387928996715046
-0.00015339574627846791,-0.0001524602796843867,-0.00014566518476421183,-0.00023946106047463404,-0.0001543158686046976,-0.00020375915956374855,-0.00015133627206610713,-0.0002238792903911377
6.66114460326095e-5,5.732980637054767e-5,6.46888571847879e-5,5.332170054628289e-5,6.798250492623666e-5,5.429414102422863e-5,6.806488002020946e-5,6.36938884795987e-5
-2.255091729277978e-15,-2.255091729178357e-15,-2.2550917292361387e-15,-2.2550917291714525e-15,-2.2550917292566183e-15,-2.2550917291704495e-15,-2.2550917291690153e-15,-2.2550917292776845e-15
6.661144576669171e-5,5.732980610395585e-5,6.468885691789842e-5,5.3321700278517045e-5,6.79825046590208e-5,5.429414075606169e-5,6.806487975268005e-5,6.369388821253328e-5
4.863784862465301e-13,4.653468098447725e-13,4.697029431013629e-13,4.626053191386551e-13,4.691822610442492e-13,4.632114432177468e-13,4.717060751126398e-13,4.735429073434799e-13
-4.854456219669645e-5,-2.1820142998456234e-5,-7.458425059219954e-6,-8.483731303700925e-5,-3.0497260686562387e-5,-7.420455104390615e-5,-6.75659740245685e-5,-0.000218463197283757
-6.661144750313836e-5,-5.732980784140022e-5,-6.468885865580348e-5,-5.3321702017705076e-5,-6.798250639743108e-5,-5.4294142495864174e-5,-6.806488149156054e-5,-6.36938899506845e-5
-1.333790655935968e-12,-1.3337906559357292e-12,-1.3337906559355434e-12,-1.3337906559357726e-12,-1.3337906559355477e-12,-1.3337906559357642e-12,-1.333790655935729e-12,-1.333790655935597e-12
0.0001239710553918505,0.00021174855045646748,0.00021276624050237187,0.00020572555812004633,0.00020229949403353237,0.00020671912511334092,0.0001905696649800295,0.00013977178435590378
-0.00016186660263381198,-3.873522232624407e-5,-4.2703915288564024e-5,-4.108969827208076e-5,-5.770859596045371e-5,-3.808554153293125e-5,-5.671713062240458e-5,-6.885236953888452e-5
4.817452092661794e-5,0.0002715728576601598,0.0002763054825796115,0.00031207272278438626,0.0002849692851658193,0.0003082378734957609,0.00027693767642357166,0.00020202146909393095
7.435679335305991e-5,0.0001535190091715957,0.0001556936488194054,0.00015772463962753956,0.00015395382682191667,0.00016232296154009397,0.0001544054281225948,0.00013001984649493246
-1.3892298435236512e-12,-1.348089367339985e-12,-1.337266521842886e-12,-1.3193868530065365e-12,-1.310913166270724e-12,-1.298484353063398e-12,-1.2922400706642062e-12,-1.2881310539248366e-12
-1.1166004332976345e-5,0.00013447712155900094,0.00011625342689692844,0.000211587917691547,0.0001203928507815341,0.00017498944510269685,9.673887153679547e-5,8.646211475334177e-5
-3.5625453969228778e-12,-3.5579809502119205e-12,-3.559101181402748e-12,-3.550344711311588e-12,-3.5586744548244747e-12,-3.5550798584828367e-12,-3.559514087791068e-12,-3.5535148939705847e-12
-0.0006436979174794797,-0.0006671845672308798,-0.0004912053951513477,-0.0006997612630898812,-0.000497516963242924,-0.0007259186358567569,-0.00046547962369046134,-0.0005332975221063496
-0.0008212834936760304,-0.0006865571581807472,-0.0007129813417503373,-0.0006320940116183812,-0.0007055732092674537,-0.0006548230808055864,-0.0006943697956760732,-0.000618535898346062
-0.0006436979197740335,-0.0006671845695083664,-0.0004912053974310965,-0.0006997612653604002,-0.0004975169655178693,-0.0007259186381271419,-0.00046547962596278565,-0.0005332975243757471
-0.0008212834961408588,-0.0006865571606274013,-0.0007129813441961936,-0.0006320940140623913,-0.0007055732117089602,-0.0006548230832450338,-0.0006943697981145986,-0.0006185359007850248
-0.006245646568138188,-0.0054907504654389165,-0.0055523024342327585,-0.005496357985874032,-0.00544618283549253,-0.0052201163446306716,-0.004702061083095871,-0.0024989595590489467
-0.0016630267721589045,-0.0014327223151052522,-0.0014447976564089388,-0.0014761190362180088,-0.0014179779058345085,-0.0013772388508135117,-0.0012072998029512305,-0.0006331746078111268
-0.0005359171109438499,-0.0002094610560026611,-0.0002006669899052786,-0.0001749739329590828,-0.0002264259769123158,-0.0003379140646806434,-0.0006048209896709183,-0.001424601916929092
1.8877383329973116e-14,3.605173682962978e-14,3.546482194392186e-14,3.5778171040604786e-14,3.7614927424651966e-14,3.7272878296026127e-14,3.6776736759800686e-14,3.277048386883493e-14
0.00012397105443444608,0.0002117485494884794,0.00021276623953077355,0.00020572555714443603,0.00020229949305481594,0.00020671912413125758,0.0001905696639956503,0.0001397717833707829
0.00012397105346805904,0.00021174854851187166,0.0002127662385506189,0.0002057255561603482,0.00020229949206774513,0.00020671912314090924,0.00019056966300307637,0.00013977178237744233
-0.0001618666042117061,-3.873522391013199e-5,-4.270391687820573e-5,-4.1089699866653386e-5,-5.770859755875675e-5,-3.808554313576344e-5,-5.67171322290604e-5,-6.885237114789335e-5
-0.00016186660578408496,-3.8735225488250977e-5,-4.27039184619343e-5,-4.108970145520521e-5,-5.770859915089243e-5,-3.8085544732301725e-5,-5.671713382933642e-5,-6.885237275054709e-5
4.817452053377192e-5,0.0002715728572413035,0.00027630548215099737,0.0003120727223422322,0.00028496928471611265,0.0003082378730360852,0.0002769376759569576,0.0002020214686205365
4.8174520118371444e-5,0.00027157285680080173,0.00027630548170089875,0.0003120727218788798,0.0002849692842454947,0.0003082378725557584,0.0002769376754698927,0.0002020214681268213
7.43567930048133e-5,0.00015351900881598184,0.00015569364845986793,0.00015772463926364133,0.00015395382645516068,0.0001623229611696421,0.00015440542774937006,0.0001300198461193045
7.435679263341923e-5,0.00015351900843747827,0.00015569364807752948,0.00015772463887703042,0.00015395382606580966,0.00016232296077668709,0.00015440542735372184,0.00013001984572127116
-2.7222480413158412e-12,-2.6811075637981504e-12,-2.6702845062618953e-12,-2.6523980380866172e-12,-2.643920314443808e-12,-2.6314914390447704e-12,-2.625247146935385e-12,-2.6211381225202046e-12
-4.0552757346572165e-12,-4.014135255828224e-12,-4.003311986372775e-12,-3.985418724356561e-12,-3.9769369687717966e-12,-3.964508030367568e-12,-3.958263728521309e-12,-3.954154696407508e-12
-1.1166005404300465e-5,0.00013447712046800757,0.0001162534258017802,0.00021158791658730178,0.00012039284967589646,0.0001749894439907873,9.67388704234778e-5,8.646211363673418e-5
-1.1166006481907834e-5,0.00013447711937140619,0.00011625342470104844,0.00021158791547772589,0.00012039284856498817,0.00017498944287382508,9.673886930512029e-5,8.646211251511828e-5
-4.891658329539103e-12,-4.887094031760372e-12,-4.8882143390973034e-12,-4.87945673665431e-12,-4.887786339408799e-12,-4.884191882634454e-12,-4.888626236195139e-12,-4.882627138491571e-12
-6.2208030463305424e-12,-6.21623889715207e-12,-6.217359280441069e-12,-6.20860055181046e-12,-6.216930018251629e-12,-6.213335700763049e-12,-6.217770178192327e-12,-6.211771176131774e-12
-0.000643697922091968,-0.000667184571828382,-0.0004912053997590392,-0.0006997612676882083,-0.0004975169678550546,-0.0007259186404664447,-0.0004654796283078762,-0.0005332975267214911
-0.0006436979243881117,-0.0006671845741264607,-0.0004912054020648041,-0.000699761269993556,-0.0004975169701698673,-0.0007259186427836109,-0.00046547963063039093,-0.0005332975290437526
-0.0008212834986251547,-0.0006865571631126739,-0.0007129813466864681,-0.00063209401656003,-0.0007055732142088889,-0.0006548230857491885,-0.0006943698006220979,-0.0006185359032973708
-0.0008212835010837479,-0.0006865571655721011,-0.000712981349150792,-0.0006320940190315499,-0.0007055732166826312,-0.0006548230882269979,-0.0006943698031032337,-0.000618535905783273
-0.004582619795203608,-0.004058028149626319,-0.004107504777111186,-0.004020238948946961,-0.004028204928952068,-0.0038428774931105513,-0.00349476127943289,-0.0018657849505150817
-0.0005359171112951022,-0.00020946105629348244,-0.00020066699020029045,-0.00017497393325095718,-0.00022642597720105737,-0.00033791406497022574,-0.0006048209899657916,-0.0014246019172370666
-7.484327780513964e-13,-6.688539844834801e-13,-6.73975377817078e-13,-6.703734664563827e-13,-6.654597989714455e-13,-6.667522694746885e-13,-6.721733452811764e-13,-6.886160877842602e-13
8.60896617799241e-5,2.6096274158737378e-5,2.8247380553271274e-5,2.4326749702911626e-5,3.483853299738468e-5,5.628759942645563e-5,0.00011211529763937683,0.00032972654483718266
-7.81539737692887e-6,-2.8018363387172636e-5,-3.761700890512563e-5,-6.966381698501518e-6,-2.507658721361465e-5,-2.976923109635423e-7,1.5792769852108173e-5,0.0001454934116860362
0.00019613188335837158,0.0002456926502817991,0.00024783832063366806,0.0002727485191910898,0.0002455260746050281,0.0002183667347107764,0.0001617902964308427,1.119997507072162e-5
1.9863296860937809e-10,1.9831620416268034e-10,1.8422174297138668e-10,-1.9260181843554731e-10,-4.1346611961253775e-10,-4.187305189713446e-10,-4.187560087048467e-10,-4.1870830776418603e-10
-1.0313366792296568e-13,-1.0842241491195148e-13,-1.0834970515457912e-13,-1.060589685993453e-13,-1.088552704557983e-13,-1.0840658539844618e-13,-1.0984746332035543e-13,-1.0839680240471781e-13
1.937179561196569e-13,1.9503180890541767e-13,1.9531241300723093e-13,1.950009244363966e-13,1.9558129535294564e-13,1.9582272341691883e-13,1.9603440022864104e-13,1.9504423349218217e-13
1.851699486939164e-12,1.861656733698138e-12,1.8621022920702315e-12,1.861404466823191e-12,1.866956528793746e-12,1.8676851122291938e-12,1.8747605358294707e-12,1.885654037855059e-12
-1.417255807332765e-13,-1.527297721188477e-13,-1.524195946768105e-13,-1.5245722272366522e-13,-1.538264140824776e-13,-1.5357153272194442e-13,-1.5319037137535581e-13,-1.5031354142778314e-13
-3.0852769786488e-12,-3.0568934667371542e-12,-3.0580502231718137e-12,-3.0522485112970108e-12,-3.0524014600779177e-12,-3.0495611198114987e-12,-3.051443400829489e-12,-3.0485535379623467e-12
5.036147194470409e-5,3.184100482400199e-5,3.424863876362965e-5,2.070857990771238e-5,3.075000784123701e-5,3.20167508205207e-5,5.423939581845743e-5,0.00011625279822050017
1.890085321626645e-13,1.6678389306606332e-13,1.699151921457062e-13,1.7490307391209715e-13,1.7630931587862276e-13,1.7690635156882388e-13,1.7725736817946587e-13,1.7855770022578131e-13
-5.255594501975878e-13,-5.076289701116053e-13,-5.103381471096509e-13,-5.141162006618442e-13,-5.124722665477455e-13,-5.140363037178421e-13,-5.132663305639544e-13,-5.168632507176497e-13
2.5245450932404946e-13,2.5360958998896453e-13,2.5406867787219135e-13,2.5431977280128733e-13,2.5542198657241425e-13,2.5641659768514595e-13,2.5764477735444444e-13,2.5942700373082364e-13
0.0003111878847614012,0.0002940904727436176,0.00029490794614917833,0.00028933110221479147,0.0002913058805253853,0.00029789476125429093,0.0002896418860985573,0.00027518911689350893
7.375719738618431e-13,7.206786415739295e-13,7.148940613630769e-13,7.234565693789135e-13,7.103728245476298e-13,7.190853207341984e-13,7.148112833006599e-13,7.297802647819711e-13
-5.632177058308716e-13,-4.931418175751017e-13,-5.023549319058711e-13,-4.988391389843187e-13,-4.966193295274733e-13,-4.944974514256169e-13,-4.962946271481842e-13,-5.009372218172216e-13
1.30443174456657e-13,1.2165765968610154e-13,1.211682935680968e-13,1.229324914674883e-13,1.2015803236171248e-13,1.2049786415467573e-13,1.1912213586157278e-13,1.2113302245909734e-13
-3.6170958563259766e-13,-3.661133234435482e-13,-3.6633455120468306e-13,-3.6669718448251004e-13,-3.679753677394504e-13,-3.6834429786801344e-13,-3.693485482312288e-13,-3.701002511794308e-13
1.3720597732750405e-5,1.0783635646756444e-5,6.50194370327168e-6,2.945779101107542e-5,1.7541068043268204e-5,3.6359315913662114e-5,5.296433623090639e-5,0.00014961227417307392
6.041922871288734e-5,5.8914976680629424e-5,5.965416383463539e-5,5.273547697656866e-5,5.739225334154339e-5,4.7784206972615196e-5,5.376296521426669e-5,4.7824270500750795e-5
1.0764149486467637e-12,1.053569009487618e-12,1.052076713591756e-12,1.0554729992876204e-12,1.0491562303679874e-12,1.053622579548462e-12,1.0559760988463035e-12,1.072830198212216e-12
-1.7858985432258937e-12,-1.8166302559480749e-12,-1.8064485671221873e-12,-1.832558252323631e-12,-1.8076371487302825e-12,-1.8373442074332174e-12,-1.8037963204166097e-12,-1.8080246727568222e-12
-3.3338546491849684e-12,-3.3122050345593726e-12,-3.3122026192064947e-12,-3.3140689424643943e-12,-3.307761435605837e-12,-3.3073663829768797e-12,-3.3030505685688926e-12,-3.303340450853034e-12
-1.0995208669096506e-12,-1.1835462115762555e-12,-1.1804836413762797e-12,-1.1810115254011831e-12,-1.190072509923938e-12,-1.1898992856213004e-12,-1.1884997011058973e-12,-1.171108306489764e-12
-2.0742660929909983e-13,-2.3057691105011137e-13,-2.2875285590709763e-13,-2.287402408739816e-13,-2.295716633268274e-13,-2.295380755799826e-13,-2.283765495083834e-13,-2.2560173276382191e-13
-2.0742660929909983e-13,-2.3057691105011137e-13,-2.2875285590709763e-13,-2.287402408739816e-13,-2.295716633268274e-13,-2.295380755799826e-13,-2.283765495083834e-13,-2.2560173276382191e-13
-2.0742660929909983e-13,-2.3057691105011137e-13,-2.2875285590709763e-13,-2.287402408739816e-13,-2.295716633268274e-13,-2.295380755799826e-13,-2.283765495083834e-13,-2.2560173276382191e-13
-2.0742660929909983e-13,-2.3057691105011137e-13,-2.2875285590709763e-13,-2.287402408739816e-13,-2.295716633268274e-13,-2.295380755799826e-13,-2.283765495083834e-13,-2.2560173276382191e-13
5.588873903464264e-6,-3.4473016958834395e-5,-4.057515506995064e-5,-3.123822379808789e-5,-3.359986904516821e-5,-4.440843444168635e-6,4.521966630360559e-5,0.00024425678449334316
-2.0742660929909983e-13,-2.3057691105011137e-13,-2.2875285590709763e-13,-2.287402408739816e-13,-2.295716633268274e-13,-2.295380755799826e-13,-2.283765495083834e-13,-2.2560173276382191e-13
4.615796587420414e-13,4.384293497948384e-13,4.402536991361715e-13,4.402761165273866e-13,4.394500720429661e-13,4.394837416421301e-13,4.4064526417140086e-13,4.4342007710820114e-13
4.615796587420414e-13,4.384293497948384e-13,4.402536991361715e-13,4.402761165273866e-13,4.394500720429661e-13,4.394837416421301e-13,4.4064526417140086e-13,4.4342007710820114e-13
3.867354513382212e-5,3.082370122065543e-5,3.137099700954245e-5,2.6901056427886925e-5,3.2847809431118776e-5,2.999354819020789e-5,3.519232803320884e-5,3.776955245510557e-5
3.8673543891217926e-5,3.0823699979435376e-5,3.1370995768480326e-5,2.6901055187350944e-5,3.284780819064419e-5,2.9993546950053237e-5,3.519232679316925e-5,3.776955121580111e-5
-2.431612122513896e-5,-5.49347169095126e-5,-4.947344102884293e-5,-5.9450385369289006e-5,-3.571011821753995e-5,-3.291818054834002e-5,4.391301486574655e-6,8.451582956482532e-5
-2.4316121922922407e-5,-5.4934717633170485e-5,-4.947344175185295e-5,-5.945038609652286e-5,-3.5710118947939174e-5,-3.29181812817093e-5,4.391300747015468e-6,8.451582880675291e-5
